# Blender 4.5.0
# www.blender.org
o GiantBook_02.098
v 3.280713 2.796646 -5.092151
v 2.712868 2.681138 -5.092151
v 3.817667 0.156942 -5.092151
v 3.249822 0.041434 -5.092151
v 8.010010 2.796646 -6.112301
v 8.577855 2.681138 -6.112301
v 7.473056 0.156942 -6.112301
v 8.040901 0.041434 -6.112301
v -3.860491 2.796646 -4.080546
v -4.428337 2.681138 -4.080547
v -3.323537 0.156942 -4.080546
v -3.891383 0.041434 -4.080546
v -6.826985 2.796646 -6.558784
v -6.826984 2.681138 -7.126630
v -6.826985 0.156942 -6.021830
v -6.826985 0.041434 -6.589675
v 0.858289 2.796646 -3.584860
v 0.290443 2.681138 -3.584859
v 1.395243 0.156942 -3.584860
v 0.827397 0.041434 -3.584860
v 4.164480 3.003585 -1.022159
v 4.164480 3.003585 -4.308755
v 4.333195 3.019331 -1.022159
v 4.333195 3.019331 -4.308755
v 4.283888 2.811410 -1.091870
v 5.128156 1.310119 -1.091870
v 4.283887 2.811410 -4.252646
v 5.128156 1.310119 -4.252646
v 4.502684 1.985386 -1.091870
v 4.502684 1.985386 -4.252646
v 4.352839 2.500408 -4.252646
v 4.352839 2.500408 -1.091870
v 4.770681 1.597530 -1.091870
v 4.770681 1.597530 -4.252646
v 4.283888 2.811410 -1.091870
v 5.128156 1.310119 -1.091870
v 4.283887 2.811410 -4.252646
v 5.128156 1.310119 -4.252646
v 4.373305 1.945577 -1.091870
v 4.373305 1.945577 -4.252646
v 4.256634 2.477187 -4.252646
v 4.256634 2.477186 -1.091870
v 4.717602 1.527865 -1.091870
v 4.717602 1.527865 -4.252646
v 4.272689 2.813010 -1.091870
v 3.916562 1.098081 -1.091870
v 4.272688 2.813010 -4.252646
v 3.916561 1.098081 -4.252646
v 4.258577 1.841907 -1.091870
v 4.258577 1.841907 -4.252646
v 4.253435 2.475587 -4.252646
v 4.253435 2.475587 -1.091870
v -1.527134 3.193441 -5.656226
v -1.527067 3.193374 -5.656199
v -1.527129 3.193374 -5.656294
v -2.019143 3.193441 -5.656226
v -2.019149 3.193374 -5.656294
v -2.019211 3.193374 -5.656199
v -1.527135 3.193374 -4.032871
v -1.527067 3.193374 -4.032939
v -1.527135 3.193441 -4.032939
v -2.019144 3.193441 -4.032939
v -2.019212 3.193374 -4.032939
v -2.019144 3.193374 -4.032871
v -1.527129 -0.003257 -5.656294
v -1.527066 -0.003257 -5.656199
v -1.527134 -0.003324 -5.656226
v -2.019143 -0.003324 -5.656226
v -2.019211 -0.003257 -5.656199
v -2.019149 -0.003257 -5.656294
v -1.527135 -0.003257 -4.032871
v -1.527135 -0.003324 -4.032939
v -1.527067 -0.003257 -4.032939
v -2.019144 -0.003257 -4.032871
v -2.019211 -0.003257 -4.032939
v -2.019144 -0.003324 -4.032939
v -2.019143 -0.003324 -5.581579
v -2.019211 -0.003257 -5.581579
v -1.527134 -0.003324 -5.581579
v -1.527066 -0.003257 -5.581579
v -2.019143 3.193441 -5.581579
v -2.019211 3.193374 -5.581579
v -1.527134 3.193441 -5.581579
v -1.527067 3.193374 -5.581579
v -1.966047 3.193441 -5.679296
v -1.966047 3.193374 -5.679367
v -1.580230 3.193441 -5.679296
v -1.580230 3.193374 -5.679367
v -1.580163 3.193441 -4.032939
v -1.580231 3.193367 -4.032917
v -1.580163 3.193374 -4.032871
v -1.966048 3.193367 -4.032917
v -1.966116 3.193441 -4.032939
v -1.966116 3.193374 -4.032871
v -1.580163 -0.003324 -4.032939
v -1.580163 -0.003257 -4.032871
v -1.580230 -0.003250 -4.032917
v -1.966048 -0.003250 -4.032917
v -1.966115 -0.003257 -4.032871
v -1.966115 -0.003324 -4.032939
v -1.580230 -0.003324 -5.679296
v -1.580230 -0.003257 -5.679367
v -1.966047 -0.003324 -5.679296
v -1.966047 -0.003257 -5.679367
v -1.966047 -0.003250 -5.581511
v -1.966115 -0.003324 -5.581639
v -1.965980 -0.003257 -5.581587
v -1.580230 -0.003250 -5.581511
v -1.580297 -0.003257 -5.581587
v -1.580162 -0.003324 -5.581639
v -1.966047 3.193367 -5.581511
v -1.965980 3.193374 -5.581587
v -1.966115 3.193441 -5.581639
v -1.580230 3.193367 -5.581511
v -1.580162 3.193441 -5.581639
v -1.580297 3.193374 -5.581587
v -1.580298 3.160873 -4.052815
v -1.580298 3.160806 -4.052747
v -1.580231 3.160949 -4.052701
v -1.580297 3.150158 -5.581587
v -1.580298 3.150091 -5.581519
v -1.580230 3.150165 -5.581511
v -1.965980 0.029244 -4.052815
v -1.965980 0.029311 -4.052747
v -1.966048 0.029168 -4.052701
v -1.965979 0.040026 -5.581519
v -1.966047 0.039952 -5.581511
v -1.965980 0.039959 -5.581587
v -1.580298 0.029244 -4.052815
v -1.580230 0.029168 -4.052701
v -1.580298 0.029311 -4.052747
v -1.580230 0.039952 -5.581511
v -1.580298 0.040026 -5.581519
v -1.580297 0.039959 -5.581587
v -1.965980 3.160873 -4.052815
v -1.966048 3.160949 -4.052701
v -1.965980 3.160806 -4.052747
v -1.965980 3.150091 -5.581519
v -1.965980 3.150158 -5.581587
v -1.966047 3.150165 -5.581511
v -1.773139 -0.003257 -5.702842
v -1.773139 -0.003324 -5.702771
v -1.773139 3.193374 -5.702842
v -1.773139 3.193441 -5.702771
v -1.773139 3.193441 -5.605300
v -1.773139 3.193374 -5.605232
v -1.773139 -0.003257 -5.605232
v -1.773139 -0.003324 -5.605300
v -1.773139 0.029244 -4.052815
v -1.773139 0.029311 -4.052747
v -1.773139 3.160806 -4.052747
v -1.773139 3.160873 -4.052815
v -1.773139 3.150158 -5.605232
v -1.773139 3.150091 -5.605164
v -1.773139 0.040026 -5.605164
v -1.773139 0.039959 -5.605232
v 3.030729 0.817356 -4.793781
v 3.030760 0.817288 -4.793713
v 3.030660 0.817348 -4.793714
v 3.030729 1.084579 -4.793781
v 3.030660 1.084587 -4.793714
v 3.030760 1.084647 -4.793713
v 4.110644 0.817356 -4.786071
v 4.110577 0.817288 -4.786072
v 4.110577 0.817356 -4.786139
v 4.110577 1.084579 -4.786139
v 4.110577 1.084646 -4.786072
v 4.110644 1.084579 -4.786071
v 3.016588 0.817348 -2.804975
v 3.016687 0.817288 -2.804974
v 3.016655 0.817356 -2.804907
v 3.016655 1.084579 -2.804907
v 3.016687 1.084647 -2.804974
v 3.016588 1.084587 -2.804975
v 4.096572 0.817356 -2.797333
v 4.096504 0.817356 -2.797266
v 4.096504 0.817288 -2.797333
v 4.096572 1.084579 -2.797333
v 4.096504 1.084646 -2.797333
v 4.096504 1.084579 -2.797266
v 3.066305 1.084579 -2.804555
v 3.066306 1.084647 -2.804623
v 3.066305 0.817356 -2.804555
v 3.066306 0.817288 -2.804623
v 3.080379 1.084579 -4.793429
v 3.080379 1.084647 -4.793362
v 3.080379 0.817356 -4.793429
v 3.080379 0.817288 -4.793362
v 3.015398 1.055765 -4.793890
v 3.015326 1.055765 -4.793822
v 3.015398 0.846169 -4.793890
v 3.015326 0.846169 -4.793822
v 4.110577 0.846101 -4.786139
v 4.110596 0.846169 -4.786065
v 4.110644 0.846101 -4.786071
v 4.110596 1.055765 -4.786065
v 4.110577 1.055833 -4.786139
v 4.110644 1.055833 -4.786071
v 4.096504 0.846101 -2.797266
v 4.096572 0.846101 -2.797333
v 4.096524 0.846169 -2.797339
v 4.096524 1.055765 -2.797339
v 4.096572 1.055833 -2.797333
v 4.096504 1.055833 -2.797266
v 3.001324 0.846169 -2.805015
v 3.001252 0.846169 -2.805084
v 3.001324 1.055765 -2.805015
v 3.001252 1.055765 -2.805084
v 3.066373 1.055765 -2.804629
v 3.066247 1.055833 -2.804556
v 3.066296 1.055698 -2.804623
v 3.066373 0.846169 -2.804629
v 3.066296 0.846236 -2.804623
v 3.066247 0.846101 -2.804556
v 3.080446 1.055765 -4.793355
v 3.080369 1.055698 -4.793362
v 3.080321 1.055833 -4.793430
v 3.080446 0.846169 -4.793355
v 3.080321 0.846101 -4.793430
v 3.080369 0.846236 -4.793362
v 4.097211 0.846237 -4.765971
v 4.097279 0.846237 -4.765903
v 4.097328 0.846169 -4.766045
v 3.080178 0.846236 -4.766526
v 3.080246 0.846237 -4.766459
v 3.080256 0.846169 -4.766532
v 4.083425 1.055698 -2.817621
v 4.083493 1.055698 -2.817688
v 4.083540 1.055765 -2.817545
v 3.066554 1.055698 -2.831526
v 3.066563 1.055765 -2.831452
v 3.066485 1.055698 -2.831459
v 4.083425 0.846237 -2.817621
v 4.083540 0.846169 -2.817545
v 4.083493 0.846237 -2.817688
v 3.066563 0.846169 -2.831452
v 3.066554 0.846237 -2.831526
v 3.066485 0.846236 -2.831459
v 4.097211 1.055698 -4.765971
v 4.097328 1.055765 -4.766045
v 4.097279 1.055698 -4.765903
v 3.080246 1.055698 -4.766459
v 3.080178 1.055698 -4.766526
v 3.080256 1.055765 -4.766532
v 2.985636 0.950967 -2.805194
v 2.985708 0.950967 -2.805126
v 2.999709 0.950967 -4.793933
v 2.999781 0.950967 -4.794000
v 3.064575 0.950967 -4.793541
v 3.064643 0.950967 -4.793473
v 3.050570 0.950967 -2.804734
v 3.050501 0.950967 -2.804667
v 4.083425 0.950967 -2.817621
v 4.083493 0.950967 -2.817688
v 4.097279 0.950967 -4.765903
v 4.097211 0.950967 -4.765971
v 3.064453 0.950967 -4.766638
v 3.064521 0.950967 -4.766570
v 3.050829 0.950967 -2.831637
v 3.050760 0.950967 -2.831570
v 2.354611 -0.000455 -1.393329
v 2.354673 -0.000523 -1.393362
v 2.354692 -0.000458 -1.393278
v 2.354611 0.491150 -1.393329
v 2.354692 0.491153 -1.393278
v 2.354673 0.491218 -1.393362
v 2.112206 -0.000455 -2.445702
v 2.112221 -0.000523 -2.445636
v 2.112155 -0.000455 -2.445621
v 2.112155 0.491150 -2.445621
v 2.112221 0.491218 -2.445636
v 2.112206 0.491150 -2.445702
v 4.137033 -0.000458 -1.803943
v 4.137014 -0.000523 -1.804028
v 4.137084 -0.000455 -1.804025
v 4.137084 0.491150 -1.804025
v 4.137014 0.491218 -1.804028
v 4.137033 0.491153 -1.803943
v 3.894546 -0.000455 -2.856367
v 3.894628 -0.000455 -2.856316
v 3.894562 -0.000523 -2.856301
v 3.894546 0.491150 -2.856367
v 3.894562 0.491218 -2.856301
v 3.894628 0.491150 -2.856316
v 4.125939 0.491150 -1.852395
v 4.125873 0.491218 -1.852380
v 4.125939 -0.000455 -1.852395
v 4.125873 -0.000523 -1.852380
v 2.343466 0.491150 -1.441700
v 2.343532 0.491218 -1.441715
v 2.343466 -0.000455 -1.441700
v 2.343532 -0.000523 -1.441715
v 2.358057 0.438098 -1.378373
v 2.358138 0.438098 -1.378321
v 2.358057 0.052597 -1.378373
v 2.358138 0.052597 -1.378321
v 2.112155 0.052529 -2.445621
v 2.112223 0.052597 -2.445652
v 2.112206 0.052529 -2.445702
v 2.112223 0.438098 -2.445652
v 2.112155 0.438166 -2.445621
v 2.112206 0.438166 -2.445702
v 3.894628 0.052529 -2.856316
v 3.894546 0.052529 -2.856367
v 3.894552 0.052597 -2.856315
v 3.894552 0.438098 -2.856315
v 3.894546 0.438166 -2.856367
v 3.894628 0.438166 -2.856316
v 4.140530 0.052597 -1.789069
v 4.140480 0.052597 -1.788986
v 4.140530 0.438098 -1.789069
v 4.140480 0.438098 -1.788986
v 4.125853 0.438098 -1.852445
v 4.125953 0.438166 -1.852334
v 4.125875 0.438031 -1.852375
v 4.125853 0.052597 -1.852445
v 4.125875 0.052665 -1.852375
v 4.125953 0.052529 -1.852334
v 2.343522 0.438098 -1.441782
v 2.343533 0.438031 -1.441710
v 2.343480 0.438166 -1.441639
v 2.343522 0.052597 -1.441782
v 2.343480 0.052530 -1.441639
v 2.343533 0.052665 -1.441710
v 2.133283 0.052665 -2.436920
v 2.133333 0.052665 -2.437001
v 2.133184 0.052597 -2.437020
v 2.367573 0.052665 -1.447249
v 2.367623 0.052665 -1.447330
v 2.367551 0.052597 -1.447319
v 3.879437 0.438030 -2.839247
v 3.879356 0.438030 -2.839298
v 3.879482 0.438098 -2.839381
v 4.101753 0.438030 -1.846887
v 4.101823 0.438098 -1.846908
v 4.101834 0.438031 -1.846836
v 3.879437 0.052665 -2.839247
v 3.879482 0.052597 -2.839381
v 3.879356 0.052665 -2.839298
v 4.101823 0.052597 -1.846908
v 4.101753 0.052665 -1.846887
v 4.101834 0.052665 -1.846836
v 2.133283 0.438030 -2.436920
v 2.133184 0.438098 -2.437020
v 2.133333 0.438030 -2.437001
v 2.367623 0.438030 -1.447330
v 2.367573 0.438031 -1.447249
v 2.367551 0.438098 -1.447319
v 4.143986 0.245348 -1.773768
v 4.144036 0.245348 -1.773851
v 2.361645 0.245348 -1.363103
v 2.361563 0.245348 -1.363155
v 2.347014 0.245348 -1.426299
v 2.347065 0.245348 -1.426381
v 4.129406 0.245348 -1.837046
v 4.129487 0.245348 -1.836995
v 3.879437 0.245348 -2.839247
v 3.879356 0.245348 -2.839298
v 2.133333 0.245348 -2.437001
v 2.133283 0.245348 -2.436920
v 2.371105 0.245348 -1.431920
v 2.371155 0.245348 -1.432001
v 4.105285 0.245348 -1.831558
v 4.105366 0.245348 -1.831507
v 2.262132 0.490429 -1.089693
v 2.262192 0.490362 -1.089734
v 2.262214 0.490424 -1.089641
v 2.262132 0.817697 -1.089693
v 2.262214 0.817703 -1.089641
v 2.262192 0.817765 -1.089734
v 2.019726 0.490429 -2.142073
v 2.019741 0.490362 -2.142007
v 2.019675 0.490429 -2.141992
v 2.019675 0.817698 -2.141992
v 2.019741 0.817765 -2.142007
v 2.019726 0.817698 -2.142073
v 4.334462 0.490424 -1.567104
v 4.334441 0.490362 -1.567196
v 4.334512 0.490429 -1.567186
v 4.334513 0.817698 -1.567186
v 4.334441 0.817765 -1.567196
v 4.334462 0.817703 -1.567104
v 4.091974 0.490429 -2.619535
v 4.092055 0.490429 -2.619485
v 4.091989 0.490362 -2.619469
v 4.091974 0.817698 -2.619535
v 4.091989 0.817765 -2.619469
v 4.092055 0.817698 -2.619485
v 4.323366 0.817698 -1.615564
v 4.323300 0.817765 -1.615549
v 4.323366 0.490429 -1.615564
v 4.323300 0.490362 -1.615549
v 2.250986 0.817697 -1.138071
v 2.251052 0.817765 -1.138086
v 2.250986 0.490429 -1.138071
v 2.251052 0.490362 -1.138086
v 2.265576 0.782398 -1.074746
v 2.265658 0.782398 -1.074692
v 2.265576 0.525729 -1.074746
v 2.265658 0.525729 -1.074692
v 2.019675 0.525661 -2.141992
v 2.019742 0.525729 -2.142030
v 2.019726 0.525661 -2.142073
v 2.019742 0.782398 -2.142030
v 2.019675 0.782465 -2.141992
v 2.019726 0.782465 -2.142073
v 4.092055 0.525661 -2.619485
v 4.091974 0.525661 -2.619535
v 4.091977 0.525729 -2.619490
v 4.091977 0.782398 -2.619490
v 4.091974 0.782465 -2.619535
v 4.092055 0.782465 -2.619485
v 4.337956 0.525729 -1.552239
v 4.337906 0.525729 -1.552155
v 4.337956 0.782398 -1.552239
v 4.337906 0.782398 -1.552155
v 4.323278 0.782398 -1.615613
v 4.323380 0.782465 -1.615505
v 4.323302 0.782330 -1.615541
v 4.323278 0.525729 -1.615613
v 4.323302 0.525796 -1.615541
v 4.323380 0.525661 -1.615506
v 2.251043 0.782398 -1.138154
v 2.251054 0.782330 -1.138078
v 2.250999 0.782465 -1.138013
v 2.251043 0.525729 -1.138154
v 2.250999 0.525661 -1.138013
v 2.251054 0.525796 -1.138078
v 2.043756 0.525797 -2.133972
v 2.043807 0.525797 -2.134053
v 2.043658 0.525729 -2.134065
v 2.279025 0.525796 -1.144523
v 2.279075 0.525797 -1.144604
v 2.279001 0.525729 -1.144595
v 4.073910 0.782330 -2.601735
v 4.073830 0.782330 -2.601786
v 4.073958 0.782398 -2.601862
v 4.295249 0.782330 -1.609147
v 4.295320 0.782398 -1.609171
v 4.295330 0.782330 -1.609096
v 4.073910 0.525797 -2.601735
v 4.073958 0.525729 -2.601862
v 4.073830 0.525797 -2.601786
v 4.295320 0.525729 -1.609171
v 4.295249 0.525797 -1.609147
v 4.295330 0.525796 -1.609096
v 2.043756 0.782330 -2.133972
v 2.043658 0.782398 -2.134065
v 2.043807 0.782330 -2.134053
v 2.279075 0.782330 -1.144604
v 2.279025 0.782330 -1.144523
v 2.279001 0.782398 -1.144595
v 4.341413 0.654063 -1.536937
v 4.341463 0.654063 -1.537021
v 2.269165 0.654063 -1.059475
v 2.269083 0.654063 -1.059528
v 2.254534 0.654063 -1.122670
v 2.254585 0.654063 -1.122752
v 4.326833 0.654063 -1.600214
v 4.326914 0.654063 -1.600163
v 4.073910 0.654063 -2.601735
v 4.073830 0.654063 -2.601786
v 2.043807 0.654063 -2.134053
v 2.043756 0.654063 -2.133972
v 2.282556 0.654063 -1.129197
v 2.282606 0.654063 -1.129279
v 4.298781 0.654063 -1.593821
v 4.298862 0.654063 -1.593770
v 5.122150 0.556044 -0.807575
v 5.122211 0.555977 -0.807619
v 5.122230 0.556037 -0.807521
v 5.122150 0.823268 -0.807575
v 5.122230 0.823276 -0.807521
v 5.122211 0.823335 -0.807619
v 4.911888 0.556044 -1.866851
v 4.911901 0.555977 -1.866784
v 4.911835 0.556044 -1.866771
v 4.911835 0.823268 -1.866771
v 4.911901 0.823335 -1.866784
v 4.911888 0.823268 -1.866851
v 7.072936 0.556037 -1.194857
v 7.072917 0.555977 -1.194955
v 7.072989 0.556045 -1.194938
v 7.072989 0.823268 -1.194938
v 7.072917 0.823335 -1.194955
v 7.072936 0.823276 -1.194858
v 6.862592 0.556045 -2.254187
v 6.862672 0.556045 -2.254134
v 6.862606 0.555977 -2.254121
v 6.862592 0.823268 -2.254187
v 6.862606 0.823335 -2.254121
v 6.862672 0.823268 -2.254134
v 7.063319 0.823268 -1.243638
v 7.063253 0.823335 -1.243624
v 7.063319 0.556045 -1.243638
v 7.063253 0.555977 -1.243624
v 5.112481 0.823268 -0.856275
v 5.112547 0.823335 -0.856288
v 5.112481 0.556044 -0.856275
v 5.112547 0.555977 -0.856288
v 5.125137 0.794454 -0.792536
v 5.125217 0.794454 -0.792479
v 5.125137 0.584858 -0.792536
v 5.125217 0.584858 -0.792479
v 4.911835 0.584790 -1.866771
v 4.911903 0.584858 -1.866804
v 4.911888 0.584790 -1.866851
v 4.911903 0.794454 -1.866804
v 4.911835 0.794522 -1.866771
v 4.911888 0.794522 -1.866851
v 6.862672 0.584790 -2.254134
v 6.862592 0.584790 -2.254187
v 6.862595 0.584858 -2.254138
v 6.862595 0.794454 -2.254138
v 6.862592 0.794522 -2.254187
v 6.862672 0.794522 -2.254134
v 7.075975 0.584858 -1.179899
v 7.075922 0.584858 -1.179815
v 7.075975 0.794454 -1.179899
v 7.075922 0.794454 -1.179815
v 7.063233 0.794454 -1.243690
v 7.063331 0.794522 -1.243580
v 7.063255 0.794387 -1.243614
v 7.063233 0.584858 -1.243690
v 7.063255 0.584925 -1.243615
v 7.063330 0.584790 -1.243580
v 5.112540 0.794454 -0.856356
v 5.112549 0.794387 -0.856278
v 5.112492 0.794522 -0.856218
v 5.112540 0.584858 -0.856356
v 5.112492 0.584790 -0.856218
v 5.112549 0.584925 -0.856278
v 4.934285 0.584926 -1.857748
v 4.934337 0.584926 -1.857828
v 4.934188 0.584858 -1.857848
v 5.138871 0.584925 -0.861505
v 5.138924 0.584926 -0.861585
v 5.138849 0.584858 -0.861580
v 6.845373 0.794387 -2.237218
v 6.845294 0.794387 -2.237272
v 6.845423 0.794454 -2.237347
v 7.036853 0.794387 -1.238442
v 7.036923 0.794454 -1.238465
v 7.036932 0.794387 -1.238388
v 6.845373 0.584926 -2.237218
v 6.845423 0.584858 -2.237347
v 6.845294 0.584926 -2.237272
v 7.036923 0.584858 -1.238465
v 7.036852 0.584926 -1.238442
v 7.036932 0.584925 -1.238388
v 4.934285 0.794387 -1.857748
v 4.934188 0.794454 -1.857848
v 4.934337 0.794387 -1.857828
v 5.138924 0.794387 -0.861585
v 5.138871 0.794387 -0.861505
v 5.138849 0.794454 -0.861580
v 7.078964 0.689656 -1.164497
v 7.079016 0.689656 -1.164581
v 5.128259 0.689656 -0.777161
v 5.128179 0.689656 -0.777219
v 5.115559 0.689656 -0.840773
v 5.115612 0.689656 -0.840853
v 7.066317 0.689656 -1.228190
v 7.066397 0.689656 -1.228136
v 6.845373 0.689656 -2.237218
v 6.845294 0.689656 -2.237272
v 4.934337 0.689656 -1.857828
v 4.934285 0.689656 -1.857748
v 5.141934 0.689656 -0.846080
v 5.141987 0.689656 -0.846160
v 7.039916 0.689656 -1.223017
v 7.039995 0.689656 -1.222963
v 6.778785 1.311571 -1.260365
v 6.778715 1.311639 -1.260370
v 6.778732 1.311574 -1.260285
v 6.778785 0.819966 -1.260365
v 6.778732 0.819963 -1.260285
v 6.778715 0.819898 -1.260370
v 6.568390 1.311571 -2.319602
v 6.568404 1.311639 -2.319535
v 6.568470 1.311571 -2.319549
v 6.568470 0.819966 -2.319549
v 6.568404 0.819898 -2.319535
v 6.568390 0.819966 -2.319602
v 4.984716 1.311574 -0.904061
v 4.984699 1.311640 -0.904146
v 4.984636 1.311572 -0.904115
v 4.984636 0.819967 -0.904115
v 4.984698 0.819899 -0.904146
v 4.984715 0.819964 -0.904061
v 4.774375 1.311572 -1.963378
v 4.774323 1.311572 -1.963298
v 4.774389 1.311640 -1.963312
v 4.774375 0.819966 -1.963378
v 4.774389 0.819899 -1.963312
v 4.774323 0.819966 -1.963298
v 4.974968 0.819967 -0.952802
v 4.975035 0.819899 -0.952815
v 4.974969 1.311572 -0.952802
v 4.975035 1.311640 -0.952815
v 6.769116 0.819966 -1.309052
v 6.769050 0.819898 -1.309039
v 6.769117 1.311571 -1.309052
v 6.769051 1.311639 -1.309039
v 6.781774 0.873018 -1.245311
v 6.781721 0.873018 -1.245230
v 6.781774 1.258519 -1.245311
v 6.781721 1.258519 -1.245230
v 6.568470 1.258587 -2.319549
v 6.568395 1.258519 -2.319550
v 6.568390 1.258587 -2.319602
v 6.568395 0.873018 -2.319550
v 6.568470 0.872950 -2.319549
v 6.568390 0.872950 -2.319602
v 4.774323 1.258587 -1.963298
v 4.774375 1.258587 -1.963378
v 4.774391 1.258520 -1.963328
v 4.774391 0.873019 -1.963328
v 4.774375 0.872951 -1.963378
v 4.774323 0.872951 -1.963298
v 4.987625 1.258520 -0.889061
v 4.987705 1.258520 -0.889006
v 4.987625 0.873019 -0.889061
v 4.987705 0.873019 -0.889006
v 4.975027 0.873019 -0.952883
v 4.974981 0.872951 -0.952741
v 4.975036 0.873086 -0.952810
v 4.975027 1.258520 -0.952883
v 4.975036 1.258452 -0.952810
v 4.974981 1.258587 -0.952741
v 6.769032 0.873018 -1.309104
v 6.769051 0.873086 -1.309034
v 6.769129 0.872950 -1.308991
v 6.769032 1.258519 -1.309104
v 6.769129 1.258587 -1.308991
v 6.769052 1.258451 -1.309033
v 6.552767 1.258451 -2.302950
v 6.552688 1.258451 -2.303003
v 6.552816 1.258519 -2.303082
v 6.744854 1.258451 -1.304229
v 6.744775 1.258451 -1.304282
v 6.744846 1.258519 -1.304302
v 4.795176 0.873086 -1.953959
v 4.795228 0.873086 -1.954038
v 4.795080 0.873019 -1.954062
v 4.999287 0.873086 -0.957694
v 4.999214 0.873019 -0.957685
v 4.999234 0.873086 -0.957615
v 4.795177 1.258452 -1.953959
v 4.795080 1.258520 -1.954062
v 4.795229 1.258452 -1.954038
v 4.999214 1.258520 -0.957685
v 4.999287 1.258452 -0.957694
v 4.999234 1.258452 -0.957615
v 6.552767 0.873086 -2.302950
v 6.552816 0.873018 -2.303082
v 6.552688 0.873086 -2.303003
v 6.744775 0.873086 -1.304282
v 6.744854 0.873086 -1.304229
v 6.744846 0.873018 -1.304302
v 4.990746 1.065769 -0.873689
v 4.990667 1.065769 -0.873743
v 6.784763 1.065769 -1.229912
v 6.784816 1.065769 -1.229993
v 6.772195 1.065769 -1.293551
v 6.772115 1.065769 -1.293604
v 4.978100 1.065769 -0.937381
v 4.978047 1.065769 -0.937301
v 4.795176 1.065769 -1.953959
v 4.795229 1.065769 -1.954038
v 6.552688 1.065769 -2.303003
v 6.552767 1.065769 -2.302950
v 6.747918 1.065769 -1.288800
v 6.747838 1.065769 -1.288853
v 5.002350 1.065769 -0.942265
v 5.002297 1.065769 -0.942186
v 5.027574 -0.006294 -0.839840
v 5.027637 -0.006362 -0.839869
v 5.027654 -0.006296 -0.839786
v 5.027574 0.543510 -0.839840
v 5.027653 0.543512 -0.839786
v 5.027637 0.543578 -0.839869
v 4.817313 -0.006294 -1.899101
v 4.817327 -0.006362 -1.899035
v 4.817260 -0.006294 -1.899022
v 4.817260 0.543510 -1.899022
v 4.817327 0.543578 -1.899035
v 4.817313 0.543510 -1.899101
v 7.113475 -0.006296 -1.253951
v 7.113458 -0.006362 -1.254034
v 7.113528 -0.006294 -1.254032
v 7.113528 0.543510 -1.254032
v 7.113458 0.543578 -1.254034
v 7.113475 0.543512 -1.253951
v 6.903135 -0.006294 -2.313267
v 6.903214 -0.006294 -2.313213
v 6.903148 -0.006362 -2.313200
v 6.903135 0.543510 -2.313267
v 6.903148 0.543578 -2.313200
v 6.903214 0.543510 -2.313213
v 7.103861 0.543510 -1.302717
v 7.103795 0.543578 -1.302704
v 7.103861 -0.006294 -1.302717
v 7.103795 -0.006362 -1.302704
v 5.017907 0.543510 -0.888525
v 5.017973 0.543578 -0.888538
v 5.017907 -0.006294 -0.888525
v 5.017973 -0.006362 -0.888538
v 5.030563 0.484171 -0.824784
v 5.030643 0.484171 -0.824730
v 5.030563 0.053045 -0.824784
v 5.030643 0.053045 -0.824730
v 4.817260 0.052977 -1.899022
v 4.817329 0.053045 -1.899058
v 4.817313 0.052977 -1.899101
v 4.817329 0.484171 -1.899058
v 4.817260 0.484239 -1.899022
v 4.817313 0.484239 -1.899101
v 6.903214 0.052977 -2.313213
v 6.903135 0.052977 -2.313267
v 6.903137 0.053045 -2.313221
v 6.903137 0.484171 -2.313221
v 6.903135 0.484239 -2.313267
v 6.903214 0.484239 -2.313213
v 7.116517 0.053045 -1.238976
v 7.116464 0.053045 -1.238895
v 7.116517 0.484171 -1.238976
v 7.116464 0.484171 -1.238895
v 7.103775 0.484171 -1.302769
v 7.103873 0.484239 -1.302655
v 7.103796 0.484104 -1.302699
v 7.103775 0.053045 -1.302769
v 7.103796 0.053112 -1.302699
v 7.103873 0.052977 -1.302655
v 5.017966 0.484171 -0.888606
v 5.017974 0.484103 -0.888534
v 5.017919 0.484239 -0.888463
v 5.017967 0.053045 -0.888606
v 5.017920 0.052977 -0.888463
v 5.017974 0.053112 -0.888534
v 4.841087 0.053113 -1.890272
v 4.841140 0.053113 -1.890351
v 4.840991 0.053045 -1.890368
v 5.046129 0.053112 -0.894124
v 5.046182 0.053113 -0.894204
v 5.046108 0.053045 -0.894194
v 6.884538 0.484103 -2.296024
v 6.884459 0.484103 -2.296078
v 6.884590 0.484171 -2.296150
v 7.075561 0.484103 -1.297162
v 7.075633 0.484171 -1.297181
v 7.075640 0.484104 -1.297109
v 6.884538 0.053113 -2.296024
v 6.884590 0.053045 -2.296150
v 6.884459 0.053113 -2.296078
v 7.075633 0.053045 -1.297181
v 7.075561 0.053113 -1.297162
v 7.075640 0.053112 -1.297109
v 4.841087 0.484103 -1.890272
v 4.840991 0.484171 -1.890368
v 4.841140 0.484103 -1.890351
v 5.046181 0.484103 -0.894204
v 5.046129 0.484103 -0.894124
v 5.046107 0.484171 -0.894194
v 7.119506 0.268608 -1.223577
v 7.119559 0.268608 -1.223658
v 5.033684 0.268608 -0.809412
v 5.033605 0.268608 -0.809466
v 5.020985 0.268608 -0.873024
v 5.021038 0.268608 -0.873104
v 7.106860 0.268608 -1.287269
v 7.106939 0.268608 -1.287216
v 6.884538 0.268608 -2.296024
v 6.884459 0.268608 -2.296078
v 4.841140 0.268608 -1.890351
v 4.841087 0.268608 -1.890272
v 5.049192 0.268608 -0.878694
v 5.049245 0.268608 -0.878774
v 7.078625 0.268608 -1.281732
v 7.078704 0.268608 -1.281679
v 5.485310 0.549670 -4.035093
v 5.485241 0.549603 -4.035064
v 5.485245 0.549662 -4.035164
v 5.485310 0.816893 -4.035093
v 5.485245 0.816901 -4.035164
v 5.485241 0.816961 -4.035064
v 5.449564 0.549670 -2.955742
v 5.449567 0.549603 -2.955810
v 5.449635 0.549670 -2.955807
v 5.449635 0.816893 -2.955807
v 5.449567 0.816961 -2.955810
v 5.449564 0.816893 -2.955742
v 3.497542 0.549662 -4.100866
v 3.497539 0.549603 -4.100767
v 3.497472 0.549670 -4.100801
v 3.497472 0.816894 -4.100801
v 3.497539 0.816961 -4.100767
v 3.497542 0.816901 -4.100866
v 3.461862 0.549670 -3.021445
v 3.461796 0.549670 -3.021515
v 3.461864 0.549603 -3.021513
v 3.461862 0.816894 -3.021445
v 3.461864 0.816961 -3.021513
v 3.461796 0.816894 -3.021515
v 3.495832 0.816894 -4.051177
v 3.495900 0.816961 -4.051175
v 3.495832 0.549670 -4.051177
v 3.495900 0.549603 -4.051175
v 5.483670 0.816893 -3.985469
v 5.483602 0.816961 -3.985471
v 5.483670 0.549670 -3.985469
v 5.483602 0.549603 -3.985471
v 5.485816 0.788080 -4.050416
v 5.485751 0.788080 -4.050491
v 5.485816 0.578484 -4.050416
v 5.485751 0.578484 -4.050491
v 5.449635 0.578416 -2.955807
v 5.449560 0.578484 -2.955791
v 5.449564 0.578416 -2.955742
v 5.449560 0.788080 -2.955791
v 5.449635 0.788148 -2.955807
v 5.449564 0.788148 -2.955742
v 3.461796 0.578416 -3.021515
v 3.461862 0.578416 -3.021445
v 3.461870 0.578484 -3.021493
v 3.461870 0.788080 -3.021493
v 3.461862 0.788148 -3.021445
v 3.461796 0.788148 -3.021515
v 3.497979 0.578484 -4.116124
v 3.498049 0.578484 -4.116194
v 3.497979 0.788080 -4.116124
v 3.498049 0.788080 -4.116194
v 3.495904 0.788080 -4.051107
v 3.495834 0.788148 -4.051235
v 3.495900 0.788013 -4.051185
v 3.495904 0.578484 -4.051107
v 3.495900 0.578551 -4.051185
v 3.495834 0.578416 -4.051235
v 5.483593 0.788080 -3.985404
v 5.483603 0.788013 -3.985482
v 5.483672 0.788148 -3.985528
v 5.483593 0.578484 -3.985404
v 5.483672 0.578416 -3.985528
v 5.483603 0.578551 -3.985482
v 5.429820 0.578552 -2.969692
v 5.429750 0.578552 -2.969627
v 5.429891 0.578484 -2.969573
v 5.456781 0.578551 -3.986368
v 5.456711 0.578552 -3.986302
v 5.456785 0.578484 -3.986290
v 3.482485 0.788012 -3.034061
v 3.482550 0.788012 -3.033991
v 3.482406 0.788080 -3.033947
v 3.522786 0.788012 -4.050228
v 3.522712 0.788080 -4.050220
v 3.522721 0.788013 -4.050298
v 3.482485 0.578552 -3.034061
v 3.482406 0.578484 -3.033947
v 3.482550 0.578552 -3.033991
v 3.522712 0.578484 -4.050220
v 3.522786 0.578552 -4.050228
v 3.522721 0.578551 -4.050298
v 5.429820 0.788012 -2.969692
v 5.429891 0.788080 -2.969573
v 5.429750 0.788012 -2.969627
v 5.456711 0.788012 -3.986302
v 5.456781 0.788013 -3.986368
v 5.456785 0.788080 -3.986290
v 3.498564 0.683282 -4.131802
v 3.498494 0.683282 -4.131732
v 5.486268 0.683282 -4.066099
v 5.486333 0.683282 -4.066025
v 5.484192 0.683282 -4.001265
v 5.484122 0.683282 -4.001199
v 3.496419 0.683282 -4.066902
v 3.496354 0.683282 -4.066973
v 3.482485 0.683282 -3.034061
v 3.482550 0.683282 -3.033991
v 5.429750 0.683282 -2.969627
v 5.429820 0.683282 -2.969692
v 5.457301 0.683282 -4.002085
v 5.457231 0.683282 -4.002019
v 3.523306 0.683282 -4.065945
v 3.523241 0.683282 -4.066016
v 4.216239 1.308693 -3.943213
v 4.216306 1.308760 -3.943192
v 4.216309 1.308695 -3.943279
v 4.216240 0.817087 -3.943213
v 4.216310 0.817085 -3.943279
v 4.216307 0.817020 -3.943192
v 4.180630 1.308693 -2.863870
v 4.180632 1.308760 -2.863938
v 4.180564 1.308693 -2.863940
v 4.180564 0.817087 -2.863940
v 4.180632 0.817020 -2.863938
v 4.180630 0.817087 -2.863870
v 6.044350 1.308697 -3.882853
v 6.044347 1.308762 -3.882766
v 6.044416 1.308694 -3.882782
v 6.044416 0.817089 -3.882782
v 6.044347 0.817021 -3.882766
v 6.044350 0.817086 -3.882853
v 6.008671 1.308694 -2.803445
v 6.008741 1.308694 -2.803510
v 6.008673 1.308762 -2.803512
v 6.008671 0.817089 -2.803445
v 6.008673 0.817021 -2.803512
v 6.008741 0.817089 -2.803510
v 6.042776 0.817089 -3.833172
v 6.042708 0.817021 -3.833174
v 6.042776 1.308694 -3.833172
v 6.042708 1.308762 -3.833174
v 4.214600 0.817087 -3.893602
v 4.214667 0.817020 -3.893600
v 4.214599 1.308693 -3.893602
v 4.214667 1.308760 -3.893600
v 4.216747 0.870140 -3.958552
v 4.216817 0.870140 -3.958619
v 4.216746 1.255641 -3.958552
v 4.216816 1.255641 -3.958619
v 4.180564 1.255708 -2.863940
v 4.180637 1.255641 -2.863922
v 4.180630 1.255708 -2.863870
v 4.180637 0.870140 -2.863922
v 4.180564 0.870072 -2.863940
v 4.180630 0.870072 -2.863870
v 6.008741 1.255710 -2.803510
v 6.008671 1.255710 -2.803445
v 6.008667 1.255642 -2.803497
v 6.008667 0.870141 -2.803497
v 6.008671 0.870073 -2.803445
v 6.008741 0.870073 -2.803510
v 6.044923 1.255642 -3.898122
v 6.044858 1.255642 -3.898193
v 6.044923 0.870141 -3.898122
v 6.044858 0.870141 -3.898193
v 6.042700 0.870141 -3.833107
v 6.042778 0.870073 -3.833235
v 6.042708 0.870209 -3.833180
v 6.042700 1.255642 -3.833107
v 6.042708 1.255574 -3.833180
v 6.042778 1.255710 -3.833235
v 4.214670 0.870140 -3.893532
v 4.214667 0.870207 -3.893605
v 4.214602 0.870072 -3.893664
v 4.214670 1.255641 -3.893532
v 4.214601 1.255708 -3.893664
v 4.214667 1.255573 -3.893605
v 4.199626 1.255573 -2.876540
v 4.199691 1.255573 -2.876470
v 4.199548 1.255641 -2.876422
v 4.239324 1.255573 -3.892790
v 4.239388 1.255573 -3.892720
v 4.239316 1.255641 -3.892717
v 5.990552 0.870209 -2.817341
v 5.990483 0.870209 -2.817276
v 5.990623 0.870141 -2.817219
v 6.017982 0.870209 -3.833929
v 6.018054 0.870141 -3.833921
v 6.018051 0.870209 -3.833995
v 5.990552 1.255574 -2.817341
v 5.990623 1.255642 -2.817219
v 5.990483 1.255574 -2.817276
v 6.018054 1.255642 -3.833921
v 6.017982 1.255574 -3.833929
v 6.018051 1.255574 -3.833995
v 4.199626 0.870207 -2.876540
v 4.199548 0.870140 -2.876422
v 4.199691 0.870207 -2.876470
v 4.239389 0.870207 -3.892720
v 4.239324 0.870207 -3.892790
v 4.239316 0.870140 -3.892717
v 6.045373 1.062891 -3.913801
v 6.045439 1.062891 -3.913730
v 4.217332 1.062890 -3.974227
v 4.217262 1.062890 -3.974160
v 4.215122 1.062890 -3.909397
v 4.215187 1.062890 -3.909327
v 6.043228 1.062891 -3.848902
v 6.043298 1.062891 -3.848967
v 5.990552 1.062891 -2.817341
v 5.990483 1.062891 -2.817276
v 4.199691 1.062890 -2.876470
v 4.199626 1.062890 -2.876540
v 4.239843 1.062890 -3.908512
v 4.239908 1.062890 -3.908442
v 6.018502 1.062891 -3.849651
v 6.018572 1.062891 -3.849717
v 5.782285 -0.006294 -3.932724
v 5.782217 -0.006362 -3.932709
v 5.782219 -0.006296 -3.932794
v 5.782285 0.543510 -3.932724
v 5.782219 0.543512 -3.932794
v 5.782217 0.543578 -3.932709
v 5.746540 -0.006294 -2.853387
v 5.746542 -0.006362 -2.853455
v 5.746610 -0.006294 -2.853453
v 5.746610 0.543510 -2.853453
v 5.746542 0.543578 -2.853455
v 5.746540 0.543510 -2.853387
v 3.656837 -0.006296 -4.003048
v 3.656835 -0.006362 -4.002964
v 3.656768 -0.006294 -4.002983
v 3.656768 0.543510 -4.002983
v 3.656835 0.543578 -4.002964
v 3.656837 0.543512 -4.003048
v 3.621158 -0.006294 -2.923642
v 3.621093 -0.006294 -2.923712
v 3.621160 -0.006362 -2.923709
v 3.621158 0.543510 -2.923642
v 3.621160 0.543578 -2.923709
v 3.621093 0.543510 -2.923712
v 3.655128 0.543510 -3.953373
v 3.655195 0.543578 -3.953371
v 3.655128 -0.006294 -3.953373
v 3.655195 -0.006362 -3.953371
v 5.780645 0.543510 -3.883115
v 5.780578 0.543578 -3.883117
v 5.780645 -0.006294 -3.883115
v 5.780578 -0.006362 -3.883117
v 5.782792 0.484171 -3.948065
v 5.782727 0.484171 -3.948136
v 5.782792 0.053045 -3.948065
v 5.782727 0.053045 -3.948136
v 5.746610 0.052977 -2.853453
v 5.746535 0.053045 -2.853433
v 5.746540 0.052977 -2.853387
v 5.746535 0.484171 -2.853433
v 5.746610 0.484239 -2.853453
v 5.746540 0.484239 -2.853387
v 3.621093 0.052977 -2.923712
v 3.621158 0.052977 -2.923642
v 3.621166 0.053045 -2.923687
v 3.621166 0.484171 -2.923687
v 3.621158 0.484239 -2.923642
v 3.621093 0.484239 -2.923712
v 3.657275 0.053045 -4.018324
v 3.657345 0.053045 -4.018390
v 3.657275 0.484171 -4.018324
v 3.657345 0.484171 -4.018390
v 3.655200 0.484171 -3.953303
v 3.655130 0.484239 -3.953436
v 3.655195 0.484103 -3.953376
v 3.655200 0.053045 -3.953303
v 3.655195 0.053113 -3.953376
v 3.655129 0.052977 -3.953436
v 5.780569 0.484171 -3.883049
v 5.780578 0.484103 -3.883122
v 5.780648 0.484239 -3.883178
v 5.780569 0.053045 -3.883049
v 5.780647 0.052977 -3.883178
v 5.780578 0.053113 -3.883122
v 5.725392 0.053113 -2.867384
v 5.725323 0.053113 -2.867319
v 5.725464 0.053045 -2.867269
v 5.751889 0.053113 -3.884071
v 5.751819 0.053113 -3.884005
v 5.751894 0.053045 -3.883998
v 3.643183 0.484103 -2.936211
v 3.643249 0.484103 -2.936141
v 3.643105 0.484171 -2.936100
v 3.683949 0.484103 -3.952358
v 3.683875 0.484171 -3.952355
v 3.683884 0.484103 -3.952428
v 3.643183 0.053113 -2.936211
v 3.643105 0.053045 -2.936100
v 3.643249 0.053113 -2.936141
v 3.683875 0.053045 -3.952355
v 3.683949 0.053113 -3.952358
v 3.683884 0.053113 -3.952428
v 5.725392 0.484103 -2.867384
v 5.725464 0.484171 -2.867269
v 5.725323 0.484103 -2.867319
v 5.751820 0.484103 -3.884005
v 5.751889 0.484103 -3.884071
v 5.751894 0.484171 -3.883998
v 3.657861 0.268608 -4.033998
v 3.657791 0.268608 -4.033932
v 5.783243 0.268608 -3.963744
v 5.783309 0.268608 -3.963673
v 5.781167 0.268608 -3.898910
v 5.781097 0.268608 -3.898844
v 3.655715 0.268608 -3.969099
v 3.655650 0.268608 -3.969169
v 3.643183 0.268608 -2.936211
v 3.643249 0.268608 -2.936141
v 5.725323 0.268608 -2.867319
v 5.725392 0.268608 -2.867384
v 5.752409 0.268608 -3.899793
v 5.752339 0.268608 -3.899727
v 3.684469 0.268608 -3.968080
v 3.684404 0.268608 -3.968150
v 4.230745 0.817356 -2.384136
v 4.230679 0.817288 -2.384103
v 4.230677 0.817348 -2.384203
v 4.230745 1.084579 -2.384136
v 4.230677 1.084587 -2.384203
v 4.230679 1.084647 -2.384103
v 4.251315 0.817356 -1.304389
v 4.251313 0.817288 -1.304457
v 4.251381 0.817356 -1.304458
v 4.251381 1.084579 -1.304458
v 4.251313 1.084647 -1.304457
v 4.251315 1.084579 -1.304389
v 2.242251 0.817348 -2.346199
v 2.242253 0.817288 -2.346099
v 2.242184 0.817356 -2.346130
v 2.242184 1.084579 -2.346130
v 2.242253 1.084647 -2.346099
v 2.242251 1.084587 -2.346199
v 2.262889 0.817356 -1.266385
v 2.262820 0.817356 -1.266451
v 2.262888 0.817288 -1.266453
v 2.262889 1.084579 -1.266385
v 2.262888 1.084647 -1.266453
v 2.262820 1.084579 -1.266451
v 2.243133 1.084579 -2.296488
v 2.243201 1.084647 -2.296489
v 2.243133 0.817356 -2.296488
v 2.243201 0.817288 -2.296489
v 4.231694 1.084579 -2.334494
v 4.231626 1.084647 -2.334493
v 4.231694 0.817356 -2.334494
v 4.231626 0.817288 -2.334493
v 4.230452 1.055765 -2.399465
v 4.230383 1.055765 -2.399536
v 4.230452 0.846169 -2.399465
v 4.230383 0.846169 -2.399536
v 4.251381 0.846102 -1.304458
v 4.251307 0.846169 -1.304437
v 4.251315 0.846102 -1.304389
v 4.251307 1.055765 -1.304437
v 4.251381 1.055833 -1.304458
v 4.251315 1.055833 -1.304389
v 2.262820 0.846101 -1.266451
v 2.262889 0.846101 -1.266385
v 2.262894 0.846169 -1.266433
v 2.262894 1.055765 -1.266433
v 2.262889 1.055833 -1.266385
v 2.262820 1.055833 -1.266451
v 2.241892 0.846169 -2.361459
v 2.241958 0.846169 -2.361532
v 2.241892 1.055765 -2.361459
v 2.241958 1.055765 -2.361532
v 2.243208 1.055765 -2.296422
v 2.243132 1.055833 -2.296546
v 2.243201 1.055698 -2.296499
v 2.243208 0.846169 -2.296422
v 2.243201 0.846236 -2.296499
v 2.243132 0.846101 -2.296546
v 4.231621 1.055765 -2.334425
v 4.231626 1.055698 -2.334503
v 4.231692 1.055833 -2.334553
v 4.231621 0.846169 -2.334425
v 4.231693 0.846102 -2.334553
v 4.231626 0.846236 -2.334503
v 4.230869 0.846237 -1.317291
v 4.230803 0.846237 -1.317222
v 4.230946 0.846169 -1.317176
v 4.204795 0.846236 -2.333990
v 4.204729 0.846237 -2.333920
v 4.204803 0.846169 -2.333912
v 2.282826 1.055698 -1.280059
v 2.282895 1.055698 -1.279992
v 2.282754 1.055765 -1.279941
v 2.270101 1.055698 -2.296945
v 2.270027 1.055765 -2.296934
v 2.270032 1.055698 -2.297012
v 2.282826 0.846237 -1.280059
v 2.282754 0.846169 -1.279941
v 2.282895 0.846237 -1.279992
v 2.270027 0.846169 -2.296934
v 2.270101 0.846237 -2.296945
v 2.270032 0.846236 -2.297012
v 4.230869 1.055698 -1.317291
v 4.230946 1.055765 -1.317176
v 4.230803 1.055698 -1.317222
v 4.204729 1.055698 -2.333920
v 4.204795 1.055698 -2.333990
v 4.204803 1.055765 -2.333912
v 2.241660 0.950967 -2.377146
v 2.241593 0.950967 -2.377073
v 4.230085 0.950967 -2.415150
v 4.230154 0.950967 -2.415079
v 4.231392 0.950967 -2.350296
v 4.231326 0.950967 -2.350226
v 2.242900 0.950967 -2.312222
v 2.242831 0.950967 -2.312289
v 2.282826 0.950967 -1.280059
v 2.282895 0.950967 -1.279992
v 4.230803 0.950967 -1.317222
v 4.230869 0.950967 -1.317291
v 4.204494 0.950967 -2.349713
v 4.204429 0.950967 -2.349643
v 2.269800 0.950967 -2.312668
v 2.269732 0.950967 -2.312735
v 7.303481 0.538956 -0.190370
v 7.303544 0.538888 -0.190406
v 7.303557 0.538951 -0.190313
v 7.303481 0.866224 -0.190370
v 7.303557 0.866230 -0.190313
v 7.303544 0.866292 -0.190406
v 7.142009 0.538956 -1.258168
v 7.142019 0.538888 -1.258101
v 7.141952 0.538956 -1.258090
v 7.141952 0.866224 -1.258090
v 7.142019 0.866292 -1.258101
v 7.142009 0.866224 -1.258168
v 9.406176 0.538950 -0.508405
v 9.406161 0.538888 -0.508498
v 9.406232 0.538956 -0.508482
v 9.406233 0.866224 -0.508483
v 9.406161 0.866292 -0.508498
v 9.406176 0.866230 -0.508405
v 9.244626 0.538956 -1.576260
v 9.244703 0.538956 -1.576203
v 9.244637 0.538888 -1.576193
v 9.244626 0.866224 -1.576260
v 9.244637 0.866292 -1.576193
v 9.244703 0.866224 -1.576203
v 9.398807 0.866224 -0.557570
v 9.398740 0.866292 -0.557560
v 9.398807 0.538956 -0.557570
v 9.398740 0.538888 -0.557560
v 7.296055 0.866224 -0.239457
v 7.296122 0.866292 -0.239467
v 7.296056 0.538956 -0.239457
v 7.296123 0.538888 -0.239467
v 7.305775 0.830924 -0.175204
v 7.305852 0.830924 -0.175144
v 7.305775 0.574256 -0.175204
v 7.305852 0.574256 -0.175144
v 7.141952 0.574188 -1.258090
v 7.142023 0.574256 -1.258124
v 7.142009 0.574188 -1.258168
v 7.142023 0.830924 -1.258124
v 7.141952 0.830992 -1.258090
v 7.142009 0.830992 -1.258168
v 9.244703 0.574188 -1.576203
v 9.244626 0.574188 -1.576260
v 9.244626 0.574256 -1.576214
v 9.244626 0.830924 -1.576214
v 9.244626 0.830992 -1.576260
v 9.244703 0.830992 -1.576203
v 9.408527 0.574256 -0.493317
v 9.408471 0.574256 -0.493237
v 9.408527 0.830924 -0.493317
v 9.408471 0.830924 -0.493237
v 9.398723 0.830924 -0.557626
v 9.398815 0.830992 -0.557511
v 9.398741 0.830857 -0.557552
v 9.398723 0.574256 -0.557626
v 9.398741 0.574323 -0.557552
v 9.398816 0.574188 -0.557511
v 7.296118 0.830924 -0.239535
v 7.296123 0.830857 -0.239459
v 7.296064 0.830992 -0.239398
v 7.296119 0.574256 -0.239535
v 7.296065 0.574188 -0.239398
v 7.296124 0.574323 -0.239459
v 7.165352 0.574324 -1.248258
v 7.165408 0.574324 -1.248335
v 7.165260 0.574256 -1.248358
v 7.324505 0.574323 -0.243753
v 7.324561 0.574324 -0.243830
v 7.324487 0.574256 -0.243827
v 9.225259 0.830857 -1.559889
v 9.225183 0.830857 -1.559945
v 9.225316 0.830924 -1.560012
v 9.370282 0.830857 -0.553315
v 9.370355 0.830924 -0.553334
v 9.370358 0.830857 -0.553258
v 9.225259 0.574324 -1.559889
v 9.225316 0.574256 -1.560012
v 9.225183 0.574324 -1.559945
v 9.370355 0.574256 -0.553334
v 9.370282 0.574324 -0.553315
v 9.370358 0.574323 -0.553258
v 7.165352 0.830857 -1.248258
v 7.165260 0.830924 -1.248358
v 7.165408 0.830857 -1.248335
v 7.324560 0.830857 -0.243830
v 7.324504 0.830857 -0.243753
v 7.324486 0.830925 -0.243827
v 9.410807 0.702590 -0.477796
v 9.410863 0.702590 -0.477876
v 7.308188 0.702590 -0.159703
v 7.308111 0.702590 -0.159763
v 7.298418 0.702590 -0.223831
v 7.298474 0.702590 -0.223909
v 9.401094 0.702590 -0.542001
v 9.401172 0.702590 -0.541943
v 9.225259 0.702590 -1.559889
v 9.225183 0.702590 -1.559945
v 7.165408 0.702590 -1.248335
v 7.165352 0.702590 -1.248258
v 7.326857 0.702590 -0.228202
v 7.326913 0.702590 -0.228279
v 9.372636 0.702590 -0.537765
v 9.372712 0.702590 -0.537707
v 8.008233 1.313514 -1.474613
v 8.008160 1.313447 -1.474604
v 8.008189 1.313506 -1.474699
v 8.008233 1.580737 -1.474613
v 8.008189 1.580745 -1.474699
v 8.008160 1.580805 -1.474604
v 7.682048 1.313514 -0.445109
v 7.682069 1.313447 -0.445173
v 7.682133 1.313514 -0.445153
v 7.682132 1.580737 -0.445153
v 7.682068 1.580805 -0.445173
v 7.682047 1.580737 -0.445109
v 6.112249 1.313506 -2.075273
v 6.112219 1.313447 -2.075178
v 6.112164 1.313514 -2.075229
v 6.112164 1.580737 -2.075229
v 6.112219 1.580805 -2.075178
v 6.112249 1.580745 -2.075273
v 5.786108 1.313514 -1.045684
v 5.786064 1.313514 -1.045768
v 5.786128 1.313446 -1.045748
v 5.786108 1.580737 -1.045683
v 5.786128 1.580805 -1.045748
v 5.786064 1.580737 -1.045768
v 6.097171 1.580737 -2.027896
v 6.097235 1.580805 -2.027875
v 6.097171 1.313514 -2.027896
v 6.097235 1.313447 -2.027875
v 7.993240 1.580737 -1.427280
v 7.993176 1.580805 -1.427301
v 7.993240 1.313514 -1.427280
v 7.993176 1.313447 -1.427301
v 8.012864 1.551924 -1.489229
v 8.012821 1.551924 -1.489318
v 8.012864 1.342328 -1.489229
v 8.012821 1.342328 -1.489318
v 7.682133 1.342260 -0.445153
v 7.682056 1.342328 -0.445157
v 7.682048 1.342260 -0.445109
v 7.682056 1.551924 -0.445157
v 7.682133 1.551992 -0.445153
v 7.682048 1.551992 -0.445109
v 5.786064 1.342260 -1.045768
v 5.786108 1.342260 -1.045683
v 5.786129 1.342328 -1.045728
v 5.786129 1.551924 -1.045728
v 5.786108 1.551992 -1.045684
v 5.786064 1.551992 -1.045768
v 6.116794 1.342328 -2.089844
v 6.116880 1.342328 -2.089893
v 6.116794 1.551924 -2.089844
v 6.116880 1.551924 -2.089893
v 6.097221 1.551924 -2.027809
v 6.097188 1.551992 -2.027951
v 6.097238 1.551857 -2.027885
v 6.097221 1.342328 -2.027809
v 6.097238 1.342395 -2.027885
v 6.097188 1.342260 -2.027951
v 7.993149 1.551924 -1.427238
v 7.993179 1.551857 -1.427310
v 7.993258 1.551992 -1.427336
v 7.993149 1.342328 -1.427238
v 7.993258 1.342260 -1.427336
v 7.993179 1.342395 -1.427310
v 7.666810 1.342395 -0.463877
v 7.666726 1.342395 -0.463833
v 7.666846 1.342328 -0.463744
v 7.967596 1.342395 -1.435414
v 7.967511 1.342395 -1.435369
v 7.967579 1.342328 -1.435338
v 5.809373 1.551856 -1.052255
v 5.809417 1.551856 -1.052170
v 5.809267 1.551924 -1.052166
v 6.122865 1.551856 -2.019696
v 6.122792 1.551924 -2.019709
v 6.122822 1.551857 -2.019781
v 5.809373 1.342395 -1.052255
v 5.809267 1.342328 -1.052166
v 5.809417 1.342395 -1.052170
v 6.122792 1.342328 -2.019709
v 6.122865 1.342395 -2.019696
v 6.122822 1.342395 -2.019781
v 7.666810 1.551856 -0.463877
v 7.666846 1.551924 -0.463744
v 7.666726 1.551856 -0.463833
v 7.967511 1.551856 -1.435369
v 7.967596 1.551857 -1.435414
v 7.967579 1.551924 -1.435338
v 6.121596 1.447126 -2.104780
v 6.121510 1.447126 -2.104732
v 8.017537 1.447126 -1.504206
v 8.017580 1.447126 -1.504117
v 7.998013 1.447126 -1.442347
v 7.997928 1.447126 -1.442302
v 6.101987 1.447126 -2.042876
v 6.101943 1.447126 -2.042962
v 5.809373 1.447126 -1.052255
v 5.809417 1.447126 -1.052170
v 7.666726 1.447126 -0.463833
v 7.666810 1.447126 -0.463877
v 7.972345 1.447126 -1.450406
v 7.972260 1.447126 -1.450361
v 6.127614 1.447126 -2.034687
v 6.127570 1.447126 -2.034772
v 7.258575 1.313298 -1.617918
v 7.258638 1.313366 -1.617888
v 7.258652 1.313301 -1.617976
v 7.258576 0.872319 -1.617918
v 7.258653 0.872315 -1.617976
v 7.258639 0.872251 -1.617888
v 7.092422 1.313298 -0.550845
v 7.092432 1.313366 -0.550912
v 7.092365 1.313298 -0.550923
v 7.092366 0.872319 -0.550923
v 7.092433 0.872251 -0.550912
v 7.092422 0.872319 -0.550845
v 9.065896 1.313305 -1.336453
v 9.065883 1.313369 -1.336366
v 9.065952 1.313301 -1.336375
v 9.065953 0.872322 -1.336375
v 9.065884 0.872254 -1.336366
v 9.065897 0.872319 -1.336453
v 8.899664 1.313301 -0.269323
v 8.899741 1.313301 -0.269380
v 8.899674 1.313369 -0.269390
v 8.899665 0.872322 -0.269323
v 8.899675 0.872254 -0.269390
v 8.899742 0.872322 -0.269380
v 9.058313 0.872322 -1.287327
v 9.058247 0.872254 -1.287337
v 9.058312 1.313301 -1.287327
v 9.058246 1.313369 -1.287337
v 7.250936 0.872319 -1.568870
v 7.251002 0.872251 -1.568860
v 7.250935 1.313298 -1.568870
v 7.251001 1.313366 -1.568860
v 7.260938 0.919902 -1.633081
v 7.261015 0.919902 -1.633139
v 7.260938 1.265715 -1.633081
v 7.261015 1.265715 -1.633139
v 7.092365 1.265782 -0.550923
v 7.092435 1.265715 -0.550896
v 7.092422 1.265782 -0.550845
v 7.092436 0.919902 -0.550896
v 7.092366 0.919834 -0.550923
v 7.092422 0.919834 -0.550845
v 8.899741 1.265786 -0.269380
v 8.899664 1.265786 -0.269323
v 8.899666 1.265718 -0.269376
v 8.899667 0.919905 -0.269376
v 8.899665 0.919838 -0.269323
v 8.899742 0.919838 -0.269380
v 9.068316 1.265718 -1.351538
v 9.068259 1.265718 -1.351617
v 9.068316 0.919905 -1.351538
v 9.068259 0.919905 -1.351617
v 9.058230 0.919905 -1.287271
v 9.058323 0.919838 -1.287388
v 9.058248 0.919973 -1.287344
v 9.058229 1.265718 -1.287271
v 9.058247 1.265651 -1.287344
v 9.058322 1.265786 -1.287388
v 7.250997 0.919902 -1.568792
v 7.251002 0.919970 -1.568866
v 7.250944 0.919834 -1.568931
v 7.250997 1.265715 -1.568792
v 7.250944 1.265782 -1.568931
v 7.251002 1.265647 -1.568866
v 7.112813 1.265647 -0.561119
v 7.112869 1.265647 -0.561042
v 7.112722 1.265715 -0.561012
v 7.275378 1.265647 -1.565069
v 7.275434 1.265647 -1.564991
v 7.275361 1.265715 -1.564997
v 8.883364 0.919973 -0.285313
v 8.883286 0.919973 -0.285256
v 8.883418 0.919905 -0.285183
v 9.033794 0.919973 -1.291084
v 9.033865 0.919905 -1.291067
v 9.033871 0.919973 -1.291141
v 8.883364 1.265650 -0.285313
v 8.883418 1.265718 -0.285183
v 8.883286 1.265650 -0.285256
v 9.033864 1.265718 -1.291067
v 9.033792 1.265650 -1.291084
v 9.033870 1.265651 -1.291141
v 7.112814 0.919970 -0.561119
v 7.112723 0.919902 -0.561012
v 7.112870 0.919970 -0.561042
v 7.275435 0.919970 -1.564991
v 7.275379 0.919970 -1.565069
v 7.275362 0.919902 -1.564997
v 9.070662 1.092812 -1.367048
v 9.070719 1.092812 -1.366969
v 7.263418 1.092808 -1.648570
v 7.263341 1.092808 -1.648512
v 7.253367 1.092808 -1.584486
v 7.253424 1.092808 -1.584408
v 9.060668 1.092812 -1.302886
v 9.060745 1.092812 -1.302943
v 8.883364 1.092812 -0.285313
v 8.883286 1.092812 -0.285256
v 7.112869 1.092808 -0.561042
v 7.112813 1.092808 -0.561119
v 7.277800 1.092808 -1.580611
v 7.277855 1.092808 -1.580533
v 9.036215 1.092812 -1.306626
v 9.036292 1.092812 -1.306683
v 9.335688 -0.006294 -1.373035
v 9.335620 -0.006362 -1.373021
v 9.335623 -0.006296 -1.373106
v 9.335688 0.543510 -1.373035
v 9.335623 0.543512 -1.373106
v 9.335620 0.543578 -1.373021
v 9.300929 -0.006294 -0.293667
v 9.300931 -0.006362 -0.293734
v 9.300999 -0.006294 -0.293732
v 9.300999 0.543510 -0.293732
v 9.300931 0.543578 -0.293734
v 9.300929 0.543510 -0.293667
v 7.210178 -0.006296 -1.441418
v 7.210175 -0.006362 -1.441334
v 7.210108 -0.006294 -1.441352
v 7.210108 0.543510 -1.441352
v 7.210175 0.543578 -1.441334
v 7.210178 0.543512 -1.441418
v 7.175484 -0.006294 -0.361980
v 7.175418 -0.006294 -0.362050
v 7.175486 -0.006362 -0.362047
v 7.175484 0.543510 -0.361980
v 7.175486 0.543578 -0.362047
v 7.175418 0.543510 -0.362050
v 7.208512 0.543510 -1.391742
v 7.208580 0.543578 -1.391740
v 7.208512 -0.006294 -1.391742
v 7.208580 -0.006362 -1.391740
v 9.334093 0.543510 -1.323425
v 9.334025 0.543578 -1.323427
v 9.334093 -0.006294 -1.323425
v 9.334025 -0.006362 -1.323427
v 9.336182 0.484171 -1.388377
v 9.336116 0.484171 -1.388448
v 9.336182 0.053045 -1.388377
v 9.336116 0.053045 -1.388448
v 9.300999 0.052977 -0.293732
v 9.300923 0.053045 -0.293712
v 9.300929 0.052977 -0.293667
v 9.300923 0.484171 -0.293712
v 9.300999 0.484239 -0.293732
v 9.300929 0.484239 -0.293667
v 7.175418 0.052977 -0.362050
v 7.175484 0.052977 -0.361980
v 7.175492 0.053045 -0.362025
v 7.175492 0.484171 -0.362025
v 7.175484 0.484239 -0.361980
v 7.175418 0.484239 -0.362050
v 7.210600 0.053045 -1.456695
v 7.210670 0.053045 -1.456761
v 7.210600 0.484171 -1.456695
v 7.210670 0.484171 -1.456761
v 7.208584 0.484171 -1.391672
v 7.208514 0.484239 -1.391805
v 7.208580 0.484104 -1.391745
v 7.208584 0.053045 -1.391672
v 7.208580 0.053112 -1.391745
v 7.208515 0.052977 -1.391805
v 9.334017 0.484171 -1.323359
v 9.334025 0.484104 -1.323432
v 9.334095 0.484239 -1.323488
v 9.334017 0.053045 -1.323359
v 9.334095 0.052977 -1.323488
v 9.334025 0.053112 -1.323432
v 9.279769 0.053113 -0.307644
v 9.279699 0.053113 -0.307578
v 9.279840 0.053045 -0.307528
v 9.305336 0.053112 -1.324354
v 9.305266 0.053113 -1.324288
v 9.305341 0.053045 -1.324281
v 7.197499 0.484103 -0.374569
v 7.197564 0.484103 -0.374500
v 7.197420 0.484171 -0.374458
v 7.237335 0.484103 -1.390753
v 7.237261 0.484171 -1.390750
v 7.237270 0.484103 -1.390823
v 7.197499 0.053113 -0.374569
v 7.197420 0.053045 -0.374458
v 7.197564 0.053113 -0.374500
v 7.237261 0.053045 -1.390750
v 7.237336 0.053113 -1.390753
v 7.237270 0.053112 -1.390823
v 9.279769 0.484103 -0.307644
v 9.279840 0.484171 -0.307528
v 9.279699 0.484103 -0.307578
v 9.305266 0.484103 -1.324288
v 9.305336 0.484104 -1.324354
v 9.305341 0.484171 -1.324281
v 7.211172 0.268608 -1.472370
v 7.211102 0.268608 -1.472303
v 9.336617 0.268608 -1.404057
v 9.336683 0.268608 -1.403986
v 9.334601 0.268608 -1.339220
v 9.334532 0.268608 -1.339155
v 7.209086 0.268608 -1.407468
v 7.209021 0.268608 -1.407538
v 7.197499 0.268608 -0.374569
v 7.197564 0.268608 -0.374500
v 9.279699 0.268608 -0.307578
v 9.279769 0.268608 -0.307644
v 9.305841 0.268608 -1.340077
v 9.305772 0.268608 -1.340011
v 7.237841 0.268608 -1.406475
v 7.237776 0.268608 -1.406545
v 3.353331 2.839891 -6.695699
v 3.353411 2.839839 -6.695681
v 3.353347 2.839826 -6.695767
v 2.629126 2.692577 -6.695699
v 2.629136 2.692510 -6.695767
v 2.629073 2.692497 -6.695681
v 3.901398 0.145570 -6.695766
v 3.901461 0.145583 -6.695680
v 3.901409 0.145503 -6.695698
v 3.177204 -0.001811 -6.695698
v 3.177124 -0.001758 -6.695680
v 3.177188 -0.001745 -6.695766
v 3.177204 -0.001811 -6.621059
v 3.177124 -0.001758 -6.621059
v 3.901461 0.145583 -6.621059
v 3.901409 0.145503 -6.621059
v 2.629073 2.692497 -6.621059
v 2.629126 2.692577 -6.621059
v 3.353331 2.839891 -6.621059
v 3.353411 2.839839 -6.621059
v 2.707305 2.708480 -6.718779
v 2.707319 2.708414 -6.718848
v 3.275151 2.823988 -6.718779
v 3.275165 2.823922 -6.718848
v 3.823230 0.129600 -6.718779
v 3.823216 0.129666 -6.718848
v 3.255383 0.014092 -6.718779
v 3.255370 0.014158 -6.718848
v 3.255366 0.014177 -6.620992
v 3.255317 0.014078 -6.621122
v 3.255435 0.014172 -6.621065
v 3.823150 0.129653 -6.621066
v 3.823296 0.129613 -6.621122
v 3.823212 0.129685 -6.620992
v 2.707323 2.708395 -6.620992
v 2.707385 2.708427 -6.621065
v 2.707240 2.708467 -6.621122
v 3.275169 2.823903 -6.620992
v 3.275218 2.824002 -6.621122
v 3.275099 2.823909 -6.621065
v 3.280669 2.796525 -5.092296
v 3.280683 2.796459 -5.092228
v 3.280720 2.796611 -5.092176
v 3.282504 2.787503 -6.621065
v 3.282517 2.787437 -6.620997
v 3.282569 2.787522 -6.620992
v 3.249866 0.041555 -5.092296
v 3.249853 0.041621 -5.092228
v 3.249815 0.041469 -5.092175
v 3.248017 0.050643 -6.620997
v 3.247965 0.050558 -6.620992
v 3.248030 0.050577 -6.621065
v 3.817660 0.156977 -5.092176
v 3.817566 0.157102 -5.092228
v 3.817579 0.157036 -5.092296
v 3.815811 0.166066 -6.620992
v 3.815730 0.166124 -6.620997
v 3.815744 0.166058 -6.621066
v 2.712955 2.681044 -5.092296
v 2.712875 2.681103 -5.092175
v 2.712969 2.680978 -5.092228
v 2.714805 2.671956 -6.620997
v 2.714791 2.672021 -6.621065
v 2.714724 2.672014 -6.620992
v 3.539293 0.071912 -6.742322
v 3.539307 0.071846 -6.742253
v 2.991242 2.766168 -6.742323
v 2.991229 2.766234 -6.742254
v 2.991229 2.766234 -6.644781
v 2.991242 2.766168 -6.644713
v 3.539293 0.071912 -6.644713
v 3.539306 0.071846 -6.644781
v 3.533723 0.099296 -5.092296
v 3.533709 0.099361 -5.092228
v 2.996826 2.738719 -5.092228
v 2.996812 2.738784 -5.092296
v 2.998647 2.729762 -6.644713
v 2.998661 2.729696 -6.644646
v 3.531874 0.108384 -6.644646
v 3.531887 0.108318 -6.644713
v 3.353411 2.839839 -5.117916
v 3.353331 2.839891 -5.117908
v 3.361751 2.798840 -5.072420
v 3.361683 2.798836 -5.072352
v 3.354529 2.834344 -5.095163
v 3.354450 2.834391 -5.095130
v 3.357580 2.819340 -5.078515
v 3.357498 2.819408 -5.078506
v 3.357520 2.819300 -5.078436
v 2.637413 2.651499 -5.072420
v 2.637477 2.651522 -5.072352
v 2.629073 2.692497 -5.117916
v 2.629126 2.692577 -5.117908
v 2.633243 2.672000 -5.078515
v 2.633315 2.671986 -5.078436
v 2.633293 2.672095 -5.078506
v 2.630191 2.687003 -5.095163
v 2.630245 2.687077 -5.095130
v 3.893122 0.186581 -5.072420
v 3.893058 0.186558 -5.072352
v 3.901462 0.145583 -5.117916
v 3.901409 0.145503 -5.117908
v 3.897292 0.166080 -5.078515
v 3.897220 0.166094 -5.078436
v 3.897242 0.165986 -5.078506
v 3.900344 0.151077 -5.095163
v 3.900290 0.151003 -5.095130
v 3.177124 -0.001758 -5.117916
v 3.177204 -0.001811 -5.117908
v 3.168784 0.039240 -5.072420
v 3.168852 0.039244 -5.072352
v 3.176006 0.003736 -5.095163
v 3.176085 0.003689 -5.095130
v 3.172954 0.018740 -5.078515
v 3.173037 0.018672 -5.078506
v 3.173015 0.018780 -5.078436
v 3.283493 2.782980 -5.072420
v 3.283569 2.782946 -5.072352
v 3.275218 2.824002 -5.117908
v 3.275169 2.823902 -5.117827
v 3.279406 2.803410 -5.078436
v 3.279384 2.803519 -5.078506
v 3.279332 2.803437 -5.078502
v 3.276337 2.818501 -5.095130
v 3.276285 2.818417 -5.095120
v 2.707323 2.708394 -5.117826
v 2.707240 2.708467 -5.117908
v 2.715591 2.667411 -5.072352
v 2.715648 2.667471 -5.072420
v 2.708359 2.702966 -5.095130
v 2.708439 2.702909 -5.095120
v 2.711406 2.687984 -5.078506
v 2.711428 2.687875 -5.078436
v 2.711486 2.687929 -5.078502
v 3.823211 0.129686 -5.117827
v 3.823295 0.129613 -5.117908
v 3.814944 0.170669 -5.072352
v 3.814888 0.170609 -5.072420
v 3.822176 0.135114 -5.095130
v 3.822096 0.135171 -5.095120
v 3.819129 0.150096 -5.078506
v 3.819107 0.150205 -5.078436
v 3.819049 0.150151 -5.078502
v 3.247042 0.055100 -5.072420
v 3.246966 0.055134 -5.072352
v 3.255317 0.014078 -5.117908
v 3.255366 0.014178 -5.117826
v 3.251129 0.034670 -5.078436
v 3.251151 0.034561 -5.078506
v 3.251203 0.034643 -5.078502
v 3.254198 0.019579 -5.095130
v 3.254250 0.019663 -5.095120
v 2.150550 2.922443 -5.227382
v 2.150498 2.922363 -5.227414
v 2.150556 2.922375 -5.227314
v 2.544239 3.002525 -5.227382
v 2.544260 3.002460 -5.227314
v 2.544319 3.002472 -5.227414
v 2.150563 2.922376 -6.850742
v 2.150497 2.922363 -6.850674
v 2.150550 2.922443 -6.850674
v 2.544239 3.002525 -6.850674
v 2.544319 3.002472 -6.850674
v 2.544252 3.002458 -6.850742
v 2.746473 -0.007193 -5.227314
v 2.746414 -0.007204 -5.227414
v 2.746494 -0.007257 -5.227382
v 3.140183 0.072825 -5.227382
v 3.140236 0.072905 -5.227414
v 3.140177 0.072893 -5.227314
v 2.746481 -0.007191 -6.850742
v 2.746494 -0.007257 -6.850674
v 2.746414 -0.007204 -6.850674
v 3.140169 0.072891 -6.850741
v 3.140235 0.072905 -6.850674
v 3.140182 0.072825 -6.850674
v 3.140183 0.072825 -5.302034
v 3.140236 0.072905 -5.302034
v 2.746494 -0.007257 -5.302034
v 2.746414 -0.007204 -5.302034
v 2.544239 3.002525 -5.302034
v 2.544319 3.002472 -5.302034
v 2.150550 2.922443 -5.302034
v 2.150498 2.922363 -5.302034
v 2.501763 2.993885 -5.204318
v 2.501777 2.993818 -5.204246
v 2.193027 2.931083 -5.204318
v 2.193040 2.931016 -5.204246
v 2.192960 2.931069 -6.850674
v 2.193041 2.931010 -6.850694
v 2.192973 2.931003 -6.850742
v 2.501778 2.993812 -6.850694
v 2.501829 2.993898 -6.850674
v 2.501843 2.993832 -6.850742
v 2.788904 0.001369 -6.850674
v 2.788890 0.001436 -6.850742
v 2.788955 0.001455 -6.850694
v 3.097692 0.064257 -6.850693
v 3.097759 0.064264 -6.850741
v 3.097773 0.064198 -6.850674
v 2.788970 0.001383 -5.204318
v 2.788956 0.001449 -5.204246
v 3.097706 0.064184 -5.204318
v 3.097693 0.064251 -5.204246
v 3.097692 0.064257 -5.302102
v 3.097773 0.064198 -5.301976
v 3.097628 0.064237 -5.302024
v 2.788956 0.001455 -5.302102
v 2.789022 0.001463 -5.302024
v 2.788904 0.001369 -5.301976
v 2.501778 2.993812 -5.302102
v 2.501711 2.993805 -5.302024
v 2.501830 2.993898 -5.301976
v 2.193041 2.931010 -5.302102
v 2.192960 2.931069 -5.301976
v 2.193106 2.931030 -5.302024
v 2.199164 2.901249 -6.830798
v 2.199178 2.901183 -6.830866
v 2.199083 2.901309 -6.830914
v 2.201160 2.891433 -5.302024
v 2.201174 2.891367 -5.302093
v 2.201093 2.891427 -5.302102
v 3.091569 0.094018 -6.830798
v 3.091556 0.094084 -6.830866
v 3.091650 0.093958 -6.830914
v 3.089559 0.103900 -5.302093
v 3.089640 0.103841 -5.302102
v 3.089573 0.103834 -5.302024
v 2.782965 0.031243 -6.830798
v 2.782914 0.031157 -6.830914
v 2.782952 0.031309 -6.830866
v 2.780903 0.041039 -5.302102
v 2.780955 0.041125 -5.302093
v 2.780968 0.041059 -5.302024
v 2.507768 2.964024 -6.830798
v 2.507820 2.964111 -6.830914
v 2.507782 2.963958 -6.830866
v 2.509778 2.954142 -5.302093
v 2.509766 2.954208 -5.302024
v 2.509830 2.954228 -5.302102
v 2.943324 0.032850 -5.180771
v 2.943338 0.032784 -5.180843
v 2.347408 2.962417 -5.180771
v 2.347394 2.962484 -5.180843
v 2.347394 2.962484 -5.278312
v 2.347408 2.962417 -5.278381
v 2.943325 0.032850 -5.278381
v 2.943338 0.032784 -5.278312
v 2.937267 0.062631 -6.830798
v 2.937253 0.062697 -6.830866
v 2.353479 2.932571 -6.830866
v 2.353466 2.932636 -6.830798
v 2.355462 2.922821 -5.278381
v 2.355476 2.922755 -5.278450
v 2.935257 0.072513 -5.278450
v 2.935271 0.072447 -5.278381
v 3.907614 2.746599 -5.161302
v 3.907546 2.746531 -5.161320
v 3.907611 2.746531 -5.161233
v 4.646650 2.746599 -5.161302
v 4.646653 2.746531 -5.161233
v 4.646718 2.746531 -5.161320
v 3.907613 2.746531 -6.784648
v 3.907546 2.746531 -6.784580
v 3.907613 2.746599 -6.784580
v 4.646650 2.746599 -6.784580
v 4.646718 2.746531 -6.784580
v 4.646650 2.746531 -6.784648
v 3.907611 -0.002900 -5.161233
v 3.907546 -0.002900 -5.161320
v 3.907614 -0.002968 -5.161302
v 4.646650 -0.002968 -5.161302
v 4.646718 -0.002900 -5.161320
v 4.646653 -0.002900 -5.161233
v 3.907614 -0.002900 -6.784648
v 3.907614 -0.002968 -6.784580
v 3.907546 -0.002900 -6.784580
v 4.646650 -0.002900 -6.784648
v 4.646718 -0.002900 -6.784580
v 4.646650 -0.002968 -6.784580
v 4.646650 -0.002968 -5.235941
v 4.646718 -0.002900 -5.235941
v 3.907614 -0.002968 -5.235940
v 3.907547 -0.002900 -5.235940
v 4.646650 2.746599 -5.235941
v 4.646718 2.746531 -5.235941
v 3.907614 2.746599 -5.235940
v 3.907546 2.746531 -5.235940
v 4.566869 2.746599 -5.138221
v 4.566869 2.746531 -5.138152
v 3.987394 2.746599 -5.138221
v 3.987394 2.746531 -5.138152
v 3.987327 2.746599 -6.784580
v 3.987394 2.746526 -6.784596
v 3.987327 2.746531 -6.784648
v 4.566869 2.746526 -6.784596
v 4.566937 2.746599 -6.784580
v 4.566937 2.746531 -6.784648
v 3.987327 -0.002968 -6.784580
v 3.987327 -0.002900 -6.784648
v 3.987395 -0.002895 -6.784596
v 4.566870 -0.002895 -6.784596
v 4.566937 -0.002900 -6.784648
v 4.566937 -0.002968 -6.784580
v 3.987394 -0.002968 -5.138221
v 3.987394 -0.002900 -5.138152
v 4.566869 -0.002968 -5.138221
v 4.566869 -0.002900 -5.138152
v 4.566870 -0.002895 -5.236009
v 4.566937 -0.002968 -5.235878
v 4.566802 -0.002900 -5.235935
v 3.987395 -0.002895 -5.236008
v 3.987462 -0.002900 -5.235935
v 3.987327 -0.002968 -5.235878
v 4.566869 2.746526 -5.236009
v 4.566802 2.746531 -5.235935
v 4.566937 2.746599 -5.235878
v 3.987394 2.746526 -5.236008
v 3.987327 2.746599 -5.235878
v 3.987462 2.746531 -5.235935
v 3.987462 2.718587 -6.764704
v 3.987462 2.718520 -6.764772
v 3.987394 2.718661 -6.764824
v 3.987462 2.709380 -5.235935
v 3.987462 2.709313 -5.236003
v 3.987394 2.709386 -5.236008
v 4.566802 0.025044 -6.764705
v 4.566802 0.025111 -6.764772
v 4.566870 0.024970 -6.764825
v 4.566802 0.034318 -5.236003
v 4.566870 0.034245 -5.236009
v 4.566802 0.034251 -5.235935
v 3.987463 0.025044 -6.764704
v 3.987395 0.024970 -6.764824
v 3.987463 0.025111 -6.764772
v 3.987395 0.034245 -5.236008
v 3.987463 0.034318 -5.236003
v 3.987462 0.034251 -5.235935
v 4.566802 2.718587 -6.764705
v 4.566869 2.718661 -6.764825
v 4.566802 2.718520 -6.764772
v 4.566802 2.709313 -5.236003
v 4.566802 2.709380 -5.235935
v 4.566869 2.709386 -5.236009
v 4.277132 -0.002900 -5.114677
v 4.277132 -0.002968 -5.114747
v 4.277132 2.746531 -5.114677
v 4.277132 2.746599 -5.114747
v 4.277132 2.746599 -5.212219
v 4.277132 2.746531 -5.212287
v 4.277133 -0.002900 -5.212287
v 4.277133 -0.002968 -5.212219
v 4.277132 0.025044 -6.764704
v 4.277132 0.025111 -6.764772
v 4.277132 2.718520 -6.764772
v 4.277132 2.718587 -6.764704
v 4.277132 2.709380 -5.212287
v 4.277132 2.709313 -5.212355
v 4.277132 0.034318 -5.212355
v 4.277132 0.034251 -5.212287
v 4.646396 3.193441 -5.088112
v 4.646328 3.193374 -5.088139
v 4.646390 3.193374 -5.088044
v 5.138405 3.193441 -5.088113
v 5.138411 3.193374 -5.088044
v 5.138473 3.193374 -5.088139
v 4.646396 3.193374 -6.711467
v 4.646328 3.193374 -6.711399
v 4.646396 3.193441 -6.711399
v 5.138405 3.193441 -6.711399
v 5.138473 3.193374 -6.711399
v 5.138405 3.193374 -6.711467
v 4.646390 -0.003256 -5.088044
v 4.646328 -0.003256 -5.088139
v 4.646396 -0.003324 -5.088112
v 5.138405 -0.003324 -5.088113
v 5.138473 -0.003256 -5.088139
v 5.138411 -0.003256 -5.088044
v 4.646396 -0.003256 -6.711467
v 4.646396 -0.003324 -6.711399
v 4.646328 -0.003256 -6.711399
v 5.138405 -0.003256 -6.711467
v 5.138473 -0.003256 -6.711399
v 5.138405 -0.003324 -6.711399
v 5.138405 -0.003324 -5.162760
v 5.138473 -0.003256 -5.162760
v 4.646396 -0.003324 -5.162759
v 4.646328 -0.003256 -5.162759
v 5.138405 3.193441 -5.162760
v 5.138473 3.193374 -5.162760
v 4.646396 3.193441 -5.162759
v 4.646328 3.193374 -5.162759
v 5.085310 3.193441 -5.065042
v 5.085310 3.193374 -5.064971
v 4.699492 3.193441 -5.065042
v 4.699492 3.193374 -5.064971
v 4.699424 3.193441 -6.711399
v 4.699492 3.193367 -6.711421
v 4.699424 3.193374 -6.711467
v 5.085309 3.193367 -6.711421
v 5.085377 3.193441 -6.711399
v 5.085377 3.193374 -6.711467
v 4.699424 -0.003324 -6.711399
v 4.699424 -0.003256 -6.711467
v 4.699492 -0.003250 -6.711421
v 5.085310 -0.003250 -6.711421
v 5.085377 -0.003256 -6.711467
v 5.085377 -0.003324 -6.711399
v 4.699492 -0.003324 -5.065042
v 4.699492 -0.003256 -5.064971
v 5.085310 -0.003324 -5.065042
v 5.085310 -0.003256 -5.064971
v 5.085310 -0.003250 -5.162827
v 5.085377 -0.003324 -5.162700
v 5.085242 -0.003256 -5.162752
v 4.699492 -0.003250 -5.162827
v 4.699559 -0.003256 -5.162751
v 4.699424 -0.003324 -5.162699
v 5.085310 3.193367 -5.162827
v 5.085242 3.193374 -5.162752
v 5.085377 3.193441 -5.162700
v 4.699492 3.193367 -5.162827
v 4.699424 3.193441 -5.162699
v 4.699559 3.193374 -5.162751
v 4.699559 3.160874 -6.691523
v 4.699559 3.160806 -6.691591
v 4.699492 3.160949 -6.691637
v 4.699559 3.150158 -5.162751
v 4.699560 3.150091 -5.162819
v 4.699492 3.150165 -5.162827
v 5.085242 0.029244 -6.691523
v 5.085242 0.029311 -6.691591
v 5.085310 0.029168 -6.691637
v 5.085242 0.040026 -5.162820
v 5.085310 0.039952 -5.162827
v 5.085242 0.039959 -5.162752
v 4.699560 0.029244 -6.691523
v 4.699492 0.029168 -6.691637
v 4.699560 0.029311 -6.691591
v 4.699492 0.039952 -5.162827
v 4.699560 0.040026 -5.162819
v 4.699559 0.039959 -5.162751
v 5.085241 3.160874 -6.691523
v 5.085309 3.160949 -6.691637
v 5.085241 3.160806 -6.691591
v 5.085242 3.150091 -5.162820
v 5.085242 3.150158 -5.162752
v 5.085310 3.150165 -5.162827
v 4.892401 -0.003256 -5.041496
v 4.892401 -0.003324 -5.041567
v 4.892401 3.193374 -5.041496
v 4.892401 3.193441 -5.041567
v 4.892401 3.193441 -5.139038
v 4.892401 3.193374 -5.139106
v 4.892401 -0.003256 -5.139106
v 4.892401 -0.003324 -5.139038
v 4.892401 0.029244 -6.691523
v 4.892401 0.029311 -6.691591
v 4.892400 3.160806 -6.691591
v 4.892400 3.160874 -6.691523
v 4.892401 3.150158 -5.139106
v 4.892401 3.150091 -5.139174
v 4.892401 0.040026 -5.139174
v 4.892401 0.039959 -5.139106
v 6.150791 3.157690 -6.899453
v 6.150846 3.157612 -6.899426
v 6.150785 3.157622 -6.899521
v 5.665368 3.237921 -6.899452
v 5.665351 3.237856 -6.899520
v 5.665290 3.237866 -6.899426
v 6.150781 3.157623 -5.276098
v 6.150848 3.157612 -5.276166
v 6.150792 3.157690 -5.276166
v 5.665369 3.237921 -5.276166
v 5.665291 3.237865 -5.276166
v 5.665358 3.237854 -5.276098
v 5.629514 0.003780 -6.899521
v 5.629575 0.003770 -6.899426
v 5.629497 0.003714 -6.899453
v 5.144074 0.083946 -6.899453
v 5.144018 0.084023 -6.899426
v 5.144079 0.084013 -6.899521
v 5.629509 0.003781 -5.276098
v 5.629498 0.003714 -5.276166
v 5.629576 0.003770 -5.276166
v 5.144086 0.084012 -5.276098
v 5.144019 0.084023 -5.276166
v 5.144075 0.083945 -5.276166
v 5.144074 0.083946 -6.824805
v 5.144018 0.084023 -6.824805
v 5.629497 0.003714 -6.824806
v 5.629575 0.003770 -6.824806
v 5.665368 3.237921 -6.824805
v 5.665290 3.237866 -6.824805
v 6.150791 3.157690 -6.824806
v 6.150846 3.157612 -6.824806
v 5.717753 3.229263 -6.922523
v 5.717742 3.229196 -6.922594
v 6.098406 3.166348 -6.922523
v 6.098395 3.166281 -6.922594
v 6.098474 3.166337 -5.276166
v 6.098395 3.166274 -5.276144
v 6.098463 3.166270 -5.276098
v 5.717742 3.229189 -5.276144
v 5.717688 3.229274 -5.276166
v 5.717677 3.229207 -5.276098
v 5.577180 0.012361 -5.276166
v 5.577191 0.012428 -5.276098
v 5.577126 0.012446 -5.276144
v 5.196473 0.075360 -5.276144
v 5.196404 0.075365 -5.276098
v 5.196393 0.075298 -5.276166
v 5.577112 0.012372 -6.922523
v 5.577123 0.012439 -6.922594
v 5.196458 0.075287 -6.922523
v 5.196469 0.075354 -6.922594
v 5.196471 0.075361 -6.824738
v 5.196392 0.075298 -6.824865
v 5.196536 0.075343 -6.824813
v 5.577124 0.012446 -6.824738
v 5.577056 0.012450 -6.824814
v 5.577178 0.012361 -6.824866
v 5.717741 3.229190 -6.824738
v 5.717808 3.229185 -6.824813
v 5.717686 3.229274 -6.824865
v 6.098394 3.166275 -6.824738
v 6.098473 3.166337 -6.824866
v 6.098329 3.166292 -6.824814
v 6.093029 3.134227 -5.296042
v 6.093019 3.134161 -5.295974
v 6.093109 3.134290 -5.295928
v 6.091281 3.123655 -6.824814
v 6.091270 3.123589 -6.824746
v 6.091349 3.123652 -6.824738
v 5.201838 0.107408 -5.296041
v 5.201849 0.107474 -5.295974
v 5.201759 0.107344 -5.295928
v 5.203595 0.118046 -6.824745
v 5.203516 0.117984 -6.824738
v 5.203583 0.117980 -6.824813
v 5.582357 0.044515 -5.296042
v 5.582411 0.044430 -5.295928
v 5.582368 0.044581 -5.295974
v 5.584169 0.055069 -6.824738
v 5.584115 0.055154 -6.824746
v 5.584104 0.055087 -6.824814
v 5.712510 3.197120 -5.296041
v 5.712456 3.197205 -5.295928
v 5.712499 3.197053 -5.295974
v 5.710750 3.186482 -6.824745
v 5.710761 3.186548 -6.824813
v 5.710696 3.186566 -6.824738
v 5.386796 0.043897 -6.946069
v 5.386785 0.043830 -6.945998
v 5.908068 3.197739 -6.946069
v 5.908079 3.197806 -6.945998
v 5.908079 3.197806 -6.848527
v 5.908068 3.197739 -6.848459
v 5.386796 0.043897 -6.848459
v 5.386786 0.043830 -6.848527
v 5.392097 0.075961 -5.296042
v 5.392108 0.076028 -5.295974
v 5.902759 3.165607 -5.295974
v 5.902770 3.165673 -5.296042
v 5.901021 3.155102 -6.848459
v 5.901011 3.155035 -6.848391
v 5.393855 0.086600 -6.848391
v 5.393844 0.086534 -6.848459
v 2.147257 2.746599 -6.650394
v 2.147325 2.746531 -6.650376
v 2.147259 2.746531 -6.650463
v 1.408221 2.746599 -6.650394
v 1.408218 2.746531 -6.650463
v 1.408153 2.746531 -6.650376
v 2.147257 2.746531 -5.027049
v 2.147325 2.746531 -5.027116
v 2.147257 2.746599 -5.027116
v 1.408221 2.746599 -5.027116
v 1.408153 2.746531 -5.027116
v 1.408221 2.746531 -5.027049
v 2.147260 -0.002900 -6.650463
v 2.147325 -0.002900 -6.650376
v 2.147257 -0.002968 -6.650394
v 1.408221 -0.002968 -6.650394
v 1.408153 -0.002900 -6.650376
v 1.408218 -0.002900 -6.650463
v 2.147257 -0.002900 -5.027049
v 2.147257 -0.002968 -5.027116
v 2.147325 -0.002900 -5.027116
v 1.408221 -0.002900 -5.027049
v 1.408154 -0.002900 -5.027116
v 1.408221 -0.002968 -5.027116
v 1.408221 -0.002968 -6.575756
v 1.408153 -0.002900 -6.575756
v 2.147257 -0.002968 -6.575756
v 2.147325 -0.002900 -6.575756
v 1.408221 2.746599 -6.575756
v 1.408153 2.746531 -6.575756
v 2.147257 2.746599 -6.575756
v 2.147325 2.746531 -6.575756
v 1.488001 2.746599 -6.673475
v 1.488001 2.746531 -6.673544
v 2.067476 2.746599 -6.673475
v 2.067476 2.746531 -6.673544
v 2.067544 2.746599 -5.027116
v 2.067476 2.746525 -5.027101
v 2.067544 2.746531 -5.027049
v 1.488002 2.746525 -5.027100
v 1.487934 2.746599 -5.027116
v 1.487934 2.746531 -5.027048
v 2.067544 -0.002968 -5.027116
v 2.067544 -0.002900 -5.027049
v 2.067476 -0.002895 -5.027101
v 1.488002 -0.002895 -5.027100
v 1.487934 -0.002900 -5.027048
v 1.487934 -0.002968 -5.027116
v 2.067476 -0.002968 -6.673475
v 2.067476 -0.002900 -6.673544
v 1.488002 -0.002968 -6.673475
v 1.488002 -0.002900 -6.673544
v 1.488002 -0.002895 -6.575688
v 1.487934 -0.002968 -6.575818
v 1.488069 -0.002900 -6.575761
v 2.067476 -0.002895 -6.575688
v 2.067409 -0.002900 -6.575762
v 2.067544 -0.002968 -6.575819
v 1.488001 2.746526 -6.575688
v 1.488069 2.746531 -6.575761
v 1.487934 2.746599 -6.575818
v 2.067476 2.746526 -6.575688
v 2.067544 2.746599 -6.575819
v 2.067409 2.746531 -6.575762
v 2.067409 2.718587 -5.046992
v 2.067409 2.718520 -5.046925
v 2.067476 2.718661 -5.046872
v 2.067409 2.709380 -6.575762
v 2.067409 2.709313 -6.575694
v 2.067476 2.709386 -6.575688
v 1.488070 0.025044 -5.046992
v 1.488070 0.025111 -5.046924
v 1.488002 0.024970 -5.046872
v 1.488069 0.034318 -6.575693
v 1.488002 0.034245 -6.575688
v 1.488069 0.034251 -6.575761
v 2.067409 0.025044 -5.046992
v 2.067476 0.024970 -5.046872
v 2.067409 0.025111 -5.046925
v 2.067476 0.034245 -6.575688
v 2.067409 0.034318 -6.575694
v 2.067409 0.034251 -6.575762
v 1.488069 2.718587 -5.046992
v 1.488002 2.718661 -5.046872
v 1.488069 2.718520 -5.046924
v 1.488069 2.709313 -6.575693
v 1.488069 2.709380 -6.575761
v 1.488001 2.709386 -6.575688
v 1.777739 -0.002900 -6.697019
v 1.777739 -0.002968 -6.696949
v 1.777739 2.746531 -6.697019
v 1.777739 2.746599 -6.696949
v 1.777739 2.746599 -6.599477
v 1.777739 2.746531 -6.599409
v 1.777739 -0.002900 -6.599409
v 1.777739 -0.002968 -6.599477
v 1.777739 0.025044 -5.046992
v 1.777739 0.025111 -5.046924
v 1.777739 2.718520 -5.046924
v 1.777739 2.718587 -5.046992
v 1.777739 2.709380 -6.599409
v 1.777739 2.709313 -6.599341
v 1.777739 0.034318 -6.599341
v 1.777739 0.034251 -6.599409
v 1.408475 3.193442 -6.723583
v 1.408542 3.193374 -6.723557
v 1.408480 3.193374 -6.723652
v 0.916466 3.193442 -6.723583
v 0.916460 3.193374 -6.723652
v 0.916398 3.193374 -6.723557
v 1.408475 3.193374 -5.100229
v 1.408543 3.193374 -5.100296
v 1.408475 3.193442 -5.100296
v 0.916466 3.193442 -5.100296
v 0.916398 3.193374 -5.100296
v 0.916466 3.193374 -5.100229
v 1.408480 -0.003256 -6.723652
v 1.408543 -0.003256 -6.723557
v 1.408475 -0.003324 -6.723583
v 0.916466 -0.003324 -6.723583
v 0.916398 -0.003256 -6.723557
v 0.916460 -0.003256 -6.723652
v 1.408475 -0.003256 -5.100229
v 1.408475 -0.003324 -5.100296
v 1.408543 -0.003256 -5.100296
v 0.916466 -0.003256 -5.100229
v 0.916398 -0.003256 -5.100296
v 0.916466 -0.003324 -5.100296
v 0.916466 -0.003324 -6.648936
v 0.916398 -0.003256 -6.648936
v 1.408475 -0.003324 -6.648936
v 1.408543 -0.003256 -6.648936
v 0.916466 3.193442 -6.648936
v 0.916398 3.193374 -6.648936
v 1.408475 3.193442 -6.648936
v 1.408542 3.193374 -6.648936
v 0.969561 3.193442 -6.746654
v 0.969561 3.193374 -6.746725
v 1.355379 3.193442 -6.746654
v 1.355379 3.193374 -6.746725
v 1.355447 3.193442 -5.100296
v 1.355379 3.193367 -5.100274
v 1.355447 3.193374 -5.100229
v 0.969562 3.193367 -5.100274
v 0.969494 3.193442 -5.100296
v 0.969494 3.193374 -5.100229
v 1.355447 -0.003324 -5.100296
v 1.355447 -0.003256 -5.100229
v 1.355379 -0.003249 -5.100274
v 0.969562 -0.003249 -5.100274
v 0.969494 -0.003256 -5.100229
v 0.969494 -0.003324 -5.100296
v 1.355379 -0.003324 -6.746654
v 1.355379 -0.003256 -6.746725
v 0.969561 -0.003324 -6.746654
v 0.969561 -0.003256 -6.746725
v 0.969561 -0.003250 -6.648869
v 0.969494 -0.003324 -6.648996
v 0.969629 -0.003256 -6.648944
v 1.355379 -0.003250 -6.648869
v 1.355312 -0.003256 -6.648944
v 1.355447 -0.003324 -6.648996
v 0.969561 3.193367 -6.648869
v 0.969628 3.193374 -6.648944
v 0.969494 3.193442 -6.648996
v 1.355379 3.193367 -6.648869
v 1.355446 3.193442 -6.648996
v 1.355312 3.193374 -6.648944
v 1.355311 3.160874 -5.120173
v 1.355311 3.160807 -5.120105
v 1.355379 3.160949 -5.120059
v 1.355312 3.150158 -6.648944
v 1.355311 3.150091 -6.648876
v 1.355379 3.150166 -6.648869
v 0.969630 0.029244 -5.120173
v 0.969630 0.029311 -5.120105
v 0.969562 0.029168 -5.120059
v 0.969629 0.040027 -6.648876
v 0.969561 0.039952 -6.648869
v 0.969629 0.039959 -6.648944
v 1.355312 0.029244 -5.120173
v 1.355379 0.029168 -5.120059
v 1.355312 0.029311 -5.120105
v 1.355379 0.039952 -6.648869
v 1.355311 0.040027 -6.648876
v 1.355312 0.039959 -6.648944
v 0.969629 3.160874 -5.120173
v 0.969562 3.160949 -5.120059
v 0.969629 3.160807 -5.120105
v 0.969629 3.150091 -6.648876
v 0.969628 3.150158 -6.648944
v 0.969561 3.150166 -6.648869
v 1.162470 -0.003256 -6.770199
v 1.162470 -0.003324 -6.770129
v 1.162470 3.193374 -6.770199
v 1.162470 3.193442 -6.770129
v 1.162470 3.193442 -6.672658
v 1.162470 3.193374 -6.672590
v 1.162470 -0.003256 -6.672590
v 1.162470 -0.003324 -6.672658
v 1.162471 0.029244 -5.120173
v 1.162471 0.029311 -5.120105
v 1.162470 3.160807 -5.120105
v 1.162470 3.160874 -5.120173
v 1.162470 3.150158 -6.672590
v 1.162470 3.150091 -6.672522
v 1.162470 0.040027 -6.672522
v 1.162470 0.039959 -6.672590
v 7.386964 2.746599 -6.464259
v 7.387032 2.746531 -6.464241
v 7.386967 2.746531 -6.464327
v 6.647927 2.746599 -6.464259
v 6.647924 2.746531 -6.464327
v 6.647860 2.746531 -6.464241
v 7.386965 2.746531 -4.840912
v 7.387033 2.746531 -4.840980
v 7.386965 2.746599 -4.840980
v 6.647928 2.746599 -4.840980
v 6.647861 2.746531 -4.840980
v 6.647928 2.746531 -4.840912
v 7.386968 -0.002900 -6.464327
v 7.387033 -0.002900 -6.464241
v 7.386965 -0.002968 -6.464259
v 6.647928 -0.002968 -6.464259
v 6.647861 -0.002900 -6.464241
v 6.647925 -0.002900 -6.464327
v 7.386965 -0.002900 -4.840912
v 7.386965 -0.002968 -4.840980
v 7.387033 -0.002900 -4.840980
v 6.647928 -0.002900 -4.840912
v 6.647861 -0.002900 -4.840980
v 6.647928 -0.002968 -4.840980
v 6.647928 -0.002968 -6.389620
v 6.647861 -0.002900 -6.389620
v 7.386965 -0.002968 -6.389620
v 7.387033 -0.002900 -6.389620
v 6.647927 2.746599 -6.389620
v 6.647860 2.746531 -6.389620
v 7.386964 2.746599 -6.389620
v 7.387032 2.746531 -6.389620
v 6.727709 2.746599 -6.487339
v 6.727709 2.746531 -6.487408
v 7.307183 2.746599 -6.487339
v 7.307183 2.746531 -6.487409
v 7.307251 2.746599 -4.840981
v 7.307183 2.746526 -4.840965
v 7.307251 2.746531 -4.840913
v 6.727710 2.746525 -4.840964
v 6.727642 2.746599 -4.840980
v 6.727642 2.746531 -4.840912
v 7.307251 -0.002968 -4.840981
v 7.307251 -0.002900 -4.840913
v 7.307183 -0.002895 -4.840965
v 6.727710 -0.002895 -4.840964
v 6.727642 -0.002900 -4.840912
v 6.727642 -0.002968 -4.840980
v 7.307184 -0.002968 -6.487339
v 7.307184 -0.002900 -6.487409
v 6.727710 -0.002968 -6.487339
v 6.727710 -0.002900 -6.487408
v 6.727710 -0.002895 -6.389552
v 6.727642 -0.002968 -6.389682
v 6.727777 -0.002900 -6.389626
v 7.307184 -0.002895 -6.389552
v 7.307117 -0.002900 -6.389626
v 7.307252 -0.002968 -6.389682
v 6.727709 2.746526 -6.389552
v 6.727777 2.746531 -6.389626
v 6.727641 2.746599 -6.389682
v 7.307183 2.746526 -6.389552
v 7.307251 2.746599 -6.389682
v 7.307116 2.746531 -6.389626
v 7.307116 2.718587 -4.860856
v 7.307116 2.718520 -4.860788
v 7.307183 2.718661 -4.860736
v 7.307116 2.709380 -6.389626
v 7.307116 2.709313 -6.389557
v 7.307183 2.709386 -6.389552
v 6.727777 0.025044 -4.860856
v 6.727777 0.025111 -4.860788
v 6.727710 0.024970 -4.860736
v 6.727777 0.034318 -6.389557
v 6.727710 0.034245 -6.389552
v 6.727777 0.034251 -6.389626
v 7.307116 0.025044 -4.860856
v 7.307183 0.024970 -4.860736
v 7.307116 0.025111 -4.860788
v 7.307184 0.034245 -6.389552
v 7.307117 0.034318 -6.389557
v 7.307117 0.034251 -6.389626
v 6.727777 2.718587 -4.860856
v 6.727710 2.718661 -4.860736
v 6.727777 2.718520 -4.860788
v 6.727777 2.709313 -6.389557
v 6.727777 2.709380 -6.389626
v 6.727709 2.709386 -6.389552
v 7.017447 -0.002900 -6.510883
v 7.017447 -0.002968 -6.510814
v 7.017447 2.746531 -6.510883
v 7.017447 2.746599 -6.510814
v 7.017447 2.746599 -6.413342
v 7.017447 2.746531 -6.413274
v 7.017447 -0.002900 -6.413274
v 7.017447 -0.002968 -6.413342
v 7.017447 0.025044 -4.860856
v 7.017447 0.025111 -4.860788
v 7.017447 2.718520 -4.860788
v 7.017447 2.718587 -4.860856
v 7.017447 2.709380 -6.413274
v 7.017447 2.709313 -6.413206
v 7.017447 0.034318 -6.413206
v 7.017447 0.034251 -6.413274
v 6.648182 3.415922 -6.820270
v 6.648250 3.415855 -6.820243
v 6.648188 3.415855 -6.820338
v 6.156173 3.415922 -6.820269
v 6.156167 3.415855 -6.820338
v 6.156105 3.415855 -6.820243
v 6.648182 3.415855 -5.196915
v 6.648250 3.415855 -5.196983
v 6.648182 3.415922 -5.196983
v 6.156173 3.415922 -5.196983
v 6.156106 3.415855 -5.196983
v 6.156173 3.415855 -5.196915
v 6.648188 -0.013393 -6.820338
v 6.648250 -0.013393 -6.820243
v 6.648182 -0.013461 -6.820270
v 6.156173 -0.013461 -6.820269
v 6.156106 -0.013393 -6.820243
v 6.156168 -0.013393 -6.820338
v 6.648182 -0.013393 -5.196915
v 6.648182 -0.013461 -5.196983
v 6.648250 -0.013393 -5.196983
v 6.156173 -0.013393 -5.196915
v 6.156106 -0.013393 -5.196983
v 6.156173 -0.013461 -5.196983
v 6.156173 -0.013461 -6.745623
v 6.156106 -0.013393 -6.745623
v 6.648182 -0.013461 -6.745623
v 6.648250 -0.013393 -6.745623
v 6.156173 3.415922 -6.745623
v 6.156105 3.415855 -6.745623
v 6.648182 3.415922 -6.745623
v 6.648250 3.415855 -6.745623
v 6.209269 3.415922 -6.843340
v 6.209269 3.415855 -6.843411
v 6.595086 3.415922 -6.843340
v 6.595086 3.415855 -6.843411
v 6.595154 3.415922 -5.196983
v 6.595086 3.415848 -5.196958
v 6.595154 3.415855 -5.196915
v 6.209269 3.415848 -5.196958
v 6.209201 3.415922 -5.196983
v 6.209201 3.415855 -5.196915
v 6.595154 -0.013461 -5.196983
v 6.595154 -0.013393 -5.196915
v 6.595086 -0.013386 -5.196958
v 6.209269 -0.013386 -5.196958
v 6.209201 -0.013393 -5.196915
v 6.209201 -0.013461 -5.196983
v 6.595086 -0.013461 -6.843340
v 6.595086 -0.013393 -6.843411
v 6.209269 -0.013461 -6.843340
v 6.209269 -0.013393 -6.843411
v 6.209269 -0.013386 -6.745555
v 6.209201 -0.013461 -6.745683
v 6.209336 -0.013393 -6.745631
v 6.595086 -0.013386 -6.745555
v 6.595019 -0.013393 -6.745631
v 6.595154 -0.013461 -6.745683
v 6.209269 3.415848 -6.745555
v 6.209336 3.415855 -6.745631
v 6.209201 3.415922 -6.745683
v 6.595086 3.415848 -6.745555
v 6.595154 3.415922 -6.745683
v 6.595019 3.415855 -6.745631
v 6.595018 3.380985 -5.216859
v 6.595018 3.380918 -5.216791
v 6.595086 3.381061 -5.216748
v 6.595019 3.369484 -6.745631
v 6.595018 3.369417 -6.745563
v 6.595086 3.369492 -6.745555
v 6.209337 0.021477 -5.216859
v 6.209337 0.021544 -5.216791
v 6.209269 0.021401 -5.216748
v 6.209337 0.033044 -6.745563
v 6.209269 0.032970 -6.745555
v 6.209336 0.032977 -6.745631
v 6.595018 0.021477 -5.216859
v 6.595086 0.021401 -5.216748
v 6.595018 0.021544 -5.216791
v 6.595086 0.032970 -6.745555
v 6.595018 0.033044 -6.745563
v 6.595019 0.032977 -6.745631
v 6.209336 3.380985 -5.216859
v 6.209269 3.381061 -5.216748
v 6.209336 3.380918 -5.216791
v 6.209336 3.369417 -6.745563
v 6.209336 3.369484 -6.745631
v 6.209269 3.369492 -6.745555
v 6.402178 -0.013393 -6.866886
v 6.402178 -0.013461 -6.866815
v 6.402178 3.415855 -6.866886
v 6.402178 3.415922 -6.866815
v 6.402178 3.415922 -6.769344
v 6.402178 3.415855 -6.769276
v 6.402178 -0.013393 -6.769276
v 6.402178 -0.013461 -6.769344
v 6.402177 0.021477 -5.216859
v 6.402177 0.021544 -5.216791
v 6.402177 3.380918 -5.216791
v 6.402177 3.380985 -5.216859
v 6.402178 3.369484 -6.769276
v 6.402178 3.369417 -6.769208
v 6.402178 0.033044 -6.769208
v 6.402178 0.032977 -6.769276
v 4.654898 3.169422 -2.822761
v 4.654991 3.169444 -2.822726
v 4.654960 3.169394 -2.822829
v 4.465795 2.866281 -2.822761
v 4.465847 2.866237 -2.822829
v 4.465816 2.866188 -2.822726
v 4.654955 3.169386 -1.199398
v 4.654991 3.169444 -1.199466
v 4.654898 3.169422 -1.199466
v 4.465795 2.866281 -1.199466
v 4.465816 2.866188 -1.199466
v 4.465852 2.866246 -1.199398
v 6.723471 1.879031 -2.822829
v 6.723502 1.879081 -2.822726
v 6.723524 1.878987 -2.822761
v 6.534420 1.575846 -2.822761
v 6.534328 1.575825 -2.822726
v 6.534358 1.575874 -2.822829
v 6.723466 1.879023 -1.199398
v 6.723524 1.878988 -1.199466
v 6.723502 1.879081 -1.199466
v 6.534363 1.575882 -1.199398
v 6.534328 1.575825 -1.199466
v 6.534420 1.575847 -1.199466
v 6.534420 1.575847 -2.748105
v 6.534328 1.575825 -2.748105
v 6.723524 1.878987 -2.748105
v 6.723502 1.879081 -2.748105
v 4.465795 2.866281 -2.748105
v 4.465816 2.866188 -2.748105
v 4.654898 3.169422 -2.748106
v 4.654991 3.169444 -2.748106
v 4.486194 2.898983 -2.845821
v 4.486251 2.898947 -2.845894
v 4.634498 3.136720 -2.845821
v 4.634555 3.136685 -2.845894
v 4.634533 3.136778 -1.199466
v 4.634559 3.136683 -1.199456
v 4.634591 3.136742 -1.199398
v 4.486255 2.898945 -1.199456
v 4.486158 2.898925 -1.199466
v 4.486216 2.898890 -1.199398
v 6.703160 1.846344 -1.199466
v 6.703103 1.846379 -1.199398
v 6.703063 1.846324 -1.199455
v 6.554760 1.608586 -1.199455
v 6.554728 1.608526 -1.199398
v 6.554785 1.608491 -1.199466
v 6.703124 1.846286 -2.845821
v 6.703067 1.846322 -2.845894
v 6.554820 1.608548 -2.845821
v 6.554763 1.608584 -2.845894
v 6.554759 1.608586 -2.748038
v 6.554784 1.608491 -2.748163
v 6.554798 1.608640 -2.748117
v 6.703063 1.846324 -2.748038
v 6.703032 1.846265 -2.748116
v 6.703160 1.846343 -2.748163
v 4.486255 2.898945 -2.748038
v 4.486287 2.899004 -2.748116
v 4.486158 2.898925 -2.748163
v 4.634559 3.136683 -2.748038
v 4.634533 3.136778 -2.748163
v 4.634520 3.136628 -2.748116
v 4.655537 3.123516 -1.219342
v 4.655594 3.123481 -1.219274
v 4.655511 3.123612 -1.219216
v 4.662458 3.119200 -2.748116
v 4.662514 3.119164 -2.748048
v 4.662489 3.119259 -2.748038
v 6.533781 1.621752 -1.219342
v 6.533724 1.621788 -1.219274
v 6.533807 1.621657 -1.219216
v 6.526803 1.626105 -2.748048
v 6.526828 1.626009 -2.748038
v 6.526859 1.626068 -2.748117
v 6.682014 1.859375 -1.219342
v 6.682111 1.859394 -1.219216
v 6.681957 1.859411 -1.219274
v 6.675133 1.863747 -2.748038
v 6.675036 1.863728 -2.748048
v 6.675094 1.863693 -2.748116
v 4.507305 2.885893 -1.219342
v 4.507207 2.885874 -1.219216
v 4.507361 2.885858 -1.219274
v 4.514282 2.881541 -2.748048
v 4.514225 2.881576 -2.748116
v 4.514185 2.881521 -2.748038
v 6.628915 1.727453 -2.869369
v 6.628972 1.727417 -2.869296
v 4.560403 3.017816 -2.869369
v 4.560346 3.017851 -2.869296
v 4.560346 3.017851 -2.771828
v 4.560403 3.017816 -2.771759
v 6.628915 1.727453 -2.771759
v 6.628972 1.727417 -2.771828
v 6.607897 1.740564 -1.219342
v 6.607841 1.740599 -1.219274
v 4.581478 3.004669 -1.219274
v 4.581421 3.004705 -1.219342
v 4.588341 3.000388 -2.771759
v 4.588398 3.000352 -2.771690
v 6.600920 1.744916 -2.771691
v 6.600977 1.744881 -2.771759
v 1.229416 0.538956 -1.147056
v 1.229418 0.538888 -1.147128
v 1.229505 0.538951 -1.147091
v 1.229416 0.866224 -1.147056
v 1.229505 0.866230 -1.147091
v 1.229418 0.866292 -1.147128
v 0.235904 0.538956 -1.570376
v 0.235966 0.538888 -1.570350
v 0.235940 0.538956 -1.570287
v 0.235940 0.866224 -1.570287
v 0.235966 0.866292 -1.570350
v 0.235904 0.866224 -1.570376
v 2.062958 0.538951 -3.103501
v 2.062871 0.538888 -3.103538
v 2.062922 0.538956 -3.103590
v 2.062922 0.866224 -3.103590
v 2.062871 0.866292 -3.103538
v 2.062958 0.866230 -3.103501
v 1.069357 0.538956 -3.526786
v 1.069446 0.538956 -3.526822
v 1.069419 0.538888 -3.526760
v 1.069357 0.866224 -3.526786
v 1.069419 0.866292 -3.526760
v 1.069446 0.866224 -3.526822
v 2.017247 0.866224 -3.123048
v 2.017221 0.866292 -3.122986
v 2.017247 0.538956 -3.123048
v 2.017221 0.538888 -3.122986
v 1.183742 0.866224 -1.166513
v 1.183768 0.866292 -1.166576
v 1.183741 0.538956 -1.166513
v 1.183768 0.538888 -1.166576
v 1.243527 0.830925 -1.141044
v 1.243618 0.830925 -1.141079
v 1.243527 0.574256 -1.141044
v 1.243618 0.574256 -1.141079
v 0.235940 0.574188 -1.570287
v 0.235949 0.574256 -1.570365
v 0.235904 0.574188 -1.570376
v 0.235949 0.830925 -1.570365
v 0.235940 0.830992 -1.570287
v 0.235904 0.830992 -1.570376
v 1.069446 0.574188 -3.526822
v 1.069357 0.574188 -3.526786
v 1.069396 0.574256 -3.526762
v 1.069396 0.830925 -3.526762
v 1.069357 0.830992 -3.526786
v 1.069446 0.830992 -3.526822
v 2.077032 0.574256 -3.097579
v 2.077071 0.574256 -3.097489
v 2.077032 0.830925 -3.097579
v 2.077071 0.830925 -3.097489
v 2.017156 0.830925 -3.123006
v 2.017302 0.830992 -3.123024
v 2.017228 0.830857 -3.122982
v 2.017156 0.574256 -3.123006
v 2.017228 0.574323 -3.122982
v 2.017302 0.574188 -3.123024
v 1.183708 0.830925 -1.166608
v 1.183776 0.830857 -1.166572
v 1.183797 0.830992 -1.166490
v 1.183708 0.574256 -1.166608
v 1.183797 0.574188 -1.166490
v 1.183776 0.574323 -1.166572
v 0.256596 0.574324 -1.585038
v 0.256561 0.574324 -1.585126
v 0.256463 0.574256 -1.585013
v 1.195026 0.574323 -1.192980
v 1.194989 0.574324 -1.193069
v 1.194953 0.574256 -1.193004
v 1.073119 0.830857 -3.501707
v 1.073030 0.830857 -3.501672
v 1.073044 0.830925 -3.501821
v 2.005889 0.830857 -3.096539
v 2.005911 0.830925 -3.096611
v 2.005978 0.830857 -3.096574
v 1.073118 0.574324 -3.501707
v 1.073044 0.574256 -3.501821
v 1.073030 0.574324 -3.501672
v 2.005911 0.574256 -3.096611
v 2.005889 0.574324 -3.096539
v 2.005978 0.574323 -3.096574
v 0.256596 0.830857 -1.585038
v 0.256463 0.830925 -1.585013
v 0.256561 0.830857 -1.585126
v 1.194989 0.830857 -1.193069
v 1.195026 0.830857 -1.192980
v 1.194953 0.830925 -1.193004
v 2.091439 0.702590 -3.091368
v 2.091400 0.702590 -3.091458
v 1.257986 0.702590 -1.134958
v 1.257894 0.702590 -1.134923
v 1.198281 0.702590 -1.160319
v 1.198245 0.702590 -1.160408
v 2.031698 0.702590 -3.116818
v 2.031787 0.702590 -3.116854
v 1.073119 0.702590 -3.501707
v 1.073030 0.702590 -3.501672
v 0.256561 0.702590 -1.585126
v 0.256596 0.702590 -1.585038
v 1.209495 0.702590 -1.186816
v 1.209459 0.702590 -1.186905
v 2.020359 0.702590 -3.090375
v 2.020447 0.702590 -3.090410
v 1.681737 1.313514 -3.452640
v 1.681706 1.313447 -3.452572
v 1.681641 1.313506 -3.452647
v 1.681737 1.580737 -3.452640
v 1.681641 1.580745 -3.452647
v 1.681706 1.580805 -3.452572
v 2.386575 1.313514 -2.634422
v 2.386531 1.313447 -2.634473
v 2.386582 1.313514 -2.634517
v 2.386582 1.580737 -2.634517
v 2.386530 1.580805 -2.634473
v 2.386575 1.580737 -2.634422
v 0.174919 1.313506 -2.154546
v 0.174984 1.313446 -2.154470
v 0.174912 1.313514 -2.154450
v 0.174912 1.580737 -2.154450
v 0.174984 1.580805 -2.154470
v 0.174919 1.580745 -2.154546
v 0.879852 1.313514 -1.336321
v 0.879757 1.313514 -1.336328
v 0.879808 1.313446 -1.336372
v 0.879852 1.580737 -1.336321
v 0.879808 1.580805 -1.336372
v 0.879757 1.580737 -1.336328
v 0.207320 1.580737 -2.116834
v 0.207371 1.580805 -2.116878
v 0.207320 1.313514 -2.116834
v 0.207371 1.313446 -2.116878
v 1.714145 1.580737 -3.415023
v 1.714094 1.580805 -3.414979
v 1.714145 1.313514 -3.415023
v 1.714094 1.313447 -3.414979
v 1.671730 1.551924 -3.464255
v 1.671632 1.551924 -3.464265
v 1.671730 1.342328 -3.464255
v 1.671632 1.342328 -3.464265
v 2.386582 1.342260 -2.634517
v 2.386539 1.342328 -2.634454
v 2.386575 1.342260 -2.634422
v 2.386538 1.551924 -2.634454
v 2.386582 1.551992 -2.634517
v 2.386575 1.551992 -2.634422
v 0.879757 1.342260 -1.336328
v 0.879852 1.342260 -1.336321
v 0.879825 1.342328 -1.336361
v 0.879825 1.551924 -1.336361
v 0.879852 1.551992 -1.336321
v 0.879757 1.551992 -1.336328
v 0.164905 1.342328 -2.166065
v 0.164909 1.342328 -2.166164
v 0.164905 1.551924 -2.166065
v 0.164909 1.551924 -2.166164
v 0.207420 1.551924 -2.116831
v 0.207282 1.551992 -2.116878
v 0.207364 1.551857 -2.116886
v 0.207420 1.342328 -2.116831
v 0.207364 1.342395 -2.116886
v 0.207282 1.342260 -2.116878
v 1.714133 1.551924 -3.414924
v 1.714087 1.551857 -3.414987
v 1.714107 1.551992 -3.415067
v 1.714133 1.342328 -3.414924
v 1.714107 1.342260 -3.415067
v 1.714087 1.342395 -3.414987
v 2.362600 1.342395 -2.631309
v 2.362593 1.342395 -2.631214
v 2.362733 1.342328 -2.631269
v 1.693756 1.342395 -3.397471
v 1.693749 1.342395 -3.397375
v 1.693811 1.342328 -3.397416
v 0.886477 1.551856 -1.359571
v 0.886572 1.551856 -1.359563
v 0.886496 1.551924 -1.359434
v 0.227791 1.551856 -2.134394
v 0.227741 1.551924 -2.134339
v 0.227696 1.551857 -2.134402
v 0.886477 1.342395 -1.359571
v 0.886496 1.342328 -1.359434
v 0.886572 1.342395 -1.359563
v 0.227741 1.342328 -2.134339
v 0.227791 1.342395 -2.134394
v 0.227696 1.342395 -2.134402
v 2.362600 1.551856 -2.631309
v 2.362732 1.551924 -2.631269
v 2.362593 1.551856 -2.631214
v 1.693749 1.551856 -3.397375
v 1.693756 1.551857 -3.397471
v 1.693811 1.551924 -3.397416
v 0.154716 1.447126 -2.177995
v 0.154711 1.447126 -2.177897
v 1.661438 1.447126 -3.476097
v 1.661537 1.447126 -3.476086
v 1.703829 1.447126 -3.426997
v 1.703823 1.447126 -3.426901
v 0.197100 1.447126 -2.128800
v 0.197004 1.447126 -2.128808
v 0.886477 1.447126 -1.359571
v 0.886572 1.447126 -1.359563
v 2.362593 1.447126 -2.631214
v 2.362600 1.447126 -2.631309
v 1.683491 1.447126 -3.409384
v 1.683485 1.447126 -3.409289
v 0.217527 1.447126 -2.146308
v 0.217431 1.447126 -2.146316
v -0.009038 1.313298 -1.858494
v -0.008979 1.313365 -1.858532
v -0.009046 1.313301 -1.858590
v -0.009037 0.872318 -1.858494
v -0.009045 0.872315 -1.858590
v -0.008978 0.872251 -1.858533
v 0.811809 1.313298 -1.156737
v 0.811758 1.313365 -1.156781
v 0.811714 1.313298 -1.156730
v 0.811715 0.872318 -1.156731
v 0.811759 0.872251 -1.156782
v 0.811810 0.872318 -1.156738
v 1.179580 1.313305 -3.248753
v 1.179647 1.313370 -3.248695
v 1.179676 1.313302 -3.248760
v 1.179677 0.872322 -3.248760
v 1.179648 0.872255 -3.248696
v 1.179580 0.872319 -3.248753
v 2.000435 1.313302 -2.546900
v 2.000427 1.313302 -2.546996
v 2.000383 1.313370 -2.546944
v 2.000435 0.872322 -2.546901
v 2.000384 0.872255 -2.546945
v 2.000428 0.872322 -2.546997
v 1.217405 0.872322 -3.216501
v 1.217361 0.872255 -3.216450
v 1.217404 1.313302 -3.216501
v 1.217360 1.313370 -3.216449
v 0.028691 0.872318 -1.826236
v 0.028735 0.872251 -1.826287
v 0.028691 1.313298 -1.826235
v 0.028735 1.313365 -1.826286
v -0.020701 0.919902 -1.868467
v -0.020709 0.919902 -1.868563
v -0.020701 1.265714 -1.868466
v -0.020710 1.265714 -1.868563
v 0.811714 1.265782 -1.156730
v 0.811774 1.265714 -1.156775
v 0.811810 1.265782 -1.156737
v 0.811774 0.919902 -1.156776
v 0.811715 0.919834 -1.156730
v 0.811810 0.919834 -1.156738
v 2.000427 1.265786 -2.546996
v 2.000435 1.265786 -2.546901
v 2.000391 1.265718 -2.546930
v 2.000392 0.919906 -2.546931
v 2.000435 0.919838 -2.546901
v 2.000428 0.919838 -2.546997
v 1.168012 1.265718 -3.258733
v 1.167915 1.265718 -3.258726
v 1.168013 0.919906 -3.258733
v 1.167916 0.919906 -3.258727
v 1.217409 0.919906 -3.216402
v 1.217358 0.919838 -3.216542
v 1.217356 0.919973 -3.216454
v 1.217408 1.265718 -3.216401
v 1.217355 1.265651 -3.216453
v 1.217357 1.265786 -3.216541
v 0.028790 0.919902 -1.826247
v 0.028731 0.919969 -1.826291
v 0.028644 0.919834 -1.826276
v 0.028790 1.265714 -1.826246
v 0.028644 1.265782 -1.826275
v 0.028730 1.265647 -1.826290
v 0.813775 1.265647 -1.179487
v 0.813870 1.265647 -1.179494
v 0.813818 1.265714 -1.179352
v 0.044762 1.265647 -1.845040
v 0.044858 1.265647 -1.845048
v 0.044815 1.265714 -1.844988
v 1.978268 0.919973 -2.541425
v 1.978275 0.919973 -2.541330
v 1.978407 0.919906 -2.541404
v 1.201332 0.919973 -3.197608
v 1.201384 0.919906 -3.197660
v 1.201324 0.919973 -3.197704
v 1.978267 1.265651 -2.541425
v 1.978406 1.265718 -2.541403
v 1.978275 1.265651 -2.541330
v 1.201384 1.265718 -3.197659
v 1.201331 1.265651 -3.197608
v 1.201324 1.265651 -3.197703
v 0.813775 0.919969 -1.179487
v 0.813818 0.919902 -1.179353
v 0.813870 0.919969 -1.179494
v 0.044858 0.919969 -1.845048
v 0.044763 0.919969 -1.845041
v 0.044815 0.919902 -1.844989
v 1.156046 1.092812 -3.268875
v 1.156143 1.092812 -3.268882
v -0.032579 1.092808 -1.878712
v -0.032571 1.092808 -1.878615
v 0.016679 1.092808 -1.836505
v 0.016775 1.092808 -1.836513
v 1.205400 1.092812 -3.226676
v 1.205393 1.092812 -3.226772
v 1.978268 1.092812 -2.541425
v 1.978275 1.092812 -2.541330
v 0.813870 1.092808 -1.179494
v 0.813775 1.092808 -1.179487
v 0.032807 1.092808 -1.855263
v 0.032903 1.092808 -1.855270
v 1.189376 1.092812 -3.207830
v 1.189368 1.092812 -3.207926
v 1.290125 -0.006294 -3.497561
v 1.290101 -0.006362 -3.497496
v 1.290030 -0.006296 -3.497542
v 1.290125 0.543510 -3.497561
v 1.290030 0.543512 -3.497542
v 1.290101 0.543578 -3.497496
v 2.190435 -0.006294 -2.901168
v 2.190379 -0.006362 -2.901205
v 2.190416 -0.006294 -2.901262
v 2.190416 0.543510 -2.901262
v 2.190379 0.543578 -2.901205
v 2.190435 0.543510 -2.901168
v 0.115752 -0.006296 -1.724621
v 0.115822 -0.006362 -1.724574
v 0.115771 -0.006294 -1.724526
v 0.115771 0.543510 -1.724526
v 0.115822 0.543578 -1.724574
v 0.115752 0.543512 -1.724621
v 1.016156 -0.006294 -1.128246
v 1.016062 -0.006294 -1.128227
v 1.016100 -0.006362 -1.128283
v 1.016156 0.543510 -1.128246
v 1.016100 0.543578 -1.128283
v 1.016062 0.543510 -1.128227
v 0.157153 0.543510 -1.697117
v 0.157191 0.543578 -1.697174
v 0.157153 -0.006294 -1.697117
v 0.157191 -0.006362 -1.697174
v 1.331507 0.543510 -3.470152
v 1.331469 0.543578 -3.470096
v 1.331507 -0.006294 -3.470152
v 1.331469 -0.006362 -3.470096
v 1.277328 0.484171 -3.506037
v 1.277233 0.484171 -3.506019
v 1.277327 0.053045 -3.506037
v 1.277233 0.053045 -3.506019
v 2.190416 0.052977 -2.901262
v 2.190393 0.053045 -2.901187
v 2.190435 0.052977 -2.901168
v 2.190393 0.484171 -2.901187
v 2.190416 0.484239 -2.901262
v 2.190435 0.484239 -2.901168
v 1.016062 0.052977 -1.128227
v 1.016156 0.052977 -1.128246
v 1.016122 0.053045 -1.128276
v 1.016122 0.484171 -1.128276
v 1.016156 0.484239 -1.128246
v 1.016062 0.484239 -1.128227
v 0.102974 0.053045 -1.733002
v 0.102954 0.053045 -1.733097
v 0.102974 0.484171 -1.733002
v 0.102954 0.484171 -1.733097
v 0.157251 0.484171 -1.697142
v 0.157101 0.484239 -1.697152
v 0.157186 0.484103 -1.697176
v 0.157251 0.053045 -1.697142
v 0.157186 0.053112 -1.697176
v 0.157101 0.052977 -1.697152
v 1.331522 0.484171 -3.470053
v 1.331465 0.484103 -3.470098
v 1.331454 0.484239 -3.470187
v 1.331522 0.053045 -3.470053
v 1.331454 0.052977 -3.470187
v 1.331465 0.053113 -3.470098
v 2.167428 0.053113 -2.890499
v 2.167447 0.053113 -2.890406
v 2.167564 0.053045 -2.890500
v 1.315615 0.053113 -3.446167
v 1.315634 0.053113 -3.446074
v 1.315680 0.053045 -3.446133
v 1.017003 0.484103 -1.153592
v 1.017096 0.484103 -1.153610
v 1.017056 0.484171 -1.153466
v 0.173131 0.484103 -1.721126
v 0.173094 0.484171 -1.721061
v 0.173037 0.484103 -1.721107
v 1.017003 0.053113 -1.153592
v 1.017056 0.053045 -1.153466
v 1.017096 0.053113 -1.153610
v 0.173094 0.053045 -1.721061
v 0.173131 0.053113 -1.721126
v 0.173037 0.053112 -1.721107
v 2.167428 0.484103 -2.890499
v 2.167564 0.484171 -2.890500
v 2.167447 0.484103 -2.890406
v 1.315634 0.484103 -3.446074
v 1.315615 0.484103 -3.446167
v 1.315679 0.484171 -3.446133
v 0.089934 0.268608 -1.741720
v 0.089954 0.268608 -1.741626
v 1.264213 0.268608 -3.514642
v 1.264307 0.268608 -3.514661
v 1.318331 0.268608 -3.478879
v 1.318350 0.268608 -3.478785
v 0.144071 0.268608 -1.705863
v 0.143977 0.268608 -1.705844
v 1.017003 0.268608 -1.153592
v 1.017096 0.268608 -1.153610
v 2.167447 0.268608 -2.890406
v 2.167428 0.268608 -2.890499
v 1.302500 0.268608 -3.454854
v 1.302519 0.268608 -3.454761
v 0.160015 0.268608 -1.729813
v 0.159922 0.268608 -1.729794
v 7.937392 2.839891 -4.508754
v 7.937312 2.839839 -4.508772
v 7.937376 2.839826 -4.508686
v 8.661596 2.692578 -4.508754
v 8.661586 2.692511 -4.508685
v 8.661650 2.692498 -4.508772
v 7.389325 0.145570 -4.508685
v 7.389261 0.145582 -4.508772
v 7.389314 0.145503 -4.508754
v 8.113519 -0.001811 -4.508754
v 8.113599 -0.001758 -4.508772
v 8.113535 -0.001745 -4.508686
v 8.113519 -0.001811 -4.583393
v 8.113599 -0.001758 -4.583393
v 7.389261 0.145583 -4.583393
v 7.389314 0.145503 -4.583393
v 8.661650 2.692498 -4.583393
v 8.661596 2.692578 -4.583393
v 7.937392 2.839891 -4.583393
v 7.937312 2.839839 -4.583393
v 8.583417 2.708480 -4.485673
v 8.583404 2.708414 -4.485604
v 8.015571 2.823988 -4.485673
v 8.015557 2.823922 -4.485604
v 7.467494 0.129600 -4.485673
v 7.467507 0.129666 -4.485604
v 8.035339 0.014092 -4.485673
v 8.035353 0.014158 -4.485604
v 8.035357 0.014177 -4.583460
v 8.035406 0.014078 -4.583330
v 8.035287 0.014171 -4.583387
v 7.467574 0.129653 -4.583387
v 7.467428 0.129613 -4.583330
v 7.467511 0.129685 -4.583460
v 8.583400 2.708395 -4.583460
v 8.583338 2.708427 -4.583387
v 8.583484 2.708467 -4.583330
v 8.015553 2.823903 -4.583460
v 8.015504 2.824002 -4.583330
v 8.015623 2.823909 -4.583387
v 8.010055 2.796525 -6.112156
v 8.010041 2.796459 -6.112224
v 8.010003 2.796611 -6.112276
v 8.008218 2.787503 -4.583387
v 8.008205 2.787437 -4.583455
v 8.008153 2.787522 -4.583460
v 8.040856 0.041555 -6.112156
v 8.040870 0.041621 -6.112224
v 8.040908 0.041469 -6.112276
v 8.042705 0.050643 -4.583455
v 8.042757 0.050558 -4.583460
v 8.042692 0.050577 -4.583387
v 7.473063 0.156977 -6.112276
v 7.473157 0.157102 -6.112224
v 7.473144 0.157036 -6.112156
v 7.474911 0.166066 -4.583460
v 7.474992 0.166124 -4.583455
v 7.474979 0.166058 -4.583387
v 8.577766 2.681044 -6.112156
v 8.577848 2.681103 -6.112276
v 8.577753 2.680978 -6.112224
v 8.575917 2.671956 -4.583455
v 8.575932 2.672021 -4.583387
v 8.575998 2.672014 -4.583460
v 7.751430 0.071912 -4.462130
v 7.751416 0.071846 -4.462199
v 8.299480 2.766168 -4.462130
v 8.299494 2.766234 -4.462199
v 8.299494 2.766234 -4.559671
v 8.299480 2.766168 -4.559739
v 7.751430 0.071912 -4.559739
v 7.751416 0.071846 -4.559671
v 7.757001 0.099296 -6.112156
v 7.757014 0.099361 -6.112224
v 8.293898 2.738719 -6.112224
v 8.293911 2.738784 -6.112156
v 8.292075 2.729762 -4.559739
v 8.292062 2.729696 -4.559807
v 7.758848 0.108384 -4.559807
v 7.758835 0.108318 -4.559739
v 7.937312 2.839839 -6.086536
v 7.937392 2.839891 -6.086545
v 7.928972 2.798840 -6.132032
v 7.929040 2.798836 -6.132100
v 7.936193 2.834344 -6.109289
v 7.936272 2.834391 -6.109322
v 7.933142 2.819340 -6.125937
v 7.933225 2.819408 -6.125947
v 7.933203 2.819300 -6.126016
v 8.653310 2.651499 -6.132032
v 8.653245 2.651522 -6.132100
v 8.661649 2.692498 -6.086536
v 8.661595 2.692578 -6.086545
v 8.657480 2.672000 -6.125937
v 8.657407 2.671986 -6.126016
v 8.657430 2.672095 -6.125947
v 8.660532 2.687003 -6.109289
v 8.660478 2.687077 -6.109322
v 7.397601 0.186581 -6.132032
v 7.397666 0.186558 -6.132100
v 7.389261 0.145583 -6.086536
v 7.389314 0.145503 -6.086545
v 7.393432 0.166080 -6.125937
v 7.393503 0.166094 -6.126016
v 7.393481 0.165985 -6.125947
v 7.390378 0.151077 -6.109290
v 7.390433 0.151003 -6.109323
v 8.113600 -0.001758 -6.086536
v 8.113520 -0.001811 -6.086545
v 8.121939 0.039240 -6.132032
v 8.121870 0.039244 -6.132100
v 8.114716 0.003736 -6.109290
v 8.114637 0.003689 -6.109323
v 8.117768 0.018739 -6.125937
v 8.117684 0.018672 -6.125947
v 8.117707 0.018780 -6.126016
v 8.007230 2.782980 -6.132032
v 8.007154 2.782946 -6.132100
v 8.015504 2.824002 -6.086545
v 8.015553 2.823902 -6.086626
v 8.011315 2.803410 -6.126016
v 8.011338 2.803519 -6.125947
v 8.011391 2.803437 -6.125950
v 8.014385 2.818501 -6.109322
v 8.014438 2.818417 -6.109332
v 8.583400 2.708394 -6.086626
v 8.583484 2.708467 -6.086545
v 8.575132 2.667411 -6.132100
v 8.575075 2.667472 -6.132032
v 8.582365 2.702966 -6.109322
v 8.582284 2.702909 -6.109332
v 8.579318 2.687984 -6.125947
v 8.579295 2.687875 -6.126016
v 8.579237 2.687929 -6.125950
v 7.467512 0.129686 -6.086626
v 7.467428 0.129613 -6.086545
v 7.475779 0.170669 -6.132100
v 7.475836 0.170608 -6.132032
v 7.468546 0.135114 -6.109323
v 7.468627 0.135171 -6.109332
v 7.471594 0.150096 -6.125947
v 7.471616 0.150205 -6.126016
v 7.471674 0.150151 -6.125950
v 8.043681 0.055100 -6.132032
v 8.043757 0.055134 -6.132100
v 8.035407 0.014078 -6.086545
v 8.035357 0.014178 -6.086626
v 8.039596 0.034670 -6.126016
v 8.039573 0.034561 -6.125947
v 8.039520 0.034643 -6.125950
v 8.036525 0.019579 -6.109323
v 8.036472 0.019663 -6.109332
v 9.140173 2.922443 -5.677689
v 9.140226 2.922363 -5.677658
v 9.140168 2.922375 -5.677757
v 8.746485 3.002525 -5.677689
v 8.746463 3.002460 -5.677757
v 8.746405 3.002472 -5.677658
v 9.140160 2.922376 -4.054329
v 9.140226 2.922363 -4.054397
v 9.140173 2.922443 -4.054397
v 8.746486 3.002525 -4.054397
v 8.746406 3.002472 -4.054397
v 8.746472 3.002458 -4.054329
v 8.544250 -0.007192 -5.677757
v 8.544309 -0.007204 -5.677658
v 8.544229 -0.007257 -5.677689
v 8.150541 0.072825 -5.677690
v 8.150488 0.072905 -5.677658
v 8.150546 0.072893 -5.677758
v 8.544243 -0.007191 -4.054329
v 8.544230 -0.007257 -4.054397
v 8.544310 -0.007204 -4.054397
v 8.150555 0.072891 -4.054330
v 8.150488 0.072905 -4.054398
v 8.150541 0.072825 -4.054398
v 8.150541 0.072825 -5.603037
v 8.150488 0.072905 -5.603037
v 8.544229 -0.007257 -5.603037
v 8.544309 -0.007204 -5.603037
v 8.746485 3.002525 -5.603037
v 8.746405 3.002472 -5.603037
v 9.140173 2.922443 -5.603037
v 9.140226 2.922363 -5.603037
v 8.788960 2.993885 -5.700753
v 8.788947 2.993818 -5.700825
v 9.097697 2.931083 -5.700753
v 9.097684 2.931016 -5.700825
v 9.097764 2.931069 -4.054397
v 9.097683 2.931010 -4.054378
v 9.097751 2.931003 -4.054329
v 8.788946 2.993812 -4.054378
v 8.788894 2.993898 -4.054397
v 8.788880 2.993832 -4.054329
v 8.501821 0.001369 -4.054397
v 8.501834 0.001436 -4.054329
v 8.501768 0.001456 -4.054378
v 8.193031 0.064257 -4.054378
v 8.192964 0.064264 -4.054330
v 8.192950 0.064198 -4.054398
v 8.501754 0.001383 -5.700753
v 8.501767 0.001449 -5.700825
v 8.193017 0.064184 -5.700754
v 8.193030 0.064251 -5.700826
v 8.193031 0.064257 -5.602969
v 8.192950 0.064198 -5.603095
v 8.193096 0.064237 -5.603047
v 8.501768 0.001455 -5.602969
v 8.501701 0.001463 -5.603047
v 8.501821 0.001369 -5.603095
v 8.788946 2.993812 -5.602969
v 8.789013 2.993805 -5.603047
v 8.788894 2.993898 -5.603095
v 9.097683 2.931010 -5.602969
v 9.097764 2.931069 -5.603095
v 9.097618 2.931030 -5.603047
v 9.091559 2.901249 -4.074273
v 9.091546 2.901184 -4.074205
v 9.091641 2.901309 -4.074157
v 9.089563 2.891433 -5.603047
v 9.089549 2.891368 -5.602979
v 9.089630 2.891427 -5.602969
v 8.199155 0.094018 -4.074273
v 8.199168 0.094084 -4.074205
v 8.199073 0.093958 -4.074157
v 8.201165 0.103900 -5.602979
v 8.201084 0.103841 -5.602969
v 8.201151 0.103834 -5.603047
v 8.507758 0.031244 -4.074273
v 8.507810 0.031157 -4.074157
v 8.507771 0.031310 -4.074205
v 8.509819 0.041040 -5.602969
v 8.509768 0.041125 -5.602979
v 8.509755 0.041059 -5.603047
v 8.782956 2.964024 -4.074273
v 8.782905 2.964111 -4.074157
v 8.782943 2.963958 -4.074205
v 8.780946 2.954142 -5.602979
v 8.780958 2.954208 -5.603047
v 8.780894 2.954228 -5.602969
v 8.347399 0.032850 -5.724300
v 8.347385 0.032784 -5.724228
v 8.943316 2.962417 -5.724300
v 8.943329 2.962484 -5.724228
v 8.943329 2.962484 -5.626759
v 8.943316 2.962417 -5.626690
v 8.347399 0.032850 -5.626691
v 8.347385 0.032784 -5.626760
v 8.353456 0.062631 -4.074273
v 8.353470 0.062697 -4.074205
v 8.937244 2.932571 -4.074205
v 8.937258 2.932637 -4.074273
v 8.935261 2.922821 -5.626690
v 8.935247 2.922755 -5.626622
v 8.355467 0.072513 -5.626622
v 8.355453 0.072447 -5.626691
v 9.143468 2.746599 -3.913930
v 9.143400 2.746531 -3.913948
v 9.143465 2.746531 -3.913862
v 9.882504 2.746599 -3.913930
v 9.882506 2.746531 -3.913861
v 9.882571 2.746531 -3.913948
v 9.143468 2.746531 -5.537276
v 9.143400 2.746531 -5.537208
v 9.143468 2.746599 -5.537208
v 9.882504 2.746599 -5.537208
v 9.882571 2.746531 -5.537208
v 9.882504 2.746531 -5.537276
v 9.143465 -0.002900 -3.913862
v 9.143400 -0.002900 -3.913948
v 9.143468 -0.002968 -3.913930
v 9.882504 -0.002968 -3.913930
v 9.882571 -0.002900 -3.913948
v 9.882506 -0.002900 -3.913861
v 9.143468 -0.002900 -5.537276
v 9.143468 -0.002968 -5.537208
v 9.143400 -0.002900 -5.537208
v 9.882504 -0.002900 -5.537276
v 9.882571 -0.002900 -5.537208
v 9.882504 -0.002968 -5.537208
v 9.882504 -0.002968 -3.988569
v 9.882571 -0.002900 -3.988569
v 9.143468 -0.002968 -3.988569
v 9.143400 -0.002900 -3.988569
v 9.882504 2.746599 -3.988569
v 9.882571 2.746531 -3.988569
v 9.143468 2.746599 -3.988569
v 9.143400 2.746531 -3.988569
v 9.802723 2.746599 -3.890849
v 9.802723 2.746531 -3.890780
v 9.223248 2.746599 -3.890849
v 9.223248 2.746531 -3.890780
v 9.223180 2.746599 -5.537208
v 9.223248 2.746526 -5.537224
v 9.223180 2.746531 -5.537276
v 9.802723 2.746526 -5.537224
v 9.802791 2.746599 -5.537208
v 9.802791 2.746531 -5.537276
v 9.223180 -0.002968 -5.537208
v 9.223180 -0.002900 -5.537276
v 9.223248 -0.002895 -5.537224
v 9.802723 -0.002895 -5.537224
v 9.802791 -0.002900 -5.537276
v 9.802791 -0.002968 -5.537208
v 9.223248 -0.002968 -3.890849
v 9.223248 -0.002900 -3.890780
v 9.802723 -0.002968 -3.890849
v 9.802723 -0.002900 -3.890780
v 9.802723 -0.002895 -3.988636
v 9.802791 -0.002968 -3.988506
v 9.802655 -0.002900 -3.988563
v 9.223248 -0.002895 -3.988636
v 9.223315 -0.002900 -3.988563
v 9.223180 -0.002968 -3.988506
v 9.802723 2.746526 -3.988636
v 9.802655 2.746531 -3.988563
v 9.802791 2.746599 -3.988506
v 9.223248 2.746526 -3.988636
v 9.223180 2.746599 -3.988506
v 9.223315 2.746531 -3.988563
v 9.223315 2.718587 -5.517333
v 9.223315 2.718520 -5.517400
v 9.223248 2.718661 -5.517453
v 9.223315 2.709380 -3.988563
v 9.223315 2.709313 -3.988631
v 9.223248 2.709386 -3.988636
v 9.802655 0.025044 -5.517333
v 9.802655 0.025111 -5.517400
v 9.802723 0.024970 -5.517453
v 9.802655 0.034318 -3.988631
v 9.802723 0.034245 -3.988636
v 9.802655 0.034251 -3.988563
v 9.223315 0.025044 -5.517333
v 9.223248 0.024970 -5.517453
v 9.223315 0.025111 -5.517400
v 9.223248 0.034245 -3.988636
v 9.223315 0.034318 -3.988631
v 9.223315 0.034251 -3.988563
v 9.802655 2.718587 -5.517333
v 9.802723 2.718661 -5.517453
v 9.802655 2.718520 -5.517400
v 9.802655 2.709313 -3.988631
v 9.802655 2.709380 -3.988563
v 9.802723 2.709386 -3.988636
v 9.512985 -0.002900 -3.867306
v 9.512985 -0.002968 -3.867375
v 9.512985 2.746531 -3.867306
v 9.512985 2.746599 -3.867375
v 9.512985 2.746599 -3.964847
v 9.512985 2.746531 -3.964915
v 9.512985 -0.002900 -3.964915
v 9.512985 -0.002968 -3.964847
v 9.512985 0.025044 -5.517333
v 9.512985 0.025111 -5.517400
v 9.512985 2.718520 -5.517400
v 9.512985 2.718587 -5.517333
v 9.512985 2.709380 -3.964915
v 9.512985 2.709313 -3.964983
v 9.512985 0.034318 -3.964983
v 9.512985 0.034251 -3.964915
v 9.882248 3.193441 -3.437693
v 9.882180 3.193374 -3.437719
v 9.882242 3.193374 -3.437625
v 10.374257 3.193442 -3.437693
v 10.374263 3.193374 -3.437625
v 10.374325 3.193374 -3.437719
v 9.882249 3.193374 -5.061048
v 9.882181 3.193374 -5.060980
v 9.882249 3.193441 -5.060980
v 10.374258 3.193442 -5.060980
v 10.374326 3.193374 -5.060980
v 10.374258 3.193374 -5.061048
v 9.882243 -0.003256 -3.437625
v 9.882181 -0.003256 -3.437719
v 9.882249 -0.003324 -3.437693
v 10.374258 -0.003324 -3.437693
v 10.374326 -0.003256 -3.437719
v 10.374264 -0.003256 -3.437625
v 9.882249 -0.003256 -5.061048
v 9.882249 -0.003324 -5.060980
v 9.882181 -0.003256 -5.060980
v 10.374258 -0.003256 -5.061048
v 10.374326 -0.003256 -5.060980
v 10.374258 -0.003324 -5.060980
v 10.374258 -0.003324 -3.512340
v 10.374326 -0.003256 -3.512340
v 9.882249 -0.003324 -3.512340
v 9.882181 -0.003256 -3.512340
v 10.374257 3.193442 -3.512340
v 10.374325 3.193374 -3.512340
v 9.882248 3.193441 -3.512340
v 9.882180 3.193374 -3.512340
v 10.321162 3.193442 -3.414623
v 10.321162 3.193374 -3.414552
v 9.935345 3.193441 -3.414623
v 9.935345 3.193374 -3.414552
v 9.935277 3.193441 -5.060980
v 9.935345 3.193367 -5.061002
v 9.935277 3.193374 -5.061048
v 10.321162 3.193367 -5.061002
v 10.321230 3.193442 -5.060980
v 10.321230 3.193374 -5.061048
v 9.935277 -0.003324 -5.060980
v 9.935277 -0.003256 -5.061048
v 9.935345 -0.003250 -5.061002
v 10.321162 -0.003249 -5.061002
v 10.321230 -0.003256 -5.061048
v 10.321230 -0.003324 -5.060980
v 9.935346 -0.003324 -3.414623
v 9.935346 -0.003256 -3.414552
v 10.321163 -0.003324 -3.414623
v 10.321163 -0.003256 -3.414552
v 10.321163 -0.003250 -3.512408
v 10.321231 -0.003324 -3.512280
v 10.321096 -0.003256 -3.512332
v 9.935346 -0.003250 -3.512408
v 9.935412 -0.003256 -3.512332
v 9.935278 -0.003324 -3.512280
v 10.321162 3.193367 -3.512408
v 10.321095 3.193374 -3.512332
v 10.321230 3.193442 -3.512280
v 9.935345 3.193367 -3.512408
v 9.935277 3.193441 -3.512280
v 9.935411 3.193374 -3.512332
v 9.935412 3.160874 -5.041104
v 9.935412 3.160806 -5.041172
v 9.935345 3.160949 -5.041217
v 9.935411 3.150158 -3.512332
v 9.935412 3.150091 -3.512400
v 9.935345 3.150165 -3.512408
v 10.321095 0.029244 -5.041104
v 10.321095 0.029311 -5.041172
v 10.321162 0.029168 -5.041217
v 10.321095 0.040027 -3.512400
v 10.321163 0.039952 -3.512408
v 10.321096 0.039959 -3.512332
v 9.935412 0.029244 -5.041104
v 9.935345 0.029168 -5.041217
v 9.935412 0.029311 -5.041172
v 9.935346 0.039952 -3.512408
v 9.935413 0.040026 -3.512400
v 9.935412 0.039959 -3.512332
v 10.321095 3.160874 -5.041104
v 10.321162 3.160949 -5.041217
v 10.321095 3.160807 -5.041172
v 10.321095 3.150091 -3.512400
v 10.321095 3.150158 -3.512332
v 10.321162 3.150166 -3.512408
v 10.128254 -0.003256 -3.391077
v 10.128254 -0.003324 -3.391148
v 10.128253 3.193374 -3.391077
v 10.128253 3.193442 -3.391148
v 10.128253 3.193442 -3.488618
v 10.128253 3.193374 -3.488686
v 10.128254 -0.003256 -3.488686
v 10.128254 -0.003324 -3.488618
v 10.128254 0.029244 -5.041104
v 10.128254 0.029311 -5.041172
v 10.128254 3.160807 -5.041172
v 10.128254 3.160874 -5.041104
v 10.128253 3.150158 -3.488686
v 10.128253 3.150091 -3.488755
v 10.128254 0.040027 -3.488755
v 10.128254 0.039959 -3.488686
v -3.787873 2.839891 -5.684094
v -3.787793 2.839839 -5.684076
v -3.787857 2.839826 -5.684162
v -4.512078 2.692577 -5.684094
v -4.512067 2.692511 -5.684163
v -4.512131 2.692497 -5.684076
v -3.239806 0.145570 -5.684162
v -3.239743 0.145583 -5.684076
v -3.239795 0.145503 -5.684094
v -3.964000 -0.001811 -5.684094
v -3.964080 -0.001758 -5.684076
v -3.964016 -0.001745 -5.684162
v -3.964000 -0.001811 -5.609455
v -3.964080 -0.001758 -5.609455
v -3.239743 0.145583 -5.609455
v -3.239795 0.145503 -5.609455
v -4.512131 2.692497 -5.609455
v -4.512078 2.692577 -5.609455
v -3.787873 2.839891 -5.609455
v -3.787793 2.839839 -5.609455
v -4.433898 2.708480 -5.707175
v -4.433885 2.708414 -5.707244
v -3.866053 2.823988 -5.707175
v -3.866039 2.823922 -5.707244
v -3.317975 0.129600 -5.707174
v -3.317989 0.129666 -5.707243
v -3.885820 0.014092 -5.707174
v -3.885834 0.014158 -5.707243
v -3.885838 0.014177 -5.609387
v -3.885887 0.014078 -5.609518
v -3.885768 0.014172 -5.609461
v -3.318054 0.129653 -5.609461
v -3.317909 0.129613 -5.609518
v -3.317992 0.129685 -5.609387
v -4.433881 2.708395 -5.609387
v -4.433819 2.708427 -5.609461
v -4.433965 2.708467 -5.609518
v -3.866035 2.823903 -5.609387
v -3.865986 2.824002 -5.609518
v -3.866105 2.823909 -5.609461
v -3.860535 2.796525 -4.080691
v -3.860522 2.796459 -4.080624
v -3.860484 2.796611 -4.080571
v -3.858700 2.787503 -5.609461
v -3.858686 2.787437 -5.609393
v -3.858635 2.787522 -5.609387
v -3.891338 0.041555 -4.080691
v -3.891351 0.041621 -4.080624
v -3.891390 0.041469 -4.080571
v -3.893187 0.050643 -5.609393
v -3.893238 0.050558 -5.609387
v -3.893173 0.050577 -5.609461
v -3.323544 0.156977 -4.080571
v -3.323638 0.157102 -4.080624
v -3.323625 0.157036 -4.080691
v -3.325393 0.166066 -5.609387
v -3.325474 0.166124 -5.609393
v -3.325460 0.166058 -5.609461
v -4.428248 2.681044 -4.080692
v -4.428329 2.681103 -4.080572
v -4.428235 2.680978 -4.080624
v -4.426400 2.671956 -5.609393
v -4.426413 2.672021 -5.609461
v -4.426481 2.672014 -5.609387
v -3.601911 0.071912 -5.730718
v -3.601898 0.071846 -5.730649
v -4.149962 2.766168 -5.730719
v -4.149975 2.766234 -5.730649
v -4.149975 2.766234 -5.633177
v -4.149962 2.766168 -5.633109
v -3.601911 0.071912 -5.633109
v -3.601898 0.071846 -5.633176
v -3.607481 0.099296 -4.080691
v -3.607495 0.099361 -4.080624
v -4.144379 2.738719 -4.080624
v -4.144392 2.738784 -4.080691
v -4.142557 2.729762 -5.633109
v -4.142543 2.729696 -5.633041
v -3.609330 0.108384 -5.633041
v -3.609317 0.108318 -5.633109
v -3.787793 2.839839 -4.106311
v -3.787873 2.839891 -4.106303
v -3.779454 2.798840 -4.060816
v -3.779522 2.798836 -4.060748
v -3.786675 2.834344 -4.083559
v -3.786754 2.834391 -4.083526
v -3.783623 2.819340 -4.066911
v -3.783706 2.819408 -4.066901
v -3.783684 2.819300 -4.066832
v -4.503791 2.651499 -4.060816
v -4.503727 2.651522 -4.060748
v -4.512131 2.692497 -4.106311
v -4.512078 2.692577 -4.106303
v -4.507961 2.671999 -4.066911
v -4.507890 2.671986 -4.066832
v -4.507912 2.672094 -4.066901
v -4.511014 2.687003 -4.083559
v -4.510959 2.687077 -4.083526
v -3.248082 0.186581 -4.060815
v -3.248147 0.186558 -4.060748
v -3.239743 0.145583 -4.106311
v -3.239795 0.145503 -4.106303
v -3.243912 0.166080 -4.066911
v -3.243984 0.166094 -4.066832
v -3.243962 0.165986 -4.066901
v -3.240860 0.151077 -4.083559
v -3.240914 0.151003 -4.083526
v -3.964081 -0.001758 -4.106311
v -3.964001 -0.001811 -4.106303
v -3.972420 0.039240 -4.060816
v -3.972352 0.039245 -4.060748
v -3.965198 0.003736 -4.083559
v -3.965119 0.003689 -4.083526
v -3.968250 0.018740 -4.066911
v -3.968167 0.018672 -4.066901
v -3.968189 0.018780 -4.066832
v -3.857711 2.782980 -4.060816
v -3.857635 2.782946 -4.060748
v -3.865986 2.824002 -4.106303
v -3.866035 2.823902 -4.106222
v -3.861798 2.803410 -4.066832
v -3.861820 2.803519 -4.066901
v -3.861872 2.803437 -4.066897
v -3.864868 2.818502 -4.083526
v -3.864920 2.818417 -4.083516
v -4.433881 2.708394 -4.106222
v -4.433965 2.708467 -4.106303
v -4.425613 2.667411 -4.060748
v -4.425557 2.667471 -4.060816
v -4.432846 2.702966 -4.083526
v -4.432765 2.702909 -4.083516
v -4.429798 2.687984 -4.066901
v -4.429776 2.687875 -4.066832
v -4.429718 2.687929 -4.066897
v -3.317992 0.129686 -4.106222
v -3.317909 0.129613 -4.106303
v -3.326260 0.170669 -4.060748
v -3.326317 0.170608 -4.060815
v -3.319027 0.135114 -4.083526
v -3.319108 0.135171 -4.083516
v -3.322075 0.150096 -4.066901
v -3.322097 0.150205 -4.066832
v -3.322155 0.150151 -4.066897
v -3.894162 0.055100 -4.060816
v -3.894238 0.055134 -4.060748
v -3.885887 0.014078 -4.106303
v -3.885838 0.014178 -4.106222
v -3.890076 0.034670 -4.066832
v -3.890054 0.034561 -4.066901
v -3.890001 0.034643 -4.066897
v -3.887006 0.019579 -4.083526
v -3.886954 0.019663 -4.083516
v -3.399664 3.001127 -5.876487
v -3.399584 3.001075 -5.876456
v -3.399642 3.001063 -5.876555
v -3.792309 2.916079 -5.876488
v -3.792303 2.916011 -5.876556
v -3.792361 2.915998 -5.876456
v -3.399650 3.001061 -4.253128
v -3.399584 3.001075 -4.253196
v -3.399664 3.001127 -4.253196
v -3.792309 2.916079 -4.253195
v -3.792361 2.915998 -4.253195
v -3.792295 2.916012 -4.253128
v -2.766768 0.079256 -5.876556
v -2.766710 0.079269 -5.876456
v -2.766762 0.079189 -5.876488
v -3.159407 -0.005860 -5.876488
v -3.159488 -0.005808 -5.876456
v -3.159429 -0.005795 -5.876556
v -2.766776 0.079255 -4.253128
v -2.766762 0.079188 -4.253196
v -2.766710 0.079269 -4.253196
v -3.159421 -0.005794 -4.253128
v -3.159488 -0.005808 -4.253196
v -3.159407 -0.005860 -4.253196
v -3.159407 -0.005860 -5.801836
v -3.159488 -0.005808 -5.801836
v -2.766762 0.079189 -5.801836
v -2.766710 0.079269 -5.801836
v -3.792309 2.916079 -5.801835
v -3.792361 2.915998 -5.801835
v -3.399664 3.001127 -5.801835
v -3.399584 3.001075 -5.801835
v -3.749946 2.925255 -5.899552
v -3.749932 2.925189 -5.899624
v -3.442028 2.991951 -5.899552
v -3.442013 2.991885 -5.899624
v -3.441961 2.991965 -4.253196
v -3.442012 2.991879 -4.253176
v -3.441947 2.991899 -4.253128
v -3.749930 2.925182 -4.253176
v -3.750012 2.925241 -4.253195
v -3.749998 2.925174 -4.253128
v -2.809059 0.070027 -4.253196
v -2.809073 0.070093 -4.253128
v -2.809141 0.070085 -4.253176
v -3.117060 0.003389 -4.253176
v -3.117125 0.003368 -4.253128
v -3.117110 0.003302 -4.253196
v -2.809125 0.070012 -5.899552
v -2.809139 0.070079 -5.899624
v -3.117044 0.003316 -5.899552
v -3.117058 0.003382 -5.899624
v -3.117060 0.003389 -5.801768
v -3.117110 0.003302 -5.801894
v -3.116993 0.003397 -5.801846
v -2.809141 0.070085 -5.801768
v -2.809205 0.070064 -5.801846
v -2.809059 0.070027 -5.801894
v -3.749930 2.925183 -5.801767
v -3.749866 2.925203 -5.801845
v -3.750012 2.925241 -5.801893
v -3.442012 2.991879 -5.801767
v -3.441961 2.991965 -5.801893
v -3.442079 2.991871 -5.801845
v -3.435646 2.962169 -4.273071
v -3.435632 2.962103 -4.273004
v -3.435596 2.962256 -4.272955
v -3.433524 2.952379 -5.801845
v -3.433511 2.952313 -5.801777
v -3.433460 2.952399 -5.801767
v -3.123425 0.033098 -4.273072
v -3.123440 0.033164 -4.273004
v -3.123476 0.033011 -4.272955
v -3.125560 0.042954 -5.801777
v -3.125611 0.042868 -5.801768
v -3.125547 0.042888 -5.801846
v -2.815639 0.099766 -4.273072
v -2.815557 0.099707 -4.272955
v -2.815654 0.099832 -4.273004
v -2.817692 0.109564 -5.801768
v -2.817774 0.109622 -5.801777
v -2.817759 0.109556 -5.801846
v -3.743432 2.895501 -4.273071
v -3.743514 2.895560 -4.272955
v -3.743418 2.895435 -4.273004
v -3.741297 2.885645 -5.801777
v -3.741313 2.885711 -5.801845
v -3.741379 2.885703 -5.801767
v -2.963099 0.036731 -5.923099
v -2.963084 0.036664 -5.923027
v -3.595973 2.958537 -5.923099
v -3.595987 2.958603 -5.923027
v -3.595987 2.958603 -5.825558
v -3.595973 2.958537 -5.825489
v -2.963099 0.036731 -5.825489
v -2.963084 0.036664 -5.825558
v -2.969532 0.066432 -4.273072
v -2.969547 0.066498 -4.273004
v -3.589525 2.928769 -4.273004
v -3.589539 2.928835 -4.273071
v -3.587418 2.919045 -5.825489
v -3.587404 2.918979 -5.825420
v -2.971667 0.076288 -5.825420
v -2.971653 0.076222 -5.825489
v -4.518282 2.746599 -5.595195
v -4.518215 2.746531 -5.595177
v -4.518280 2.746531 -5.595263
v -5.257318 2.746599 -5.595194
v -5.257321 2.746531 -5.595263
v -5.257386 2.746531 -5.595176
v -4.518282 2.746531 -3.971848
v -4.518215 2.746531 -3.971916
v -4.518282 2.746599 -3.971916
v -5.257318 2.746599 -3.971916
v -5.257386 2.746531 -3.971916
v -5.257318 2.746531 -3.971848
v -4.518279 -0.002900 -5.595263
v -4.518214 -0.002900 -5.595177
v -4.518282 -0.002968 -5.595195
v -5.257318 -0.002968 -5.595194
v -5.257386 -0.002900 -5.595176
v -5.257321 -0.002900 -5.595263
v -4.518282 -0.002900 -3.971848
v -4.518282 -0.002968 -3.971916
v -4.518214 -0.002900 -3.971916
v -5.257318 -0.002900 -3.971848
v -5.257386 -0.002900 -3.971916
v -5.257318 -0.002968 -3.971916
v -5.257318 -0.002968 -5.520555
v -5.257386 -0.002900 -5.520555
v -4.518282 -0.002968 -5.520555
v -4.518215 -0.002900 -5.520555
v -5.257318 2.746599 -5.520555
v -5.257386 2.746531 -5.520555
v -4.518282 2.746599 -5.520555
v -4.518215 2.746531 -5.520555
v -5.177537 2.746599 -5.618275
v -5.177537 2.746531 -5.618344
v -4.598063 2.746599 -5.618275
v -4.598063 2.746531 -5.618344
v -4.597995 2.746599 -3.971916
v -4.598063 2.746526 -3.971900
v -4.597995 2.746531 -3.971848
v -5.177537 2.746526 -3.971900
v -5.177605 2.746599 -3.971916
v -5.177605 2.746531 -3.971848
v -4.597995 -0.002968 -3.971916
v -4.597995 -0.002900 -3.971848
v -4.598063 -0.002895 -3.971900
v -5.177537 -0.002895 -3.971900
v -5.177605 -0.002900 -3.971848
v -5.177605 -0.002968 -3.971916
v -4.598063 -0.002968 -5.618275
v -4.598063 -0.002900 -5.618344
v -5.177537 -0.002968 -5.618275
v -5.177537 -0.002900 -5.618344
v -5.177537 -0.002895 -5.520488
v -5.177605 -0.002968 -5.520618
v -5.177470 -0.002900 -5.520561
v -4.598063 -0.002895 -5.520488
v -4.598131 -0.002900 -5.520561
v -4.597995 -0.002968 -5.520618
v -5.177537 2.746526 -5.520488
v -5.177470 2.746531 -5.520561
v -5.177605 2.746599 -5.520618
v -4.598063 2.746526 -5.520488
v -4.597995 2.746599 -5.520618
v -4.598131 2.746531 -5.520561
v -4.598131 2.718587 -3.991792
v -4.598131 2.718520 -3.991724
v -4.598063 2.718661 -3.991672
v -4.598131 2.709380 -5.520561
v -4.598131 2.709313 -5.520493
v -4.598063 2.709386 -5.520488
v -5.177470 0.025044 -3.991792
v -5.177470 0.025111 -3.991724
v -5.177537 0.024970 -3.991672
v -5.177470 0.034318 -5.520493
v -5.177537 0.034245 -5.520488
v -5.177470 0.034251 -5.520561
v -4.598130 0.025044 -3.991792
v -4.598063 0.024970 -3.991672
v -4.598130 0.025111 -3.991724
v -4.598063 0.034245 -5.520488
v -4.598131 0.034318 -5.520493
v -4.598131 0.034251 -5.520561
v -5.177470 2.718587 -3.991792
v -5.177537 2.718661 -3.991672
v -5.177470 2.718520 -3.991724
v -5.177470 2.709313 -5.520493
v -5.177470 2.709380 -5.520561
v -5.177537 2.709386 -5.520488
v -4.887800 -0.002900 -5.641819
v -4.887800 -0.002968 -5.641750
v -4.887800 2.746531 -5.641819
v -4.887800 2.746599 -5.641750
v -4.887800 2.746599 -5.544277
v -4.887800 2.746531 -5.544209
v -4.887800 -0.002900 -5.544209
v -4.887800 -0.002968 -5.544277
v -4.887800 0.025044 -3.991792
v -4.887800 0.025111 -3.991724
v -4.887800 2.718520 -3.991724
v -4.887800 2.718587 -3.991792
v -4.887800 2.709380 -5.544209
v -4.887800 2.709313 -5.544142
v -4.887800 0.034318 -5.544142
v -4.887800 0.034251 -5.544209
v -5.257065 3.193441 -5.668384
v -5.256997 3.193374 -5.668357
v -5.257059 3.193374 -5.668452
v -5.749074 3.193441 -5.668384
v -5.749080 3.193374 -5.668452
v -5.749142 3.193374 -5.668357
v -5.257065 3.193374 -4.045029
v -5.256997 3.193374 -4.045097
v -5.257065 3.193441 -4.045097
v -5.749074 3.193441 -4.045097
v -5.749142 3.193374 -4.045097
v -5.749074 3.193374 -4.045029
v -5.257059 -0.003256 -5.668452
v -5.256997 -0.003256 -5.668357
v -5.257065 -0.003324 -5.668384
v -5.749074 -0.003324 -5.668384
v -5.749142 -0.003257 -5.668357
v -5.749080 -0.003257 -5.668452
v -5.257065 -0.003256 -4.045029
v -5.257065 -0.003324 -4.045097
v -5.256997 -0.003256 -4.045097
v -5.749074 -0.003257 -4.045029
v -5.749142 -0.003257 -4.045097
v -5.749074 -0.003324 -4.045097
v -5.749074 -0.003324 -5.593737
v -5.749141 -0.003257 -5.593737
v -5.257065 -0.003324 -5.593737
v -5.256997 -0.003256 -5.593737
v -5.749074 3.193441 -5.593737
v -5.749141 3.193374 -5.593737
v -5.257065 3.193441 -5.593737
v -5.256997 3.193374 -5.593737
v -5.695978 3.193441 -5.691454
v -5.695978 3.193374 -5.691525
v -5.310161 3.193441 -5.691454
v -5.310161 3.193374 -5.691525
v -5.310093 3.193441 -4.045097
v -5.310161 3.193367 -4.045074
v -5.310093 3.193374 -4.045029
v -5.695978 3.193367 -4.045074
v -5.696046 3.193441 -4.045097
v -5.696046 3.193374 -4.045029
v -5.310093 -0.003324 -4.045097
v -5.310093 -0.003256 -4.045029
v -5.310161 -0.003250 -4.045074
v -5.695978 -0.003250 -4.045074
v -5.696045 -0.003256 -4.045029
v -5.696045 -0.003324 -4.045097
v -5.310161 -0.003324 -5.691454
v -5.310161 -0.003256 -5.691525
v -5.695978 -0.003324 -5.691454
v -5.695978 -0.003256 -5.691525
v -5.695978 -0.003250 -5.593669
v -5.696046 -0.003324 -5.593797
v -5.695911 -0.003256 -5.593745
v -5.310161 -0.003250 -5.593669
v -5.310228 -0.003256 -5.593745
v -5.310093 -0.003324 -5.593797
v -5.695978 3.193367 -5.593669
v -5.695911 3.193374 -5.593745
v -5.696046 3.193441 -5.593797
v -5.310161 3.193367 -5.593669
v -5.310093 3.193441 -5.593797
v -5.310228 3.193374 -5.593745
v -5.310228 3.160874 -4.064973
v -5.310228 3.160806 -4.064905
v -5.310161 3.160949 -4.064859
v -5.310228 3.150158 -5.593745
v -5.310229 3.150091 -5.593677
v -5.310161 3.150165 -5.593669
v -5.695910 0.029244 -4.064973
v -5.695910 0.029311 -4.064905
v -5.695978 0.029168 -4.064859
v -5.695910 0.040026 -5.593677
v -5.695978 0.039952 -5.593669
v -5.695911 0.039959 -5.593745
v -5.310228 0.029244 -4.064973
v -5.310161 0.029168 -4.064859
v -5.310228 0.029311 -4.064905
v -5.310161 0.039952 -5.593669
v -5.310228 0.040026 -5.593677
v -5.310228 0.039959 -5.593745
v -5.695910 3.160874 -4.064973
v -5.695978 3.160949 -4.064859
v -5.695910 3.160806 -4.064905
v -5.695910 3.150091 -5.593677
v -5.695911 3.150158 -5.593745
v -5.695978 3.150165 -5.593669
v -5.503069 -0.003256 -5.715000
v -5.503069 -0.003324 -5.714929
v -5.503069 3.193374 -5.715000
v -5.503069 3.193441 -5.714929
v -5.503069 3.193441 -5.617458
v -5.503069 3.193374 -5.617390
v -5.503069 -0.003256 -5.617390
v -5.503069 -0.003324 -5.617458
v -5.503069 0.029244 -4.064973
v -5.503069 0.029311 -4.064905
v -5.503069 3.160806 -4.064905
v -5.503069 3.160874 -4.064973
v -5.503069 3.150158 -5.617390
v -5.503069 3.150091 -5.617322
v -5.503069 0.040026 -5.617322
v -5.503069 0.039959 -5.617390
v -6.761459 3.157690 -3.857044
v -6.761515 3.157612 -3.857070
v -6.761454 3.157622 -3.856975
v -6.276036 3.237921 -3.857044
v -6.276019 3.237856 -3.856976
v -6.275958 3.237866 -3.857070
v -6.761450 3.157623 -5.480398
v -6.761517 3.157612 -5.480330
v -6.761461 3.157689 -5.480330
v -6.276037 3.237921 -5.480330
v -6.275959 3.237865 -5.480330
v -6.276026 3.237854 -5.480398
v -6.240182 0.003780 -3.856975
v -6.240243 0.003770 -3.857070
v -6.240165 0.003714 -3.857044
v -5.754742 0.083946 -3.857044
v -5.754686 0.084023 -3.857070
v -5.754747 0.084013 -3.856976
v -6.240178 0.003780 -5.480398
v -6.240167 0.003714 -5.480330
v -6.240244 0.003769 -5.480330
v -5.754754 0.084012 -5.480398
v -5.754687 0.084023 -5.480330
v -5.754743 0.083945 -5.480330
v -5.754742 0.083946 -3.931691
v -5.754686 0.084023 -3.931691
v -6.240165 0.003714 -3.931690
v -6.240243 0.003770 -3.931690
v -6.276036 3.237921 -3.931691
v -6.275959 3.237866 -3.931691
v -6.761459 3.157690 -3.931691
v -6.761515 3.157612 -3.931691
v -6.328421 3.229263 -3.833973
v -6.328410 3.229196 -3.833902
v -6.709074 3.166348 -3.833973
v -6.709064 3.166281 -3.833902
v -6.709143 3.166337 -5.480330
v -6.709064 3.166274 -5.480353
v -6.709132 3.166270 -5.480398
v -6.328410 3.229189 -5.480353
v -6.328356 3.229274 -5.480330
v -6.328345 3.229207 -5.480398
v -6.187848 0.012361 -5.480330
v -6.187859 0.012428 -5.480398
v -6.187794 0.012446 -5.480352
v -5.807140 0.075361 -5.480353
v -5.807072 0.075365 -5.480398
v -5.807061 0.075298 -5.480330
v -6.187780 0.012372 -3.833973
v -6.187791 0.012439 -3.833902
v -5.807127 0.075287 -3.833973
v -5.807137 0.075354 -3.833902
v -5.807139 0.075361 -3.931758
v -5.807060 0.075298 -3.931631
v -5.807204 0.075343 -3.931682
v -6.187792 0.012446 -3.931758
v -6.187725 0.012450 -3.931682
v -6.187847 0.012361 -3.931631
v -6.328410 3.229190 -3.931759
v -6.328477 3.229185 -3.931683
v -6.328355 3.229274 -3.931631
v -6.709063 3.166275 -3.931758
v -6.709141 3.166337 -3.931631
v -6.708997 3.166292 -3.931682
v -6.703698 3.134227 -5.460454
v -6.703687 3.134161 -5.460522
v -6.703777 3.134290 -5.460568
v -6.701950 3.123655 -3.931682
v -6.701939 3.123589 -3.931751
v -6.702017 3.123651 -3.931758
v -5.812506 0.107408 -5.460454
v -5.812517 0.107474 -5.460522
v -5.812427 0.107344 -5.460568
v -5.814263 0.118046 -3.931751
v -5.814184 0.117984 -3.931758
v -5.814251 0.117980 -3.931682
v -6.193025 0.044515 -5.460454
v -6.193079 0.044430 -5.460568
v -6.193036 0.044581 -5.460522
v -6.194837 0.055069 -3.931758
v -6.194783 0.055154 -3.931751
v -6.194772 0.055087 -3.931682
v -6.323178 3.197120 -5.460454
v -6.323124 3.197205 -5.460568
v -6.323167 3.197053 -5.460522
v -6.321419 3.186482 -3.931751
v -6.321429 3.186548 -3.931683
v -6.321364 3.186566 -3.931759
v -5.997464 0.043897 -3.810428
v -5.997453 0.043830 -3.810498
v -6.518737 3.197739 -3.810428
v -6.518748 3.197806 -3.810498
v -6.518748 3.197806 -3.907969
v -6.518737 3.197739 -3.908037
v -5.997464 0.043897 -3.908037
v -5.997453 0.043830 -3.907969
v -6.002766 0.075961 -5.460454
v -6.002777 0.076028 -5.460522
v -6.513427 3.165607 -5.460522
v -6.513438 3.165673 -5.460454
v -6.511690 3.155102 -3.908037
v -6.511679 3.155035 -3.908105
v -6.004523 0.086600 -3.908105
v -6.004512 0.086534 -3.908037
v -2.757926 2.746599 -4.106102
v -2.757993 2.746531 -4.106120
v -2.757928 2.746531 -4.106033
v -2.018889 2.746599 -4.106102
v -2.018887 2.746531 -4.106033
v -2.018822 2.746531 -4.106120
v -2.757925 2.746531 -5.729447
v -2.757993 2.746531 -5.729380
v -2.757925 2.746599 -5.729380
v -2.018889 2.746599 -5.729380
v -2.018821 2.746531 -5.729380
v -2.018889 2.746531 -5.729447
v -2.757928 -0.002900 -4.106033
v -2.757993 -0.002900 -4.106120
v -2.757925 -0.002968 -4.106102
v -2.018889 -0.002968 -4.106102
v -2.018821 -0.002900 -4.106120
v -2.018887 -0.002900 -4.106033
v -2.757925 -0.002900 -5.729447
v -2.757925 -0.002968 -5.729380
v -2.757993 -0.002900 -5.729380
v -2.018889 -0.002900 -5.729447
v -2.018821 -0.002900 -5.729380
v -2.018889 -0.002968 -5.729380
v -2.018889 -0.002968 -4.180740
v -2.018821 -0.002900 -4.180740
v -2.757925 -0.002968 -4.180740
v -2.757993 -0.002900 -4.180740
v -2.018889 2.746599 -4.180740
v -2.018822 2.746531 -4.180740
v -2.757926 2.746599 -4.180740
v -2.757993 2.746531 -4.180740
v -2.098670 2.746599 -4.083021
v -2.098670 2.746531 -4.082952
v -2.678145 2.746599 -4.083021
v -2.678145 2.746531 -4.082952
v -2.678212 2.746599 -5.729380
v -2.678144 2.746525 -5.729395
v -2.678212 2.746531 -5.729447
v -2.098670 2.746526 -5.729395
v -2.098602 2.746599 -5.729380
v -2.098602 2.746531 -5.729447
v -2.678212 -0.002968 -5.729380
v -2.678212 -0.002900 -5.729447
v -2.678144 -0.002895 -5.729395
v -2.098670 -0.002895 -5.729395
v -2.098602 -0.002900 -5.729447
v -2.098602 -0.002968 -5.729380
v -2.678144 -0.002968 -4.083021
v -2.678144 -0.002900 -4.082952
v -2.098670 -0.002968 -4.083021
v -2.098670 -0.002900 -4.082952
v -2.098670 -0.002895 -4.180808
v -2.098602 -0.002968 -4.180678
v -2.098737 -0.002900 -4.180735
v -2.678144 -0.002895 -4.180808
v -2.678077 -0.002900 -4.180735
v -2.678212 -0.002968 -4.180678
v -2.098670 2.746526 -4.180808
v -2.098738 2.746531 -4.180735
v -2.098603 2.746599 -4.180678
v -2.678145 2.746526 -4.180808
v -2.678212 2.746599 -4.180678
v -2.678077 2.746531 -4.180735
v -2.678077 2.718587 -5.709504
v -2.678077 2.718520 -5.709572
v -2.678144 2.718661 -5.709624
v -2.678077 2.709380 -4.180735
v -2.678077 2.709313 -4.180803
v -2.678145 2.709386 -4.180808
v -2.098737 0.025044 -5.709504
v -2.098737 0.025111 -5.709572
v -2.098670 0.024970 -5.709624
v -2.098738 0.034318 -4.180803
v -2.098670 0.034245 -4.180808
v -2.098737 0.034251 -4.180735
v -2.678077 0.025044 -5.709504
v -2.678144 0.024970 -5.709624
v -2.678077 0.025111 -5.709572
v -2.678144 0.034245 -4.180808
v -2.678077 0.034318 -4.180803
v -2.678077 0.034251 -4.180735
v -2.098738 2.718587 -5.709504
v -2.098670 2.718661 -5.709624
v -2.098738 2.718520 -5.709572
v -2.098738 2.709313 -4.180803
v -2.098738 2.709380 -4.180735
v -2.098670 2.709386 -4.180808
v -2.388407 -0.002900 -4.059477
v -2.388407 -0.002968 -4.059546
v -2.388407 2.746531 -4.059477
v -2.388407 2.746599 -4.059546
v -2.388407 2.746599 -4.157019
v -2.388407 2.746531 -4.157086
v -2.388407 -0.002900 -4.157086
v -2.388407 -0.002968 -4.157019
v -2.388407 0.025044 -5.709504
v -2.388407 0.025111 -5.709572
v -2.388407 2.718520 -5.709572
v -2.388407 2.718587 -5.709504
v -2.388407 2.709380 -4.157086
v -2.388407 2.709313 -4.157154
v -2.388407 0.034318 -4.157154
v -2.388407 0.034251 -4.157086
v -7.997633 2.746599 -4.292238
v -7.997701 2.746531 -4.292256
v -7.997636 2.746531 -4.292170
v -7.258597 2.746599 -4.292238
v -7.258595 2.746531 -4.292170
v -7.258530 2.746531 -4.292256
v -7.997633 2.746531 -5.915584
v -7.997700 2.746531 -5.915516
v -7.997633 2.746599 -5.915516
v -7.258597 2.746599 -5.915516
v -7.258529 2.746531 -5.915516
v -7.258597 2.746531 -5.915584
v -7.997635 -0.002900 -4.292170
v -7.997700 -0.002900 -4.292256
v -7.997633 -0.002968 -4.292238
v -7.258597 -0.002968 -4.292238
v -7.258529 -0.002900 -4.292256
v -7.258594 -0.002900 -4.292170
v -7.997633 -0.002900 -5.915584
v -7.997633 -0.002968 -5.915516
v -7.997700 -0.002900 -5.915516
v -7.258597 -0.002900 -5.915584
v -7.258529 -0.002900 -5.915516
v -7.258597 -0.002968 -5.915516
v -7.258597 -0.002968 -4.366877
v -7.258529 -0.002900 -4.366877
v -7.997633 -0.002968 -4.366877
v -7.997700 -0.002900 -4.366877
v -7.258597 2.746599 -4.366877
v -7.258530 2.746531 -4.366877
v -7.997633 2.746599 -4.366877
v -7.997701 2.746531 -4.366877
v -7.338378 2.746599 -4.269157
v -7.338378 2.746531 -4.269088
v -7.917852 2.746599 -4.269157
v -7.917852 2.746531 -4.269088
v -7.917920 2.746599 -5.915516
v -7.917852 2.746525 -5.915532
v -7.917920 2.746531 -5.915584
v -7.338377 2.746525 -5.915532
v -7.338310 2.746599 -5.915516
v -7.338310 2.746531 -5.915584
v -7.917920 -0.002968 -5.915516
v -7.917920 -0.002900 -5.915584
v -7.917852 -0.002895 -5.915532
v -7.338377 -0.002895 -5.915532
v -7.338310 -0.002900 -5.915584
v -7.338310 -0.002968 -5.915516
v -7.917852 -0.002968 -4.269157
v -7.917852 -0.002900 -4.269088
v -7.338377 -0.002968 -4.269157
v -7.338377 -0.002900 -4.269088
v -7.338377 -0.002895 -4.366944
v -7.338310 -0.002968 -4.366814
v -7.338445 -0.002900 -4.366871
v -7.917852 -0.002895 -4.366944
v -7.917784 -0.002900 -4.366871
v -7.917920 -0.002968 -4.366814
v -7.338378 2.746526 -4.366944
v -7.338446 2.746531 -4.366871
v -7.338310 2.746599 -4.366814
v -7.917852 2.746526 -4.366944
v -7.917920 2.746599 -4.366814
v -7.917785 2.746531 -4.366871
v -7.917784 2.718587 -5.895640
v -7.917784 2.718520 -5.895708
v -7.917852 2.718661 -5.895761
v -7.917785 2.709380 -4.366871
v -7.917785 2.709313 -4.366939
v -7.917852 2.709386 -4.366944
v -7.338445 0.025044 -5.895640
v -7.338445 0.025111 -5.895708
v -7.338377 0.024970 -5.895761
v -7.338445 0.034318 -4.366939
v -7.338377 0.034245 -4.366944
v -7.338445 0.034251 -4.366871
v -7.917784 0.025044 -5.895640
v -7.917852 0.024970 -5.895761
v -7.917784 0.025111 -5.895708
v -7.917852 0.034245 -4.366944
v -7.917784 0.034318 -4.366939
v -7.917784 0.034251 -4.366871
v -7.338445 2.718587 -5.895640
v -7.338377 2.718661 -5.895761
v -7.338445 2.718520 -5.895708
v -7.338446 2.709313 -4.366939
v -7.338446 2.709380 -4.366871
v -7.338378 2.709386 -4.366944
v -7.628115 -0.002900 -4.245614
v -7.628115 -0.002968 -4.245683
v -7.628116 2.746531 -4.245614
v -7.628116 2.746599 -4.245683
v -7.628116 2.746599 -4.343155
v -7.628116 2.746531 -4.343223
v -7.628115 -0.002900 -4.343223
v -7.628115 -0.002968 -4.343155
v -7.628115 0.025044 -5.895640
v -7.628115 0.025111 -5.895708
v -7.628115 2.718520 -5.895708
v -7.628115 2.718587 -5.895640
v -7.628116 2.709380 -4.343223
v -7.628116 2.709313 -4.343291
v -7.628115 0.034318 -4.343291
v -7.628115 0.034251 -4.343223
v -7.258851 3.415923 -3.936227
v -7.258918 3.415855 -3.936253
v -7.258856 3.415855 -3.936158
v -6.766841 3.415923 -3.936227
v -6.766836 3.415855 -3.936158
v -6.766774 3.415855 -3.936253
v -7.258851 3.415855 -5.559581
v -7.258918 3.415855 -5.559514
v -7.258851 3.415923 -5.559514
v -6.766841 3.415923 -5.559513
v -6.766774 3.415855 -5.559513
v -6.766841 3.415855 -5.559581
v -7.258856 -0.013393 -3.936158
v -7.258918 -0.013393 -3.936253
v -7.258850 -0.013461 -3.936227
v -6.766841 -0.013461 -3.936227
v -6.766773 -0.013393 -3.936253
v -6.766835 -0.013393 -3.936158
v -7.258850 -0.013393 -5.559581
v -7.258850 -0.013461 -5.559514
v -7.258918 -0.013393 -5.559514
v -6.766841 -0.013393 -5.559581
v -6.766773 -0.013393 -5.559513
v -6.766841 -0.013461 -5.559513
v -6.766841 -0.013461 -4.010874
v -6.766773 -0.013393 -4.010874
v -7.258850 -0.013461 -4.010874
v -7.258918 -0.013393 -4.010874
v -6.766841 3.415923 -4.010874
v -6.766774 3.415855 -4.010874
v -7.258851 3.415923 -4.010874
v -7.258918 3.415855 -4.010874
v -6.819938 3.415923 -3.913156
v -6.819938 3.415855 -3.913085
v -7.205755 3.415923 -3.913156
v -7.205755 3.415855 -3.913085
v -7.205822 3.415923 -5.559514
v -7.205754 3.415848 -5.559539
v -7.205822 3.415855 -5.559581
v -6.819937 3.415848 -5.559538
v -6.819870 3.415923 -5.559513
v -6.819870 3.415855 -5.559581
v -7.205822 -0.013461 -5.559514
v -7.205822 -0.013393 -5.559581
v -7.205754 -0.013386 -5.559539
v -6.819937 -0.013386 -5.559538
v -6.819869 -0.013393 -5.559581
v -6.819869 -0.013461 -5.559513
v -7.205754 -0.013461 -3.913156
v -7.205754 -0.013393 -3.913085
v -6.819937 -0.013461 -3.913156
v -6.819937 -0.013393 -3.913085
v -6.819937 -0.013386 -4.010942
v -6.819870 -0.013461 -4.010814
v -6.820004 -0.013393 -4.010866
v -7.205754 -0.013386 -4.010942
v -7.205687 -0.013393 -4.010866
v -7.205822 -0.013461 -4.010814
v -6.819938 3.415848 -4.010942
v -6.820005 3.415855 -4.010866
v -6.819870 3.415923 -4.010814
v -7.205755 3.415848 -4.010942
v -7.205822 3.415923 -4.010814
v -7.205688 3.415855 -4.010866
v -7.205687 3.380985 -5.539638
v -7.205687 3.380918 -5.539705
v -7.205754 3.381061 -5.539748
v -7.205688 3.369484 -4.010866
v -7.205687 3.369417 -4.010934
v -7.205755 3.369492 -4.010942
v -6.820004 0.021477 -5.539638
v -6.820004 0.021544 -5.539705
v -6.819937 0.021401 -5.539748
v -6.820005 0.033044 -4.010934
v -6.819937 0.032970 -4.010942
v -6.820004 0.032977 -4.010866
v -7.205686 0.021477 -5.539638
v -7.205754 0.021401 -5.539748
v -7.205686 0.021544 -5.539705
v -7.205754 0.032970 -4.010942
v -7.205687 0.033044 -4.010934
v -7.205687 0.032977 -4.010866
v -6.820005 3.380985 -5.539638
v -6.819937 3.381061 -5.539748
v -6.820005 3.380918 -5.539705
v -6.820005 3.369417 -4.010934
v -6.820005 3.369484 -4.010866
v -6.819938 3.369492 -4.010942
v -7.012846 -0.013393 -3.889611
v -7.012846 -0.013461 -3.889682
v -7.012846 3.415855 -3.889611
v -7.012846 3.415923 -3.889682
v -7.012846 3.415923 -3.987152
v -7.012846 3.415855 -3.987220
v -7.012846 -0.013393 -3.987220
v -7.012846 -0.013461 -3.987152
v -7.012845 0.021477 -5.539638
v -7.012845 0.021544 -5.539705
v -7.012846 3.380918 -5.539705
v -7.012846 3.380985 -5.539638
v -7.012846 3.369484 -3.987220
v -7.012846 3.369417 -3.987288
v -7.012846 0.033044 -3.987288
v -7.012846 0.032977 -3.987220
v -5.223437 2.839891 -6.486165
v -5.223455 2.839839 -6.486085
v -5.223369 2.839826 -6.486149
v -5.223437 2.692578 -7.210371
v -5.223368 2.692511 -7.210360
v -5.223455 2.692498 -7.210423
v -5.223369 0.145570 -5.938098
v -5.223455 0.145582 -5.938034
v -5.223437 0.145503 -5.938087
v -5.223437 -0.001811 -6.662292
v -5.223455 -0.001758 -6.662372
v -5.223369 -0.001745 -6.662308
v -5.298076 -0.001811 -6.662292
v -5.298076 -0.001758 -6.662372
v -5.298076 0.145583 -5.938035
v -5.298076 0.145503 -5.938087
v -5.298075 2.692498 -7.210423
v -5.298075 2.692578 -7.210371
v -5.298076 2.839891 -6.486165
v -5.298076 2.839839 -6.486085
v -5.200356 2.708480 -7.132191
v -5.200287 2.708414 -7.132177
v -5.200356 2.823988 -6.564345
v -5.200287 2.823922 -6.564332
v -5.200357 0.129600 -6.016267
v -5.200288 0.129666 -6.016280
v -5.200357 0.014092 -6.584113
v -5.200288 0.014158 -6.584126
v -5.298143 0.014177 -6.584130
v -5.298013 0.014078 -6.584179
v -5.298070 0.014172 -6.584060
v -5.298070 0.129653 -6.016347
v -5.298014 0.129613 -6.016201
v -5.298144 0.129685 -6.016284
v -5.298143 2.708395 -7.132174
v -5.298069 2.708428 -7.132111
v -5.298013 2.708467 -7.132257
v -5.298143 2.823903 -6.564328
v -5.298013 2.824002 -6.564279
v -5.298070 2.823909 -6.564398
v -6.826839 2.796525 -6.558829
v -6.826907 2.796459 -6.558815
v -6.826960 2.796611 -6.558777
v -5.298070 2.787503 -6.556992
v -5.298138 2.787437 -6.556979
v -5.298143 2.787522 -6.556927
v -6.826840 0.041555 -6.589631
v -6.826908 0.041621 -6.589644
v -6.826960 0.041469 -6.589683
v -5.298138 0.050643 -6.591479
v -5.298143 0.050558 -6.591530
v -5.298070 0.050577 -6.591465
v -6.826960 0.156977 -6.021837
v -6.826908 0.157102 -6.021931
v -6.826840 0.157036 -6.021918
v -5.298144 0.166066 -6.023685
v -5.298139 0.166124 -6.023766
v -5.298070 0.166058 -6.023753
v -6.826839 2.681044 -7.126542
v -6.826959 2.681103 -7.126623
v -6.826907 2.680978 -7.126528
v -5.298138 2.671956 -7.124692
v -5.298069 2.672021 -7.124705
v -5.298143 2.672014 -7.124773
v -5.176813 0.071912 -6.300203
v -5.176882 0.071846 -6.300190
v -5.176813 2.766168 -6.848254
v -5.176882 2.766234 -6.848268
v -5.274354 2.766234 -6.848268
v -5.274422 2.766168 -6.848254
v -5.274423 0.071912 -6.300203
v -5.274355 0.071846 -6.300190
v -6.826840 0.099296 -6.305775
v -6.826908 0.099361 -6.305788
v -6.826907 2.738719 -6.842672
v -6.826839 2.738784 -6.842685
v -5.274422 2.729762 -6.840849
v -5.274490 2.729696 -6.840836
v -5.274490 0.108384 -6.307622
v -5.274423 0.108318 -6.307609
v -6.801220 2.839839 -6.486087
v -6.801228 2.839891 -6.486166
v -6.846715 2.798840 -6.477747
v -6.846783 2.798836 -6.477815
v -6.823972 2.834344 -6.484969
v -6.824006 2.834391 -6.485047
v -6.840621 2.819340 -6.481916
v -6.840630 2.819408 -6.481999
v -6.840699 2.819300 -6.481977
v -6.846715 2.651499 -7.202085
v -6.846783 2.651522 -7.202020
v -6.801219 2.692498 -7.210424
v -6.801228 2.692578 -7.210371
v -6.840621 2.672000 -7.206254
v -6.840699 2.671986 -7.206182
v -6.840630 2.672095 -7.206204
v -6.823972 2.687003 -7.209307
v -6.824005 2.687077 -7.209253
v -6.846716 0.186581 -5.946375
v -6.846784 0.186558 -5.946440
v -6.801220 0.145583 -5.938035
v -6.801229 0.145503 -5.938088
v -6.840621 0.166080 -5.942205
v -6.840700 0.166094 -5.942277
v -6.840631 0.165986 -5.942255
v -6.823973 0.151077 -5.939153
v -6.824006 0.151003 -5.939207
v -6.801220 -0.001758 -6.662373
v -6.801228 -0.001811 -6.662293
v -6.846715 0.039240 -6.670713
v -6.846783 0.039244 -6.670645
v -6.823973 0.003736 -6.663491
v -6.824006 0.003689 -6.663413
v -6.840621 0.018740 -6.666543
v -6.840631 0.018672 -6.666460
v -6.840700 0.018780 -6.666482
v -6.846715 2.782980 -6.556004
v -6.846783 2.782946 -6.555928
v -6.801228 2.824002 -6.564280
v -6.801309 2.823902 -6.564328
v -6.840699 2.803410 -6.560091
v -6.840630 2.803519 -6.560113
v -6.840634 2.803437 -6.560165
v -6.824006 2.818502 -6.563161
v -6.824015 2.818417 -6.563213
v -6.801309 2.708394 -7.132174
v -6.801228 2.708467 -7.132258
v -6.846783 2.667411 -7.123907
v -6.846715 2.667472 -7.123850
v -6.824005 2.702966 -7.131139
v -6.824015 2.702909 -7.131059
v -6.840630 2.687984 -7.128091
v -6.840699 2.687875 -7.128069
v -6.840634 2.687929 -7.128011
v -6.801310 0.129686 -6.016286
v -6.801229 0.129613 -6.016202
v -6.846784 0.170669 -6.024553
v -6.846716 0.170608 -6.024610
v -6.824006 0.135114 -6.017321
v -6.824016 0.135171 -6.017401
v -6.840631 0.150096 -6.020369
v -6.840700 0.150205 -6.020391
v -6.840634 0.150151 -6.020449
v -6.846715 0.055100 -6.592456
v -6.846783 0.055134 -6.592532
v -6.801228 0.014078 -6.584180
v -6.801309 0.014178 -6.584131
v -6.840700 0.034670 -6.588368
v -6.840631 0.034561 -6.588346
v -6.840634 0.034643 -6.588294
v -6.824006 0.019579 -6.585299
v -6.824015 0.019663 -6.585247
v -4.709275 2.922442 -7.278444
v -4.709243 2.922363 -7.278497
v -4.709343 2.922375 -7.278438
v -4.709275 3.002525 -6.884756
v -4.709343 3.002460 -6.884735
v -4.709244 3.002472 -6.884676
v -3.085915 2.922376 -7.278430
v -3.085983 2.922363 -7.278496
v -3.085983 2.922443 -7.278443
v -3.085983 3.002524 -6.884754
v -3.085983 3.002472 -6.884675
v -3.085915 3.002458 -6.884741
v -4.709343 -0.007192 -6.682521
v -4.709244 -0.007204 -6.682580
v -4.709275 -0.007257 -6.682500
v -4.709276 0.072825 -6.288812
v -4.709244 0.072905 -6.288759
v -4.709344 0.072893 -6.288817
v -3.085916 -0.007191 -6.682513
v -3.085983 -0.007257 -6.682499
v -3.085983 -0.007204 -6.682579
v -3.085916 0.072891 -6.288824
v -3.085984 0.072905 -6.288758
v -3.085984 0.072825 -6.288811
v -4.634624 0.072825 -6.288812
v -4.634624 0.072905 -6.288759
v -4.634623 -0.007257 -6.682500
v -4.634623 -0.007204 -6.682580
v -4.634623 3.002525 -6.884756
v -4.634623 3.002472 -6.884676
v -4.634623 2.922443 -7.278444
v -4.634623 2.922363 -7.278497
v -4.732339 2.993884 -6.927231
v -4.732411 2.993818 -6.927218
v -4.732339 2.931083 -7.235968
v -4.732411 2.931016 -7.235955
v -3.085983 2.931069 -7.236033
v -3.085963 2.931010 -7.235952
v -3.085915 2.931003 -7.236020
v -3.085963 2.993812 -6.927216
v -3.085983 2.993898 -6.927164
v -3.085915 2.993832 -6.927151
v -3.085983 0.001369 -6.640090
v -3.085916 0.001436 -6.640103
v -3.085964 0.001456 -6.640038
v -3.085964 0.064257 -6.331301
v -3.085916 0.064264 -6.331234
v -3.085984 0.064198 -6.331220
v -4.732339 0.001383 -6.640024
v -4.732411 0.001449 -6.640038
v -4.732339 0.064185 -6.331288
v -4.732411 0.064251 -6.331301
v -4.634555 0.064257 -6.331302
v -4.634681 0.064198 -6.331221
v -4.634633 0.064237 -6.331367
v -4.634555 0.001455 -6.640039
v -4.634633 0.001463 -6.639972
v -4.634681 0.001369 -6.640090
v -4.634555 2.993812 -6.927217
v -4.634633 2.993805 -6.927284
v -4.634681 2.993898 -6.927165
v -4.634555 2.931010 -7.235953
v -4.634681 2.931069 -7.236034
v -4.634633 2.931030 -7.235889
v -3.105859 2.901249 -7.229829
v -3.105791 2.901183 -7.229816
v -3.105742 2.901309 -7.229910
v -4.634633 2.891433 -7.227834
v -4.634564 2.891367 -7.227820
v -4.634555 2.891426 -7.227901
v -3.105859 0.094018 -6.337424
v -3.105792 0.094084 -6.337438
v -3.105743 0.093958 -6.337343
v -4.634565 0.103900 -6.339436
v -4.634555 0.103841 -6.339355
v -4.634633 0.103834 -6.339422
v -3.105859 0.031243 -6.646028
v -3.105743 0.031157 -6.646080
v -3.105791 0.031309 -6.646041
v -4.634555 0.041040 -6.648091
v -4.634565 0.041125 -6.648039
v -4.634633 0.041059 -6.648026
v -3.105859 2.964024 -6.921225
v -3.105742 2.964111 -6.921174
v -3.105791 2.963958 -6.921212
v -4.634565 2.954142 -6.919216
v -4.634633 2.954208 -6.919229
v -4.634555 2.954228 -6.919165
v -4.755886 0.032850 -6.485669
v -4.755814 0.032784 -6.485656
v -4.755886 2.962417 -7.081586
v -4.755814 2.962483 -7.081600
v -4.658345 2.962483 -7.081599
v -4.658276 2.962417 -7.081586
v -4.658277 0.032850 -6.485669
v -4.658345 0.032784 -6.485656
v -3.105859 0.062631 -6.491726
v -3.105792 0.062697 -6.491739
v -3.105791 2.932570 -7.075514
v -3.105859 2.932636 -7.075527
v -4.658276 2.922821 -7.073532
v -4.658207 2.922755 -7.073518
v -4.658208 0.072513 -6.493738
v -4.658277 0.072447 -6.493724
v -0.825598 2.746599 -5.909117
v -0.825616 2.746531 -5.909049
v -0.825529 2.746531 -5.909114
v -0.825597 2.746599 -6.648152
v -0.825529 2.746531 -6.648155
v -0.825615 2.746531 -6.648220
v -2.448944 2.746531 -5.909118
v -2.448876 2.746531 -5.909050
v -2.448876 2.746599 -5.909118
v -2.448875 2.746599 -6.648153
v -2.448875 2.746531 -6.648221
v -2.448943 2.746531 -6.648153
v -0.825529 -0.002900 -5.909114
v -0.825615 -0.002900 -5.909049
v -0.825597 -0.002968 -5.909117
v -0.825597 -0.002968 -6.648152
v -0.825615 -0.002900 -6.648220
v -0.825528 -0.002900 -6.648155
v -2.448943 -0.002900 -5.909118
v -2.448876 -0.002968 -5.909118
v -2.448876 -0.002900 -5.909050
v -2.448943 -0.002900 -6.648153
v -2.448875 -0.002900 -6.648221
v -2.448875 -0.002968 -6.648153
v -0.900236 -0.002968 -6.648152
v -0.900236 -0.002900 -6.648220
v -0.900236 -0.002968 -5.909117
v -0.900236 -0.002900 -5.909049
v -0.900236 2.746599 -6.648152
v -0.900236 2.746531 -6.648220
v -0.900236 2.746599 -5.909117
v -0.900236 2.746531 -5.909049
v -0.802517 2.746599 -6.568372
v -0.802447 2.746531 -6.568372
v -0.802517 2.746599 -5.988897
v -0.802448 2.746531 -5.988897
v -2.448876 2.746599 -5.988831
v -2.448892 2.746525 -5.988898
v -2.448944 2.746531 -5.988831
v -2.448891 2.746525 -6.568373
v -2.448875 2.746599 -6.568440
v -2.448943 2.746531 -6.568440
v -2.448876 -0.002968 -5.988831
v -2.448943 -0.002900 -5.988831
v -2.448891 -0.002895 -5.988898
v -2.448891 -0.002895 -6.568373
v -2.448943 -0.002900 -6.568440
v -2.448875 -0.002968 -6.568440
v -0.802517 -0.002968 -5.988897
v -0.802448 -0.002900 -5.988897
v -0.802516 -0.002968 -6.568372
v -0.802447 -0.002900 -6.568372
v -0.900303 -0.002895 -6.568372
v -0.900173 -0.002968 -6.568439
v -0.900230 -0.002900 -6.568304
v -0.900304 -0.002895 -5.988897
v -0.900231 -0.002900 -5.988965
v -0.900174 -0.002968 -5.988830
v -0.900304 2.746526 -6.568372
v -0.900230 2.746531 -6.568304
v -0.900173 2.746599 -6.568439
v -0.900304 2.746526 -5.988897
v -0.900174 2.746599 -5.988830
v -0.900231 2.746531 -5.988965
v -2.429000 2.718587 -5.988966
v -2.429068 2.718520 -5.988966
v -2.429120 2.718661 -5.988898
v -0.900231 2.709380 -5.988965
v -0.900299 2.709313 -5.988965
v -0.900304 2.709386 -5.988897
v -2.428999 0.025044 -6.568305
v -2.429067 0.025111 -6.568305
v -2.429119 0.024970 -6.568373
v -0.900298 0.034318 -6.568304
v -0.900303 0.034245 -6.568372
v -0.900230 0.034251 -6.568304
v -2.429000 0.025044 -5.988966
v -2.429120 0.024970 -5.988898
v -2.429068 0.025111 -5.988966
v -0.900304 0.034245 -5.988897
v -0.900298 0.034318 -5.988965
v -0.900230 0.034251 -5.988965
v -2.428999 2.718587 -6.568305
v -2.429119 2.718661 -6.568373
v -2.429067 2.718520 -6.568305
v -0.900298 2.709313 -6.568304
v -0.900230 2.709380 -6.568304
v -0.900304 2.709386 -6.568372
v -0.778973 -0.002900 -6.278634
v -0.779042 -0.002968 -6.278634
v -0.778973 2.746531 -6.278634
v -0.779042 2.746599 -6.278634
v -0.876514 2.746599 -6.278635
v -0.876582 2.746531 -6.278635
v -0.876582 -0.002900 -6.278635
v -0.876514 -0.002968 -6.278635
v -2.428999 0.025044 -6.278636
v -2.429067 0.025111 -6.278636
v -2.429068 2.718520 -6.278636
v -2.429000 2.718587 -6.278636
v -0.876582 2.709380 -6.278635
v -0.876650 2.709313 -6.278635
v -0.876650 0.034318 -6.278635
v -0.876582 0.034251 -6.278635
v -1.133855 3.193442 -6.647899
v -1.133882 3.193374 -6.647831
v -1.133787 3.193374 -6.647893
v -1.133855 3.193442 -7.139907
v -1.133787 3.193374 -7.139913
v -1.133881 3.193374 -7.139975
v -2.757210 3.193374 -6.647900
v -2.757142 3.193374 -6.647832
v -2.757142 3.193441 -6.647900
v -2.757142 3.193441 -7.139908
v -2.757142 3.193374 -7.139976
v -2.757209 3.193374 -7.139908
v -1.133787 -0.003256 -6.647893
v -1.133881 -0.003256 -6.647831
v -1.133855 -0.003324 -6.647899
v -1.133855 -0.003324 -7.139907
v -1.133881 -0.003256 -7.139975
v -1.133786 -0.003256 -7.139913
v -2.757209 -0.003257 -6.647900
v -2.757142 -0.003324 -6.647900
v -2.757142 -0.003257 -6.647832
v -2.757209 -0.003257 -7.139908
v -2.757142 -0.003257 -7.139976
v -2.757142 -0.003324 -7.139908
v -1.208502 -0.003324 -7.139907
v -1.208502 -0.003256 -7.139975
v -1.208502 -0.003324 -6.647899
v -1.208502 -0.003256 -6.647831
v -1.208502 3.193442 -7.139907
v -1.208502 3.193374 -7.139975
v -1.208502 3.193442 -6.647899
v -1.208502 3.193374 -6.647831
v -1.110785 3.193442 -7.086812
v -1.110714 3.193374 -7.086812
v -1.110785 3.193442 -6.700994
v -1.110714 3.193374 -6.700994
v -2.757142 3.193441 -6.700928
v -2.757164 3.193367 -6.700995
v -2.757210 3.193374 -6.700928
v -2.757164 3.193367 -7.086813
v -2.757142 3.193441 -7.086881
v -2.757210 3.193374 -7.086881
v -2.757142 -0.003324 -6.700928
v -2.757209 -0.003257 -6.700928
v -2.757164 -0.003250 -6.700995
v -2.757164 -0.003250 -7.086813
v -2.757209 -0.003257 -7.086881
v -2.757142 -0.003324 -7.086881
v -1.110785 -0.003324 -6.700994
v -1.110714 -0.003256 -6.700994
v -1.110784 -0.003324 -7.086812
v -1.110713 -0.003256 -7.086812
v -1.208570 -0.003250 -7.086812
v -1.208442 -0.003324 -7.086879
v -1.208494 -0.003256 -7.086744
v -1.208570 -0.003250 -6.700994
v -1.208494 -0.003256 -6.701062
v -1.208442 -0.003324 -6.700927
v -1.208570 3.193367 -7.086812
v -1.208494 3.193374 -7.086744
v -1.208442 3.193442 -7.086879
v -1.208570 3.193367 -6.700994
v -1.208442 3.193442 -6.700927
v -1.208494 3.193374 -6.701062
v -2.737266 3.160873 -6.701063
v -2.737334 3.160806 -6.701063
v -2.737380 3.160949 -6.700995
v -1.208494 3.150158 -6.701062
v -1.208562 3.150091 -6.701062
v -1.208570 3.150166 -6.700994
v -2.737266 0.029244 -7.086745
v -2.737333 0.029311 -7.086745
v -2.737379 0.029168 -7.086813
v -1.208562 0.040026 -7.086744
v -1.208570 0.039952 -7.086812
v -1.208494 0.039959 -7.086744
v -2.737266 0.029244 -6.701063
v -2.737379 0.029168 -6.700995
v -2.737334 0.029311 -6.701063
v -1.208570 0.039952 -6.700994
v -1.208562 0.040026 -6.701062
v -1.208494 0.039959 -6.701062
v -2.737266 3.160873 -7.086745
v -2.737379 3.160949 -7.086813
v -2.737334 3.160806 -7.086745
v -1.208562 3.150091 -7.086744
v -1.208494 3.150158 -7.086744
v -1.208570 3.150166 -7.086812
v -1.087239 -0.003256 -6.893903
v -1.087309 -0.003324 -6.893903
v -1.087239 3.193374 -6.893903
v -1.087310 3.193442 -6.893903
v -1.184780 3.193442 -6.893903
v -1.184849 3.193374 -6.893903
v -1.184848 -0.003256 -6.893903
v -1.184780 -0.003324 -6.893903
v -2.737266 0.029244 -6.893904
v -2.737334 0.029311 -6.893904
v -2.737334 3.160806 -6.893904
v -2.737266 3.160873 -6.893904
v -1.184849 3.150158 -6.893903
v -1.184917 3.150091 -6.893903
v -1.184916 0.040026 -6.893903
v -1.184848 0.039959 -6.893903
v -3.976467 -0.000455 -2.966691
v -3.976532 -0.000523 -2.966666
v -3.976541 -0.000458 -2.966752
v -3.976466 0.491150 -2.966691
v -3.976541 0.491153 -2.966752
v -3.976532 0.491218 -2.966666
v -3.858939 -0.000455 -1.893176
v -3.858946 -0.000523 -1.893244
v -3.858879 -0.000455 -1.893251
v -3.858879 0.491150 -1.893251
v -3.858946 0.491218 -1.893244
v -3.858939 0.491150 -1.893176
v -5.794704 -0.000458 -2.767585
v -5.794695 -0.000523 -2.767499
v -5.794765 -0.000455 -2.767510
v -5.794764 0.491150 -2.767510
v -5.794695 0.491218 -2.767499
v -5.794704 0.491153 -2.767585
v -5.677103 -0.000455 -1.694009
v -5.677177 -0.000455 -1.694069
v -5.677110 -0.000523 -1.694077
v -5.677103 0.491150 -1.694009
v -5.677110 0.491218 -1.694077
v -5.677177 0.491150 -1.694069
v -5.789359 0.491150 -2.718168
v -5.789292 0.491218 -2.718175
v -5.789359 -0.000455 -2.718168
v -5.789292 -0.000523 -2.718175
v -3.971061 0.491150 -2.917349
v -3.971128 0.491218 -2.917342
v -3.971061 -0.000455 -2.917349
v -3.971128 -0.000523 -2.917342
v -3.978137 0.438098 -2.981948
v -3.978212 0.438098 -2.982010
v -3.978137 0.052597 -2.981948
v -3.978212 0.052597 -2.982010
v -3.858879 0.052530 -1.893251
v -3.858950 0.052597 -1.893227
v -3.858939 0.052530 -1.893176
v -3.858950 0.438098 -1.893227
v -3.858879 0.438166 -1.893251
v -3.858939 0.438166 -1.893176
v -5.677177 0.052530 -1.694069
v -5.677103 0.052530 -1.694009
v -5.677103 0.052597 -1.694062
v -5.677103 0.438098 -1.694062
v -5.677103 0.438166 -1.694009
v -5.677177 0.438166 -1.694069
v -5.796435 0.052597 -2.782767
v -5.796376 0.052597 -2.782843
v -5.796435 0.438098 -2.782767
v -5.796376 0.438098 -2.782843
v -5.789279 0.438098 -2.718108
v -5.789366 0.438166 -2.718230
v -5.789292 0.438031 -2.718180
v -5.789279 0.052597 -2.718108
v -5.789292 0.052665 -2.718180
v -5.789366 0.052530 -2.718230
v -3.971127 0.438098 -2.917274
v -3.971129 0.438031 -2.917347
v -3.971068 0.438166 -2.917411
v -3.971127 0.052597 -2.917274
v -3.971068 0.052530 -2.917411
v -3.971129 0.052665 -2.917347
v -3.878843 0.052665 -1.904366
v -3.878902 0.052665 -1.904291
v -3.878756 0.052597 -1.904255
v -3.995652 0.052665 -2.914661
v -3.995712 0.052665 -2.914586
v -3.995638 0.052597 -2.914589
v -5.660092 0.438030 -1.709243
v -5.660018 0.438030 -1.709183
v -5.660153 0.438098 -1.709115
v -5.764695 0.438030 -2.720806
v -5.764767 0.438098 -2.720793
v -5.764769 0.438031 -2.720867
v -5.660092 0.052665 -1.709243
v -5.660153 0.052597 -1.709115
v -5.660018 0.052665 -1.709183
v -5.764767 0.052597 -2.720793
v -5.764695 0.052665 -2.720806
v -5.764769 0.052665 -2.720867
v -3.878843 0.438030 -1.904366
v -3.878756 0.438098 -1.904255
v -3.878902 0.438030 -1.904291
v -3.995712 0.438030 -2.914586
v -3.995652 0.438031 -2.914661
v -3.995638 0.438098 -2.914589
v -5.798077 0.245348 -2.798367
v -5.798136 0.245348 -2.798291
v -3.979913 0.245348 -2.997534
v -3.979838 0.245348 -2.997472
v -3.972782 0.245348 -2.933059
v -3.972842 0.245348 -2.932984
v -5.791006 0.245348 -2.733817
v -5.791080 0.245348 -2.733877
v -5.660092 0.245348 -1.709243
v -5.660018 0.245348 -1.709183
v -3.878902 0.245348 -1.904291
v -3.878843 0.245348 -1.904366
v -3.997365 0.245348 -2.930298
v -3.997425 0.245348 -2.930223
v -5.766408 0.245348 -2.736444
v -5.766482 0.245348 -2.736504
v -5.804567 0.757830 -1.403331
v -5.804502 0.757762 -1.403364
v -5.804492 0.757824 -1.403270
v -5.804566 1.085098 -1.403331
v -5.804492 1.085104 -1.403270
v -5.804502 1.085166 -1.403364
v -5.922095 0.757830 -2.476854
v -5.922088 0.757762 -2.476787
v -5.922155 0.757830 -2.476779
v -5.922156 1.085098 -2.476779
v -5.922089 1.085166 -2.476787
v -5.922096 1.085098 -2.476854
v -3.690594 0.757825 -1.634832
v -3.690604 0.757762 -1.634926
v -3.690534 0.757830 -1.634907
v -3.690534 1.085098 -1.634907
v -3.690604 1.085166 -1.634926
v -3.690594 1.085104 -1.634832
v -3.808197 0.757830 -2.708416
v -3.808123 0.757830 -2.708356
v -3.808190 0.757762 -2.708349
v -3.808197 1.085098 -2.708416
v -3.808190 1.085166 -2.708349
v -3.808123 1.085098 -2.708356
v -3.695940 1.085098 -1.684258
v -3.696008 1.085166 -1.684250
v -3.695940 0.757830 -1.684258
v -3.696008 0.757762 -1.684250
v -5.809972 1.085098 -1.452681
v -5.809905 1.085166 -1.452688
v -5.809972 0.757830 -1.452681
v -5.809905 0.757762 -1.452688
v -5.802896 1.049798 -1.388084
v -5.802821 1.049798 -1.388021
v -5.802896 0.793130 -1.388084
v -5.802821 0.793130 -1.388021
v -5.922155 0.793062 -2.476779
v -5.922083 0.793130 -2.476810
v -5.922095 0.793062 -2.476854
v -5.922084 1.049798 -2.476810
v -5.922156 1.049866 -2.476779
v -5.922096 1.049866 -2.476854
v -3.808123 0.793062 -2.708356
v -3.808197 0.793062 -2.708416
v -3.808199 0.793130 -2.708370
v -3.808199 1.049798 -2.708370
v -3.808197 1.049866 -2.708416
v -3.808123 1.049866 -2.708356
v -3.688864 0.793130 -1.619660
v -3.688923 0.793130 -1.619582
v -3.688864 1.049798 -1.619660
v -3.688923 1.049798 -1.619582
v -3.696022 1.049798 -1.684317
v -3.695934 1.049866 -1.684198
v -3.696007 1.049731 -1.684242
v -3.696022 0.793130 -1.684317
v -3.696007 0.793197 -1.684242
v -3.695934 0.793062 -1.684198
v -5.809906 1.049798 -1.452757
v -5.809904 1.049731 -1.452680
v -5.809966 1.049866 -1.452622
v -5.809906 0.793130 -1.452757
v -5.809966 0.793062 -1.452622
v -5.809904 0.793197 -1.452680
v -5.899178 0.793198 -2.465995
v -5.899118 0.793198 -2.466069
v -5.899265 0.793130 -2.466099
v -5.781371 0.793197 -1.455806
v -5.781311 0.793198 -1.455881
v -5.781386 0.793130 -1.455881
v -3.828220 1.049731 -2.692853
v -3.828294 1.049731 -2.692913
v -3.828158 1.049798 -2.692974
v -3.724615 1.049731 -1.681177
v -3.724541 1.049798 -1.681193
v -3.724540 1.049731 -1.681116
v -3.828220 0.793198 -2.692853
v -3.828158 0.793130 -2.692974
v -3.828294 0.793198 -2.692913
v -3.724541 0.793130 -1.681193
v -3.724615 0.793198 -1.681177
v -3.724540 0.793197 -1.681116
v -5.899179 1.049731 -2.465995
v -5.899266 1.049798 -2.466099
v -5.899119 1.049731 -2.466069
v -5.781312 1.049731 -1.455881
v -5.781371 1.049731 -1.455806
v -5.781386 1.049798 -1.455881
v -3.687223 0.921464 -1.604059
v -3.687164 0.921464 -1.604136
v -5.801121 0.921464 -1.372497
v -5.801196 0.921464 -1.372560
v -5.808251 0.921464 -1.436971
v -5.808192 0.921464 -1.437046
v -3.694294 0.921464 -1.668608
v -3.694219 0.921464 -1.668548
v -3.828220 0.921464 -2.692853
v -3.828294 0.921464 -2.692913
v -5.899119 0.921464 -2.466069
v -5.899179 0.921464 -2.465995
v -5.779658 0.921464 -1.440172
v -5.779599 0.921464 -1.440247
v -3.722902 0.921464 -1.665543
v -3.722828 0.921464 -1.665483
v -3.531679 0.556045 -1.147684
v -3.531610 0.555977 -1.147715
v -3.531612 0.556037 -1.147615
v -3.531678 0.823268 -1.147684
v -3.531612 0.823276 -1.147615
v -3.531610 0.823335 -1.147715
v -3.512033 0.556045 -2.227449
v -3.512035 0.555977 -2.227381
v -3.512102 0.556045 -2.227382
v -3.512102 0.823268 -2.227382
v -3.512035 0.823335 -2.227381
v -3.512033 0.823268 -2.227449
v -1.543150 0.556037 -1.111562
v -1.543149 0.555977 -1.111661
v -1.543081 0.556044 -1.111629
v -1.543081 0.823268 -1.111629
v -1.543149 0.823335 -1.111661
v -1.543150 0.823276 -1.111562
v -1.523572 0.556044 -2.191396
v -1.523505 0.556044 -2.191327
v -1.523573 0.555977 -2.191328
v -1.523572 0.823268 -2.191396
v -1.523573 0.823335 -2.191328
v -1.523505 0.823268 -2.191327
v -1.542181 0.823268 -1.161272
v -1.542249 0.823335 -1.161273
v -1.542181 0.556044 -1.161272
v -1.542249 0.555977 -1.161273
v -3.530778 0.823268 -1.197327
v -3.530711 0.823335 -1.197326
v -3.530778 0.556045 -1.197327
v -3.530711 0.555977 -1.197326
v -3.531957 0.794454 -1.132356
v -3.531890 0.794454 -1.132282
v -3.531957 0.584858 -1.132356
v -3.531890 0.584858 -1.132282
v -3.512102 0.584790 -2.227382
v -3.512028 0.584858 -2.227400
v -3.512033 0.584790 -2.227449
v -3.512028 0.794454 -2.227400
v -3.512102 0.794522 -2.227382
v -3.512033 0.794522 -2.227449
v -1.523505 0.584790 -2.191327
v -1.523572 0.584790 -2.191396
v -1.523579 0.584858 -2.191348
v -1.523579 0.794454 -2.191348
v -1.523572 0.794522 -2.191396
v -1.523505 0.794522 -2.191327
v -1.543359 0.584858 -1.096300
v -1.543428 0.584858 -1.096229
v -1.543359 0.794454 -1.096300
v -1.543428 0.794454 -1.096229
v -1.542254 0.794454 -1.161341
v -1.542182 0.794522 -1.161214
v -1.542249 0.794387 -1.161263
v -1.542254 0.584858 -1.161341
v -1.542249 0.584925 -1.161263
v -1.542182 0.584790 -1.161214
v -3.530703 0.794454 -1.197394
v -3.530711 0.794387 -1.197316
v -3.530779 0.794522 -1.197269
v -3.530703 0.584858 -1.197394
v -3.530779 0.584790 -1.197269
v -3.530711 0.584925 -1.197316
v -3.492082 0.584926 -2.213794
v -3.492014 0.584926 -2.213861
v -3.492155 0.584858 -2.213912
v -3.503879 0.584925 -1.196830
v -3.503811 0.584926 -1.196897
v -3.503885 0.584858 -1.196907
v -1.544004 0.794386 -2.178474
v -1.544070 0.794386 -2.178543
v -1.543927 0.794454 -2.178589
v -1.569147 0.794386 -1.161819
v -1.569073 0.794454 -1.161827
v -1.569081 0.794387 -1.161750
v -1.544004 0.584926 -2.178474
v -1.543927 0.584858 -2.178589
v -1.544070 0.584926 -2.178543
v -1.569073 0.584858 -1.161827
v -1.569147 0.584926 -1.161819
v -1.569081 0.584925 -1.161750
v -3.492082 0.794387 -2.213794
v -3.492155 0.794454 -2.213912
v -3.492014 0.794387 -2.213861
v -3.503811 0.794387 -1.196897
v -3.503879 0.794387 -1.196830
v -3.503885 0.794454 -1.196907
v -1.543711 0.689656 -1.080615
v -1.543642 0.689656 -1.080685
v -3.532173 0.689656 -1.116668
v -3.532240 0.689656 -1.116741
v -3.531065 0.689656 -1.181525
v -3.530996 0.689656 -1.181593
v -1.542534 0.689656 -1.145540
v -1.542468 0.689656 -1.145470
v -1.544004 0.689656 -2.178474
v -1.544070 0.689656 -2.178543
v -3.492014 0.689656 -2.213861
v -3.492082 0.689656 -2.213794
v -3.504164 0.689656 -1.181106
v -3.504096 0.689656 -1.181173
v -1.569432 0.689656 -1.146096
v -1.569366 0.689656 -1.146026
v -3.625960 1.311570 -2.350946
v -3.625892 1.311638 -2.350926
v -3.625891 1.311573 -2.351013
v -3.625959 0.819965 -2.350946
v -3.625890 0.819962 -2.351013
v -3.625891 0.819897 -2.350926
v -3.645469 1.311570 -1.271192
v -3.645468 1.311638 -1.271260
v -3.645536 1.311570 -1.271261
v -3.645535 0.819965 -1.271261
v -3.645467 0.819897 -1.271260
v -3.645468 0.819965 -1.271192
v -1.797152 1.311576 -2.317856
v -1.797153 1.311641 -2.317769
v -1.797086 1.311573 -2.317786
v -1.797085 0.819968 -2.317786
v -1.797153 0.819900 -2.317769
v -1.797151 0.819965 -2.317856
v -1.816730 1.311573 -1.238035
v -1.816661 1.311573 -1.238102
v -1.816729 1.311641 -1.238103
v -1.816729 0.819968 -1.238035
v -1.816728 0.819900 -1.238103
v -1.816661 0.819968 -1.238102
v -1.797985 0.819968 -2.268157
v -1.798052 0.819900 -2.268158
v -1.797985 1.311573 -2.268157
v -1.798053 1.311641 -2.268158
v -3.626859 0.819965 -2.301316
v -3.626791 0.819897 -2.301315
v -3.626860 1.311570 -2.301316
v -3.626792 1.311638 -2.301315
v -3.625681 0.873017 -2.366291
v -3.625612 0.873017 -2.366359
v -3.625682 1.258518 -2.366291
v -3.625613 1.258518 -2.366359
v -3.645536 1.258586 -1.271261
v -3.645463 1.258518 -1.271244
v -3.645469 1.258586 -1.271192
v -3.645462 0.873017 -1.271244
v -3.645535 0.872949 -1.271261
v -3.645468 0.872949 -1.271192
v -1.816661 1.258588 -1.238102
v -1.816730 1.258588 -1.238035
v -1.816735 1.258521 -1.238087
v -1.816734 0.873020 -1.238087
v -1.816730 0.872952 -1.238035
v -1.816661 0.872952 -1.238102
v -1.796807 1.258521 -2.333132
v -1.796874 1.258521 -2.333202
v -1.796807 0.873020 -2.333132
v -1.796873 0.873020 -2.333202
v -1.798059 0.873020 -2.268090
v -1.797984 0.872952 -2.268219
v -1.798052 0.873087 -2.268163
v -1.798060 1.258521 -2.268090
v -1.798053 1.258453 -2.268163
v -1.797984 1.258588 -2.268219
v -3.626787 0.873017 -2.301247
v -3.626791 0.873085 -2.301321
v -3.626858 0.872949 -2.301379
v -3.626788 1.258518 -2.301247
v -3.626858 1.258586 -2.301379
v -3.626792 1.258450 -2.301321
v -3.626663 1.258450 -1.284144
v -3.626597 1.258450 -1.284075
v -3.626740 1.258518 -1.284026
v -3.602126 1.258451 -2.300873
v -3.602060 1.258450 -2.300804
v -3.602133 1.258518 -2.300800
v -1.835053 0.873088 -1.251660
v -1.835122 0.873088 -1.251594
v -1.834981 0.873020 -1.251539
v -1.822787 0.873088 -2.268544
v -1.822714 0.873020 -2.268537
v -1.822718 0.873087 -2.268611
v -1.835054 1.258453 -1.251660
v -1.834982 1.258521 -1.251539
v -1.835122 1.258453 -1.251594
v -1.822714 1.258521 -2.268537
v -1.822787 1.258453 -2.268544
v -1.822719 1.258453 -2.268611
v -3.626663 0.873085 -1.284144
v -3.626739 0.873017 -1.284026
v -3.626597 0.873085 -1.284075
v -3.602059 0.873085 -2.300804
v -3.602125 0.873085 -2.300873
v -3.602133 0.873017 -2.300800
v -1.796590 1.065770 -2.348816
v -1.796524 1.065770 -2.348746
v -3.625329 1.065768 -2.381973
v -3.625398 1.065768 -2.381905
v -3.626573 1.065768 -2.317117
v -3.626506 1.065768 -2.317048
v -1.797767 1.065770 -2.283891
v -1.797698 1.065770 -2.283958
v -1.835053 1.065770 -1.251660
v -1.835122 1.065770 -1.251594
v -3.626597 1.065768 -1.284075
v -3.626663 1.065768 -1.284144
v -3.601840 1.065768 -2.316601
v -3.601774 1.065768 -2.316532
v -1.822502 1.065770 -2.284272
v -1.822433 1.065770 -2.284339
v -1.471333 -0.006294 -2.240458
v -1.471400 -0.006362 -2.240443
v -1.471399 -0.006296 -2.240527
v -1.471333 0.543510 -2.240458
v -1.471399 0.543512 -2.240527
v -1.471401 0.543578 -2.240443
v -1.490977 -0.006294 -1.160709
v -1.490976 -0.006362 -1.160777
v -1.490908 -0.006294 -1.160775
v -1.490908 0.543510 -1.160775
v -1.490976 0.543578 -1.160777
v -1.490977 0.543510 -1.160709
v -3.597592 -0.006296 -2.279077
v -3.597594 -0.006362 -2.278993
v -3.597661 -0.006294 -2.279010
v -3.597661 0.543510 -2.279010
v -3.597594 0.543578 -2.278993
v -3.597592 0.543512 -2.279077
v -3.617170 -0.006294 -1.199259
v -3.617237 -0.006294 -1.199328
v -3.617169 -0.006362 -1.199327
v -3.617170 0.543510 -1.199259
v -3.617169 0.543578 -1.199327
v -3.617237 0.543510 -1.199328
v -3.598561 0.543510 -2.229383
v -3.598493 0.543578 -2.229381
v -3.598561 -0.006294 -2.229383
v -3.598493 -0.006362 -2.229381
v -1.472232 0.543510 -2.190830
v -1.472300 0.543578 -2.190832
v -1.472232 -0.006294 -2.190830
v -1.472300 -0.006362 -2.190832
v -1.471054 0.484171 -2.255805
v -1.471121 0.484171 -2.255876
v -1.471054 0.053045 -2.255805
v -1.471121 0.053045 -2.255876
v -1.490908 0.052977 -1.160775
v -1.490983 0.053045 -1.160755
v -1.490977 0.052977 -1.160709
v -1.490983 0.484171 -1.160755
v -1.490908 0.484239 -1.160775
v -1.490977 0.484239 -1.160709
v -3.617237 0.052977 -1.199328
v -3.617170 0.052977 -1.199259
v -3.617163 0.053045 -1.199304
v -3.617163 0.484171 -1.199304
v -3.617170 0.484239 -1.199259
v -3.617237 0.484239 -1.199328
v -3.597383 0.053045 -2.294358
v -3.597314 0.053045 -2.294425
v -3.597383 0.484171 -2.294358
v -3.597314 0.484171 -2.294425
v -3.598488 0.484171 -2.229313
v -3.598560 0.484239 -2.229445
v -3.598493 0.484103 -2.229386
v -3.598488 0.053045 -2.229313
v -3.598493 0.053113 -2.229386
v -3.598560 0.052977 -2.229445
v -1.472308 0.484171 -2.190764
v -1.472300 0.484103 -2.190837
v -1.472231 0.484239 -2.190893
v -1.472308 0.053045 -2.190764
v -1.472231 0.052977 -2.190893
v -1.472300 0.053113 -2.190837
v -1.512331 0.053113 -1.174388
v -1.512400 0.053113 -1.174322
v -1.512258 0.053045 -1.174274
v -1.500999 0.053113 -2.191357
v -1.501068 0.053113 -2.191290
v -1.500994 0.053045 -2.191284
v -3.595335 0.484103 -1.212155
v -3.595268 0.484103 -1.212086
v -3.595412 0.484171 -1.212043
v -3.569728 0.484103 -2.228797
v -3.569802 0.484171 -2.228793
v -3.569794 0.484103 -2.228866
v -3.595335 0.053113 -1.212155
v -3.595412 0.053045 -1.212043
v -3.595268 0.053113 -1.212086
v -3.569802 0.053045 -2.228793
v -3.569728 0.053113 -2.228797
v -3.569794 0.053113 -2.228866
v -1.512331 0.484103 -1.174388
v -1.512258 0.484171 -1.174274
v -1.512400 0.484103 -1.174322
v -1.501068 0.484103 -2.191290
v -1.500999 0.484104 -2.191357
v -1.500994 0.484171 -2.191284
v -3.597031 0.268608 -2.310040
v -3.597100 0.268608 -2.309972
v -1.470838 0.268608 -2.271490
v -1.470771 0.268608 -2.271420
v -1.471946 0.268608 -2.206632
v -1.472015 0.268608 -2.206565
v -3.598208 0.268608 -2.245115
v -3.598274 0.268608 -2.245184
v -3.595335 0.268608 -1.212155
v -3.595268 0.268608 -1.212086
v -1.512400 0.268608 -1.174322
v -1.512331 0.268608 -1.174388
v -1.500714 0.268608 -2.207085
v -1.500783 0.268608 -2.207019
v -3.569443 0.268608 -2.244525
v -3.569509 0.268608 -2.244594
v -3.697940 0.491612 -2.458388
v -3.698010 0.491544 -2.458364
v -3.698001 0.491604 -2.458463
v -3.697940 0.758835 -2.458388
v -3.698001 0.758843 -2.458463
v -3.698010 0.758903 -2.458364
v -3.803928 0.491612 -1.383659
v -3.803921 0.491544 -1.383726
v -3.803854 0.491612 -1.383720
v -3.803854 0.758835 -1.383720
v -3.803921 0.758903 -1.383726
v -3.803928 0.758835 -1.383659
v -5.677200 0.491604 -2.653523
v -5.677210 0.491544 -2.653424
v -5.677274 0.491612 -2.653462
v -5.677275 0.758835 -2.653462
v -5.677210 0.758903 -2.653424
v -5.677200 0.758843 -2.653523
v -5.783128 0.491612 -1.578719
v -5.783188 0.491612 -1.578793
v -5.783121 0.491544 -1.578787
v -5.783128 0.758835 -1.578719
v -5.783121 0.758903 -1.578787
v -5.783188 0.758835 -1.578793
v -5.682144 0.758835 -2.604051
v -5.682077 0.758903 -2.604044
v -5.682144 0.491612 -2.604051
v -5.682077 0.491544 -2.604044
v -3.702810 0.758835 -2.408977
v -3.702877 0.758903 -2.408983
v -3.702810 0.491612 -2.408977
v -3.702877 0.491544 -2.408983
v -3.696436 0.730022 -2.473646
v -3.696496 0.730022 -2.473724
v -3.696436 0.520425 -2.473646
v -3.696496 0.520425 -2.473724
v -3.803854 0.520358 -1.383720
v -3.803930 0.520425 -1.383708
v -3.803928 0.520358 -1.383659
v -3.803930 0.730022 -1.383708
v -3.803854 0.730089 -1.383720
v -3.803928 0.730089 -1.383659
v -5.783188 0.520358 -1.578793
v -5.783128 0.520358 -1.578719
v -5.783116 0.520425 -1.578767
v -5.783116 0.730022 -1.578767
v -5.783128 0.730089 -1.578719
v -5.783188 0.730089 -1.578793
v -5.675771 0.520426 -2.668720
v -5.675696 0.520426 -2.668785
v -5.675771 0.730022 -2.668720
v -5.675696 0.730022 -2.668785
v -5.682077 0.730022 -2.603976
v -5.682138 0.730089 -2.604109
v -5.682076 0.729955 -2.604054
v -5.682077 0.520426 -2.603976
v -5.682076 0.520492 -2.604054
v -5.682138 0.520358 -2.604109
v -3.702890 0.730022 -2.408916
v -3.702876 0.729955 -2.408993
v -3.702804 0.730089 -2.409035
v -3.702890 0.520425 -2.408916
v -3.702804 0.520358 -2.409035
v -3.702876 0.520492 -2.408993
v -3.822722 0.520493 -1.398866
v -3.822796 0.520493 -1.398805
v -3.822659 0.520425 -1.398743
v -3.729583 0.520492 -2.411625
v -3.729656 0.520493 -2.411564
v -3.729584 0.520425 -2.411547
v -5.761726 0.729954 -1.589965
v -5.761666 0.729954 -1.589891
v -5.761812 0.730022 -1.589857
v -5.655308 0.729954 -2.601347
v -5.655383 0.730022 -2.601345
v -5.655368 0.729955 -2.601422
v -5.761726 0.520493 -1.589965
v -5.761812 0.520425 -1.589857
v -5.761666 0.520493 -1.589891
v -5.655383 0.520426 -2.601345
v -5.655308 0.520493 -2.601347
v -5.655368 0.520492 -2.601422
v -3.822722 0.729954 -1.398866
v -3.822659 0.730022 -1.398743
v -3.822796 0.729954 -1.398805
v -3.729656 0.729954 -2.411564
v -3.729583 0.729955 -2.411625
v -3.729584 0.730022 -2.411547
v -5.674165 0.625224 -2.684326
v -5.674239 0.625224 -2.684262
v -3.694965 0.625224 -2.489266
v -3.694904 0.625224 -2.489188
v -3.701259 0.625224 -2.424705
v -3.701333 0.625224 -2.424643
v -5.680533 0.625224 -2.619704
v -5.680594 0.625224 -2.619779
v -5.761726 0.625224 -1.589965
v -5.761666 0.625224 -1.589891
v -3.822796 0.625224 -1.398805
v -3.822722 0.625224 -1.398866
v -3.728040 0.625224 -2.427275
v -3.728114 0.625224 -2.427214
v -5.653766 0.625224 -2.616997
v -5.653826 0.625224 -2.617072
v -6.428570 0.538956 -1.257402
v -6.428582 0.538888 -1.257473
v -6.428489 0.538951 -1.257453
v -6.428570 0.866224 -1.257402
v -6.428489 0.866230 -1.257453
v -6.428582 0.866292 -1.257473
v -7.483660 0.538956 -1.487734
v -7.483593 0.538888 -1.487719
v -7.483608 0.538956 -1.487653
v -7.483608 0.866224 -1.487653
v -7.483593 0.866292 -1.487719
v -7.483660 0.866224 -1.487734
v -5.975065 0.538950 -3.335094
v -5.975157 0.538888 -3.335114
v -5.975117 0.538956 -3.335174
v -5.975117 0.866224 -3.335174
v -5.975157 0.866292 -3.335114
v -5.975065 0.866230 -3.335094
v -7.030235 0.538956 -3.565374
v -7.030154 0.538956 -3.565426
v -7.030169 0.538889 -3.565360
v -7.030235 0.866224 -3.565374
v -7.030169 0.866292 -3.565360
v -7.030154 0.866224 -3.565426
v -6.023621 0.866224 -3.345760
v -6.023635 0.866292 -3.345694
v -6.023621 0.538956 -3.345760
v -6.023635 0.538888 -3.345694
v -6.477075 0.866224 -1.267987
v -6.477060 0.866292 -1.268053
v -6.477075 0.538956 -1.267987
v -6.477060 0.538888 -1.268053
v -6.413585 0.830925 -1.254131
v -6.413502 0.830925 -1.254182
v -6.413585 0.574256 -1.254131
v -6.413502 0.574256 -1.254182
v -7.483608 0.574188 -1.487653
v -7.483613 0.574256 -1.487731
v -7.483660 0.574188 -1.487734
v -7.483613 0.830925 -1.487731
v -7.483608 0.830992 -1.487653
v -7.483660 0.830992 -1.487734
v -7.030154 0.574188 -3.565426
v -7.030235 0.574188 -3.565374
v -7.030192 0.574256 -3.565358
v -7.030192 0.830925 -3.565358
v -7.030235 0.830992 -3.565374
v -7.030154 0.830992 -3.565426
v -5.960132 0.574256 -3.331904
v -5.960077 0.574256 -3.331823
v -5.960132 0.830925 -3.331904
v -5.960077 0.830925 -3.331823
v -6.023703 0.830925 -3.345702
v -6.023562 0.830992 -3.345747
v -6.023627 0.830857 -3.345692
v -6.023703 0.574256 -3.345702
v -6.023627 0.574323 -3.345692
v -6.023562 0.574188 -3.345747
v -6.477125 0.830925 -1.268074
v -6.477052 0.830857 -1.268052
v -6.477016 0.830992 -1.267974
v -6.477125 0.574256 -1.268074
v -6.477016 0.574188 -1.267974
v -6.477052 0.574323 -1.268052
v -7.466070 0.574324 -1.506002
v -7.466122 0.574324 -1.506082
v -7.466197 0.574256 -1.505953
v -6.470932 0.574323 -1.296096
v -6.470984 0.574324 -1.296176
v -6.471007 0.574256 -1.296105
v -7.021855 0.830857 -3.541438
v -7.021936 0.830857 -3.541387
v -7.021950 0.830925 -3.541536
v -6.029829 0.830857 -3.317597
v -6.029821 0.830925 -3.317671
v -6.029748 0.830857 -3.317648
v -7.021855 0.574324 -3.541438
v -7.021950 0.574256 -3.541536
v -7.021936 0.574324 -3.541387
v -6.029821 0.574256 -3.317671
v -6.029829 0.574324 -3.317597
v -6.029748 0.574323 -3.317648
v -7.466070 0.830857 -1.506002
v -7.466197 0.830925 -1.505953
v -7.466122 0.830857 -1.506082
v -6.470984 0.830857 -1.296176
v -6.470932 0.830857 -1.296096
v -6.471007 0.830925 -1.296105
v -5.944819 0.702590 -3.328493
v -5.944874 0.702590 -3.328574
v -6.398244 0.702590 -1.250853
v -6.398327 0.702590 -1.250802
v -6.461634 0.702590 -1.264617
v -6.461687 0.702590 -1.264698
v -6.008261 0.702590 -3.342339
v -6.008180 0.702590 -3.342390
v -7.021855 0.702590 -3.541439
v -7.021936 0.702590 -3.541387
v -7.466122 0.702590 -1.506082
v -7.466070 0.702590 -1.506002
v -6.455565 0.702590 -1.292742
v -6.455618 0.702590 -1.292823
v -6.014463 0.702590 -3.314244
v -6.014382 0.702590 -3.314295
v -6.414782 1.313514 -3.606896
v -6.414799 1.313446 -3.606823
v -6.414877 1.313506 -3.606885
v -6.414782 1.580737 -3.606896
v -6.414877 1.580745 -3.606885
v -6.414799 1.580805 -3.606823
v -5.569540 1.313514 -2.934703
v -5.569592 1.313446 -2.934746
v -5.569551 1.313514 -2.934798
v -5.569551 1.580737 -2.934798
v -5.569592 1.580805 -2.934746
v -5.569540 1.580737 -2.934703
v -7.652668 1.313506 -2.050237
v -7.652590 1.313446 -2.050175
v -7.652657 1.313514 -2.050142
v -7.652657 1.580737 -2.050142
v -7.652590 1.580805 -2.050175
v -7.652668 1.580745 -2.050237
v -6.807331 1.313514 -1.378055
v -6.807425 1.313514 -1.378044
v -6.807384 1.313446 -1.378097
v -6.807331 1.580737 -1.378055
v -6.807384 1.580805 -1.378097
v -6.807425 1.580737 -1.378044
v -7.613794 1.580737 -2.019240
v -7.613752 1.580805 -2.019293
v -7.613794 1.313514 -2.019240
v -7.613752 1.313446 -2.019293
v -6.375919 1.580737 -3.575994
v -6.375961 1.580805 -3.575941
v -6.375919 1.313514 -3.575994
v -6.375961 1.313446 -3.575941
v -6.426782 1.551924 -3.616438
v -6.426880 1.551924 -3.616430
v -6.426782 1.342328 -3.616438
v -6.426880 1.342328 -3.616430
v -5.569551 1.342260 -2.934798
v -5.569582 1.342328 -2.934728
v -5.569540 1.342260 -2.934703
v -5.569582 1.551924 -2.934728
v -5.569551 1.551992 -2.934798
v -5.569540 1.551992 -2.934703
v -6.807425 1.342260 -1.378044
v -6.807331 1.342260 -1.378055
v -6.807364 1.342328 -1.378090
v -6.807364 1.551924 -1.378090
v -6.807331 1.551992 -1.378055
v -6.807425 1.551992 -1.378044
v -7.664657 1.342328 -2.059684
v -7.664671 1.342328 -2.059782
v -7.664657 1.551924 -2.059684
v -7.664671 1.551924 -2.059782
v -7.613696 1.551924 -2.019256
v -7.613840 1.551992 -2.019276
v -7.613760 1.551857 -2.019299
v -7.613696 1.342328 -2.019256
v -7.613760 1.342395 -2.019299
v -7.613840 1.342260 -2.019276
v -6.375912 1.551924 -3.575894
v -6.375969 1.551857 -3.575948
v -6.375965 1.551992 -3.576030
v -6.375912 1.342328 -3.575894
v -6.375965 1.342260 -3.576030
v -6.375969 1.342395 -3.575947
v -5.592511 1.342395 -2.927168
v -5.592500 1.342395 -2.927073
v -5.592373 1.342328 -2.927155
v -6.392672 1.342395 -3.554942
v -6.392660 1.342395 -3.554847
v -6.392607 1.342328 -3.554899
v -6.805164 1.551856 -1.402134
v -6.805069 1.551856 -1.402145
v -6.805119 1.551924 -1.402003
v -7.596962 1.551856 -2.040314
v -7.597001 1.551924 -2.040251
v -7.597057 1.551857 -2.040304
v -6.805164 1.342395 -1.402134
v -6.805119 1.342328 -1.402003
v -6.805069 1.342395 -1.402144
v -7.597001 1.342328 -2.040251
v -7.596962 1.342395 -2.040314
v -7.597057 1.342395 -2.040304
v -5.592511 1.551856 -2.927168
v -5.592373 1.551924 -2.927155
v -5.592500 1.551856 -2.927073
v -6.392660 1.551856 -3.554847
v -6.392672 1.551857 -3.554942
v -6.392607 1.551924 -3.554899
v -7.676895 1.447126 -2.069501
v -7.676880 1.447126 -2.069404
v -6.439104 1.447126 -3.626150
v -6.439005 1.447126 -3.626158
v -6.388289 1.447126 -3.585830
v -6.388278 1.447126 -3.585735
v -7.626069 1.447126 -2.029087
v -7.626164 1.447126 -2.029076
v -6.805164 1.447126 -1.402134
v -6.805069 1.447126 -1.402145
v -5.592500 1.447126 -2.927073
v -5.592511 1.447126 -2.927168
v -6.404981 1.447126 -3.564730
v -6.404969 1.447126 -3.564635
v -7.609271 1.447126 -2.050102
v -7.609366 1.447126 -2.050092
v -7.778098 1.313298 -1.725039
v -7.778047 1.313365 -1.725087
v -7.778124 1.313301 -1.725131
v -7.778098 0.872318 -1.725039
v -7.778123 0.872315 -1.725132
v -7.778047 0.872250 -1.725088
v -6.840637 1.313298 -1.188924
v -6.840695 1.313365 -1.188958
v -6.840729 1.313298 -1.188899
v -6.840729 0.872318 -1.188900
v -6.840695 0.872250 -1.188959
v -6.840636 0.872318 -1.188925
v -6.870028 1.313305 -3.312817
v -6.869951 1.313370 -3.312773
v -6.869935 1.313302 -3.312841
v -6.869934 0.872323 -3.312843
v -6.869951 0.872255 -3.312774
v -6.870028 0.872319 -3.312818
v -5.932541 1.313302 -2.776610
v -5.932566 1.313302 -2.776702
v -5.932600 1.313370 -2.776643
v -5.932540 0.872323 -2.776611
v -5.932599 0.872255 -2.776644
v -5.932565 0.872323 -2.776703
v -6.826845 0.872323 -3.288197
v -6.826879 0.872255 -3.288138
v -6.826846 1.313302 -3.288196
v -6.826880 1.313370 -3.288137
v -7.735009 0.872318 -1.700394
v -7.734975 0.872250 -1.700453
v -7.735009 1.313298 -1.700393
v -7.734975 1.313365 -1.700452
v -7.791419 0.919901 -1.732659
v -7.791445 0.919901 -1.732752
v -7.791419 1.265714 -1.732658
v -7.791446 1.265714 -1.732751
v -6.840729 1.265782 -1.188899
v -6.840679 1.265714 -1.188955
v -6.840637 1.265782 -1.188924
v -6.840679 0.919901 -1.188955
v -6.840729 0.919834 -1.188900
v -6.840636 0.919834 -1.188925
v -5.932566 1.265786 -2.776702
v -5.932541 1.265786 -2.776610
v -5.932589 1.265719 -2.776631
v -5.932588 0.919906 -2.776631
v -5.932540 0.919838 -2.776610
v -5.932565 0.919838 -2.776703
v -6.883255 1.265719 -3.320461
v -6.883350 1.265719 -3.320436
v -6.883255 0.919906 -3.320462
v -6.883349 0.919906 -3.320437
v -6.826823 0.919906 -3.288100
v -6.826899 0.919838 -3.288228
v -6.826884 0.919973 -3.288141
v -6.826823 1.265719 -3.288100
v -6.826885 1.265651 -3.288141
v -6.826900 1.265786 -3.288227
v -7.734914 0.919901 -1.700424
v -7.734980 0.919969 -1.700456
v -7.735063 0.919834 -1.700425
v -7.734914 1.265714 -1.700423
v -7.735063 1.265782 -1.700424
v -7.734981 1.265647 -1.700455
v -6.842955 1.265646 -1.211640
v -6.842863 1.265646 -1.211665
v -6.842888 1.265714 -1.211516
v -7.722733 1.265647 -1.721869
v -7.722640 1.265646 -1.721894
v -7.722672 1.265714 -1.721828
v -5.953296 0.919974 -2.767092
v -5.953270 0.919974 -2.766999
v -5.953155 0.919906 -2.767096
v -6.839107 0.919974 -3.266635
v -6.839066 0.919906 -3.266695
v -6.839132 0.919973 -3.266727
v -5.953296 1.265651 -2.767091
v -5.953155 1.265719 -2.767095
v -5.953270 1.265651 -2.766999
v -6.839066 1.265719 -3.266695
v -6.839107 1.265651 -3.266634
v -6.839132 1.265651 -3.266726
v -6.842955 0.919969 -1.211641
v -6.842887 0.919902 -1.211517
v -6.842862 0.919969 -1.211666
v -7.722640 0.919969 -1.721895
v -7.722733 0.919969 -1.721870
v -7.722672 0.919902 -1.721829
v -6.896906 1.092812 -3.328190
v -6.896812 1.092812 -3.328214
v -7.805002 1.092808 -1.740505
v -7.804976 1.092808 -1.740412
v -7.748727 1.092808 -1.708240
v -7.748634 1.092808 -1.708265
v -6.840539 1.092812 -3.295950
v -6.840564 1.092812 -3.296043
v -5.953296 1.092812 -2.767091
v -5.953270 1.092812 -2.766999
v -6.842862 1.092808 -1.211665
v -6.842955 1.092808 -1.211640
v -7.736386 1.092808 -1.729679
v -7.736294 1.092808 -1.729704
v -6.852761 1.092812 -3.274444
v -6.852787 1.092812 -3.274536
v -6.807893 -0.006294 -3.577893
v -6.807904 -0.006362 -3.577824
v -6.807982 -0.006296 -3.577857
v -6.807893 0.543510 -3.577893
v -6.807982 0.543512 -3.577857
v -6.807904 0.543578 -3.577824
v -5.812044 -0.006294 -3.160127
v -5.812106 -0.006362 -3.160153
v -5.812080 -0.006294 -3.160215
v -5.812080 0.543510 -3.160215
v -5.812106 0.543578 -3.160153
v -5.812044 0.543510 -3.160127
v -7.630504 -0.006296 -1.616826
v -7.630426 -0.006362 -1.616793
v -7.630467 -0.006294 -1.616737
v -7.630467 0.543510 -1.616737
v -7.630426 0.543578 -1.616793
v -7.630504 0.543512 -1.616826
v -6.634565 -0.006294 -1.199096
v -6.634654 -0.006294 -1.199060
v -6.634628 -0.006362 -1.199122
v -6.634565 0.543510 -1.199096
v -6.634628 0.543578 -1.199122
v -6.634654 0.543510 -1.199060
v -7.584694 0.543510 -1.597538
v -7.584668 0.543578 -1.597601
v -7.584694 -0.006294 -1.597538
v -7.584668 -0.006362 -1.597601
v -6.762120 0.543510 -3.558694
v -6.762146 0.543578 -3.558632
v -6.762120 -0.006294 -3.558694
v -6.762146 -0.006362 -3.558632
v -6.822049 0.484171 -3.583830
v -6.822138 0.484171 -3.583794
v -6.822049 0.053045 -3.583830
v -6.822138 0.053045 -3.583794
v -5.812080 0.052977 -3.160215
v -5.812088 0.053045 -3.160138
v -5.812044 0.052977 -3.160127
v -5.812088 0.484171 -3.160138
v -5.812080 0.484239 -3.160215
v -5.812044 0.484239 -3.160127
v -6.634654 0.052977 -1.199060
v -6.634565 0.052977 -1.199096
v -6.634605 0.053045 -1.199120
v -6.634605 0.484171 -1.199120
v -6.634565 0.484239 -1.199096
v -6.634654 0.484239 -1.199060
v -7.644623 0.053045 -1.622674
v -7.644660 0.053045 -1.622763
v -7.644623 0.484171 -1.622674
v -7.644660 0.484171 -1.622763
v -7.584603 0.484171 -1.597581
v -7.584753 0.484239 -1.597563
v -7.584673 0.484103 -1.597603
v -7.584603 0.053045 -1.597581
v -7.584673 0.053113 -1.597603
v -7.584753 0.052977 -1.597563
v -6.762086 0.484171 -3.558599
v -6.762151 0.484104 -3.558634
v -6.762178 0.484239 -3.558719
v -6.762086 0.053045 -3.558599
v -6.762178 0.052977 -3.558718
v -6.762151 0.053113 -3.558634
v -5.832654 0.053113 -3.145350
v -5.832617 0.053113 -3.145262
v -5.832520 0.053045 -3.145376
v -6.773254 0.053113 -3.532163
v -6.773217 0.053113 -3.532075
v -6.773184 0.053045 -3.532142
v -6.638467 0.484103 -1.224154
v -6.638379 0.484103 -1.224190
v -6.638391 0.484171 -1.224041
v -7.573482 0.484103 -1.624109
v -7.573506 0.484171 -1.624038
v -7.573571 0.484103 -1.624073
v -6.638467 0.053113 -1.224154
v -6.638391 0.053045 -1.224041
v -6.638379 0.053113 -1.224190
v -7.573506 0.053045 -1.624038
v -7.573482 0.053113 -1.624109
v -7.573571 0.053113 -1.624073
v -5.832654 0.484103 -3.145350
v -5.832520 0.484171 -3.145376
v -5.832617 0.484103 -3.145262
v -6.773217 0.484103 -3.532075
v -6.773254 0.484103 -3.532163
v -6.773184 0.484171 -3.532142
v -7.659061 0.268608 -1.628803
v -7.659024 0.268608 -1.628714
v -6.836539 0.268608 -3.589834
v -6.836450 0.268608 -3.589870
v -6.776694 0.268608 -3.564807
v -6.776658 0.268608 -3.564718
v -7.599179 0.268608 -1.603688
v -7.599268 0.268608 -1.603651
v -6.638467 0.268608 -1.224154
v -6.638379 0.268608 -1.224190
v -5.832617 0.268608 -3.145262
v -5.832654 0.268608 -3.145350
v -6.787760 0.268608 -3.538248
v -6.787724 0.268608 -3.538160
v -7.587988 0.268608 -1.630193
v -7.588077 0.268608 -1.630158
v 0.930906 2.839891 -4.991524
v 0.930986 2.839839 -4.991508
v 0.930922 2.839825 -4.991592
v 0.206701 2.692577 -4.991524
v 0.206713 2.692511 -4.991592
v 0.206648 2.692497 -4.991508
v 1.478973 0.145569 -4.991592
v 1.479037 0.145583 -4.991508
v 1.478984 0.145503 -4.991524
v 0.754779 -0.001811 -4.991524
v 0.754699 -0.001758 -4.991508
v 0.754764 -0.001745 -4.991592
v 0.754779 -0.001811 -4.926057
v 0.754699 -0.001758 -4.926057
v 1.479037 0.145583 -4.926057
v 1.478984 0.145503 -4.926057
v 0.206648 2.692497 -4.926057
v 0.206701 2.692577 -4.926057
v 0.930906 2.839891 -4.926057
v 0.930986 2.839839 -4.926057
v 0.284881 2.708480 -5.011771
v 0.284894 2.708414 -5.011840
v 0.852727 2.823988 -5.011771
v 0.852740 2.823922 -5.011840
v 1.400804 0.129600 -5.011771
v 1.400791 0.129666 -5.011840
v 0.832959 0.014092 -5.011771
v 0.832945 0.014158 -5.011840
v 0.832941 0.014179 -4.925990
v 0.832893 0.014078 -4.926121
v 0.833012 0.014172 -4.926062
v 1.400725 0.129653 -4.926062
v 1.400871 0.129613 -4.926121
v 1.400787 0.129687 -4.925990
v 0.284898 2.708393 -4.925990
v 0.284960 2.708427 -4.926062
v 0.284814 2.708467 -4.926121
v 0.852745 2.823901 -4.925990
v 0.852793 2.824002 -4.926121
v 0.852674 2.823909 -4.926062
v 0.858244 2.796525 -3.584995
v 0.858257 2.796459 -3.584928
v 0.858295 2.796612 -3.584881
v 0.860080 2.787503 -4.926062
v 0.860093 2.787437 -4.925994
v 0.860144 2.787523 -4.925990
v 0.827442 0.041555 -3.584995
v 0.827428 0.041621 -3.584927
v 0.827390 0.041468 -3.584881
v 0.825593 0.050643 -4.925994
v 0.825541 0.050557 -4.925990
v 0.825606 0.050577 -4.926062
v 1.395236 0.156976 -3.584881
v 1.395141 0.157102 -3.584928
v 1.395155 0.157036 -3.584995
v 1.393387 0.166065 -4.925990
v 1.393306 0.166124 -4.925994
v 1.393319 0.166058 -4.926062
v 0.290531 2.681044 -3.584995
v 0.290450 2.681104 -3.584881
v 0.290545 2.680978 -3.584927
v 0.292380 2.671956 -4.925994
v 0.292366 2.672021 -4.926062
v 0.292299 2.672015 -4.925990
v 1.116868 0.071912 -5.032433
v 1.116882 0.071846 -5.032364
v 0.568817 2.766168 -5.032433
v 0.568804 2.766234 -5.032364
v 0.568804 2.766234 -4.946875
v 0.568817 2.766168 -4.946807
v 1.116868 0.071912 -4.946807
v 1.116882 0.071846 -4.946875
v 1.111298 0.099296 -3.584995
v 1.111285 0.099361 -3.584927
v 0.574401 2.738719 -3.584928
v 0.574388 2.738784 -3.584995
v 0.576223 2.729762 -4.946807
v 0.576236 2.729696 -4.946739
v 1.109449 0.108384 -4.946739
v 1.109463 0.108318 -4.946807
v 0.930986 2.839839 -3.607464
v 0.930907 2.839891 -3.607454
v 0.939326 2.798841 -3.567559
v 0.939258 2.798836 -3.567492
v 0.932104 2.834346 -3.587509
v 0.932022 2.834409 -3.587538
v 0.932035 2.834343 -3.587426
v 0.935155 2.819344 -3.572907
v 0.935082 2.819363 -3.572846
v 0.214988 2.651500 -3.567559
v 0.215053 2.651522 -3.567492
v 0.206649 2.692497 -3.607464
v 0.206701 2.692577 -3.607454
v 0.210818 2.672003 -3.572907
v 0.210877 2.672050 -3.572846
v 0.207766 2.687004 -3.587509
v 0.207830 2.687029 -3.587426
v 0.207817 2.687095 -3.587538
v 1.470698 0.186580 -3.567559
v 1.470633 0.186558 -3.567492
v 1.479037 0.145583 -3.607464
v 1.478984 0.145503 -3.607454
v 1.474868 0.166077 -3.572907
v 1.474809 0.166030 -3.572846
v 1.477920 0.151076 -3.587509
v 1.477856 0.151051 -3.587426
v 1.477869 0.150985 -3.587538
v 0.754699 -0.001758 -3.607463
v 0.754779 -0.001811 -3.607454
v 0.746360 0.039239 -3.567559
v 0.746428 0.039245 -3.567492
v 0.753582 0.003735 -3.587509
v 0.753664 0.003671 -3.587538
v 0.753651 0.003737 -3.587426
v 0.750531 0.018737 -3.572906
v 0.750604 0.018717 -3.572845
v 0.861068 2.782982 -3.567554
v 0.861144 2.782946 -3.567492
v 0.852793 2.824002 -3.607454
v 0.852744 2.823900 -3.607381
v 0.856969 2.803474 -3.572846
v 0.856907 2.803437 -3.572888
v 0.853922 2.818454 -3.587426
v 0.853908 2.818520 -3.587538
v 0.853860 2.818415 -3.587464
v 0.284899 2.708392 -3.607381
v 0.284815 2.708467 -3.607454
v 0.293166 2.667411 -3.567492
v 0.293222 2.667474 -3.567554
v 0.285930 2.702984 -3.587538
v 0.285943 2.702918 -3.587426
v 0.286015 2.702907 -3.587464
v 0.288991 2.687939 -3.572845
v 0.289062 2.687928 -3.572888
v 1.400787 0.129688 -3.607381
v 1.400871 0.129613 -3.607454
v 1.392520 0.170669 -3.567492
v 1.392463 0.170606 -3.567554
v 1.399756 0.135096 -3.587538
v 1.399743 0.135162 -3.587426
v 1.399671 0.135173 -3.587464
v 1.396695 0.150141 -3.572845
v 1.396624 0.150152 -3.572888
v 0.824618 0.055098 -3.567554
v 0.824541 0.055134 -3.567492
v 0.832893 0.014078 -3.607454
v 0.832941 0.014180 -3.607381
v 0.828717 0.034606 -3.572846
v 0.828779 0.034643 -3.572888
v 0.831764 0.019627 -3.587426
v 0.831778 0.019561 -3.587538
v 0.831826 0.019665 -3.587464
v -0.271874 2.922443 -3.703496
v -0.271927 2.922363 -3.703524
v -0.271867 2.922375 -3.703428
v 0.121814 3.002525 -3.703496
v 0.121834 3.002460 -3.703428
v 0.121894 3.002472 -3.703524
v -0.271861 2.922376 -5.127541
v -0.271927 2.922363 -5.127473
v -0.271875 2.922443 -5.127473
v 0.121814 3.002525 -5.127473
v 0.121894 3.002472 -5.127473
v 0.121827 3.002458 -5.127541
v 0.324049 -0.007192 -3.703427
v 0.323989 -0.007205 -3.703524
v 0.324069 -0.007257 -3.703496
v 0.717758 0.072825 -3.703496
v 0.717811 0.072905 -3.703524
v 0.717750 0.072892 -3.703428
v 0.324056 -0.007191 -5.127541
v 0.324069 -0.007257 -5.127473
v 0.323989 -0.007205 -5.127473
v 0.717744 0.072891 -5.127541
v 0.717810 0.072905 -5.127473
v 0.717758 0.072825 -5.127473
v 0.717758 0.072825 -3.768975
v 0.717811 0.072905 -3.768975
v 0.324069 -0.007257 -3.768975
v 0.323989 -0.007205 -3.768975
v 0.121814 3.002525 -3.768975
v 0.121894 3.002472 -3.768975
v -0.271874 2.922443 -3.768975
v -0.271927 2.922363 -3.768975
v 0.079338 2.993884 -3.683264
v 0.079352 2.993818 -3.683192
v -0.229399 2.931083 -3.683264
v -0.229385 2.931016 -3.683192
v -0.229465 2.931069 -5.127473
v -0.229384 2.931009 -5.127498
v -0.229452 2.931003 -5.127541
v 0.079353 2.993811 -5.127498
v 0.079404 2.993898 -5.127473
v 0.079418 2.993832 -5.127541
v 0.366479 0.001369 -5.127473
v 0.366465 0.001436 -5.127541
v 0.366530 0.001456 -5.127498
v 0.675267 0.064258 -5.127498
v 0.675335 0.064264 -5.127541
v 0.675348 0.064198 -5.127473
v 0.366545 0.001383 -3.683264
v 0.366532 0.001449 -3.683192
v 0.675282 0.064185 -3.683264
v 0.675268 0.064251 -3.683192
v 0.675267 0.064258 -3.769042
v 0.675348 0.064198 -3.768915
v 0.675203 0.064238 -3.768966
v 0.366530 0.001456 -3.769042
v 0.366597 0.001463 -3.768966
v 0.366479 0.001369 -3.768915
v 0.079353 2.993811 -3.769042
v 0.079286 2.993805 -3.768966
v 0.079404 2.993898 -3.768915
v -0.229384 2.931010 -3.769042
v -0.229465 2.931069 -3.768915
v -0.229319 2.931030 -3.768966
v -0.223261 2.901249 -5.110037
v -0.223248 2.901183 -5.110105
v -0.223343 2.901310 -5.110148
v -0.221265 2.891433 -3.768966
v -0.221251 2.891367 -3.769034
v -0.221332 2.891427 -3.769042
v 0.669144 0.094018 -5.110037
v 0.669131 0.094084 -5.110105
v 0.669225 0.093957 -5.110148
v 0.667134 0.103900 -3.769034
v 0.667215 0.103840 -3.769042
v 0.667148 0.103834 -3.768966
v 0.360540 0.031243 -5.110037
v 0.360489 0.031156 -5.110148
v 0.360527 0.031309 -5.110105
v 0.358479 0.041039 -3.769042
v 0.358530 0.041125 -3.769034
v 0.358543 0.041059 -3.768966
v 0.085343 2.964024 -5.110037
v 0.085394 2.964112 -5.110148
v 0.085356 2.963958 -5.110105
v 0.087353 2.954142 -3.769034
v 0.087340 2.954208 -3.768966
v 0.087405 2.954229 -3.769042
v 0.520900 0.032850 -3.662600
v 0.520913 0.032784 -3.662671
v -0.075017 2.962417 -3.662600
v -0.075030 2.962483 -3.662671
v -0.075030 2.962483 -3.748157
v -0.075017 2.962417 -3.748225
v 0.520900 0.032850 -3.748225
v 0.520913 0.032784 -3.748157
v 0.514842 0.062631 -5.110037
v 0.514829 0.062697 -5.110105
v -0.068946 2.932571 -5.110105
v -0.068959 2.932636 -5.110037
v -0.066962 2.922821 -3.748225
v -0.066949 2.922755 -3.748293
v 0.512832 0.072513 -3.748293
v 0.512845 0.072447 -3.748225
v -0.275168 2.746599 -4.951782
v -0.275100 2.746531 -4.951766
v -0.275166 2.746531 -4.951850
v -1.014204 2.746599 -4.951782
v -1.014206 2.746531 -4.951850
v -1.014272 2.746531 -4.951766
v -0.275168 2.746531 -3.527750
v -0.275100 2.746531 -3.527817
v -0.275168 2.746599 -3.527817
v -1.014204 2.746599 -3.527817
v -1.014272 2.746531 -3.527817
v -1.014204 2.746531 -3.527750
v -0.275166 -0.002900 -4.951850
v -0.275100 -0.002900 -4.951766
v -0.275168 -0.002968 -4.951782
v -1.014204 -0.002968 -4.951782
v -1.014272 -0.002900 -4.951766
v -1.014206 -0.002900 -4.951850
v -0.275168 -0.002900 -3.527750
v -0.275168 -0.002968 -3.527817
v -0.275100 -0.002900 -3.527817
v -1.014204 -0.002900 -3.527750
v -1.014271 -0.002900 -3.527817
v -1.014204 -0.002968 -3.527817
v -1.014204 -0.002968 -4.886315
v -1.014272 -0.002900 -4.886315
v -0.275168 -0.002968 -4.886315
v -0.275100 -0.002900 -4.886315
v -1.014204 2.746599 -4.886315
v -1.014272 2.746531 -4.886315
v -0.275168 2.746599 -4.886315
v -0.275101 2.746531 -4.886315
v -0.934424 2.746599 -4.972029
v -0.934424 2.746531 -4.972097
v -0.354949 2.746599 -4.972029
v -0.354949 2.746531 -4.972097
v -0.354881 2.746599 -3.527817
v -0.354949 2.746525 -3.527796
v -0.354881 2.746531 -3.527750
v -0.934423 2.746525 -3.527796
v -0.934491 2.746599 -3.527817
v -0.934491 2.746531 -3.527750
v -0.354881 -0.002968 -3.527817
v -0.354881 -0.002900 -3.527750
v -0.354949 -0.002894 -3.527796
v -0.934423 -0.002894 -3.527796
v -0.934491 -0.002900 -3.527750
v -0.934491 -0.002968 -3.527817
v -0.354949 -0.002968 -4.972029
v -0.354949 -0.002900 -4.972097
v -0.934423 -0.002968 -4.972029
v -0.934423 -0.002900 -4.972097
v -0.934423 -0.002894 -4.886247
v -0.934491 -0.002968 -4.886378
v -0.934356 -0.002900 -4.886320
v -0.354949 -0.002894 -4.886247
v -0.355016 -0.002900 -4.886320
v -0.354881 -0.002968 -4.886378
v -0.934424 2.746525 -4.886247
v -0.934356 2.746531 -4.886320
v -0.934491 2.746599 -4.886378
v -0.354949 2.746525 -4.886247
v -0.354881 2.746599 -4.886378
v -0.355016 2.746531 -4.886320
v -0.355016 2.718587 -3.545253
v -0.355016 2.718520 -3.545185
v -0.354949 2.718662 -3.545139
v -0.355016 2.709380 -4.886320
v -0.355017 2.709313 -4.886251
v -0.354949 2.709387 -4.886247
v -0.934355 0.025044 -3.545253
v -0.934355 0.025111 -3.545185
v -0.934423 0.024969 -3.545139
v -0.934356 0.034318 -4.886251
v -0.934423 0.034244 -4.886247
v -0.934356 0.034251 -4.886320
v -0.355016 0.025044 -3.545253
v -0.354949 0.024969 -3.545139
v -0.355016 0.025111 -3.545185
v -0.354949 0.034244 -4.886247
v -0.355016 0.034318 -4.886251
v -0.355016 0.034251 -4.886320
v -0.934356 2.718587 -3.545253
v -0.934423 2.718662 -3.545139
v -0.934356 2.718520 -3.545185
v -0.934356 2.709313 -4.886251
v -0.934356 2.709380 -4.886320
v -0.934424 2.709387 -4.886247
v -0.644686 -0.002900 -4.992690
v -0.644686 -0.002968 -4.992621
v -0.644686 2.746531 -4.992690
v -0.644686 2.746599 -4.992621
v -0.644686 2.746599 -4.907133
v -0.644686 2.746531 -4.907065
v -0.644686 -0.002900 -4.907065
v -0.644686 -0.002968 -4.907133
v -0.644686 0.025044 -3.545253
v -0.644686 0.025111 -3.545185
v -0.644686 2.718520 -3.545185
v -0.644686 2.718587 -3.545253
v -0.644686 2.709380 -4.907065
v -0.644686 2.709313 -4.906997
v -0.644686 0.034318 -4.906997
v -0.644686 0.034251 -4.907065
v -1.013950 3.193442 -5.015985
v -1.013883 3.193374 -5.015962
v -1.013946 3.193374 -5.016054
v -1.505960 3.193442 -5.015985
v -1.505964 3.193374 -5.016054
v -1.506027 3.193374 -5.015962
v -1.013950 3.193374 -3.591945
v -1.013883 3.193374 -3.592013
v -1.013950 3.193442 -3.592013
v -1.505959 3.193442 -3.592013
v -1.506027 3.193374 -3.592013
v -1.505959 3.193374 -3.591945
v -1.013946 -0.003256 -5.016054
v -1.013883 -0.003256 -5.015962
v -1.013950 -0.003324 -5.015985
v -1.505959 -0.003324 -5.015985
v -1.506027 -0.003256 -5.015962
v -1.505964 -0.003256 -5.016054
v -1.013950 -0.003256 -3.591945
v -1.013950 -0.003324 -3.592013
v -1.013882 -0.003256 -3.592013
v -1.505959 -0.003256 -3.591945
v -1.506027 -0.003256 -3.592013
v -1.505959 -0.003324 -3.592013
v -1.505959 -0.003324 -4.950511
v -1.506027 -0.003256 -4.950511
v -1.013950 -0.003324 -4.950511
v -1.013883 -0.003256 -4.950511
v -1.505960 3.193442 -4.950511
v -1.506027 3.193374 -4.950511
v -1.013950 3.193442 -4.950511
v -1.013883 3.193374 -4.950511
v -1.452864 3.193442 -5.036223
v -1.452864 3.193374 -5.036294
v -1.067046 3.193442 -5.036223
v -1.067046 3.193374 -5.036294
v -1.066978 3.193442 -3.592013
v -1.067046 3.193367 -3.591986
v -1.066978 3.193374 -3.591945
v -1.452863 3.193367 -3.591986
v -1.452931 3.193442 -3.592013
v -1.452931 3.193374 -3.591945
v -1.066978 -0.003324 -3.592013
v -1.066978 -0.003256 -3.591945
v -1.067046 -0.003249 -3.591986
v -1.452863 -0.003249 -3.591986
v -1.452931 -0.003256 -3.591945
v -1.452931 -0.003324 -3.592013
v -1.067046 -0.003324 -5.036223
v -1.067046 -0.003256 -5.036294
v -1.452863 -0.003324 -5.036223
v -1.452863 -0.003256 -5.036294
v -1.452863 -0.003249 -4.950443
v -1.452931 -0.003324 -4.950572
v -1.452796 -0.003256 -4.950518
v -1.067046 -0.003249 -4.950443
v -1.067113 -0.003256 -4.950518
v -1.066978 -0.003324 -4.950572
v -1.452864 3.193367 -4.950443
v -1.452796 3.193374 -4.950518
v -1.452931 3.193442 -4.950572
v -1.067046 3.193367 -4.950443
v -1.066979 3.193442 -4.950572
v -1.067114 3.193374 -4.950518
v -1.067114 3.160874 -3.609449
v -1.067114 3.160806 -3.609381
v -1.067046 3.160950 -3.609341
v -1.067114 3.150158 -4.950518
v -1.067114 3.150091 -4.950450
v -1.067046 3.150166 -4.950443
v -1.452796 0.029244 -3.609449
v -1.452796 0.029311 -3.609381
v -1.452863 0.029168 -3.609341
v -1.452796 0.040026 -4.950450
v -1.452863 0.039951 -4.950443
v -1.452796 0.039959 -4.950518
v -1.067114 0.029244 -3.609449
v -1.067046 0.029168 -3.609341
v -1.067114 0.029311 -3.609381
v -1.067046 0.039951 -4.950443
v -1.067114 0.040026 -4.950450
v -1.067113 0.039959 -4.950518
v -1.452796 3.160874 -3.609449
v -1.452863 3.160950 -3.609341
v -1.452796 3.160806 -3.609381
v -1.452796 3.150091 -4.950450
v -1.452796 3.150158 -4.950518
v -1.452864 3.150166 -4.950443
v -1.259955 -0.003256 -5.056886
v -1.259955 -0.003324 -5.056816
v -1.259955 3.193374 -5.056886
v -1.259955 3.193442 -5.056816
v -1.259955 3.193442 -4.971329
v -1.259955 3.193374 -4.971261
v -1.259955 -0.003256 -4.971261
v -1.259955 -0.003324 -4.971329
v -1.259955 0.029244 -3.609449
v -1.259955 0.029311 -3.609381
v -1.259955 3.160806 -3.609381
v -1.259955 3.160874 -3.609449
v -1.259955 3.150158 -4.971261
v -1.259955 3.150091 -4.971192
v -1.259955 0.040026 -4.971192
v -1.259955 0.039959 -4.971261
v 4.254881 2.968859 -1.022227
v 4.254823 2.969064 -1.022159
v 4.254820 2.968851 -1.022227
v 4.254881 2.968859 -4.308687
v 4.254820 2.968851 -4.308687
v 4.254823 2.969064 -4.308755
v 4.251333 3.007616 -1.022159
v 4.251329 3.007648 -1.022227
v 4.251333 3.007616 -4.308755
v 4.251329 3.007648 -4.308687
v 4.166171 3.011828 -1.022227
v 4.166220 3.011834 -1.022159
v 4.166295 3.011862 -1.022227
v 4.130669 2.987901 -1.022227
v 4.130590 2.987799 -1.022227
v 4.130706 2.987906 -1.022159
v 4.130669 2.987901 -4.308687
v 4.130706 2.987906 -4.308755
v 4.130590 2.987799 -4.308687
v 4.166171 3.011828 -4.308687
v 4.166295 3.011863 -4.308687
v 4.166220 3.011835 -4.308755
v 4.370816 3.011718 -1.022227
v 4.370775 3.011715 -1.022159
v 4.370917 3.011638 -1.022227
v 4.329799 3.027294 -1.022227
v 4.329670 3.027302 -1.022227
v 4.329749 3.027289 -1.022159
v 4.329799 3.027294 -4.308687
v 4.329749 3.027289 -4.308755
v 4.329670 3.027302 -4.308687
v 4.370816 3.011719 -4.308687
v 4.370917 3.011638 -4.308687
v 4.370775 3.011716 -4.308755
v 3.481506 1.124581 -1.094427
v 3.481550 1.124494 -1.094421
v 3.505258 1.192762 -1.022226
v 3.505325 1.192734 -1.022159
v 3.482668 1.127919 -1.072112
v 3.482713 1.127834 -1.072091
v 3.486042 1.137602 -1.051987
v 3.486090 1.137527 -1.051946
v 3.491296 1.152685 -1.036015
v 3.491350 1.152624 -1.035960
v 3.497917 1.171690 -1.025761
v 3.497977 1.171646 -1.025695
v 3.505258 1.192762 -4.308687
v 3.505325 1.192734 -4.308755
v 3.481506 1.124581 -4.236486
v 3.481550 1.124494 -4.236492
v 3.497917 1.171691 -4.305153
v 3.497977 1.171646 -4.305218
v 3.491296 1.152684 -4.294898
v 3.491350 1.152624 -4.294954
v 3.486042 1.137602 -4.278927
v 3.486090 1.137527 -4.278967
v 3.482668 1.127919 -4.258801
v 3.482713 1.127834 -4.258822
v 3.620799 1.152512 -1.022226
v 3.620733 1.152529 -1.022159
v 3.597004 1.084345 -1.094427
v 3.596918 1.084303 -1.094421
v 3.613444 1.131444 -1.025761
v 3.613373 1.131446 -1.025695
v 3.606812 1.112443 -1.036015
v 3.606734 1.112427 -1.035960
v 3.601548 1.097364 -1.051987
v 3.601466 1.097334 -1.051946
v 3.598169 1.087682 -1.072112
v 3.598083 1.087643 -1.072091
v 3.597004 1.084345 -4.236487
v 3.596918 1.084304 -4.236492
v 3.620798 1.152511 -4.308687
v 3.620733 1.152529 -4.308755
v 3.598169 1.087682 -4.258801
v 3.598083 1.087643 -4.258822
v 3.601548 1.097364 -4.278927
v 3.601466 1.097334 -4.278967
v 3.606812 1.112442 -4.294898
v 3.606735 1.112427 -4.294954
v 3.613445 1.131445 -4.305153
v 3.613373 1.131446 -4.305218
v 5.382597 1.313299 -1.094427
v 5.382691 1.313282 -1.094422
v 5.341951 1.372971 -1.022226
v 5.342010 1.373005 -1.022159
v 5.380608 1.316220 -1.072112
v 5.380700 1.316205 -1.072091
v 5.374835 1.324695 -1.051987
v 5.374921 1.324688 -1.051947
v 5.365843 1.337896 -1.036015
v 5.365921 1.337900 -1.035960
v 5.354513 1.354529 -1.025761
v 5.354580 1.354549 -1.025695
v 5.341951 1.372971 -4.308687
v 5.342010 1.373005 -4.308754
v 5.382597 1.313299 -4.236486
v 5.382691 1.313282 -4.236492
v 5.354513 1.354530 -4.305153
v 5.354581 1.354550 -4.305218
v 5.365844 1.337895 -4.294898
v 5.365922 1.337901 -4.294954
v 5.374835 1.324695 -4.278926
v 5.374922 1.324688 -4.278967
v 5.380608 1.316220 -4.258802
v 5.380700 1.316205 -4.258822
v 5.442882 1.441897 -1.022226
v 5.442825 1.441851 -1.022159
v 5.483599 1.382273 -1.094427
v 5.483580 1.382177 -1.094422
v 5.455466 1.423469 -1.025761
v 5.455419 1.423411 -1.025696
v 5.466815 1.406849 -1.036015
v 5.466780 1.406776 -1.035960
v 5.475823 1.393659 -1.051987
v 5.475796 1.393574 -1.051947
v 5.481606 1.385191 -1.072112
v 5.481585 1.385098 -1.072091
v 5.483600 1.382273 -4.236487
v 5.483580 1.382177 -4.236492
v 5.442883 1.441896 -4.308687
v 5.442826 1.441851 -4.308754
v 5.481606 1.385191 -4.258801
v 5.481586 1.385098 -4.258822
v 5.475824 1.393659 -4.278926
v 5.475797 1.393574 -4.278967
v 5.466816 1.406849 -4.294898
v 5.466780 1.406776 -4.294954
v 5.455466 1.423470 -4.305153
v 5.455420 1.423411 -4.305218
v 3.604849 1.174771 -1.084786
v 3.604889 1.174679 -1.084786
v 3.604918 1.174740 -1.084718
v 4.270698 2.888851 -1.084718
v 4.270745 2.888955 -1.084786
v 4.270627 2.888935 -1.084786
v 3.604889 1.174679 -4.258483
v 3.604849 1.174771 -4.258483
v 3.604918 1.174740 -4.258551
v 4.270628 2.888935 -4.258483
v 4.270745 2.888955 -4.258483
v 4.270698 2.888851 -4.258551
v 3.795173 1.089571 -1.084786
v 3.795254 1.089609 -1.084786
v 3.795192 1.089637 -1.084718
v 4.327178 2.933240 -1.084786
v 4.327085 2.933253 -1.084786
v 4.327107 2.933204 -1.084718
v 3.795173 1.089571 -4.258483
v 3.795192 1.089637 -4.258551
v 3.795254 1.089609 -4.258483
v 4.327086 2.933253 -4.258483
v 4.327178 2.933240 -4.258483
v 4.327108 2.933204 -4.258551
v 4.210683 2.909410 -1.084786
v 4.210597 2.909369 -1.084786
v 4.210672 2.909354 -1.084718
v 4.210597 2.909369 -4.258483
v 4.210683 2.909410 -4.258483
v 4.210672 2.909354 -4.258551
v 4.282506 2.803586 -4.258551
v 4.282567 2.803365 -4.258483
v 4.282512 2.803357 -4.258483
v 4.282512 2.803357 -1.084786
v 4.282567 2.803365 -1.084786
v 4.282506 2.803586 -1.084718
v 5.379135 1.436001 -4.258484
v 5.379121 1.435903 -4.258484
v 5.379075 1.435952 -4.258552
v 5.379134 1.436001 -1.084786
v 5.379074 1.435952 -1.084718
v 5.379121 1.435903 -1.084786
v 5.228239 1.313951 -4.258552
v 5.228275 1.313893 -4.258484
v 5.228186 1.313907 -4.258484
v 5.228239 1.313950 -1.084718
v 5.228186 1.313907 -1.084786
v 5.228275 1.313893 -1.084786
v 4.158187 1.206232 -1.091870
v 4.158259 1.206326 -1.091870
v 4.158259 1.206326 -4.252646
v 4.158187 1.206232 -4.252646
v 4.285175 2.812122 -1.091937
v 4.285165 2.812055 -1.091870
v 4.285232 2.812044 -1.091937
v 3.870486 1.082050 -1.091870
v 3.870439 1.082002 -1.091937
v 3.870534 1.082003 -1.091937
v 4.285174 2.812122 -4.252579
v 4.285231 2.812044 -4.252579
v 4.285164 2.812055 -4.252646
v 3.870438 1.082002 -4.252579
v 3.870486 1.082050 -4.252646
v 3.870534 1.082003 -4.252579
v 4.166360 1.982447 -1.091870
v 4.166427 1.982437 -1.091938
v 4.166360 1.982447 -4.252646
v 4.166427 1.982437 -4.252579
v 4.233970 2.478789 -4.252579
v 4.233902 2.478799 -4.252646
v 4.233970 2.478789 -1.091937
v 4.233903 2.478799 -1.091870
v 4.052228 1.266109 -1.091937
v 4.052287 1.266224 -1.091937
v 4.052213 1.266189 -1.091870
v 4.052287 1.266224 -4.252579
v 4.052228 1.266109 -4.252579
v 4.052213 1.266189 -4.252646
v 4.211116 2.823513 -1.091937
v 4.211039 2.823457 -1.091937
v 4.211105 2.823446 -1.091870
v 3.817155 1.134683 -1.091870
v 3.817107 1.134730 -1.091937
v 3.817107 1.134635 -1.091937
v 4.211115 2.823513 -4.252579
v 4.211105 2.823446 -4.252646
v 4.211038 2.823457 -4.252579
v 3.817107 1.134635 -4.252579
v 3.817107 1.134730 -4.252579
v 3.817155 1.134683 -4.252646
v 4.092167 1.993405 -1.091937
v 4.092235 1.993395 -1.091870
v 4.092167 1.993405 -4.252579
v 4.092235 1.993395 -4.252646
v 4.159748 2.489547 -4.252646
v 4.159681 2.489556 -4.252579
v 4.159749 2.489547 -1.091870
v 4.159681 2.489556 -1.091937
v 3.985360 1.300016 -1.091870
v 3.985307 1.300115 -1.091937
v 3.985248 1.300000 -1.091937
v 3.985360 1.300016 -4.252646
v 3.985248 1.300000 -4.252579
v 3.985307 1.300115 -4.252579
vn 0.7323 0.6810 -0.0000
vn 0.6266 0.7793 -0.0000
vn 0.9688 0.2480 -0.0000
vn 0.9031 0.4295 -0.0000
vn 0.9763 0.2165 -0.0000
vn 0.6323 0.7747 -0.0000
vn 0.4685 0.8834 -0.0000
vn 0.9977 0.0673 -0.0000
vn 0.8993 0.4374 -0.0000
vn 0.9967 -0.0813 -0.0000
vn 0.9997 -0.0244 -0.0000
vn 0.9972 -0.0741 -0.0000
vn 0.9984 -0.0570 -0.0000
vn 0.6012 0.6905 -0.4022
vn 0.7272 0.6673 -0.1610
vn 0.4481 0.6540 -0.6095
vn -0.6013 0.6907 -0.4018
vn -0.4484 0.6542 -0.6090
vn -0.7273 0.6673 -0.1605
vn 0.5780 0.5743 0.5798
vn -0.5773 0.5737 0.5810
vn 0.4475 -0.6542 -0.6097
vn 0.7277 -0.6668 -0.1606
vn 0.6014 -0.6905 -0.4020
vn -0.6013 -0.6907 -0.4018
vn -0.7278 -0.6668 -0.1603
vn -0.4480 -0.6544 -0.6092
vn 0.5793 -0.5736 0.5791
vn -0.5786 -0.5730 0.5804
vn -0.1722 0.6954 0.6977
vn -0.4790 0.6175 0.6239
vn -0.2172 0.6888 0.6916
vn 0.4797 0.6185 0.6224
vn 0.1725 0.6958 0.6972
vn 0.2176 0.6893 0.6910
vn -0.1730 -0.6957 0.6972
vn -0.2181 -0.6891 0.6911
vn -0.4809 -0.6177 0.6222
vn 0.4810 -0.6179 0.6219
vn 0.2182 -0.6892 0.6909
vn 0.1730 -0.6958 0.6971
vn 0.3104 -0.8828 0.3527
vn 0.2029 -0.8164 0.5406
vn 0.1656 -0.7857 0.5960
vn -0.3104 -0.8828 0.3527
vn -0.1656 -0.7857 0.5960
vn -0.2029 -0.8164 0.5406
vn 0.3111 0.8825 0.3526
vn 0.1659 0.7857 0.5959
vn 0.2033 0.8163 0.5406
vn -0.3111 0.8825 0.3526
vn -0.2033 0.8163 0.5406
vn -0.1659 0.7857 0.5959
vn -0.8193 0.5613 0.1170
vn -0.8923 0.3193 0.3193
vn -0.8357 0.5289 0.1479
vn -0.6572 0.5347 0.5312
vn 0.8199 -0.5602 0.1181
vn 0.8918 -0.3179 0.3220
vn 0.8361 -0.5279 0.1492
vn 0.6567 -0.5342 0.5323
vn -0.8201 -0.5602 0.1167
vn -0.8364 -0.5280 0.1474
vn -0.8929 -0.3184 0.3184
vn -0.6562 -0.5349 0.5322
vn 0.8193 0.5613 0.1170
vn 0.8357 0.5289 0.1479
vn 0.8923 0.3193 0.3193
vn 0.6566 0.5335 0.5331
vn -0.3823 -0.6239 -0.6816
vn -0.1419 -0.7323 -0.6660
vn -0.5825 -0.4869 -0.6509
vn -0.3831 0.6243 -0.6808
vn -0.5832 0.4873 -0.6500
vn -0.1426 0.7328 -0.6653
vn 0.5852 -0.5718 -0.5750
vn 0.5837 0.5742 -0.5742
vn -0.5918 -0.4907 0.6396
vn -0.1506 -0.7343 0.6619
vn -0.3916 -0.6268 0.6737
vn -0.3912 0.6270 0.6737
vn -0.1505 0.7347 0.6615
vn -0.5911 0.4908 0.6401
vn 0.5738 -0.5789 0.5793
vn 0.5738 0.5789 0.5793
vn 0.6996 0.1823 -0.6909
vn 0.6158 0.4960 -0.6122
vn 0.6933 0.2229 -0.6853
vn 0.6148 -0.4965 -0.6128
vn 0.6993 -0.1825 -0.6912
vn 0.6929 -0.2231 -0.6856
vn 0.6895 0.1811 0.7013
vn 0.6833 0.2219 0.6956
vn 0.6075 0.4938 0.6222
vn 0.6082 -0.4935 0.6218
vn 0.6836 -0.2217 0.6954
vn 0.6897 -0.1810 0.7011
vn 0.3394 -0.3187 0.8850
vn 0.5289 -0.2178 0.8202
vn 0.5871 -0.1812 0.7890
vn 0.3401 0.3199 0.8843
vn 0.5884 0.1817 0.7879
vn 0.5302 0.2185 0.8192
vn 0.3534 -0.3177 -0.8798
vn 0.5998 -0.1809 -0.7795
vn 0.5423 -0.2172 -0.8116
vn 0.3510 0.3168 -0.8811
vn 0.5412 0.2168 -0.8125
vn 0.5990 0.1806 -0.7801
vn 0.1188 0.8188 -0.5617
vn 0.3185 0.8939 -0.3155
vn 0.1516 0.8367 -0.5263
vn 0.5281 0.6554 -0.5400
vn 0.1103 -0.8187 0.5635
vn 0.3124 -0.8950 0.3185
vn 0.1432 -0.8367 0.5286
vn 0.5169 -0.6615 0.5434
vn 0.1103 0.8187 0.5635
vn 0.1432 0.8367 0.5286
vn 0.3124 0.8950 0.3185
vn 0.5179 0.6625 0.5412
vn 0.1192 -0.8187 -0.5617
vn 0.1521 -0.8366 -0.5263
vn 0.3194 -0.8936 -0.3154
vn 0.5305 -0.6546 -0.5387
vn -0.4100 -0.6743 0.6142
vn -0.4098 0.6744 0.6143
vn -0.6926 -0.5749 -0.4357
vn -0.6935 0.5735 -0.4361
vn 0.6404 -0.6738 0.3687
vn 0.6394 0.6746 0.3687
vn 0.4314 -0.5768 -0.6937
vn 0.4313 0.5769 -0.6937
vn -0.7259 0.5143 -0.4567
vn -0.7261 -0.5141 -0.4566
vn 0.4543 0.5206 -0.7229
vn 0.4546 -0.5195 -0.7235
vn 0.7906 -0.2977 -0.5351
vn 0.6799 -0.1819 -0.7103
vn 0.6360 -0.1423 -0.7584
vn 0.7927 0.3025 -0.5293
vn 0.6370 0.1443 -0.7572
vn 0.6812 0.1844 -0.7085
vn -0.9437 -0.3017 -0.1358
vn -0.9028 -0.1438 -0.4054
vn -0.9211 -0.1836 -0.3433
vn -0.9438 0.3015 -0.1357
vn -0.9209 0.1834 -0.3439
vn -0.9025 0.1437 -0.4059
vn -0.5768 0.8167 0.0172
vn -0.3757 0.8964 -0.2351
vn -0.5466 0.8370 -0.0263
vn -0.6565 0.6355 -0.4063
vn 0.5246 -0.8185 -0.2344
vn 0.2347 -0.8989 -0.3699
vn 0.4787 -0.8387 -0.2595
vn 0.4125 -0.6365 -0.6517
vn 0.5249 0.8182 -0.2344
vn 0.4791 0.8385 -0.2596
vn 0.2350 0.8989 -0.3699
vn 0.4114 0.6404 -0.6486
vn -0.5767 -0.8168 0.0172
vn -0.5465 -0.8371 -0.0263
vn -0.3755 -0.8965 -0.2351
vn -0.6577 -0.6360 -0.4037
vn -0.5822 -0.6009 0.5477
vn -0.6131 -0.7277 0.3075
vn -0.5002 -0.4472 0.7415
vn -0.5818 0.6015 0.5475
vn -0.4996 0.4482 0.7413
vn -0.6129 0.7281 0.3069
vn -0.6925 -0.5749 -0.4358
vn -0.6920 0.5759 -0.4352
vn 0.7773 -0.4473 0.4425
vn 0.6869 -0.7267 0.0056
vn 0.7647 -0.6005 0.2337
vn 0.7632 0.6022 0.2343
vn 0.6849 0.7287 0.0055
vn 0.7754 0.4490 0.4440
vn 0.4304 -0.5793 -0.6922
vn 0.4307 0.5792 -0.6921
vn -0.8348 0.1735 -0.5225
vn -0.7435 0.4816 -0.4639
vn -0.8273 0.2182 -0.5176
vn -0.7442 -0.4811 -0.4634
vn -0.8356 -0.1733 -0.5212
vn -0.8281 -0.2179 -0.5164
vn 0.5216 0.1719 -0.8357
vn 0.5167 0.2167 -0.8283
vn 0.4638 0.4778 -0.7460
vn 0.4639 -0.4786 -0.7454
vn 0.5169 -0.2171 -0.8281
vn 0.5217 -0.1722 -0.8355
vn 0.7804 -0.3048 -0.5460
vn 0.6738 -0.2004 -0.7112
vn 0.6312 -0.1637 -0.7582
vn 0.7760 0.3071 -0.5510
vn 0.6268 0.1643 -0.7617
vn 0.6690 0.2011 -0.7156
vn -0.9398 -0.3105 -0.1426
vn -0.8987 -0.1659 -0.4061
vn -0.9167 -0.2034 -0.3439
vn -0.9397 0.3107 -0.1427
vn -0.9163 0.2035 -0.3449
vn -0.8981 0.1659 -0.4074
vn -0.5729 0.8196 0.0122
vn -0.3842 0.8920 -0.2383
vn -0.5487 0.8356 -0.0248
vn -0.6454 0.6553 -0.3925
vn 0.5191 -0.8204 -0.2397
vn 0.2408 -0.8919 -0.3828
vn 0.4817 -0.8362 -0.2623
vn 0.4049 -0.6505 -0.6425
vn 0.5202 0.8197 -0.2399
vn 0.4826 0.8356 -0.2624
vn 0.2408 0.8919 -0.3828
vn 0.4072 0.6508 -0.6408
vn -0.5726 -0.8198 0.0122
vn -0.5484 -0.8358 -0.0248
vn -0.3840 -0.8920 -0.2383
vn -0.6453 -0.6556 -0.3921
vn -0.5908 -0.6235 0.5120
vn -0.6242 -0.7315 0.2743
vn -0.5204 -0.4870 0.7014
vn -0.5909 0.6235 0.5120
vn -0.5204 0.4870 0.7014
vn -0.6244 0.7314 0.2743
vn -0.6807 -0.5799 -0.4477
vn -0.6805 0.5793 -0.4487
vn 0.7495 -0.4885 0.4468
vn 0.6809 -0.7323 0.0119
vn 0.7415 -0.6249 0.2443
vn 0.7414 0.6248 0.2446
vn 0.6809 0.7323 0.0120
vn 0.7493 0.4885 0.4471
vn 0.4553 -0.5722 -0.6822
vn 0.4562 0.5719 -0.6818
vn -0.8182 0.1819 -0.5454
vn -0.7217 0.4948 -0.4841
vn -0.8111 0.2223 -0.5410
vn -0.7218 -0.4961 -0.4825
vn -0.8184 -0.1824 -0.5449
vn -0.8114 -0.2228 -0.5404
vn 0.5465 0.1829 -0.8173
vn 0.5417 0.2241 -0.8102
vn 0.4816 0.4983 -0.7209
vn 0.4812 -0.4996 -0.7203
vn 0.5431 -0.2248 -0.8091
vn 0.5481 -0.1834 -0.8161
vn 0.7989 -0.3195 -0.5096
vn 0.6966 -0.2184 -0.6834
vn 0.6540 -0.1817 -0.7344
vn 0.7998 0.3161 -0.5103
vn 0.6560 0.1804 -0.7328
vn 0.6985 0.2168 -0.6820
vn -0.9327 -0.3209 -0.1649
vn -0.8854 -0.1821 -0.4276
vn -0.9051 -0.2190 -0.3645
vn -0.9335 0.3184 -0.1650
vn -0.9055 0.2177 -0.3643
vn -0.8856 0.1810 -0.4278
vn -0.5731 0.8195 -0.0024
vn -0.3725 0.8949 -0.2459
vn -0.5454 0.8372 -0.0409
vn -0.6284 0.6643 -0.4047
vn 0.5314 -0.8176 -0.2219
vn 0.2503 -0.8944 -0.3707
vn 0.4899 -0.8359 -0.2475
vn 0.4310 -0.6619 -0.6133
vn 0.5301 0.8184 -0.2218
vn 0.4888 0.8366 -0.2474
vn 0.2498 0.8945 -0.3707
vn 0.4258 0.6623 -0.6165
vn -0.5737 -0.8191 -0.0023
vn -0.5460 -0.8368 -0.0407
vn -0.3724 -0.8949 -0.2459
vn -0.6307 -0.6612 -0.4063
vn 0.6276 0.6748 0.3883
vn 0.6276 -0.6748 0.3883
vn 0.4552 0.5801 -0.6755
vn 0.4555 -0.5810 -0.6745
vn -0.4318 0.6742 0.5992
vn -0.4290 -0.6685 0.6076
vn -0.6814 0.5779 -0.4491
vn -0.6804 -0.5801 -0.4479
vn 0.4787 -0.5200 -0.7074
vn 0.4782 0.5195 -0.7081
vn -0.7128 -0.5134 -0.4778
vn -0.7129 0.5120 -0.4792
vn -0.9409 0.2995 -0.1585
vn -0.9122 0.1827 -0.3669
vn -0.8917 0.1429 -0.4294
vn -0.9410 -0.2989 -0.1584
vn -0.8909 -0.1426 -0.4311
vn -0.9117 -0.1824 -0.3681
vn 0.8079 0.3014 -0.5065
vn 0.6580 0.1438 -0.7391
vn 0.7006 0.1834 -0.6896
vn 0.8077 -0.3015 -0.5066
vn 0.7008 -0.1837 -0.6893
vn 0.6578 -0.1436 -0.7394
vn 0.5331 -0.8174 -0.2184
vn 0.2484 -0.8980 -0.3632
vn 0.4877 -0.8378 -0.2454
vn 0.4332 -0.6408 -0.6338
vn -0.5771 0.8167 0.0009
vn -0.3695 0.8969 -0.2432
vn -0.5456 0.8370 -0.0415
vn -0.6423 0.6349 -0.4293
vn -0.5762 -0.8173 0.0008
vn -0.5453 -0.8372 -0.0409
vn -0.3695 -0.8969 -0.2432
vn -0.6406 -0.6363 -0.4298
vn 0.5331 0.8174 -0.2185
vn 0.4875 0.8379 -0.2454
vn 0.2475 0.8982 -0.3633
vn 0.4337 0.6403 -0.6340
vn -0.4337 -0.6674 0.6054
vn -0.4294 0.6622 0.6141
vn -0.6758 -0.5763 -0.4596
vn -0.6765 0.5745 -0.4607
vn 0.6300 -0.6632 0.4040
vn 0.6294 0.6639 0.4039
vn 0.4560 -0.5798 -0.6752
vn 0.4558 0.5799 -0.6753
vn -0.8195 0.1737 -0.5462
vn -0.7316 0.4815 -0.4825
vn -0.8124 0.2183 -0.5407
vn -0.7311 -0.4834 -0.4815
vn -0.8195 -0.1744 -0.5459
vn -0.8124 -0.2191 -0.5404
vn 0.5483 0.1738 -0.8180
vn 0.5436 0.2192 -0.8102
vn 0.4900 0.4831 -0.7256
vn 0.4905 -0.4816 -0.7263
vn 0.5451 -0.2184 -0.8094
vn 0.5500 -0.1733 -0.8170
vn 0.8032 -0.2931 -0.5186
vn 0.6974 -0.1757 -0.6948
vn 0.6564 -0.1370 -0.7419
vn 0.8031 0.2917 -0.5195
vn 0.6562 0.1364 -0.7421
vn 0.6972 0.1749 -0.6952
vn -0.9406 -0.2921 -0.1731
vn -0.8915 -0.1364 -0.4319
vn -0.9111 -0.1751 -0.3732
vn -0.9418 0.2924 -0.1658
vn -0.9115 0.1755 -0.3720
vn -0.8912 0.1366 -0.4326
vn -0.5724 0.8200 -0.0048
vn -0.3768 0.8923 -0.2485
vn -0.5473 0.8360 -0.0407
vn -0.6460 0.6431 -0.4113
vn 0.5284 -0.8190 -0.2237
vn 0.2525 -0.8921 -0.3747
vn 0.4902 -0.8356 -0.2480
vn 0.4303 -0.6351 -0.6415
vn 0.5285 0.8190 -0.2236
vn 0.4904 0.8355 -0.2480
vn 0.2530 0.8920 -0.3747
vn 0.4293 0.6356 -0.6417
vn -0.5722 -0.8201 -0.0048
vn -0.5472 -0.8360 -0.0406
vn -0.3766 -0.8924 -0.2486
vn -0.6426 -0.6391 -0.4226
vn 0.6921 -0.6236 -0.3636
vn 0.6701 -0.7317 -0.1249
vn 0.6670 -0.4866 -0.5642
vn 0.6915 0.6235 -0.3649
vn 0.6655 0.4861 -0.5664
vn 0.6701 0.7317 -0.1249
vn 0.5605 -0.5763 0.5947
vn 0.5597 0.5773 0.5945
vn -0.6263 -0.4889 -0.6072
vn -0.6594 -0.7330 -0.1670
vn -0.6650 -0.6255 -0.4082
vn -0.6644 0.6256 -0.4089
vn -0.6587 0.7335 -0.1676
vn -0.6256 0.4891 -0.6078
vn -0.5956 -0.5789 0.5569
vn -0.5951 0.5792 0.5572
vn 0.6716 0.1814 0.7184
vn 0.5921 0.4946 0.6362
vn 0.6657 0.2221 0.7124
vn 0.5912 -0.4962 0.6358
vn 0.6714 -0.1821 0.7184
vn 0.6654 -0.2229 0.7124
vn -0.7171 0.1835 0.6724
vn -0.7109 0.2248 0.6664
vn -0.6326 0.4997 0.5917
vn -0.6330 -0.4986 0.5921
vn -0.7118 -0.2243 0.6656
vn -0.7181 -0.1831 0.6715
vn -0.8928 -0.3185 0.3185
vn -0.8331 -0.2175 0.5086
vn -0.8036 -0.1811 0.5670
vn -0.8927 0.3187 0.3187
vn -0.8035 0.1811 0.5670
vn -0.8330 0.2176 0.5087
vn 0.8691 -0.3145 0.3819
vn 0.7635 -0.1796 0.6203
vn 0.7965 -0.2153 0.5649
vn 0.8693 0.3142 0.3815
vn 0.7979 0.2153 0.5631
vn 0.7653 0.1798 0.6180
vn 0.5589 0.8188 0.1310
vn 0.3090 0.8956 0.3201
vn 0.5230 0.8368 0.1621
vn 0.5212 0.6611 0.5397
vn -0.5665 -0.8184 0.0962
vn -0.3290 -0.8936 0.3053
vn -0.5328 -0.8362 0.1301
vn -0.5563 -0.6623 0.5020
vn -0.5665 0.8184 0.0962
vn -0.5326 0.8363 0.1302
vn -0.3281 0.8939 0.3054
vn -0.5555 0.6629 0.5019
vn 0.5589 -0.8188 0.1310
vn 0.5230 -0.8368 0.1621
vn 0.3090 -0.8956 0.3201
vn 0.5209 -0.6616 0.5394
vn -0.5234 0.6723 -0.5234
vn -0.5234 -0.6723 -0.5234
vn -0.5981 0.5812 0.5518
vn -0.5980 -0.5812 0.5520
vn 0.5492 0.6764 -0.4907
vn 0.5507 -0.6750 -0.4910
vn 0.5581 0.5738 0.5994
vn 0.5574 -0.5741 0.5997
vn -0.6257 -0.5091 0.5911
vn -0.6246 0.5104 0.5910
vn 0.5815 -0.5110 0.6330
vn 0.5815 0.5110 0.6330
vn 0.8778 0.3052 0.3692
vn 0.8032 0.1854 0.5661
vn 0.7697 0.1451 0.6217
vn 0.8790 -0.3015 0.3693
vn 0.7682 -0.1439 0.6238
vn 0.8022 -0.1833 0.5683
vn -0.9048 0.2992 0.3030
vn -0.8118 0.1429 0.5661
vn -0.8425 0.1828 0.5068
vn -0.9019 -0.3016 0.3091
vn -0.8397 -0.1837 0.5110
vn -0.8095 -0.1438 0.5692
vn -0.5705 -0.8160 0.0933
vn -0.3264 -0.8959 0.3013
vn -0.5330 -0.8361 0.1297
vn -0.5690 -0.6346 0.5230
vn 0.5620 0.8169 0.1296
vn 0.3042 0.8976 0.3191
vn 0.5217 0.8373 0.1634
vn 0.5309 0.6295 0.5673
vn 0.5623 -0.8167 0.1295
vn 0.5221 -0.8371 0.1634
vn 0.3051 -0.8973 0.3190
vn 0.5306 -0.6311 0.5659
vn -0.5692 0.8169 0.0933
vn -0.5319 0.8368 0.1297
vn -0.3264 0.8959 0.3013
vn -0.5664 0.6384 0.5212
vn 0.5533 -0.6645 -0.5023
vn 0.5589 0.6711 -0.4870
vn 0.5565 -0.5764 0.5983
vn 0.5570 0.5753 0.5990
vn -0.5206 -0.6674 -0.5325
vn -0.5210 0.6675 -0.5320
vn -0.5955 -0.5789 0.5570
vn -0.5950 0.5792 0.5572
vn 0.6730 0.1721 0.7194
vn 0.5981 0.4783 0.6430
vn 0.6667 0.2166 0.7132
vn 0.5980 -0.4784 0.6431
vn 0.6730 -0.1721 0.7194
vn 0.6667 -0.2166 0.7132
vn -0.7178 0.1732 0.6744
vn -0.7109 0.2181 0.6686
vn -0.6364 0.4811 0.6030
vn -0.6356 -0.4818 0.6032
vn -0.7106 -0.2184 0.6688
vn -0.7176 -0.1735 0.6745
vn -0.8996 -0.2934 0.3235
vn -0.8358 -0.1760 0.5201
vn -0.8060 -0.1370 0.5758
vn -0.8996 0.2933 0.3234
vn -0.8061 0.1370 0.5758
vn -0.8357 0.1759 0.5202
vn 0.8725 -0.2956 0.3891
vn 0.7637 -0.1377 0.6307
vn 0.7963 -0.1766 0.5786
vn 0.8760 0.2930 0.3832
vn 0.7999 0.1756 0.5739
vn 0.7669 0.1368 0.6270
vn 0.5570 0.8193 0.1359
vn 0.3116 0.8907 0.3310
vn 0.5240 0.8354 0.1660
vn 0.5295 0.6431 0.5532
vn -0.5654 -0.8190 0.0977
vn -0.3324 -0.8918 0.3068
vn -0.5343 -0.8353 0.1296
vn -0.5642 -0.6420 0.5192
vn -0.5657 0.8188 0.0977
vn -0.5346 0.8351 0.1296
vn -0.3324 0.8918 0.3068
vn -0.5624 0.6415 0.5217
vn 0.5578 -0.8188 0.1360
vn 0.5246 -0.8350 0.1661
vn 0.3113 -0.8908 0.3310
vn 0.5339 -0.6419 0.5504
vn 0.6722 -0.6240 -0.3984
vn 0.6632 -0.7314 -0.1590
vn 0.6367 -0.4881 -0.5970
vn 0.6724 0.6246 -0.3972
vn 0.6369 0.4888 -0.5962
vn 0.6630 0.7319 -0.1573
vn 0.5895 -0.5776 0.5647
vn 0.5888 0.5780 0.5650
vn -0.6572 -0.4885 -0.5740
vn -0.6681 -0.7321 -0.1330
vn -0.6859 -0.6245 -0.3735
vn -0.6860 0.6246 -0.3732
vn -0.6679 0.7323 -0.1329
vn -0.6575 0.4886 -0.5735
vn -0.5657 -0.5766 0.5895
vn -0.5666 0.5762 0.5890
vn 0.7104 0.1830 0.6796
vn 0.6297 0.4978 0.5964
vn 0.7047 0.2235 0.6734
vn 0.6307 -0.4975 0.5955
vn 0.7107 -0.1829 0.6793
vn 0.7051 -0.2234 0.6730
vn -0.6817 0.1817 0.7087
vn -0.6758 0.2222 0.7028
vn -0.6018 0.4946 0.6271
vn -0.6018 -0.4946 0.6271
vn -0.6758 -0.2222 0.7028
vn -0.6817 -0.1817 0.7087
vn -0.8760 -0.3168 0.3637
vn -0.8056 -0.2166 0.5515
vn -0.7728 -0.1804 0.6084
vn -0.8768 0.3177 0.3609
vn -0.7742 0.1807 0.6066
vn -0.8070 0.2171 0.5493
vn 0.8938 -0.3180 0.3161
vn 0.7991 -0.1810 0.5732
vn 0.8307 -0.2179 0.5123
vn 0.8889 0.3183 0.3295
vn 0.8256 0.2176 0.5206
vn 0.7947 0.1810 0.5793
vn 0.5653 0.8183 0.1045
vn 0.3248 0.8931 0.3112
vn 0.5312 0.8359 0.1380
vn 0.5526 0.6581 0.5115
vn -0.5616 -0.8179 0.1251
vn -0.3123 -0.8941 0.3209
vn -0.5258 -0.8359 0.1574
vn -0.5307 -0.6567 0.5358
vn -0.5611 0.8183 0.1252
vn -0.5252 0.8363 0.1574
vn -0.3119 0.8943 0.3210
vn -0.5302 0.6596 0.5327
vn 0.5646 -0.8187 0.1045
vn 0.5307 -0.8363 0.1380
vn 0.3248 -0.8931 0.3112
vn 0.5476 -0.6604 0.5138
vn -0.6227 -0.6012 0.5008
vn -0.6354 -0.7279 0.2579
vn -0.5558 -0.4475 0.7006
vn -0.6225 0.6013 0.5009
vn -0.5554 0.4476 0.7009
vn -0.6352 0.7280 0.2581
vn -0.6604 -0.5791 -0.4780
vn -0.6599 0.5792 -0.4786
vn 0.7414 -0.4474 0.5002
vn 0.6839 -0.7270 0.0613
vn 0.7443 -0.6003 0.2928
vn 0.7414 0.6032 0.2941
vn 0.6804 0.7303 0.0612
vn 0.7373 0.4507 0.5033
vn 0.4804 -0.5682 -0.6681
vn 0.4797 0.5685 -0.6684
vn -0.7935 0.1735 -0.5832
vn -0.7060 0.4818 -0.5191
vn -0.7863 0.2185 -0.5779
vn -0.7060 -0.4818 -0.5191
vn -0.7935 -0.1735 -0.5832
vn -0.7863 -0.2185 -0.5779
vn 0.5847 0.1718 -0.7929
vn 0.5792 0.2165 -0.7859
vn 0.5201 0.4778 -0.7079
vn 0.5201 -0.4778 -0.7079
vn 0.5792 -0.2165 -0.7859
vn 0.5847 -0.1718 -0.7929
vn 0.8159 -0.3054 -0.4909
vn 0.7210 -0.2004 -0.6634
vn 0.6817 -0.1634 -0.7132
vn 0.8088 0.3067 -0.5018
vn 0.6786 0.1642 -0.7159
vn 0.7159 0.2005 -0.6688
vn -0.9275 -0.3091 -0.2102
vn -0.8677 -0.1655 -0.4688
vn -0.8901 -0.2029 -0.4080
vn -0.9245 0.3080 -0.2246
vn -0.8856 0.2018 -0.4184
vn -0.8630 0.1646 -0.4776
vn -0.5732 0.8188 -0.0323
vn -0.3653 0.8911 -0.2692
vn -0.5462 0.8349 -0.0677
vn -0.6196 0.6587 -0.4268
vn 0.5385 -0.8182 -0.2012
vn 0.2700 -0.8897 -0.3682
vn 0.5018 -0.8345 -0.2276
vn 0.4572 -0.6560 -0.6005
vn 0.5382 0.8185 -0.2012
vn 0.5016 0.8346 -0.2276
vn 0.2705 0.8896 -0.3681
vn 0.4578 0.6580 -0.5978
vn -0.5727 -0.8191 -0.0322
vn -0.5458 -0.8352 -0.0676
vn -0.3657 -0.8910 -0.2691
vn -0.6159 -0.6549 -0.4380
vn 0.7661 -0.6239 -0.1542
vn 0.6799 -0.7302 0.0667
vn 0.7975 -0.4892 -0.3531
vn 0.7660 0.6241 -0.1541
vn 0.7973 0.4894 -0.3531
vn 0.6798 0.7304 0.0665
vn 0.3742 -0.5729 0.7292
vn 0.3753 0.5728 0.7288
vn -0.4391 -0.4887 -0.7539
vn -0.5910 -0.7326 -0.3377
vn -0.5307 -0.6251 -0.5723
vn -0.5300 0.6254 -0.5727
vn -0.5906 0.7328 -0.3379
vn -0.4380 0.4890 -0.7544
vn -0.7247 -0.5783 0.3745
vn -0.7259 0.5778 0.3730
vn 0.4559 0.1837 0.8709
vn 0.4028 0.5003 0.7665
vn 0.4520 0.2253 0.8631
vn 0.4011 -0.5009 0.7670
vn 0.4538 -0.1839 0.8719
vn 0.4500 -0.2256 0.8641
vn -0.8728 0.1836 0.4521
vn -0.8653 0.2246 0.4481
vn -0.7698 0.4994 0.3976
vn -0.7715 -0.4968 0.3974
vn -0.8657 -0.2234 0.4479
vn -0.8732 -0.1826 0.4519
vn -0.9468 -0.3147 0.0674
vn -0.9397 -0.2155 0.2655
vn -0.9269 -0.1795 0.3296
vn -0.9468 0.3147 0.0674
vn -0.9269 0.1795 0.3295
vn -0.9397 0.2155 0.2654
vn 0.7352 -0.3180 0.5986
vn 0.5689 -0.1811 0.8022
vn 0.6160 -0.2174 0.7571
vn 0.7352 0.3188 0.5982
vn 0.6159 0.2180 0.7571
vn 0.5684 0.1814 0.8025
vn 0.5012 0.8192 0.2789
vn 0.2074 0.8943 0.3966
vn 0.4580 0.8369 0.2996
vn 0.3546 0.6603 0.6620
vn -0.5707 -0.8188 -0.0619
vn -0.3974 -0.8951 0.2021
vn -0.5473 -0.8367 -0.0206
vn -0.6727 -0.6608 0.3329
vn -0.5714 0.8183 -0.0617
vn -0.5481 0.8361 -0.0206
vn -0.3982 0.8948 0.2020
vn -0.6719 0.6617 0.3326
vn 0.5017 -0.8188 0.2791
vn 0.4582 -0.8367 0.2998
vn 0.2063 -0.8946 0.3965
vn 0.3543 -0.6578 0.6646
vn -0.4543 0.6826 -0.5724
vn -0.4560 -0.6852 -0.5679
vn -0.6616 0.5780 0.4778
vn -0.6587 -0.5763 0.4837
vn 0.6033 0.6760 -0.4231
vn 0.6101 -0.6832 -0.4012
vn 0.4822 0.5764 0.6598
vn 0.4772 -0.5709 0.6681
vn -0.6922 -0.5192 0.5013
vn -0.6957 0.5208 0.4947
vn 0.5031 -0.5186 0.6913
vn 0.5091 0.5241 0.6827
vn 0.8292 0.3031 0.4697
vn 0.7318 0.1881 0.6551
vn 0.6917 0.1489 0.7067
vn 0.8174 -0.2986 0.4927
vn 0.6817 -0.1465 0.7168
vn 0.7208 -0.1851 0.6680
vn -0.9298 0.3018 0.2106
vn -0.8694 0.1480 0.4715
vn -0.8920 0.1871 0.4116
vn -0.9301 -0.3013 0.2102
vn -0.8921 -0.1869 0.4113
vn -0.8695 -0.1478 0.4714
vn -0.5771 -0.8163 0.0247
vn -0.3584 -0.8956 0.2636
vn -0.5438 -0.8366 0.0664
vn -0.6282 -0.6382 0.4451
vn 0.5442 0.8158 0.1959
vn 0.2621 0.8990 0.3508
vn 0.4990 0.8370 0.2247
vn 0.4628 0.6386 0.6148
vn 0.5418 -0.8174 0.1958
vn 0.4972 -0.8381 0.2245
vn 0.2633 -0.8986 0.3511
vn 0.4604 -0.6470 0.6078
vn -0.5777 0.8159 0.0249
vn -0.5444 0.8362 0.0665
vn -0.3588 0.8954 0.2638
vn -0.6268 0.6390 0.4458
vn 0.5630 -0.6645 -0.4914
vn 0.5631 0.6645 -0.4914
vn 0.5615 -0.5807 0.5895
vn 0.5617 0.5807 0.5893
vn -0.5256 -0.6617 -0.5347
vn -0.5262 0.6613 -0.5346
vn -0.5984 -0.5804 0.5523
vn -0.5984 0.5804 0.5523
vn 0.6734 0.1746 0.7183
vn 0.6034 0.4844 0.6335
vn 0.6679 0.2199 0.7110
vn 0.6036 -0.4844 0.6333
vn 0.6735 -0.1746 0.7182
vn 0.6680 -0.2198 0.7109
vn -0.7193 0.1723 0.6730
vn -0.7130 0.2162 0.6670
vn -0.6416 0.4778 0.6000
vn -0.6416 -0.4777 0.6001
vn -0.7145 -0.2161 0.6654
vn -0.7211 -0.1722 0.6711
vn -0.8994 -0.2942 0.3234
vn -0.8368 -0.1762 0.5184
vn -0.8076 -0.1373 0.5735
vn -0.9022 0.2925 0.3170
vn -0.8090 0.1366 0.5717
vn -0.8390 0.1756 0.5151
vn 0.8728 -0.2941 0.3896
vn 0.7636 -0.1368 0.6310
vn 0.7965 -0.1758 0.5785
vn 0.8728 0.2941 0.3896
vn 0.7965 0.1758 0.5785
vn 0.7636 0.1368 0.6310
vn 0.5568 0.8198 0.1338
vn 0.3108 0.8927 0.3263
vn 0.5237 0.8361 0.1634
vn 0.5293 0.6424 0.5541
vn -0.5647 -0.8195 0.0980
vn -0.3322 -0.8921 0.3064
vn -0.5340 -0.8355 0.1294
vn -0.5669 -0.6425 0.5156
vn -0.5636 0.8202 0.0980
vn -0.5330 0.8361 0.1294
vn -0.3319 0.8922 0.3064
vn -0.5658 0.6445 0.5143
vn 0.5569 -0.8197 0.1338
vn 0.5238 -0.8360 0.1635
vn 0.3107 -0.8927 0.3263
vn 0.5298 -0.6421 0.5540
vn 0.5594 0.6537 -0.5097
vn -0.7722 0.3895 -0.5020
vn 0.7679 -0.3960 -0.5034
vn -0.5511 -0.6619 -0.5081
vn 0.4072 -0.7972 0.4457
vn 0.3056 -0.7502 0.5863
vn 0.2744 -0.7322 0.6234
vn 0.0319 -0.7791 0.6261
vn 0.0098 -0.8075 0.5897
vn -0.0668 -0.8895 0.4520
vn 0.0694 0.8912 0.4483
vn -0.0305 0.7816 0.6230
vn -0.0082 0.8098 0.5866
vn -0.4048 0.7951 0.4517
vn -0.3046 0.7478 0.5900
vn -0.2740 0.7298 0.6264
vn -0.9143 0.3892 0.1121
vn -0.9412 0.1299 0.3117
vn -0.9260 0.3477 0.1472
vn -0.7348 0.4047 0.5443
vn 0.9127 -0.3924 0.1143
vn 0.9392 -0.1292 0.3180
vn 0.9246 -0.3499 0.1505
vn 0.7351 -0.4107 0.5394
vn -0.7129 -0.6858 0.1465
vn -0.8124 -0.4939 0.3100
vn -0.6859 -0.7191 0.1114
vn -0.5102 -0.6716 0.5373
vn 0.6875 0.7176 0.1114
vn 0.7157 0.6828 0.1470
vn 0.8174 0.4853 0.3103
vn 0.5142 0.6646 0.5422
vn 0.5881 0.5128 0.6254
vn 0.5673 0.6175 0.5449
vn 0.6135 0.3964 0.6830
vn -0.7444 0.2451 0.6211
vn -0.7219 0.1287 0.6799
vn -0.7660 0.3476 0.5407
vn 0.7439 -0.2452 0.6217
vn 0.7212 -0.1287 0.6806
vn 0.7655 -0.3480 0.5412
vn -0.5903 -0.5127 0.6234
vn -0.5703 -0.6171 0.5422
vn -0.6144 -0.3963 0.6822
vn -0.3581 0.3040 0.8828
vn -0.3954 0.5614 0.7270
vn -0.6183 0.3315 0.7126
vn 0.1439 0.6719 0.7266
vn 0.2086 0.4189 0.8837
vn 0.4368 0.5471 0.7141
vn -0.1449 -0.6716 0.7266
vn -0.2092 -0.4187 0.8837
vn -0.4386 -0.5459 0.7139
vn 0.3566 -0.3039 0.8834
vn 0.3958 -0.5620 0.7263
vn 0.6176 -0.3320 0.7130
vn -0.7487 0.5390 0.3859
vn -0.8508 0.5050 0.1449
vn -0.6084 0.5341 0.5870
vn 0.4770 0.7888 0.3877
vn 0.3492 0.7292 0.5885
vn 0.5846 0.7980 0.1465
vn -0.6832 0.4481 -0.5766
vn 0.4462 0.6803 -0.5815
vn -0.3491 -0.7309 0.5864
vn -0.5844 -0.7983 0.1452
vn -0.4764 -0.7900 0.3859
vn 0.7489 -0.5388 0.3858
vn 0.8510 -0.5049 0.1447
vn 0.6087 -0.5339 0.5870
vn -0.4478 -0.6845 -0.5753
vn 0.6843 -0.4492 -0.5744
vn 0.0412 0.7164 -0.6965
vn 0.3662 0.6929 -0.6211
vn 0.0824 0.7178 -0.6913
vn -0.6159 0.4912 -0.6159
vn -0.3197 0.6435 -0.6955
vn -0.3596 0.6282 -0.6899
vn 0.3183 -0.6413 -0.6981
vn 0.3575 -0.6268 -0.6924
vn 0.6114 -0.4943 -0.6179
vn -0.3586 -0.7074 -0.6091
vn -0.0788 -0.7219 -0.6875
vn -0.0374 -0.7190 -0.6941
vn -0.1367 -0.9297 -0.3421
vn -0.0510 -0.8451 -0.5321
vn -0.0214 -0.8068 -0.5905
vn 0.4887 -0.8015 -0.3446
vn 0.3343 -0.7327 -0.5928
vn 0.3765 -0.7566 -0.5346
vn -0.4884 0.8010 -0.3462
vn -0.3340 0.7326 -0.5931
vn -0.3763 0.7563 -0.5351
vn 0.1375 0.9293 -0.3429
vn 0.0513 0.8452 -0.5320
vn 0.0213 0.8069 -0.5904
vn 0.6926 0.7121 -0.1147
vn 0.8153 0.4855 -0.3156
vn 0.7173 0.6810 -0.1477
vn 0.5402 0.6617 -0.5199
vn -0.6915 -0.7132 -0.1147
vn -0.8153 -0.4855 -0.3156
vn -0.7164 -0.6819 -0.1477
vn -0.5385 -0.6615 -0.5219
vn 0.9144 -0.3883 -0.1143
vn 0.9250 -0.3504 -0.1472
vn 0.9398 -0.1332 -0.3148
vn 0.7529 -0.3987 -0.5237
vn -0.9146 0.3878 -0.1143
vn -0.9252 0.3499 -0.1471
vn -0.9398 0.1331 -0.3146
vn -0.7520 0.3997 -0.5242
vn -0.6757 0.5378 0.5042
vn 0.6734 0.5360 0.5092
vn -0.5749 0.5786 -0.5786
vn 0.5749 0.5786 -0.5786
vn -0.6753 -0.5381 0.5044
vn 0.6730 -0.5363 0.5094
vn -0.5762 -0.5779 -0.5779
vn 0.5762 -0.5779 -0.5779
vn 0.5119 0.6112 -0.6036
vn -0.5147 0.6100 -0.6024
vn 0.5135 -0.6127 -0.6007
vn -0.5122 -0.6111 -0.6035
vn -0.2996 -0.8899 -0.3440
vn -0.1829 -0.8209 -0.5410
vn -0.1429 -0.7886 -0.5981
vn 0.3036 -0.8867 -0.3486
vn 0.1446 -0.7861 -0.6010
vn 0.1849 -0.8180 -0.5447
vn -0.3026 0.8890 -0.3437
vn -0.1440 0.7884 -0.5981
vn -0.1844 0.8206 -0.5409
vn 0.3066 0.8858 -0.3483
vn 0.1865 0.8177 -0.5446
vn 0.1457 0.7859 -0.6009
vn 0.8175 0.5645 -0.1143
vn 0.8960 0.3099 -0.3179
vn 0.8377 0.5250 -0.1505
vn 0.6344 0.5535 -0.5397
vn -0.8171 -0.5651 -0.1144
vn -0.8957 -0.3104 -0.3184
vn -0.8374 -0.5254 -0.1508
vn -0.6364 -0.5482 -0.5426
vn 0.8175 -0.5651 -0.1117
vn 0.8380 -0.5255 -0.1473
vn 0.8980 -0.3112 -0.3112
vn 0.6346 -0.5532 -0.5397
vn -0.8178 0.5645 -0.1116
vn -0.8383 0.5251 -0.1469
vn -0.8983 0.3107 -0.3107
vn -0.6357 0.5489 -0.5428
vn -0.6023 0.6894 0.4025
vn -0.7284 0.6659 0.1612
vn -0.4495 0.6528 0.6098
vn 0.6019 0.6896 0.4026
vn 0.4487 0.6530 0.6101
vn 0.7284 0.6659 0.1612
vn -0.4490 -0.6529 0.6100
vn -0.7289 -0.6655 0.1609
vn -0.6023 -0.6894 0.4025
vn 0.6023 -0.6894 0.4025
vn 0.7289 -0.6655 0.1609
vn 0.4490 -0.6529 0.6100
vn 0.1718 0.6958 -0.6973
vn 0.4779 0.6162 -0.6260
vn 0.2167 0.6889 -0.6917
vn -0.4785 0.6169 -0.6248
vn -0.1721 0.6962 -0.6970
vn -0.2170 0.6893 -0.6912
vn 0.1725 -0.6959 -0.6971
vn 0.2175 -0.6890 -0.6913
vn 0.4796 -0.6160 -0.6249
vn -0.4822 -0.6195 -0.6195
vn -0.2188 -0.6909 -0.6891
vn -0.1735 -0.6974 -0.6954
vn -0.3085 -0.8850 -0.3487
vn -0.2022 -0.8172 -0.5397
vn -0.1652 -0.7858 -0.5960
vn 0.3085 -0.8850 -0.3487
vn 0.1652 -0.7858 -0.5960
vn 0.2022 -0.8172 -0.5397
vn -0.3093 0.8848 -0.3487
vn -0.1655 0.7858 -0.5959
vn -0.2026 0.8171 -0.5397
vn 0.3093 0.8848 -0.3487
vn 0.2026 0.8171 -0.5397
vn 0.1655 0.7858 -0.5959
vn 0.8193 0.5613 -0.1168
vn 0.8911 0.3229 -0.3188
vn 0.8354 0.5295 -0.1476
vn 0.6577 0.5395 -0.5258
vn -0.8197 -0.5614 -0.1136
vn -0.8940 -0.3228 -0.3106
vn -0.8360 -0.5295 -0.1436
vn -0.6530 -0.5448 -0.5261
vn 0.8193 -0.5614 -0.1165
vn 0.8355 -0.5295 -0.1472
vn 0.8918 -0.3220 -0.3179
vn 0.6562 -0.5401 -0.5270
vn -0.8189 0.5613 -0.1196
vn -0.8348 0.5294 -0.1512
vn -0.8888 0.3221 -0.3262
vn -0.6568 0.5445 -0.5216
vn 0.7060 0.5821 -0.4034
vn 0.8268 0.5389 -0.1612
vn 0.5490 0.5702 -0.6111
vn -0.4799 0.7806 -0.4004
vn -0.3350 0.7203 -0.6075
vn -0.6090 0.7771 -0.1589
vn 0.6677 0.4722 0.5755
vn -0.4762 0.6667 0.5733
vn 0.3369 -0.7168 -0.6105
vn 0.6112 -0.7747 -0.1618
vn 0.4820 -0.7778 -0.4034
vn -0.7055 -0.5827 -0.4034
vn -0.8263 -0.5397 -0.1612
vn -0.5487 -0.5706 -0.6110
vn 0.4740 -0.6649 0.5772
vn -0.6622 -0.4681 0.5851
vn -0.0572 0.7122 0.6996
vn -0.3739 0.6849 0.6254
vn -0.1028 0.7130 0.6936
vn 0.5804 0.5277 0.6202
vn 0.2858 0.6578 0.6969
vn 0.3302 0.6435 0.6906
vn -0.2853 -0.6567 0.6981
vn -0.3297 -0.6422 0.6920
vn -0.5793 -0.5255 0.6231
vn 0.3726 -0.6857 0.6253
vn 0.1024 -0.7144 0.6922
vn 0.0571 -0.7138 0.6980
vn 0.1589 -0.9226 0.3515
vn 0.0655 -0.8385 0.5409
vn 0.0343 -0.8017 0.5968
vn -0.4498 -0.8201 0.3536
vn -0.2914 -0.7476 0.5968
vn -0.3330 -0.7718 0.5416
vn 0.4469 0.8227 0.3515
vn 0.2906 0.7486 0.5960
vn 0.3315 0.7731 0.5407
vn -0.1584 0.9245 0.3467
vn -0.0653 0.8410 0.5371
vn -0.0341 0.8043 0.5932
vn -0.7172 0.6876 0.1136
vn -0.8311 0.4615 0.3104
vn -0.7387 0.6586 0.1435
vn -0.5533 0.6411 0.5319
vn 0.7172 -0.6876 0.1135
vn 0.8289 -0.4655 0.3103
vn 0.7383 -0.6590 0.1435
vn 0.5545 -0.6451 0.5258
vn -0.9004 -0.4183 0.1194
vn -0.9110 -0.3838 0.1510
vn -0.9304 -0.1688 0.3255
vn -0.7360 -0.4245 0.5273
vn 0.9009 0.4188 0.1139
vn 0.9118 0.3846 0.1442
vn 0.9345 0.1721 0.3115
vn 0.7346 0.4305 0.5245
vn 0.6769 0.5321 -0.5085
vn -0.6739 0.5365 -0.5080
vn 0.5749 0.5786 0.5786
vn -0.5749 0.5786 0.5786
vn 0.6766 -0.5324 -0.5088
vn -0.6760 -0.5319 -0.5100
vn 0.5774 -0.5791 0.5755
vn -0.5768 -0.5785 0.5767
vn -0.5166 0.6014 0.6094
vn 0.5131 0.6126 0.6012
vn -0.5169 -0.6013 0.6093
vn 0.5128 -0.6118 0.6023
vn 0.3020 -0.8895 0.3430
vn 0.1841 -0.8199 0.5421
vn 0.1441 -0.7874 0.5993
vn -0.2998 -0.8905 0.3423
vn -0.1433 -0.7878 0.5991
vn -0.1830 -0.8204 0.5418
vn 0.2997 0.8898 0.3441
vn 0.1431 0.7874 0.5996
vn 0.1828 0.8199 0.5426
vn -0.2977 0.8911 0.3426
vn -0.1819 0.8206 0.5418
vn -0.1426 0.7879 0.5991
vn -0.8171 0.5656 0.1114
vn -0.8972 0.3143 0.3103
vn -0.8374 0.5266 0.1467
vn -0.6380 0.5428 0.5462
vn 0.8166 -0.5662 0.1122
vn 0.8963 -0.3146 0.3126
vn 0.8369 -0.5270 0.1479
vn 0.6365 -0.5483 0.5425
vn -0.8167 -0.5662 0.1116
vn -0.8371 -0.5270 0.1470
vn -0.8968 -0.3148 0.3108
vn -0.6372 -0.5445 0.5455
vn 0.8170 0.5656 0.1121
vn 0.8372 0.5266 0.1476
vn 0.8966 0.3141 0.3121
vn 0.6363 0.5494 0.5416
vn 0.6031 0.6888 -0.4024
vn 0.7293 0.6650 -0.1608
vn 0.4497 0.6523 -0.6101
vn -0.6032 0.6887 -0.4023
vn -0.4497 0.6524 -0.6101
vn -0.7293 0.6650 -0.1608
vn 0.5755 0.5792 0.5773
vn -0.5755 0.5792 0.5773
vn 0.4485 -0.6528 -0.6105
vn 0.7288 -0.6655 -0.1612
vn 0.6024 -0.6891 -0.4027
vn -0.6023 -0.6892 -0.4028
vn -0.7288 -0.6655 -0.1613
vn -0.4486 -0.6528 -0.6104
vn 0.5762 -0.5779 0.5779
vn -0.1717 0.6975 0.6957
vn -0.4775 0.6263 0.6162
vn -0.2165 0.6918 0.6889
vn 0.4775 0.6262 0.6164
vn 0.1716 0.6974 0.6958
vn 0.2165 0.6917 0.6889
vn -0.1710 -0.6975 0.6959
vn -0.2156 -0.6919 0.6891
vn -0.4758 -0.6268 0.6170
vn 0.4758 -0.6268 0.6170
vn 0.2157 -0.6919 0.6891
vn 0.1710 -0.6975 0.6959
vn 0.3082 -0.8841 0.3512
vn 0.2018 -0.8172 0.5399
vn 0.1649 -0.7863 0.5955
vn -0.3083 -0.8844 0.3504
vn -0.1649 -0.7864 0.5952
vn -0.2019 -0.8174 0.5395
vn 0.3090 0.8839 0.3511
vn 0.1649 0.7863 0.5955
vn 0.2020 0.8171 0.5399
vn -0.3091 0.8842 0.3503
vn -0.2021 0.8174 0.5395
vn -0.1649 0.7864 0.5953
vn -0.8194 0.5611 0.1173
vn -0.8909 0.3221 0.3201
vn -0.8355 0.5292 0.1483
vn -0.6538 0.5434 0.5265
vn 0.8192 -0.5614 0.1172
vn 0.8912 -0.3218 0.3198
vn 0.8353 -0.5294 0.1481
vn 0.6522 -0.5442 0.5278
vn -0.8192 -0.5614 0.1172
vn -0.8353 -0.5294 0.1481
vn -0.8912 -0.3218 0.3198
vn -0.6530 -0.5431 0.5278
vn 0.8195 0.5611 0.1165
vn 0.8356 0.5292 0.1474
vn 0.8915 0.3223 0.3183
vn 0.6545 0.5426 0.5265
vn 0.6755 0.5444 -0.4974
vn -0.6709 0.5408 -0.5074
vn 0.5725 0.5761 0.5834
vn 0.6706 -0.5410 -0.5076
vn -0.6706 -0.5410 -0.5076
vn 0.5738 -0.5755 0.5828
vn -0.5762 -0.5779 0.5779
vn -0.5110 0.6102 0.6054
vn 0.5167 0.6015 0.6092
vn -0.5113 -0.6101 0.6053
vn 0.5194 -0.6042 0.6042
vn 0.3003 -0.8922 0.3374
vn 0.1834 -0.8227 0.5381
vn 0.1433 -0.7899 0.5962
vn -0.2996 -0.8899 0.3440
vn -0.1429 -0.7886 0.5981
vn -0.1829 -0.8209 0.5410
vn 0.2978 0.8917 0.3409
vn 0.1424 0.7894 0.5972
vn 0.1820 0.8220 0.5396
vn -0.3026 0.8890 0.3437
vn -0.1844 0.8206 0.5409
vn -0.1440 0.7884 0.5981
vn -0.8167 0.5656 0.1141
vn -0.8949 0.3135 0.3175
vn -0.8368 0.5265 0.1502
vn -0.6392 0.5438 0.5438
vn 0.8167 -0.5662 0.1115
vn 0.8968 -0.3148 0.3108
vn 0.8371 -0.5270 0.1470
vn 0.6395 -0.5440 0.5432
vn -0.8171 -0.5661 0.1088
vn -0.8376 -0.5271 0.1434
vn -0.8990 -0.3156 0.3036
vn -0.6393 -0.5437 0.5437
vn 0.8179 0.5645 0.1114
vn 0.8380 0.5256 0.1467
vn 0.8972 0.3143 0.3103
vn 0.6387 0.5415 0.5467
vn 0.6027 0.6898 -0.4012
vn 0.7301 0.6643 -0.1604
vn 0.4486 0.6548 -0.6083
vn -0.6019 0.6905 -0.4012
vn -0.4486 0.6548 -0.6083
vn -0.7287 0.6657 -0.1604
vn 0.5774 0.5774 0.5774
vn -0.5798 0.5798 0.5724
vn 0.4483 -0.6549 -0.6084
vn 0.7289 -0.6655 -0.1609
vn 0.6019 -0.6903 -0.4015
vn -0.6019 -0.6903 -0.4015
vn -0.7289 -0.6655 -0.1609
vn -0.4483 -0.6549 -0.6084
vn -0.5786 -0.5804 0.5730
vn -0.1646 0.6942 0.7007
vn -0.4662 0.6190 0.6320
vn -0.2132 0.6870 0.6946
vn 0.4677 0.6209 0.6290
vn 0.1651 0.6970 0.6978
vn 0.2139 0.6898 0.6917
vn -0.1637 -0.6936 0.7015
vn -0.2122 -0.6863 0.6957
vn -0.4639 -0.6178 0.6349
vn 0.4666 -0.6214 0.6294
vn 0.2135 -0.6898 0.6918
vn 0.1647 -0.6971 0.6979
vn 0.3070 -0.8841 0.3522
vn 0.2012 -0.8171 0.5403
vn 0.1645 -0.7862 0.5956
vn -0.3062 -0.8818 0.3587
vn -0.1641 -0.7849 0.5975
vn -0.2006 -0.8152 0.5433
vn 0.3068 0.8829 0.3554
vn 0.1644 0.7855 0.5966
vn 0.2010 0.8161 0.5418
vn -0.3072 0.8841 0.3521
vn -0.2013 0.8170 0.5403
vn -0.1646 0.7862 0.5956
vn -0.8202 0.5596 0.1184
vn -0.8898 0.3247 0.3206
vn -0.8348 0.5305 0.1470
vn -0.6519 0.5362 0.5362
vn 0.8198 -0.5602 0.1187
vn 0.8893 -0.3254 0.3213
vn 0.8344 -0.5311 0.1474
vn 0.6560 -0.5451 0.5221
vn -0.8198 -0.5602 0.1187
vn -0.8344 -0.5311 0.1474
vn -0.8893 -0.3254 0.3213
vn -0.6508 -0.5398 0.5340
vn 0.8202 0.5596 0.1184
vn 0.8348 0.5305 0.1471
vn 0.8898 0.3247 0.3206
vn 0.6564 0.5414 0.5253
vn -0.2338 0.8971 -0.3750
vn -0.1775 0.9746 -0.1363
vn -0.2738 0.7756 -0.5688
vn -0.9082 -0.1854 -0.3753
vn -0.8164 -0.0956 -0.5696
vn -0.9532 -0.2701 -0.1359
vn -0.1871 0.7944 0.5779
vn -0.7980 -0.1848 0.5737
vn 0.8166 0.0970 -0.5691
vn 0.9526 0.2715 -0.1371
vn 0.9079 0.1867 -0.3754
vn 0.2297 -0.8971 -0.3775
vn 0.1732 -0.9753 -0.1367
vn 0.2702 -0.7738 -0.5730
vn 0.7980 0.1843 0.5737
vn 0.1863 -0.7989 0.5719
vn -0.7891 -0.1463 0.5966
vn -0.2156 0.7753 0.5937
vn 0.2211 -0.7768 0.5897
vn 0.7926 0.1479 0.5916
vn 0.9249 -0.1868 0.3312
vn 0.8167 -0.2367 0.5262
vn 0.7688 -0.2513 0.5880
vn 0.5770 -0.7491 0.3254
vn 0.5636 -0.5805 0.5877
vn 0.5724 -0.6300 0.5249
vn -0.5756 0.7473 0.3321
vn -0.5648 0.5805 0.5865
vn -0.5727 0.6292 0.5255
vn -0.9225 0.1875 0.3375
vn -0.8149 0.2364 0.5292
vn -0.7673 0.2508 0.5902
vn -0.9161 -0.3853 0.1109
vn -0.7383 -0.5969 0.3142
vn -0.8901 -0.4298 0.1513
vn -0.8083 -0.2660 0.5252
vn 0.9162 0.3865 0.1054
vn 0.7414 0.6006 0.2993
vn 0.8906 0.4314 0.1439
vn 0.8062 0.2659 0.5285
vn 0.0556 -0.9926 0.1075
vn 0.0035 -0.9891 0.1470
vn -0.2147 -0.9277 0.3053
vn 0.1169 -0.8424 0.5261
vn 0.2108 0.9280 0.3073
vn -0.1131 0.8417 0.5280
vn 0.1005 -0.6030 0.7914
vn -0.1123 -0.7297 0.6745
vn 0.3055 -0.4497 0.8393
vn 0.1001 0.6029 0.7915
vn 0.3051 0.4496 0.8395
vn -0.1127 0.7297 0.6745
vn -0.7573 -0.5780 0.3041
vn -0.7571 0.5782 0.3042
vn 0.8161 -0.4496 -0.3630
vn 0.4078 -0.7302 -0.5481
vn 0.6394 -0.6032 -0.4768
vn 0.6395 0.6031 -0.4767
vn 0.4081 0.7301 -0.5481
vn 0.8163 0.4494 -0.3629
vn -0.3046 -0.5799 -0.7556
vn -0.3072 0.5757 -0.7578
vn -0.9141 0.1722 0.3671
vn -0.8148 0.4785 0.3273
vn -0.9059 0.2168 0.3638
vn -0.8144 -0.4790 0.3275
vn -0.9139 -0.1724 0.3674
vn -0.9057 -0.2170 0.3641
vn -0.3672 0.1724 -0.9140
vn -0.3638 0.2171 -0.9058
vn -0.3266 0.4790 -0.8148
vn -0.3261 -0.4858 -0.8110
vn -0.3639 -0.2205 -0.9049
vn -0.3674 -0.1750 -0.9135
vn 0.0224 -0.3105 -0.9503
vn -0.1783 -0.2034 -0.9627
vn -0.2427 -0.1656 -0.9559
vn 0.0224 0.3105 -0.9503
vn -0.2427 0.1656 -0.9559
vn -0.1783 0.2034 -0.9627
vn -0.6686 -0.3095 0.6761
vn -0.8567 -0.1656 0.4885
vn -0.8171 -0.2030 0.5396
vn -0.6689 0.3094 0.6759
vn -0.8175 0.2030 0.5390
vn -0.8571 0.1656 0.4877
vn -0.3274 0.8194 0.4706
vn -0.4186 0.8921 0.1699
vn -0.3431 0.8356 0.4290
vn -0.6975 0.6549 0.2909
vn 0.1125 -0.8197 -0.5616
vn -0.1673 -0.8919 -0.4202
vn 0.0714 -0.8360 -0.5441
vn -0.2751 -0.6572 -0.7017
vn 0.1119 0.8196 -0.5619
vn 0.0709 0.8356 -0.5447
vn -0.1683 0.8912 -0.4212
vn -0.2748 0.6565 -0.7025
vn -0.3273 -0.8195 0.4704
vn -0.3429 -0.8358 0.4288
vn -0.4178 -0.8926 0.1695
vn -0.6970 -0.6562 0.2890
vn 0.2625 -0.6249 -0.7353
vn 0.4092 -0.7325 -0.5441
vn 0.1074 -0.4886 -0.8659
vn 0.2625 0.6249 -0.7353
vn 0.1074 0.4886 -0.8659
vn 0.4092 0.7325 -0.5441
vn 0.8147 -0.5761 0.0661
vn 0.8155 0.5754 0.0623
vn -0.8725 -0.4881 -0.0225
vn -0.5998 -0.7316 0.3241
vn -0.7668 -0.6240 0.1504
vn -0.7663 0.6246 0.1504
vn -0.5993 0.7320 0.3241
vn -0.8721 0.4889 -0.0224
vn -0.0595 -0.5788 0.8133
vn -0.0604 0.5788 0.8132
vn 0.9805 0.1826 0.0730
vn 0.8653 0.4969 0.0663
vn 0.9720 0.2234 0.0726
vn 0.8648 -0.4972 0.0701
vn 0.9804 -0.1827 0.0744
vn 0.9719 -0.2235 0.0743
vn -0.0720 0.1826 0.9805
vn -0.0714 0.2236 0.9721
vn -0.0633 0.4973 0.8652
vn -0.0642 -0.4980 0.8648
vn -0.0718 -0.2239 0.9720
vn -0.0724 -0.1829 0.9805
vn -0.4425 -0.3221 0.8369
vn -0.2691 -0.2196 0.9377
vn -0.2072 -0.1824 0.9611
vn -0.4423 0.3187 0.8383
vn -0.2070 0.1812 0.9614
vn -0.2689 0.2179 0.9382
vn 0.8929 -0.3198 -0.3170
vn 0.9814 -0.1814 -0.0635
vn 0.9673 -0.2185 -0.1291
vn 0.8931 0.3196 -0.3167
vn 0.9673 0.2183 -0.1289
vn 0.9814 0.1813 -0.0634
vn 0.5019 0.8181 -0.2807
vn 0.4478 0.8936 0.0323
vn 0.4969 0.8361 -0.2326
vn 0.7495 0.6606 0.0440
vn -0.3513 -0.8185 0.4546
vn -0.0343 -0.8937 0.4474
vn -0.3033 -0.8363 0.4567
vn -0.0657 -0.6638 0.7451
vn -0.3513 0.8185 0.4546
vn -0.3033 0.8363 0.4567
vn -0.0343 0.8937 0.4474
vn -0.0651 0.6655 0.7435
vn 0.5019 -0.8181 -0.2807
vn 0.4969 -0.8361 -0.2326
vn 0.4478 -0.8936 0.0323
vn 0.7523 -0.6574 0.0441
vn -0.7251 0.6836 0.0836
vn -0.7258 -0.6827 0.0840
vn 0.0641 0.5791 0.8127
vn 0.0632 -0.5781 0.8135
vn -0.0281 0.6850 -0.7280
vn -0.0280 -0.6859 -0.7271
vn 0.8129 0.5791 -0.0621
vn 0.8129 -0.5791 -0.0621
vn 0.0662 -0.5173 0.8532
vn 0.0677 0.5166 0.8536
vn 0.8539 -0.5168 -0.0615
vn 0.8534 0.5171 -0.0654
vn 0.8376 0.3044 -0.4536
vn 0.9431 0.1887 -0.2738
vn 0.9656 0.1493 -0.2128
vn 0.8369 -0.3047 -0.4546
vn 0.9658 -0.1492 -0.2119
vn 0.9431 -0.1889 -0.2736
vn -0.3169 0.3035 0.8986
vn -0.0586 0.1488 0.9871
vn -0.1226 0.1881 0.9745
vn -0.3173 -0.3015 0.8991
vn -0.1228 -0.1871 0.9746
vn -0.0587 -0.1479 0.9873
vn -0.2821 -0.8169 0.5031
vn 0.0339 -0.8963 0.4422
vn -0.2297 -0.8371 0.4965
vn 0.0555 -0.6369 0.7689
vn 0.4533 0.8166 -0.3574
vn 0.4413 0.8966 -0.0359
vn 0.4548 0.8369 -0.3046
vn 0.7674 0.6375 -0.0693
vn 0.4519 -0.8176 -0.3568
vn 0.4533 -0.8379 -0.3041
vn 0.4398 -0.8974 -0.0357
vn 0.7671 -0.6381 -0.0656
vn -0.2828 0.8171 0.5023
vn -0.2306 0.8373 0.4957
vn 0.0319 0.8967 0.4414
vn 0.0555 0.6370 0.7689
vn -0.1316 -0.6619 -0.7379
vn -0.1315 0.6611 -0.7387
vn 0.8002 -0.5767 -0.1648
vn 0.7994 0.5778 -0.1646
vn -0.7283 -0.6647 0.1666
vn -0.7283 0.6647 0.1666
vn 0.1623 -0.5788 0.7992
vn 0.1627 0.5788 0.7991
vn 0.9654 0.1723 -0.1957
vn 0.8608 0.4786 -0.1733
vn 0.9568 0.2167 -0.1938
vn 0.8607 -0.4786 -0.1733
vn 0.9654 -0.1723 -0.1957
vn 0.9568 -0.2167 -0.1938
vn 0.1960 0.1737 0.9651
vn 0.1942 0.2186 0.9563
vn 0.1743 0.4823 0.8585
vn 0.1742 -0.4816 0.8589
vn 0.1941 -0.2182 0.9564
vn 0.1959 -0.1734 0.9652
vn -0.1964 -0.2951 0.9351
vn 0.0033 -0.1768 0.9842
vn 0.0659 -0.1377 0.9883
vn -0.1964 0.2950 0.9351
vn 0.0658 0.1377 0.9883
vn 0.0033 0.1768 0.9842
vn 0.7847 -0.2940 -0.5457
vn 0.9356 -0.1370 -0.3254
vn 0.9075 -0.1761 -0.3814
vn 0.7850 0.2939 -0.5454
vn 0.9078 0.1758 -0.3809
vn 0.9357 0.1370 -0.3252
vn 0.4079 0.8189 -0.4037
vn 0.4444 0.8911 -0.0920
vn 0.4160 0.8350 -0.3601
vn 0.7537 0.6388 -0.1545
vn -0.2122 -0.8199 0.5317
vn 0.0886 -0.8921 0.4430
vn -0.1690 -0.8360 0.5220
vn 0.1487 -0.6379 0.7556
vn -0.2121 0.8200 0.5317
vn -0.1689 0.8360 0.5220
vn 0.0887 0.8921 0.4430
vn 0.1486 0.6380 0.7555
vn 0.4081 -0.8189 -0.4037
vn 0.4162 -0.8350 -0.3600
vn 0.4445 -0.8910 -0.0920
vn 0.7519 -0.6410 -0.1542
vn -0.5600 0.6612 0.4993
vn 0.7604 0.3968 0.5141
vn -0.7659 -0.3963 0.5062
vn 0.5542 -0.6667 0.4983
vn -0.4087 -0.7996 -0.4401
vn -0.3064 -0.7519 -0.5837
vn -0.2755 -0.7338 -0.6211
vn -0.0323 -0.7770 -0.6287
vn -0.0101 -0.8058 -0.5921
vn 0.0663 -0.8880 -0.4550
vn -0.0661 0.8880 -0.4550
vn 0.0323 0.7778 -0.6277
vn 0.0103 0.8061 -0.5917
vn 0.4062 0.7943 -0.4518
vn 0.3049 0.7482 -0.5893
vn 0.2744 0.7309 -0.6249
vn 0.9127 0.3938 -0.1093
vn 0.9431 0.1342 -0.3043
vn 0.9248 0.3524 -0.1434
vn 0.7285 0.4220 -0.5396
vn -0.9123 -0.3946 -0.1092
vn -0.9432 -0.1340 -0.3040
vn -0.9247 -0.3527 -0.1437
vn -0.7298 -0.4212 -0.5385
vn 0.7124 -0.6863 -0.1464
vn 0.8118 -0.4948 -0.3100
vn 0.6854 -0.7197 -0.1113
vn 0.5106 -0.6714 -0.5371
vn -0.6828 0.7215 -0.1145
vn -0.7094 0.6888 -0.1496
vn -0.8096 0.4933 -0.3183
vn -0.5089 0.6717 -0.5384
vn -0.5868 0.5173 -0.6229
vn -0.5665 0.6203 -0.5425
vn -0.6113 0.4007 -0.6824
vn 0.7366 0.2439 -0.6309
vn 0.7120 0.1270 -0.6906
vn 0.7604 0.3481 -0.5484
vn -0.7436 -0.2435 -0.6227
vn -0.7215 -0.1267 -0.6808
vn -0.7647 -0.3468 -0.5431
vn 0.5854 -0.5164 -0.6250
vn 0.5669 -0.6207 -0.5416
vn 0.6086 -0.3991 -0.6858
vn 0.3586 0.3054 -0.8821
vn 0.3947 0.5618 -0.7271
vn 0.6185 0.3342 -0.7112
vn -0.1419 0.6730 -0.7259
vn -0.2081 0.4191 -0.8837
vn -0.4339 0.5493 -0.7141
vn 0.1447 -0.6728 -0.7255
vn 0.2102 -0.4206 -0.8826
vn 0.4385 -0.5498 -0.7110
vn -0.3565 -0.3049 -0.8832
vn -0.3961 -0.5627 -0.7256
vn -0.6182 -0.3348 -0.7111
vn 0.7460 0.5463 -0.3809
vn 0.8473 0.5121 -0.1408
vn 0.6095 0.5403 -0.5801
vn -0.4745 0.7914 -0.3854
vn -0.3501 0.7308 -0.5860
vn -0.5820 0.8005 -0.1432
vn 0.6823 0.4549 0.5723
vn -0.4435 0.6834 0.5798
vn 0.3495 -0.7297 -0.5877
vn 0.5828 -0.7993 -0.1465
vn 0.4743 -0.7902 -0.3881
vn -0.7457 -0.5463 -0.3814
vn -0.8482 -0.5101 -0.1423
vn -0.6084 -0.5418 -0.5799
vn 0.4472 -0.6847 0.5755
vn -0.6806 -0.4581 0.5717
vn -0.0399 0.7172 0.6957
vn -0.3639 0.6966 0.6183
vn -0.0810 0.7191 0.6902
vn 0.6123 0.5050 0.6084
vn 0.3188 0.6466 0.6930
vn 0.3584 0.6326 0.6866
vn -0.3158 -0.6456 0.6953
vn -0.3544 -0.6316 0.6896
vn -0.6047 -0.5041 0.6166
vn 0.3569 -0.7032 0.6149
vn 0.0776 -0.7199 0.6897
vn 0.0372 -0.7174 0.6957
vn 0.1372 -0.9287 0.3445
vn 0.0514 -0.8442 0.5335
vn 0.0212 -0.8053 0.5924
vn -0.4851 -0.8018 0.3489
vn -0.3317 -0.7323 0.5948
vn -0.3739 -0.7563 0.5368
vn 0.4819 0.8007 0.3559
vn 0.3301 0.7337 0.5939
vn 0.3716 0.7568 0.5377
vn -0.1382 0.9261 0.3510
vn -0.0517 0.8431 0.5353
vn -0.0214 0.8050 0.5928
vn -0.6898 0.7144 0.1175
vn -0.8109 0.4881 0.3227
vn -0.7136 0.6842 0.1504
vn -0.5383 0.6594 0.5248
vn 0.6886 -0.7156 0.1175
vn 0.8112 -0.4878 0.3225
vn 0.7127 -0.6852 0.1503
vn 0.5347 -0.6583 0.5298
vn -0.9140 -0.3883 0.1172
vn -0.9244 -0.3506 0.1505
vn -0.9374 -0.1328 0.3220
vn -0.7586 -0.3953 0.5179
vn 0.9151 0.3876 0.1113
vn 0.9257 0.3501 0.1429
vn 0.9424 0.1332 0.3067
vn 0.7537 0.3938 0.5262
vn -0.6709 0.5408 0.5074
vn 0.6779 0.5397 0.4992
vn -0.5798 0.5761 -0.5761
vn 0.5798 0.5761 -0.5761
vn -0.6716 -0.5403 0.5070
vn 0.6786 -0.5392 0.4988
vn -0.5811 -0.5755 -0.5755
vn 0.5811 -0.5755 -0.5755
vn 0.5179 0.6029 -0.6068
vn -0.5268 0.6088 -0.5932
vn 0.5179 -0.6025 -0.6073
vn -0.5243 -0.6099 -0.5943
vn -0.3005 -0.8886 -0.3464
vn -0.1831 -0.8199 -0.5425
vn -0.1433 -0.7880 -0.5988
vn 0.3005 -0.8886 -0.3464
vn 0.1433 -0.7880 -0.5988
vn 0.1831 -0.8199 -0.5425
vn -0.3029 0.8879 -0.3461
vn -0.1441 0.7879 -0.5988
vn -0.1843 0.8196 -0.5424
vn 0.3021 0.8856 -0.3527
vn 0.1838 0.8178 -0.5453
vn 0.1437 0.7865 -0.6006
vn 0.8175 0.5656 -0.1087
vn 0.8994 0.3151 -0.3031
vn 0.8379 0.5267 -0.1431
vn 0.6395 0.5540 -0.5330
vn -0.8171 -0.5661 -0.1088
vn -0.8990 -0.3156 -0.3036
vn -0.8376 -0.5271 -0.1435
vn -0.6377 -0.5512 -0.5381
vn 0.8171 -0.5661 -0.1088
vn 0.8376 -0.5271 -0.1435
vn 0.8990 -0.3156 -0.3036
vn 0.6404 -0.5535 -0.5325
vn -0.8182 0.5656 -0.1032
vn -0.8391 0.5268 -0.1360
vn -0.9036 0.3166 -0.2885
vn -0.6402 0.5558 -0.5303
vn -0.5984 0.6903 0.4066
vn -0.7263 0.6673 0.1652
vn -0.4444 0.6528 0.6135
vn 0.6023 0.6901 0.4012
vn 0.4495 0.6541 0.6083
vn 0.7289 0.6657 0.1600
vn -0.5822 0.5859 -0.5637
vn 0.5725 0.5761 -0.5834
vn -0.4507 -0.6547 0.6068
vn -0.7292 -0.6660 0.1573
vn -0.6032 -0.6905 0.3991
vn 0.5999 -0.6898 0.4053
vn 0.7275 -0.6662 0.1644
vn 0.4461 -0.6531 0.6120
vn -0.5835 -0.5852 -0.5630
vn 0.5738 -0.5755 -0.5828
vn 0.1727 0.6971 -0.6958
vn 0.4803 0.6192 -0.6212
vn 0.2178 0.6906 -0.6897
vn -0.4792 0.6127 -0.6284
vn -0.1723 0.6947 -0.6983
vn -0.2173 0.6875 -0.6929
vn 0.1735 -0.6974 -0.6954
vn 0.2188 -0.6909 -0.6891
vn 0.4822 -0.6195 -0.6195
vn -0.3091 -0.8830 -0.3532
vn -0.2020 -0.8163 -0.5412
vn -0.1654 -0.7859 -0.5958
vn 0.3099 -0.8858 -0.3453
vn 0.1659 -0.7866 -0.5947
vn 0.2030 -0.8180 -0.5383
vn -0.3105 0.8882 -0.3387
vn -0.1663 0.7880 -0.5928
vn -0.2034 0.8198 -0.5353
vn 0.3091 0.8804 -0.3597
vn 0.2018 0.8144 -0.5441
vn 0.1653 0.7846 -0.5976
vn 0.8189 0.5613 -0.1195
vn 0.8888 0.3221 -0.3262
vn 0.8348 0.5294 -0.1512
vn 0.6622 0.5501 -0.5088
vn -0.8189 -0.5614 -0.1192
vn -0.8894 -0.3212 -0.3252
vn -0.8349 -0.5294 -0.1507
vn -0.6617 -0.5504 -0.5091
vn 0.8197 -0.5614 -0.1136
vn 0.8360 -0.5295 -0.1436
vn 0.8940 -0.3228 -0.3106
vn 0.6482 -0.5360 -0.5409
vn -0.8191 0.5611 -0.1194
vn -0.8350 0.5291 -0.1509
vn -0.8892 0.3215 -0.3256
vn -0.6513 0.5366 -0.5366
vn 0.5535 0.6602 -0.5077
vn -0.7728 0.3965 -0.4956
vn 0.7678 -0.3961 -0.5035
vn -0.5518 -0.6627 -0.5063
vn 0.4089 -0.7932 0.4512
vn 0.3063 -0.7478 0.5890
vn 0.2749 -0.7304 0.6253
vn 0.0320 -0.7822 0.6222
vn 0.0100 -0.8109 0.5851
vn -0.0662 -0.8932 0.4448
vn 0.0649 0.8947 0.4419
vn -0.0323 0.7831 0.6210
vn -0.0102 0.8124 0.5831
vn -0.4078 0.7937 0.4514
vn -0.3055 0.7494 0.5874
vn -0.2743 0.7323 0.6233
vn -0.9136 0.3909 0.1117
vn -0.9415 0.1297 0.3112
vn -0.9256 0.3489 0.1469
vn -0.7328 0.4105 0.5427
vn 0.9130 -0.3924 0.1116
vn 0.9416 -0.1295 0.3109
vn 0.9252 -0.3499 0.1471
vn 0.7330 -0.4164 0.5379
vn -0.7153 -0.6834 0.1461
vn -0.8163 -0.4881 0.3088
vn -0.6875 -0.7177 0.1108
vn -0.5156 -0.6653 0.5399
vn 0.6865 0.7185 0.1117
vn 0.7145 0.6840 0.1472
vn 0.8161 0.4869 0.3113
vn 0.5108 0.6672 0.5421
vn 0.5885 0.5150 0.6233
vn 0.5677 0.6191 0.5425
vn 0.6137 0.3985 0.6816
vn -0.7448 0.2423 0.6217
vn -0.7215 0.1261 0.6808
vn -0.7670 0.3455 0.5407
vn 0.7441 -0.2424 0.6225
vn 0.7215 -0.1262 0.6809
vn 0.7656 -0.3456 0.5426
vn -0.5897 -0.5143 0.6227
vn -0.5698 -0.6180 0.5416
vn -0.6139 -0.3983 0.6815
vn -0.3584 0.3043 0.8826
vn -0.3960 0.5621 0.7261
vn -0.6195 0.3331 0.7109
vn 0.1452 0.6724 0.7258
vn 0.2089 0.4187 0.8838
vn 0.4387 0.5473 0.7128
vn -0.1449 -0.6717 0.7265
vn -0.2100 -0.4188 0.8835
vn -0.4391 -0.5461 0.7135
vn 0.3583 -0.3044 0.8826
vn 0.3954 -0.5620 0.7265
vn 0.6183 -0.3327 0.7121
vn 0.4656 0.7970 -0.3847
vn 0.5739 0.8060 -0.1450
vn 0.3391 0.7373 -0.5843
vn -0.7546 0.5302 -0.3866
vn -0.6143 0.5277 -0.5867
vn -0.8574 0.4935 -0.1462
vn 0.4420 0.6867 0.5771
vn -0.6882 0.4393 0.5775
vn 0.6149 -0.5276 -0.5861
vn 0.8574 -0.4934 -0.1463
vn 0.7549 -0.5300 -0.3863
vn -0.4664 -0.7956 -0.3867
vn -0.5751 -0.8047 -0.1474
vn -0.3398 -0.7357 -0.5859
vn 0.6851 -0.4388 0.5814
vn -0.4408 -0.6872 0.5775
vn -0.3237 0.6434 0.6938
vn -0.6119 0.5035 0.6100
vn -0.3624 0.6295 0.6873
vn 0.3603 0.6981 0.6188
vn 0.0328 0.7153 0.6981
vn 0.0746 0.7176 0.6924
vn -0.0289 -0.7191 0.6943
vn -0.0698 -0.7223 0.6880
vn -0.3499 -0.7095 0.6117
vn 0.6138 -0.5036 0.6079
vn 0.3635 -0.6298 0.6864
vn 0.3246 -0.6437 0.6930
vn 0.5014 -0.7911 0.3504
vn 0.3873 -0.7491 0.5374
vn 0.3442 -0.7264 0.5949
vn -0.1259 -0.9301 0.3450
vn -0.0114 -0.8044 0.5940
vn -0.0407 -0.8434 0.5357
vn 0.1256 0.9301 0.3451
vn 0.0116 0.8038 0.5947
vn 0.0406 0.8429 0.5365
vn -0.4974 0.7958 0.3454
vn -0.3856 0.7514 0.5354
vn -0.3432 0.7277 0.5938
vn -0.9188 0.3777 0.1144
vn -0.9411 0.1232 0.3150
vn -0.9289 0.3399 0.1471
vn -0.7610 0.3860 0.5214
vn 0.9187 -0.3780 0.1143
vn 0.9412 -0.1231 0.3148
vn 0.9288 -0.3402 0.1470
vn 0.7597 -0.3861 0.5233
vn -0.6813 -0.7229 0.1146
vn -0.7065 -0.6922 0.1475
vn -0.8081 -0.4974 0.3154
vn -0.5331 -0.6653 0.5227
vn 0.6812 0.7231 0.1141
vn 0.7061 0.6927 0.1468
vn 0.8074 0.4994 0.3141
vn 0.5260 0.6743 0.5184
vn 0.6757 0.5378 -0.5042
vn -0.6732 0.5426 -0.5024
vn -0.5773 0.5810 0.5737
vn 0.6753 -0.5381 -0.5044
vn -0.6728 -0.5428 -0.5026
vn 0.5786 -0.5804 0.5730
vn -0.5151 0.6073 0.6049
vn 0.5220 0.6031 0.6031
vn -0.5164 -0.6084 0.6027
vn 0.2996 -0.8899 0.3440
vn 0.1827 -0.8218 0.5398
vn 0.1428 -0.7898 0.5965
vn -0.2999 -0.8910 0.3407
vn -0.1430 -0.7905 0.5956
vn -0.1830 -0.8227 0.5383
vn 0.3026 0.8890 0.3437
vn 0.1439 0.7896 0.5965
vn 0.1843 0.8214 0.5397
vn -0.3030 0.8902 0.3404
vn -0.1846 0.8224 0.5382
vn -0.1440 0.7903 0.5955
vn -0.8166 0.5658 0.1143
vn -0.8945 0.3141 0.3181
vn -0.8366 0.5268 0.1504
vn -0.6368 0.5487 0.5417
vn 0.8163 -0.5662 0.1144
vn 0.8944 -0.3143 0.3183
vn 0.8363 -0.5271 0.1506
vn 0.6367 -0.5485 0.5420
vn -0.8167 -0.5662 0.1117
vn -0.8369 -0.5272 0.1471
vn -0.8966 -0.3151 0.3111
vn -0.6345 -0.5466 0.5466
vn 0.8170 0.5657 0.1117
vn 0.8371 0.5269 0.1469
vn 0.8968 0.3149 0.3109
vn 0.6354 0.5486 0.5434
vn 0.6018 0.6904 -0.4015
vn 0.7284 0.6659 -0.1612
vn 0.4488 0.6547 -0.6082
vn -0.6018 0.6904 -0.4015
vn -0.4488 0.6547 -0.6082
vn -0.7284 0.6659 -0.1612
vn 0.5773 0.5810 0.5737
vn -0.7289 -0.6655 -0.1608
vn -0.1705 0.6986 0.6950
vn -0.4744 0.6273 0.6175
vn -0.2150 0.6928 0.6883
vn 0.4762 0.6296 0.6139
vn 0.1712 0.6995 0.6938
vn 0.2158 0.6940 0.6868
vn -0.1711 -0.6987 0.6947
vn -0.2158 -0.6929 0.6880
vn -0.4761 -0.6272 0.6164
vn 0.4775 -0.6291 0.6134
vn 0.2165 -0.6939 0.6867
vn 0.1717 -0.6995 0.6937
vn 0.3061 -0.8854 0.3497
vn 0.2010 -0.8166 0.5410
vn 0.1645 -0.7849 0.5974
vn -0.3065 -0.8866 0.3464
vn -0.1647 -0.7856 0.5964
vn -0.2013 -0.8175 0.5396
vn 0.3068 0.8852 0.3496
vn 0.1648 0.7849 0.5974
vn 0.2014 0.8165 0.5410
vn -0.3076 0.8875 0.3431
vn -0.2017 0.8196 0.5362
vn -0.1648 0.7881 0.5931
vn -0.8193 0.5613 0.1168
vn -0.8911 0.3229 0.3188
vn -0.8354 0.5295 0.1476
vn -0.6552 0.5443 0.5239
vn 0.8193 -0.5614 0.1165
vn 0.8918 -0.3220 0.3179
vn 0.8355 -0.5295 0.1472
vn 0.6512 -0.5434 0.5298
vn -0.8193 -0.5614 0.1165
vn -0.8355 -0.5295 0.1472
vn -0.8918 -0.3220 0.3179
vn -0.6527 -0.5470 0.5242
vn 0.8189 0.5613 0.1196
vn 0.8348 0.5294 0.1512
vn 0.8888 0.3221 0.3262
vn 0.6522 0.5407 0.5314
vn -0.7054 0.5831 0.4029
vn -0.8267 0.5388 0.1620
vn -0.5489 0.5719 0.6096
vn 0.4840 0.7777 0.4013
vn 0.3393 0.7172 0.6087
vn 0.6126 0.7741 0.1598
vn -0.6677 0.4722 -0.5755
vn 0.4791 0.6633 -0.5749
vn -0.3358 -0.7180 0.6097
vn -0.6104 -0.7755 0.1610
vn -0.4812 -0.7787 0.4025
vn 0.7059 -0.5829 0.4024
vn 0.8272 -0.5383 0.1615
vn 0.5493 -0.5720 0.6091
vn -0.4740 -0.6649 -0.5772
vn 0.6651 -0.4701 -0.5803
vn 0.0559 0.7156 -0.6963
vn 0.3694 0.6912 -0.6212
vn 0.1010 0.7167 -0.6900
vn -0.5776 0.5251 -0.6250
vn -0.2847 0.6566 -0.6984
vn -0.3288 0.6421 -0.6925
vn 0.2836 -0.6605 -0.6952
vn 0.3275 -0.6471 -0.6885
vn 0.5751 -0.5376 -0.6166
vn -0.3726 -0.6857 -0.6253
vn -0.1024 -0.7144 -0.6922
vn -0.0571 -0.7138 -0.6980
vn -0.1623 -0.9195 -0.3580
vn -0.0677 -0.8366 -0.5436
vn -0.0356 -0.7999 -0.5991
vn 0.4494 -0.8209 -0.3523
vn 0.2913 -0.7469 -0.5977
vn 0.3334 -0.7718 -0.5414
vn -0.4465 0.8255 -0.3452
vn -0.2905 0.7487 -0.5958
vn -0.3320 0.7745 -0.5385
vn 0.1643 0.9217 -0.3513
vn 0.0690 0.8389 -0.5399
vn 0.0366 0.8019 -0.5963
vn 0.7183 0.6853 -0.1195
vn 0.8283 0.4559 -0.3256
vn 0.7395 0.6560 -0.1509
vn 0.5617 0.6434 -0.5202
vn -0.7181 -0.6856 -0.1197
vn -0.8277 -0.4567 -0.3262
vn -0.7393 -0.6562 -0.1512
vn -0.5592 -0.6415 -0.5251
vn 0.8997 -0.4190 -0.1221
vn 0.9100 -0.3847 -0.1544
vn 0.9275 -0.1704 -0.3326
vn 0.7313 -0.4301 -0.5293
vn -0.9013 0.4187 -0.1111
vn -0.9123 0.3846 -0.1406
vn -0.9369 0.1726 -0.3041
vn -0.7403 0.4250 -0.5209
vn -0.6745 0.5369 0.5067
vn 0.6745 0.5369 0.5067
vn -0.5761 0.5798 -0.5761
vn 0.5761 0.5798 -0.5761
vn -0.6730 -0.5363 0.5094
vn -0.5774 -0.5791 -0.5755
vn 0.5774 -0.5791 -0.5755
vn 0.5125 0.6119 -0.6024
vn 0.5129 -0.6120 -0.6020
vn -0.5134 -0.6125 -0.6011
vn -0.2998 -0.8905 -0.3423
vn -0.1829 -0.8212 -0.5405
vn -0.1431 -0.7890 -0.5975
vn 0.2998 -0.8905 -0.3423
vn 0.1431 -0.7890 -0.5975
vn 0.1829 -0.8212 -0.5405
vn -0.3030 0.8902 -0.3404
vn -0.1443 0.7892 -0.5970
vn -0.1846 0.8214 -0.5397
vn 0.2978 0.8917 -0.3409
vn 0.1819 0.8219 -0.5398
vn 0.1425 0.7895 -0.5970
vn 0.8179 0.5645 -0.1114
vn 0.8972 0.3143 -0.3103
vn 0.8380 0.5256 -0.1467
vn 0.6415 0.5424 -0.5424
vn -0.8167 -0.5662 -0.1116
vn -0.8968 -0.3148 -0.3108
vn -0.8371 -0.5270 -0.1470
vn -0.6388 -0.5434 -0.5447
vn 0.8167 -0.5662 -0.1116
vn 0.8371 -0.5270 -0.1470
vn 0.8968 -0.3148 -0.3108
vn 0.6377 -0.5434 -0.5459
vn -0.8169 0.5656 -0.1127
vn -0.8371 0.5266 -0.1484
vn -0.8961 0.3139 -0.3139
vn -0.6395 0.5451 -0.5421
vn -0.6734 0.5360 0.5092
vn -0.5773 0.5810 -0.5737
vn 0.5773 0.5810 -0.5737
vn -0.6776 -0.5399 0.4994
vn -0.5786 -0.5804 -0.5730
vn 0.5786 -0.5804 -0.5730
vn 0.5149 0.5994 -0.6129
vn -0.5240 0.6100 -0.5944
vn 0.5151 -0.5993 -0.6128
vn -0.5194 -0.6042 -0.6042
vn 0.3003 -0.8922 -0.3374
vn 0.1433 -0.7899 -0.5962
vn 0.1834 -0.8227 -0.5381
vn -0.2975 0.8905 -0.3442
vn -0.1420 0.7887 -0.5981
vn -0.1816 0.8211 -0.5411
vn 0.2982 0.8928 -0.3376
vn 0.1822 0.8229 -0.5381
vn 0.1424 0.7901 -0.5962
vn 0.6368 0.5487 -0.5417
vn -0.6369 -0.5486 -0.5417
vn 0.8376 -0.5271 -0.1434
vn 0.6369 -0.5486 -0.5417
vn -0.8167 0.5656 -0.1141
vn -0.8368 0.5265 -0.1502
vn -0.8949 0.3135 -0.3175
vn -0.6342 0.5476 -0.5458
vn -0.6028 0.6889 0.4025
vn -0.7293 0.6651 0.1606
vn -0.4501 0.6520 0.6102
vn 0.6028 0.6889 0.4025
vn 0.4501 0.6520 0.6102
vn 0.7293 0.6651 0.1606
vn -0.5798 0.5798 -0.5724
vn 0.5774 0.5774 -0.5774
vn -0.4488 -0.6530 0.6100
vn -0.7286 -0.6658 0.1610
vn -0.6019 -0.6896 0.4027
vn 0.6024 -0.6889 0.4030
vn 0.7292 -0.6651 0.1613
vn 0.4494 -0.6523 0.6104
vn 0.1618 0.6967 -0.6989
vn 0.4587 0.6223 -0.6343
vn 0.2095 0.6895 -0.6933
vn -0.4585 0.6324 -0.6245
vn -0.1617 0.7002 -0.6954
vn -0.2094 0.6941 -0.6887
vn 0.1623 -0.6963 -0.6992
vn 0.2103 -0.6890 -0.6936
vn 0.4602 -0.6208 -0.6347
vn -0.4551 -0.6296 -0.6296
vn -0.2079 -0.6925 -0.6908
vn -0.1604 -0.6990 -0.6969
vn -0.3070 -0.8841 -0.3522
vn -0.2012 -0.8171 -0.5403
vn -0.1645 -0.7862 -0.5956
vn 0.3066 -0.8830 -0.3554
vn 0.1643 -0.7856 -0.5966
vn 0.2009 -0.8162 -0.5418
vn -0.3051 0.8834 -0.3556
vn -0.1638 0.7857 -0.5966
vn -0.2001 0.8163 -0.5418
vn 0.3055 0.8846 -0.3523
vn 0.2004 0.8172 -0.5404
vn 0.1640 0.7863 -0.5957
vn 0.8214 0.5584 -0.1157
vn 0.8933 0.3219 -0.3136
vn 0.8363 0.5291 -0.1438
vn 0.6612 0.5439 -0.5167
vn -0.8206 -0.5590 -0.1189
vn -0.8905 -0.3217 -0.3217
vn -0.8353 -0.5296 -0.1477
vn -0.6545 -0.5439 -0.5252
vn 0.8202 -0.5590 -0.1217
vn 0.8347 -0.5295 -0.1512
vn 0.8881 -0.3209 -0.3291
vn 0.6518 -0.5444 -0.5280
vn -0.8210 0.5584 -0.1186
vn -0.8357 0.5290 -0.1473
vn -0.8910 0.3210 -0.3210
vn -0.6550 0.5402 -0.5284
vn 0.5042 0.6678 0.5476
vn 0.5088 0.3883 -0.7683
vn 0.5074 -0.3880 0.7694
vn 0.5115 -0.6615 -0.5484
vn -0.4485 -0.7920 0.4142
vn -0.5878 -0.7475 0.3095
vn -0.6249 -0.7299 0.2770
vn -0.6252 -0.7797 0.0333
vn -0.5884 -0.8085 0.0118
vn -0.4507 -0.8905 -0.0620
vn -0.4508 0.8908 0.0577
vn -0.6247 0.7801 -0.0356
vn -0.5878 0.8089 -0.0145
vn -0.4514 0.7899 -0.4150
vn -0.5884 0.7466 -0.3105
vn -0.6248 0.7295 -0.2781
vn -0.1118 0.3929 -0.9127
vn -0.3120 0.1316 -0.9409
vn -0.1472 0.3509 -0.9248
vn -0.5416 0.4184 -0.7291
vn -0.1101 -0.3919 0.9134
vn -0.3066 -0.1297 0.9430
vn -0.1449 -0.3496 0.9256
vn -0.5408 -0.4166 0.7307
vn -0.1467 -0.6823 -0.7162
vn -0.3096 -0.4863 -0.8171
vn -0.1111 -0.7170 -0.6882
vn -0.5394 -0.6602 -0.5227
vn -0.1130 0.7181 0.6867
vn -0.1486 0.6840 0.7142
vn -0.3145 0.4878 0.8144
vn -0.5355 0.6634 0.5226
vn -0.6209 0.5135 0.5922
vn -0.5407 0.6174 0.5713
vn -0.6793 0.3976 0.6168
vn -0.6216 0.2409 -0.7453
vn -0.6803 0.1238 -0.7224
vn -0.5412 0.3459 -0.7665
vn -0.6236 -0.2431 0.7430
vn -0.6837 -0.1275 0.7185
vn -0.5416 -0.3454 0.7664
vn -0.6218 -0.5142 -0.5908
vn -0.5406 -0.6171 -0.5717
vn -0.6816 -0.3987 -0.6136
vn -0.8833 0.3037 -0.3571
vn -0.7247 0.5624 -0.3981
vn -0.7098 0.3319 -0.6213
vn -0.7260 0.6720 0.1460
vn -0.8835 0.4186 0.2105
vn -0.7117 0.5464 0.4414
vn -0.7263 -0.6719 -0.1450
vn -0.8830 -0.4204 -0.2087
vn -0.7126 -0.5484 -0.4376
vn -0.8837 -0.3040 0.3558
vn -0.7267 -0.5613 0.3960
vn -0.7133 -0.3321 0.6172
vn -0.3873 0.5409 -0.7466
vn -0.1474 0.5050 -0.8505
vn -0.5869 0.5379 -0.6052
vn -0.3879 0.7876 0.4787
vn -0.5894 0.7279 0.3506
vn -0.1461 0.7967 0.5864
vn 0.5810 0.4412 -0.6839
vn 0.5762 0.6826 0.4496
vn -0.5873 -0.7290 -0.3516
vn -0.1457 -0.7962 -0.5873
vn -0.3864 -0.7879 -0.4796
vn -0.3859 -0.5434 0.7455
vn -0.1457 -0.5090 0.8483
vn -0.5859 -0.5387 0.6054
vn 0.5791 -0.6778 -0.4531
vn 0.5754 -0.4537 0.6805
vn 0.6946 0.7182 0.0404
vn 0.6142 0.6997 0.3649
vn 0.6888 0.7203 0.0814
vn 0.6111 0.4983 -0.6150
vn 0.6930 0.6460 -0.3200
vn 0.6870 0.6313 -0.3600
vn 0.6949 -0.6445 0.3189
vn 0.6888 -0.6300 0.3587
vn 0.6116 -0.4990 0.6140
vn 0.6141 -0.7012 -0.3623
vn 0.6891 -0.7202 -0.0798
vn 0.6950 -0.7179 -0.0392
vn 0.3481 -0.9279 -0.1339
vn 0.5363 -0.8425 -0.0496
vn 0.5943 -0.8040 -0.0203
vn 0.3462 -0.8028 0.4854
vn 0.5935 -0.7333 0.3316
vn 0.5348 -0.7576 0.3741
vn 0.3475 0.7997 -0.4895
vn 0.5935 0.7320 -0.3345
vn 0.5351 0.7558 -0.3774
vn 0.3411 0.9297 0.1387
vn 0.5323 0.8450 0.0521
vn 0.5912 0.8062 0.0220
vn 0.1142 0.7153 0.6894
vn 0.3149 0.4925 0.8114
vn 0.1472 0.6846 0.7139
vn 0.5253 0.6558 0.5422
vn 0.1146 -0.7148 -0.6899
vn 0.3156 -0.4894 -0.8130
vn 0.1477 -0.6838 -0.7146
vn 0.5232 -0.6610 -0.5379
vn 0.1151 -0.3849 0.9157
vn 0.1480 -0.3470 0.9261
vn 0.3168 -0.1296 0.9396
vn 0.5297 -0.3902 0.7531
vn 0.1140 0.3906 -0.9135
vn 0.1468 0.3528 -0.9241
vn 0.3142 0.1365 -0.9395
vn 0.5262 0.3938 -0.7537
vn 0.5036 0.5372 0.6766
vn 0.5003 0.5470 -0.6712
vn -0.5761 0.5798 0.5761
vn 0.5041 -0.5430 0.6716
vn 0.5061 -0.5367 -0.6751
vn -0.5774 -0.5791 0.5755
vn -0.6097 0.6020 -0.5156
vn -0.6064 0.6064 0.5143
vn -0.6081 -0.6022 -0.5173
vn -0.6041 -0.6059 0.5177
vn -0.3445 -0.8892 0.3010
vn -0.5413 -0.8206 0.1834
vn -0.5981 -0.7885 0.1434
vn -0.3422 -0.8908 -0.2990
vn -0.5974 -0.7892 -0.1427
vn -0.5403 -0.8215 -0.1824
vn -0.3431 0.8899 0.3007
vn -0.5984 0.7883 0.1433
vn -0.5413 0.8206 0.1833
vn -0.3408 0.8913 -0.2991
vn -0.5402 0.8215 -0.1826
vn -0.5977 0.7889 -0.1428
vn -0.1127 0.5648 -0.8175
vn -0.3138 0.3158 -0.8954
vn -0.1483 0.5263 -0.8373
vn -0.5401 0.5471 -0.6395
vn -0.1121 -0.5697 0.8142
vn -0.3119 -0.3148 0.8965
vn -0.1476 -0.5301 0.8350
vn -0.5436 -0.5486 0.6353
vn -0.1117 -0.5669 -0.8162
vn -0.1470 -0.5275 -0.8367
vn -0.3108 -0.3136 -0.8972
vn -0.5459 -0.5440 -0.6372
vn -0.1120 0.5665 0.8164
vn -0.1473 0.5274 0.8368
vn -0.3116 0.3136 0.8970
vn -0.5398 0.5502 0.6371
vn 0.4024 0.6897 0.6020
vn 0.1605 0.6661 0.7284
vn 0.6095 0.6530 0.4496
vn 0.4028 0.6892 -0.6022
vn 0.6103 0.6520 -0.4499
vn 0.1605 0.6661 -0.7284
vn -0.5773 0.5737 -0.5810
vn 0.6096 -0.6534 0.4488
vn 0.1604 -0.6667 0.7278
vn 0.4024 -0.6902 0.6014
vn 0.4034 -0.6892 -0.6019
vn 0.1609 -0.6663 -0.7281
vn 0.6109 -0.6518 -0.4494
vn -0.5786 -0.5730 -0.5804
vn -0.6966 0.6965 -0.1723
vn -0.6209 0.6209 -0.4785
vn -0.6903 0.6903 -0.2168
vn -0.6237 0.6158 0.4816
vn -0.6978 0.6949 0.1734
vn -0.6919 0.6882 0.2183
vn -0.6961 -0.6968 -0.1732
vn -0.6897 -0.6905 -0.2180
vn -0.6191 -0.6209 -0.4809
vn -0.6225 -0.6165 0.4821
vn -0.6914 -0.6886 0.2186
vn -0.6974 -0.6953 0.1737
vn -0.3519 -0.8835 0.3092
vn -0.5411 -0.8162 0.2027
vn -0.5972 -0.7848 0.1654
vn -0.3519 -0.8835 -0.3092
vn -0.5969 -0.7851 -0.1653
vn -0.5409 -0.8163 -0.2027
vn -0.3499 0.8842 0.3095
vn -0.5965 0.7854 0.1655
vn -0.5401 0.8168 0.2029
vn -0.3499 0.8842 -0.3095
vn -0.5401 0.8168 -0.2029
vn -0.5965 0.7854 -0.1655
vn -0.1164 0.5624 -0.8186
vn -0.3177 0.3218 -0.8919
vn -0.1471 0.5303 -0.8350
vn -0.5244 0.5464 -0.6530
vn -0.1167 -0.5624 0.8186
vn -0.3184 -0.3217 0.8917
vn -0.1475 -0.5303 0.8349
vn -0.5309 -0.5337 0.6583
vn -0.1171 -0.5628 -0.8182
vn -0.1480 -0.5309 -0.8344
vn -0.3196 -0.3228 -0.8909
vn -0.5250 -0.5480 -0.6512
vn -0.1168 0.5628 0.8183
vn -0.1477 0.5308 0.8345
vn -0.3188 0.3229 0.8911
vn -0.5304 0.5338 0.6585
vn 0.4784 -0.6698 -0.5679
vn 0.4774 0.6716 -0.5666
vn 0.6371 -0.5752 0.5130
vn 0.6372 0.5754 0.5127
vn -0.5894 -0.6722 -0.4481
vn -0.5918 0.6683 -0.4506
vn -0.5115 -0.5756 0.6380
vn -0.5140 0.5783 0.6335
vn 0.6672 0.5161 0.5372
vn 0.6669 -0.5162 0.5374
vn -0.5372 0.5122 0.6701
vn -0.5372 -0.5122 0.6701
vn -0.8466 -0.3022 0.4382
vn -0.7563 -0.1840 0.6278
vn -0.7182 -0.1439 0.6808
vn -0.8466 0.3021 0.4381
vn -0.7182 0.1439 0.6808
vn -0.7564 0.1840 0.6277
vn 0.9226 -0.3005 0.2419
vn 0.8502 -0.1433 0.5066
vn 0.8758 -0.1831 0.4466
vn 0.9209 0.2999 0.2490
vn 0.8736 0.1826 0.4511
vn 0.8481 0.1431 0.5101
vn 0.5748 0.8168 0.0499
vn 0.3473 0.8962 0.2761
vn 0.5401 0.8368 0.0892
vn 0.6084 0.6358 0.4751
vn -0.5497 -0.8174 0.1724
vn -0.2784 -0.8972 0.3429
vn -0.5071 -0.8376 0.2033
vn -0.4878 -0.6367 0.5972
vn -0.5504 0.8168 0.1726
vn -0.5077 0.8372 0.2034
vn -0.2781 0.8972 0.3429
vn -0.4909 0.6362 0.5952
vn 0.5744 -0.8170 0.0499
vn 0.5398 -0.8370 0.0892
vn 0.3473 -0.8962 0.2761
vn 0.6062 -0.6393 0.4731
vn -0.6411 -0.6022 0.4757
vn -0.6431 -0.7294 0.2330
vn -0.5824 -0.4485 0.6780
vn -0.6432 0.6000 0.4757
vn -0.5847 0.4466 0.6773
vn -0.6460 0.7268 0.2333
vn -0.6358 -0.5708 -0.5196
vn -0.6415 0.5742 -0.5088
vn 0.7174 -0.4483 0.5332
vn 0.6800 -0.7279 0.0881
vn 0.7303 -0.6013 0.3241
vn 0.7298 0.6014 0.3252
vn 0.6795 0.7283 0.0888
vn 0.7168 0.4482 0.5342
vn 0.5121 -0.5811 -0.6325
vn 0.5116 0.5813 -0.6328
vn -0.7684 0.1733 -0.6161
vn -0.6860 0.4814 -0.5456
vn -0.7617 0.2183 -0.6101
vn -0.6797 -0.4780 -0.5563
vn -0.7643 -0.1720 -0.6214
vn -0.7572 -0.2167 -0.6162
vn 0.6180 0.1744 -0.7666
vn 0.6126 0.2194 -0.7593
vn 0.5513 0.4838 -0.6797
vn 0.5504 -0.4830 -0.6810
vn 0.6121 -0.2190 -0.7598
vn 0.6176 -0.1741 -0.7670
vn 0.8418 -0.3093 -0.4424
vn 0.7541 -0.2030 -0.6245
vn 0.7164 -0.1654 -0.6778
vn 0.8385 0.3087 -0.4490
vn 0.7141 0.1651 -0.6803
vn 0.7513 0.2024 -0.6282
vn -0.9160 -0.3100 -0.2547
vn -0.8448 -0.1657 -0.5088
vn -0.8697 -0.2031 -0.4498
vn -0.9186 0.3078 -0.2477
vn -0.8718 0.2021 -0.4462
vn -0.8462 0.1648 -0.5067
vn -0.5693 0.8203 -0.0549
vn -0.3536 0.8921 -0.2811
vn -0.5411 0.8363 -0.0888
vn -0.5942 0.6581 -0.4625
vn 0.5450 -0.8196 -0.1765
vn 0.2852 -0.8922 -0.3503
vn 0.5096 -0.8359 -0.2037
vn 0.4765 -0.6518 -0.5901
vn 0.5455 0.8193 -0.1765
vn 0.5100 0.8357 -0.2037
vn 0.2852 0.8922 -0.3503
vn 0.4789 0.6521 -0.5877
vn -0.5701 -0.8196 -0.0563
vn -0.5417 -0.8357 -0.0906
vn -0.3530 -0.8912 -0.2849
vn -0.5961 -0.6597 -0.4577
vn -0.6845 -0.6252 0.3749
vn -0.6665 -0.7332 0.1348
vn -0.6553 -0.4886 0.5760
vn -0.6854 0.6248 0.3740
vn -0.6571 0.4884 0.5742
vn -0.6671 0.7326 0.1347
vn -0.5685 -0.5762 -0.5872
vn -0.5679 0.5768 -0.5872
vn 0.6352 -0.4884 0.5983
vn 0.6615 -0.7331 0.1584
vn 0.6711 -0.6251 0.3985
vn 0.6716 0.6248 0.3982
vn 0.6620 0.7326 0.1583
vn 0.6358 0.4883 0.5978
vn 0.5879 -0.5756 -0.5683
vn 0.5879 0.5756 -0.5683
vn -0.6822 0.1826 -0.7080
vn -0.6014 0.4967 -0.6257
vn -0.6763 0.2231 -0.7020
vn -0.6012 -0.4973 -0.6255
vn -0.6831 -0.1828 -0.7071
vn -0.6771 -0.2233 -0.7012
vn 0.7079 0.1840 -0.6819
vn 0.7018 0.2254 -0.6758
vn 0.6242 0.5011 -0.5994
vn 0.6242 -0.5017 -0.5989
vn 0.7018 -0.2257 -0.6757
vn 0.7079 -0.1842 -0.6818
vn 0.8880 -0.3205 -0.3299
vn 0.8250 -0.2188 -0.5211
vn 0.7942 -0.1819 -0.5798
vn 0.8881 0.3202 -0.3296
vn 0.7943 0.1818 -0.5797
vn 0.8251 0.2187 -0.5210
vn -0.8765 -0.3197 -0.3600
vn -0.7740 -0.1815 -0.6065
vn -0.8069 -0.2184 -0.5488
vn -0.8765 0.3197 -0.3600
vn -0.8069 0.2184 -0.5488
vn -0.7740 0.1815 -0.6065
vn -0.5606 0.8187 -0.1245
vn -0.3118 0.8945 -0.3203
vn -0.5250 0.8366 -0.1566
vn -0.5294 0.6591 -0.5341
vn 0.5649 -0.8185 -0.1047
vn 0.3240 -0.8937 -0.3104
vn 0.5307 -0.8363 -0.1381
vn 0.5485 -0.6590 -0.5147
vn 0.5652 0.8183 -0.1047
vn 0.5309 0.8361 -0.1381
vn 0.3240 0.8937 -0.3104
vn 0.5482 0.6593 -0.5146
vn -0.5602 -0.8190 -0.1244
vn -0.5246 -0.8368 -0.1565
vn -0.3118 -0.8945 -0.3203
vn -0.5271 -0.6612 -0.5339
vn -0.5288 0.6769 -0.5120
vn -0.5279 -0.6758 -0.5145
vn -0.5879 0.5784 0.5655
vn -0.5881 -0.5786 0.5652
vn 0.5461 0.6742 -0.4973
vn 0.5454 -0.6750 -0.4969
vn 0.5673 0.5777 0.5869
vn 0.5675 -0.5776 0.5868
vn -0.6146 -0.5153 0.5973
vn -0.6141 0.5154 0.5978
vn 0.5959 -0.5163 0.6151
vn 0.5956 0.5169 0.6149
vn 0.8834 0.2998 0.3602
vn 0.8115 0.1826 0.5551
vn 0.7789 0.1431 0.6105
vn 0.8838 -0.3003 0.3588
vn 0.7783 -0.1432 0.6114
vn 0.8112 -0.1828 0.5555
vn -0.8972 0.2997 0.3242
vn -0.8013 0.1432 0.5809
vn -0.8321 0.1828 0.5236
vn -0.8949 -0.2992 0.3312
vn -0.8296 -0.1823 0.5277
vn -0.7990 -0.1429 0.5842
vn -0.5671 -0.8172 0.1023
vn -0.3185 -0.8966 0.3075
vn -0.5287 -0.8374 0.1385
vn -0.5583 -0.6348 0.5342
vn 0.5638 0.8169 0.1221
vn 0.3084 0.8969 0.3169
vn 0.5240 0.8372 0.1567
vn 0.5389 0.6372 0.5510
vn 0.5631 -0.8172 0.1228
vn 0.5232 -0.8375 0.1577
vn 0.3069 -0.8967 0.3188
vn 0.5375 -0.6380 0.5514
vn -0.5674 0.8171 0.1022
vn -0.5291 0.8372 0.1385
vn -0.3199 0.8962 0.3074
vn -0.5581 0.6352 0.5338
vn 0.5521 -0.6626 -0.5061
vn 0.5524 0.6633 -0.5049
vn 0.5669 -0.5770 0.5880
vn 0.5669 0.5771 0.5879
vn -0.5304 -0.6659 -0.5246
vn -0.5308 0.6654 -0.5249
vn -0.5878 -0.5793 0.5647
vn -0.5873 0.5796 0.5649
vn 0.6847 0.1728 0.7080
vn 0.6110 0.4798 0.6297
vn 0.6787 0.2174 0.7015
vn 0.6110 -0.4797 0.6297
vn 0.6847 -0.1727 0.7080
vn 0.6787 -0.2174 0.7015
vn -0.7074 0.1730 0.6854
vn -0.7008 0.2176 0.6794
vn -0.6286 0.4803 0.6117
vn -0.6284 -0.4804 0.6118
vn -0.7007 -0.2177 0.6794
vn -0.7073 -0.1730 0.6854
vn -0.8938 -0.2908 0.3415
vn -0.8276 -0.1746 0.5336
vn -0.7973 -0.1360 0.5880
vn -0.8937 0.2909 0.3415
vn -0.7973 0.1360 0.5880
vn -0.8275 0.1746 0.5336
vn 0.8820 -0.2935 0.3688
vn 0.7769 -0.1369 0.6146
vn 0.8091 -0.1759 0.5607
vn 0.8812 0.2934 0.3706
vn 0.8082 0.1758 0.5620
vn 0.7761 0.1369 0.6156
vn 0.5592 0.8193 0.1269
vn 0.3158 0.8917 0.3244
vn 0.5266 0.8354 0.1571
vn 0.5384 0.6376 0.5510
vn -0.5631 -0.8195 0.1064
vn -0.3273 -0.8918 0.3122
vn -0.5318 -0.8356 0.1376
vn -0.5564 -0.6403 0.5296
vn -0.5631 0.8195 0.1064
vn -0.5318 0.8356 0.1376
vn -0.3272 0.8919 0.3123
vn -0.5562 0.6396 0.5307
vn 0.5589 -0.8193 0.1276
vn 0.5264 -0.8354 0.1580
vn 0.3155 -0.8911 0.3262
vn 0.5373 -0.6377 0.5520
vn 0.7128 -0.6253 -0.3176
vn 0.6753 -0.7332 -0.0799
vn 0.7007 -0.4889 -0.5196
vn 0.7128 0.6253 -0.3177
vn 0.7006 0.4889 -0.5196
vn 0.6755 0.7331 -0.0799
vn 0.5166 -0.5802 0.6296
vn 0.5172 0.5796 0.6297
vn -0.5857 -0.4881 -0.6471
vn -0.6484 -0.7318 -0.2100
vn -0.6375 -0.6245 -0.4512
vn -0.6367 0.6259 -0.4505
vn -0.6466 0.7334 -0.2098
vn -0.5849 0.4899 -0.6464
vn -0.6332 -0.5785 0.5142
vn -0.6327 0.5788 0.5145
vn 0.6230 0.1832 0.7605
vn 0.5497 0.4990 0.6700
vn 0.6176 0.2244 0.7538
vn 0.5495 -0.4988 0.6703
vn 0.6229 -0.1831 0.7606
vn 0.6175 -0.2244 0.7539
vn -0.7599 0.1831 0.6238
vn -0.7531 0.2241 0.6185
vn -0.6691 0.4981 0.5516
vn -0.6687 -0.4989 0.5513
vn -0.7531 -0.2244 0.6185
vn -0.7598 -0.1834 0.6237
vn -0.9109 -0.3185 0.2623
vn -0.8643 -0.2177 0.4535
vn -0.8388 -0.1810 0.5134
vn -0.9109 0.3185 0.2623
vn -0.8388 0.1810 0.5134
vn -0.8643 0.2177 0.4535
vn 0.8445 -0.3237 0.4266
vn 0.7228 -0.1832 0.6663
vn 0.7604 -0.2208 0.6108
vn 0.8445 0.3238 0.4267
vn 0.7598 0.2207 0.6116
vn 0.7220 0.1831 0.6672
vn 0.5486 0.8186 0.1697
vn 0.2849 0.8938 0.3463
vn 0.5106 0.8365 0.1990
vn 0.4843 0.6609 0.5733
vn -0.5723 -0.8179 0.0590
vn -0.3487 -0.8933 0.2836
vn -0.5406 -0.8358 0.0953
vn -0.5856 -0.6639 0.4651
vn -0.5721 0.8180 0.0590
vn -0.5405 0.8359 0.0953
vn -0.3489 0.8932 0.2836
vn -0.5855 0.6648 0.4638
vn 0.5487 -0.8186 0.1698
vn 0.5106 -0.8364 0.1991
vn 0.2844 -0.8940 0.3463
vn 0.4842 -0.6608 0.5736
vn 0.2476 -0.6024 0.7588
vn 0.0154 -0.7287 0.6847
vn 0.4581 -0.4495 0.7669
vn 0.2477 0.6031 0.7583
vn 0.4583 0.4502 0.7664
vn 0.0153 0.7295 0.6839
vn -0.6884 -0.5766 0.4400
vn -0.6878 0.5767 0.4408
vn 0.7351 -0.4459 -0.5106
vn 0.3002 -0.7257 -0.6191
vn 0.5409 -0.5990 -0.5905
vn 0.5404 0.5986 -0.5913
vn 0.3006 0.7256 -0.6191
vn 0.7343 0.4452 -0.5124
vn -0.4370 -0.5729 -0.6934
vn -0.4370 0.5729 -0.6934
vn -0.8267 0.1739 0.5352
vn -0.7378 0.4822 0.4724
vn -0.8195 0.2183 0.5298
vn -0.7379 -0.4821 0.4723
vn -0.8267 -0.1739 0.5351
vn -0.8196 -0.2183 0.5298
vn -0.5309 0.1728 -0.8297
vn -0.5264 0.2174 -0.8219
vn -0.4755 0.4797 -0.7374
vn -0.4766 -0.4766 -0.7387
vn -0.5267 -0.2159 -0.8222
vn -0.5310 -0.1716 -0.8298
vn -0.1536 -0.3091 -0.9385
vn -0.3521 -0.2025 -0.9138
vn -0.4138 -0.1649 -0.8953
vn -0.1541 0.3091 -0.9385
vn -0.4146 0.1651 -0.8949
vn -0.3529 0.2025 -0.9135
vn -0.5259 -0.3051 0.7939
vn -0.7479 -0.1641 0.6432
vn -0.6990 -0.2007 0.6864
vn -0.5252 0.3053 0.7943
vn -0.6987 0.2008 0.6866
vn -0.7478 0.1642 0.6433
vn -0.2341 0.8194 0.5232
vn -0.3809 0.8915 0.2451
vn -0.2576 0.8356 0.4851
vn -0.6302 0.6523 0.4212
vn 0.0066 -0.8196 -0.5729
vn -0.2410 -0.8931 -0.3799
vn -0.0303 -0.8360 -0.5479
vn -0.4008 -0.6563 -0.6393
vn 0.0062 0.8196 -0.5729
vn -0.0308 0.8360 -0.5479
vn -0.2420 0.8929 -0.3798
vn -0.4022 0.6543 -0.6404
vn -0.2342 -0.8194 0.5232
vn -0.2576 -0.8356 0.4851
vn -0.3809 -0.8915 0.2451
vn -0.6302 -0.6527 0.4204
vn 0.1199 -0.6225 -0.7733
vn 0.3005 -0.7301 -0.6137
vn -0.0567 -0.4867 -0.8717
vn 0.1200 0.6251 -0.7713
vn -0.0569 0.4902 -0.8698
vn 0.3011 0.7318 -0.6114
vn 0.8092 -0.5798 -0.0954
vn 0.8098 0.5789 -0.0953
vn -0.8614 -0.4887 0.1384
vn -0.5284 -0.7317 0.4306
vn -0.7255 -0.6243 0.2896
vn -0.7254 0.6235 0.2917
vn -0.5287 0.7307 0.4319
vn -0.8615 0.4879 0.1405
vn 0.0916 -0.5750 0.8130
vn 0.0933 0.5761 0.8120
vn 0.9763 0.1843 -0.1134
vn 0.8601 0.5015 -0.0933
vn 0.9678 0.2256 -0.1116
vn 0.8603 -0.5012 -0.0934
vn 0.9763 -0.1842 -0.1135
vn 0.9678 -0.2254 -0.1117
vn 0.1115 0.1813 0.9771
vn 0.1106 0.2217 0.9688
vn 0.0983 0.4934 0.8642
vn 0.0968 -0.4942 0.8639
vn 0.1099 -0.2220 0.9688
vn 0.1110 -0.1817 0.9771
vn -0.2793 -0.3189 0.9057
vn -0.0900 -0.2181 0.9718
vn -0.0243 -0.1811 0.9832
vn -0.2797 0.3188 0.9056
vn -0.0243 0.1811 0.9832
vn -0.0901 0.2181 0.9718
vn 0.8186 -0.3177 -0.4785
vn 0.9535 -0.1809 -0.2411
vn 0.9273 -0.2178 -0.3045
vn 0.8178 0.3196 -0.4785
vn 0.9263 0.2184 -0.3069
vn 0.9524 0.1814 -0.2450
vn 0.4409 0.8179 -0.3698
vn 0.4466 0.8932 -0.0528
vn 0.4449 0.8356 -0.3221
vn 0.7447 0.6616 -0.0882
vn -0.2607 -0.8178 0.5131
vn 0.0504 -0.8929 0.4475
vn -0.2123 -0.8358 0.5063
vn 0.0745 -0.6634 0.7446
vn -0.2614 0.8176 0.5130
vn -0.2132 0.8357 0.5061
vn 0.0484 0.8930 0.4475
vn 0.0740 0.6630 0.7449
vn 0.4409 -0.8179 -0.3698
vn 0.4449 -0.8356 -0.3221
vn 0.4466 -0.8932 -0.0528
vn 0.7439 -0.6624 -0.0883
vn -0.6988 0.6831 0.2122
vn -0.6972 -0.6848 0.2117
vn 0.2140 0.5743 0.7902
vn 0.2174 -0.5809 0.7844
vn -0.1630 0.6839 -0.7111
vn -0.1676 -0.6804 -0.7134
vn 0.7889 0.5766 -0.2123
vn 0.7873 -0.5790 -0.2119
vn 0.2291 -0.5194 0.8233
vn 0.2238 0.5138 0.8282
vn 0.8291 -0.5126 -0.2235
vn 0.8273 0.5156 -0.2232
vn 0.7383 0.3028 -0.6027
vn 0.8757 0.1878 -0.4448
vn 0.9093 0.1486 -0.3888
vn 0.7374 -0.3032 -0.6035
vn 0.9091 -0.1488 -0.3890
vn 0.8754 -0.1881 -0.4453
vn -0.1426 0.3029 0.9423
vn 0.1276 0.1488 0.9806
vn 0.0633 0.1875 0.9802
vn -0.1425 -0.3046 0.9418
vn 0.0623 -0.1881 0.9802
vn 0.1265 -0.1490 0.9807
vn -0.1840 -0.8169 0.5466
vn 0.1135 -0.8974 0.4263
vn -0.1337 -0.8374 0.5300
vn 0.1967 -0.6368 0.7455
vn 0.3774 0.8175 -0.4349
vn 0.4244 0.8982 -0.1147
vn 0.3887 0.8382 -0.3826
vn 0.7400 0.6398 -0.2075
vn 0.3777 -0.8174 -0.4351
vn 0.3890 -0.8380 -0.3828
vn 0.4251 -0.8978 -0.1152
vn 0.7402 -0.6416 -0.2011
vn -0.1832 0.8161 0.5481
vn -0.1329 0.8361 0.5322
vn 0.1149 0.8947 0.4317
vn 0.1961 0.6359 0.7465
vn -0.2625 -0.6653 -0.6989
vn -0.2641 0.6650 -0.6986
vn 0.7530 -0.5784 -0.3138
vn 0.7522 0.5796 -0.3135
vn -0.6841 -0.6663 0.2969
vn -0.6833 0.6672 0.2966
vn 0.3109 -0.5808 0.7523
vn 0.3107 0.5809 0.7524
vn 0.9111 0.1725 -0.3744
vn 0.8102 0.4791 -0.3377
vn 0.9026 0.2171 -0.3716
vn 0.8101 -0.4792 -0.3378
vn 0.9098 -0.1726 -0.3774
vn 0.9015 -0.2172 -0.3742
vn 0.3741 0.1745 0.9108
vn 0.3709 0.2191 0.9024
vn 0.3343 0.4837 0.8089
vn 0.3341 -0.4838 0.8089
vn 0.3698 -0.2191 0.9029
vn 0.3728 -0.1745 0.9114
vn -0.0187 -0.2956 0.9551
vn 0.1859 -0.1770 0.9665
vn 0.2481 -0.1376 0.9589
vn -0.0186 0.2956 0.9551
vn 0.2489 0.1377 0.9587
vn 0.1866 0.1770 0.9664
vn 0.6685 -0.2977 -0.6816
vn 0.8581 -0.1386 -0.4945
vn 0.8201 -0.1780 -0.5438
vn 0.6686 0.2953 -0.6825
vn 0.8213 0.1771 -0.5424
vn 0.8597 0.1378 -0.4918
vn 0.3252 0.8198 -0.4713
vn 0.4195 0.8913 -0.1717
vn 0.3412 0.8357 -0.4303
vn 0.7079 0.6411 -0.2964
vn -0.1097 -0.8187 0.5636
vn 0.1694 -0.8906 0.4221
vn -0.0682 -0.8350 0.5460
vn 0.2851 -0.6341 0.7188
vn -0.1097 0.8187 0.5636
vn -0.0682 0.8351 0.5459
vn 0.1693 0.8906 0.4221
vn 0.2865 0.6344 0.7179
vn 0.3257 -0.8192 -0.4720
vn 0.3416 -0.8352 -0.4310
vn 0.4196 -0.8913 -0.1717
vn 0.7072 -0.6417 -0.2967
vn 0.5440 0.6622 -0.5153
vn -0.7570 0.4037 -0.5138
vn 0.7559 -0.4040 -0.5151
vn -0.5424 -0.6630 -0.5160
vn 0.3957 -0.7924 0.4643
vn 0.2957 -0.7468 0.5956
vn 0.2663 -0.7303 0.6291
vn 0.0414 -0.7775 0.6275
vn 0.0209 -0.8044 0.5937
vn -0.0531 -0.8858 0.4610
vn 0.0508 0.8854 0.4621
vn -0.0419 0.7785 0.6262
vn -0.0218 0.8051 0.5928
vn -0.3961 0.7922 0.4642
vn -0.2956 0.7480 0.5943
vn -0.2662 0.7318 0.6274
vn -0.9152 0.3861 0.1160
vn -0.9386 0.1344 0.3176
vn -0.9249 0.3504 0.1475
vn -0.7330 0.4104 0.5425
vn 0.9148 -0.3869 0.1160
vn 0.9385 -0.1363 0.3173
vn 0.9245 -0.3515 0.1473
vn 0.7349 -0.4097 0.5404
vn -0.7132 -0.6853 0.1476
vn -0.8102 -0.4924 0.3178
vn -0.6902 -0.7142 0.1161
vn -0.5156 -0.6620 0.5439
vn 0.6904 0.7141 0.1159
vn 0.7133 0.6853 0.1471
vn 0.8109 0.4918 0.3170
vn 0.5139 0.6642 0.5428
vn 0.5412 0.7510 0.3782
vn 0.5309 0.8064 0.2607
vn 0.5581 0.6747 0.4829
vn -0.7927 0.4791 0.3770
vn -0.7780 0.4032 0.4818
vn -0.8047 0.5339 0.2596
vn 0.7922 -0.4789 0.3782
vn 0.7775 -0.4030 0.4829
vn 0.8044 -0.5338 0.2607
vn -0.5423 -0.7503 0.3782
vn -0.5319 -0.8057 0.2607
vn -0.5585 -0.6744 0.4830
vn -0.6667 0.5232 0.5308
vn -0.7999 0.5477 0.2455
vn -0.7131 0.5307 0.4581
vn 0.5194 0.8184 0.2459
vn 0.4076 0.7419 0.5323
vn 0.4469 0.7677 0.4593
vn -0.5212 -0.8175 0.2451
vn -0.4076 -0.7425 0.5316
vn -0.4474 -0.7679 0.4585
vn 0.6661 -0.5228 0.5320
vn 0.7999 -0.5478 0.2453
vn 0.7126 -0.5308 0.4588
vn -0.7340 0.5507 0.3974
vn -0.8484 0.5055 0.1569
vn -0.5817 0.5468 0.6022
vn 0.4603 0.7947 0.3957
vn 0.3227 0.7315 0.6006
vn 0.5820 0.7983 0.1550
vn -0.6826 0.4477 -0.5776
vn 0.4476 0.6824 -0.5779
vn -0.3220 -0.7305 0.6023
vn -0.5818 -0.7982 0.1557
vn -0.4600 -0.7942 0.3970
vn 0.7340 -0.5515 0.3965
vn 0.8480 -0.5065 0.1561
vn 0.5819 -0.5476 0.6012
vn -0.4503 -0.6812 -0.5772
vn 0.6801 -0.4539 -0.5757
vn 0.0231 0.7171 -0.6966
vn 0.3333 0.7062 -0.6247
vn 0.0714 0.7202 -0.6901
vn -0.5811 0.5194 -0.6266
vn -0.3005 0.6509 -0.6972
vn -0.3462 0.6347 -0.6908
vn 0.3005 -0.6503 -0.6977
vn 0.3461 -0.6341 -0.6915
vn 0.5811 -0.5184 -0.6274
vn -0.3308 -0.7036 -0.6289
vn -0.0703 -0.7185 -0.6920
vn -0.0223 -0.7156 -0.6981
vn -0.1284 -0.9270 -0.3523
vn -0.0401 -0.8408 -0.5398
vn -0.0104 -0.8030 -0.5959
vn 0.4796 -0.8038 -0.3519
vn 0.3232 -0.7334 -0.5980
vn 0.3652 -0.7573 -0.5414
vn -0.4802 0.8034 -0.3520
vn -0.3239 0.7324 -0.5989
vn -0.3660 0.7566 -0.5419
vn 0.1290 0.9270 -0.3522
vn 0.0403 0.8404 -0.5405
vn 0.0104 0.8022 -0.5970
vn 0.6916 0.7124 -0.1195
vn 0.8077 0.4929 -0.3236
vn 0.7121 0.6862 -0.1487
vn 0.5377 0.6570 -0.5285
vn -0.6910 -0.7130 -0.1188
vn -0.8055 -0.4976 -0.3218
vn -0.7110 -0.6875 -0.1477
vn -0.5381 -0.6581 -0.5266
vn 0.9149 -0.3858 -0.1191
vn 0.9233 -0.3544 -0.1479
vn 0.9359 -0.1421 -0.3223
vn 0.7537 -0.3948 -0.5255
vn -0.9146 0.3864 -0.1190
vn -0.9231 0.3550 -0.1479
vn -0.9359 0.1422 -0.3222
vn -0.7555 0.3914 -0.5254
vn 0.6651 0.5402 -0.5157
vn -0.6599 0.5454 -0.5168
vn 0.5766 0.5766 0.5789
vn -0.5767 0.5767 0.5786
vn 0.6640 -0.5410 -0.5161
vn -0.6611 -0.5455 -0.5151
vn 0.5780 -0.5761 0.5779
vn -0.5780 -0.5761 0.5779
vn -0.1752 0.6969 0.6954
vn -0.4839 0.6177 0.6199
vn -0.2187 0.6905 0.6895
vn 0.4840 0.6178 0.6198
vn 0.1752 0.6970 0.6954
vn 0.2188 0.6905 0.6894
vn -0.1756 -0.6969 0.6953
vn -0.2194 -0.6904 0.6893
vn -0.4851 -0.6173 0.6194
vn 0.4851 -0.6173 0.6193
vn 0.2194 -0.6904 0.6893
vn 0.1756 -0.6969 0.6953
vn 0.2928 -0.8886 0.3530
vn 0.1747 -0.8190 0.5466
vn 0.1362 -0.7881 0.6002
vn -0.2928 -0.8887 0.3528
vn -0.1362 -0.7882 0.6002
vn -0.1747 -0.8190 0.5465
vn 0.2936 0.8884 0.3529
vn 0.1366 0.7868 0.6019
vn 0.1752 0.8180 0.5479
vn -0.2937 0.8886 0.3523
vn -0.1752 0.8191 0.5463
vn -0.1365 0.7882 0.6001
vn -0.8191 0.5618 0.1163
vn -0.8921 0.3211 0.3180
vn -0.8356 0.5292 0.1475
vn -0.6363 0.5490 0.5420
vn 0.8190 -0.5618 0.1166
vn 0.8917 -0.3210 0.3190
vn 0.8355 -0.5291 0.1481
vn 0.6376 -0.5483 0.5411
vn -0.8191 -0.5618 0.1161
vn -0.8356 -0.5291 0.1474
vn -0.8922 -0.3212 0.3176
vn -0.6369 -0.5500 0.5403
vn 0.8191 0.5618 0.1159
vn 0.8357 0.5292 0.1471
vn 0.8924 0.3212 0.3171
vn 0.6356 0.5488 0.5429
vn 0.5870 0.6991 -0.4084
vn 0.7244 0.6682 -0.1695
vn 0.4235 0.6613 -0.6191
vn -0.5879 0.6976 -0.4094
vn -0.4241 0.6597 -0.6204
vn -0.7255 0.6668 -0.1706
vn 0.5761 0.5761 0.5798
vn 0.4234 -0.6600 -0.6206
vn 0.7251 -0.6672 -0.1705
vn 0.5874 -0.6980 -0.4096
vn -0.5862 -0.6994 -0.4089
vn -0.7240 -0.6686 -0.1699
vn -0.4224 -0.6614 -0.6198
vn -0.1536 0.6990 0.6985
vn -0.4420 0.6349 0.6336
vn -0.2031 0.6927 0.6921
vn 0.4455 0.6341 0.6321
vn 0.1548 0.6990 0.6982
vn 0.2047 0.6926 0.6916
vn -0.1550 -0.6989 0.6982
vn -0.2050 -0.6925 0.6916
vn -0.4459 -0.6338 0.6320
vn 0.4460 -0.6339 0.6319
vn 0.2051 -0.6926 0.6916
vn 0.1550 -0.6990 0.6982
vn 0.3016 -0.8845 0.3560
vn 0.1933 -0.8155 0.5455
vn 0.1560 -0.7839 0.6010
vn -0.3015 -0.8842 0.3569
vn -0.1559 -0.7837 0.6012
vn -0.1932 -0.8153 0.5459
vn 0.3034 0.8839 0.3558
vn 0.1564 0.7838 0.6010
vn 0.1941 0.8153 0.5455
vn -0.3034 0.8839 0.3558
vn -0.1941 0.8153 0.5455
vn -0.1564 0.7838 0.6010
vn -0.8196 0.5598 0.1217
vn -0.8857 0.3293 0.3272
vn -0.8328 0.5331 0.1491
vn -0.6540 0.5349 0.5349
vn 0.8200 -0.5595 0.1206
vn 0.8871 -0.3284 0.3243
vn 0.8334 -0.5326 0.1477
vn 0.6553 -0.5359 0.5323
vn -0.8200 -0.5595 0.1206
vn -0.8334 -0.5326 0.1477
vn -0.8871 -0.3284 0.3243
vn -0.6557 -0.5332 0.5345
vn 0.8196 0.5598 0.1217
vn 0.8328 0.5331 0.1491
vn 0.8857 0.3293 0.3272
vn 0.6556 0.5355 0.5324
vn 0.0386 -0.3018 0.9526
vn 0.0386 -0.3024 -0.9524
vn -0.4429 0.8896 0.1113
vn -0.2856 0.9273 0.2419
vn -0.0713 0.9811 0.1798
vn -0.6881 0.7059 0.1680
vn -0.8694 0.4921 0.0456
vn -0.5995 0.7414 0.3016
vn -0.6901 0.7050 -0.1635
vn -0.6004 0.7419 -0.2986
vn -0.8698 0.4914 -0.0438
vn -0.4416 0.8902 -0.1117
vn -0.0709 0.9811 -0.1801
vn -0.2833 0.9278 -0.2426
vn 0.5016 0.8472 0.1751
vn 0.4477 0.7996 0.4003
vn 0.7055 0.6097 0.3613
vn 0.2349 0.9648 0.1182
vn -0.1275 0.9749 0.1825
vn 0.0799 0.9641 0.2534
vn 0.2346 0.9649 -0.1179
vn 0.0797 0.9642 -0.2529
vn -0.1274 0.9750 -0.1822
vn 0.5020 0.8469 -0.1753
vn 0.7050 0.6090 -0.3634
vn 0.4473 0.7995 -0.4010
vn -0.7303 -0.3137 0.6069
vn -0.0983 0.5688 0.8166
vn -0.7291 -0.3149 -0.6076
vn -0.0994 0.5752 -0.8120
vn 0.3308 -0.7152 0.6157
vn 0.1184 0.8216 0.5576
vn 0.3299 -0.7170 -0.6140
vn 0.1181 0.8227 -0.5561
vn -0.3624 0.7414 0.5648
vn -0.3634 0.7389 -0.5674
vn 0.0398 -0.2833 -0.9582
vn 0.0399 -0.2839 0.9580
vn 0.7772 -0.1057 -0.6204
vn 0.7837 -0.1074 0.6118
vn -0.1310 -0.7820 -0.6093
vn -0.1310 -0.7820 0.6093
vn 0.6615 0.4814 0.5751
vn 0.0074 -0.8186 0.5744
vn 0.6596 0.4837 -0.5753
vn 0.0073 -0.8177 -0.5757
vn 0.5750 -0.4591 0.6772
vn 0.7097 -0.1914 0.6780
vn 0.6556 -0.3317 0.6784
vn 0.7100 -0.1928 -0.6773
vn 0.5749 -0.4609 -0.6761
vn 0.6556 -0.3337 -0.6774
vn -0.4822 0.6608 0.5752
vn -0.8141 0.0020 0.5807
vn -0.4791 0.6656 -0.5723
vn -0.8152 0.0037 -0.5791
vn -0.5802 0.2964 0.7586
vn -0.6495 0.1594 0.7435
vn -0.5087 0.4337 0.7437
vn -0.5790 0.2960 -0.7597
vn -0.5082 0.4335 -0.7441
vn -0.6477 0.1591 -0.7451
vn 0.7071 0.7071 -0.0000
vn -0.7071 0.7071 -0.0000
vn -0.7073 0.7070 -0.0000
vn -0.7387 0.6740 -0.0000
vn 0.7070 -0.0000 0.7072
vn -0.7070 -0.0000 0.7072
vn 0.7399 -0.6727 -0.0000
vn 0.7071 -0.7071 -0.0000
vn -0.7071 -0.7071 -0.0000
vn 0.8363 -0.0000 -0.5482
vn -0.8369 -0.0000 -0.5473
vn 0.7073 0.7070 -0.0000
vn -0.0000 -0.7210 -0.6930
vn -0.1985 -0.7073 -0.6784
vn -0.1737 -0.7106 -0.6819
vn -0.0000 0.7210 -0.6930
vn 0.1996 0.7072 -0.6783
vn 0.1746 0.7105 -0.6817
vn -0.7399 -0.6727 -0.0000
vn -0.7481 -0.0000 0.6636
vn 0.5560 -0.0000 0.8312
vn -0.5560 -0.0000 0.8312
vn 0.7387 0.6740 -0.0000
vn -0.1996 0.7072 -0.6783
vn -0.1746 0.7105 -0.6817
vn -0.0000 0.7072 0.7070
vn 0.1985 -0.7073 -0.6784
vn 0.1737 -0.7106 -0.6819
vn -0.0000 -0.7072 0.7070
vn -0.0000 0.7117 0.7025
vn -0.0000 -0.7117 0.7025
vn -0.7388 0.6739 -0.0048
vn 0.7397 -0.6729 -0.0047
vn -0.0000 -0.7095 0.7047
vn -0.7397 -0.6729 -0.0047
vn -0.0000 0.7095 0.7047
vn 0.5598 -0.0000 0.8286
vn -0.5598 -0.0000 0.8286
vn 0.7388 0.6739 -0.0048
vn -0.0000 0.7111 0.7031
vn -0.0857 0.7085 0.7005
vn -0.0000 -0.7111 0.7031
vn -0.0859 -0.7085 0.7005
vn 0.7473 -0.0000 0.6645
vn 0.7481 -0.0000 0.6636
vn 0.0857 0.7085 0.7005
vn 0.0859 -0.7085 0.7005
vn 0.0050 -0.7071 -0.7071
vn 0.0050 0.7071 -0.7071
vn 0.0050 0.7064 -0.7078
vn 0.0048 0.7380 -0.6748
vn 0.7072 -0.7070 0.0050
vn 0.7072 0.7070 0.0050
vn -0.0048 -0.7370 0.6759
vn -0.0050 -0.7071 0.7071
vn -0.0050 -0.7064 0.7078
vn -0.0050 0.7071 0.7071
vn -0.5152 -0.8571 -0.0036
vn -0.5148 0.8573 -0.0036
vn -0.0050 0.7064 0.7078
vn 0.0050 -0.7064 -0.7078
vn -0.6908 -0.0000 0.7231
vn -0.6699 0.2403 0.7025
vn -0.6757 0.2047 0.7082
vn -0.6799 -0.0000 -0.7333
vn -0.6597 -0.2394 -0.7124
vn -0.6653 -0.2041 -0.7182
vn -0.0048 0.7370 0.6759
vn 0.6525 0.7578 0.0046
vn 0.8136 -0.5814 0.0058
vn 0.8136 0.5814 0.0058
vn 0.0048 -0.7380 -0.6748
vn -0.6597 0.2394 -0.7124
vn -0.6653 0.2041 -0.7182
vn 0.7126 -0.0000 -0.7016
vn -0.6706 -0.2406 0.7018
vn -0.6762 -0.2050 0.7077
vn 0.7022 -0.0000 0.7120
vn 0.7086 -0.0000 -0.7056
vn 0.6977 0.0001 0.7164
vn 0.0003 0.7381 -0.6747
vn -0.0092 -0.7371 0.6758
vn 0.6990 -0.0000 0.7151
vn -0.0092 0.7371 0.6758
vn 0.7093 -0.0000 -0.7049
vn 0.7085 -0.0000 -0.7057
vn 0.8125 -0.5830 0.0057
vn 0.8120 0.5837 0.0057
vn 0.0003 -0.7381 -0.6747
vn 0.7063 0.0001 -0.7079
vn 0.7031 0.1049 -0.7033
vn 0.6949 -0.0000 0.7191
vn 0.6914 0.1044 0.7149
vn 0.6529 -0.7574 0.0046
vn 0.6529 -0.7575 0.0046
vn 0.7100 -0.0000 -0.7042
vn 0.7017 -0.1047 -0.7048
vn 0.6908 -0.1045 0.7155
vn -0.6888 -0.7074 0.1587
vn -0.6889 -0.7073 0.1587
vn -0.6888 0.7074 0.1587
vn -0.6887 0.7074 0.1587
vn -0.6616 0.7342 0.1524
vn -0.1590 -0.7061 -0.6900
vn -0.1590 0.7061 -0.6900
vn 0.6622 -0.7336 -0.1526
vn 0.6892 -0.7069 -0.1588
vn 0.6892 -0.7070 -0.1588
vn 0.6893 0.7068 -0.1588
vn 0.6895 0.7067 -0.1588
vn -0.6889 0.7073 0.1587
vn 0.1347 -0.7999 0.5848
vn 0.1348 0.7997 0.5850
vn 0.6892 0.7070 -0.1588
vn -0.6887 -0.7075 0.1587
vn 0.6893 -0.7069 -0.1588
vn 0.8572 -0.0000 0.5150
vn 0.8490 0.1333 0.5113
vn 0.8505 0.1216 0.5117
vn -0.5379 -0.0000 0.8430
vn -0.5332 -0.1334 0.8354
vn -0.5340 -0.1217 0.8367
vn 0.6615 0.7343 -0.1524
vn -0.1521 0.7355 -0.6603
vn -0.1782 -0.6082 -0.7735
vn -0.1782 0.6082 -0.7735
vn -0.6616 -0.7342 0.1524
vn 0.8386 0.1982 0.5074
vn -0.5273 0.1984 0.8262
vn -0.5331 0.1334 0.8354
vn -0.5340 0.1217 0.8367
vn -0.5274 -0.1984 0.8262
vn -0.8482 -0.0000 -0.5296
vn 0.8388 -0.1982 0.5071
vn 0.8485 -0.1332 0.5122
vn 0.8498 -0.1215 0.5129
vn 0.5299 -0.0000 -0.8481
vn -0.8486 -0.0000 -0.5291
vn 0.5338 0.0001 -0.8456
vn -0.6612 0.7337 0.1566
vn 0.6611 -0.7356 -0.1481
vn 0.5324 -0.0000 -0.8465
vn 0.6615 0.7352 -0.1482
vn -0.8484 -0.0000 -0.5293
vn -0.1776 -0.6122 -0.7705
vn -0.1775 0.6122 -0.7705
vn -0.6611 -0.7338 0.1566
vn -0.8500 -0.0000 -0.5267
vn -0.8486 0.0574 -0.5259
vn 0.5350 0.0001 -0.8448
vn 0.5349 0.0576 -0.8430
vn -0.1523 0.7347 -0.6610
vn -0.1521 -0.7355 -0.6602
vn -0.8486 -0.0574 -0.5259
vn 0.5334 -0.0574 -0.8439
vn -0.6892 0.7070 0.1587
vn -0.6889 0.7073 0.1586
vn -0.6553 0.7401 0.1510
vn -0.1585 -0.7083 -0.6879
vn -0.1585 0.7083 -0.6879
vn 0.6552 -0.7402 -0.1510
vn 0.6902 -0.7060 -0.1590
vn 0.6899 -0.7062 -0.1590
vn 0.6894 0.7068 -0.1589
vn 0.1229 -0.8366 0.5338
vn 0.1231 0.8363 0.5343
vn 0.6901 0.7061 -0.1589
vn -0.6887 -0.7074 0.1587
vn 0.8602 0.0001 0.5099
vn 0.8440 0.1984 0.4982
vn 0.8481 0.1736 0.5006
vn -0.5480 -0.0000 0.8365
vn -0.5380 -0.1984 0.8193
vn -0.5404 -0.1736 0.8233
vn 0.6541 0.7413 -0.1508
vn -0.1489 0.7487 -0.6460
vn -0.1864 -0.5579 -0.8087
vn -0.1862 0.5579 -0.8087
vn -0.6553 -0.7401 0.1510
vn -0.5379 0.1984 0.8194
vn -0.5403 0.1736 0.8234
vn -0.8473 -0.0000 -0.5311
vn -0.8483 -0.0000 -0.5295
vn 0.8442 -0.1981 0.4982
vn 0.8478 -0.1732 0.5013
vn 0.5302 -0.0000 -0.8479
vn -0.8485 -0.0001 -0.5292
vn 0.5335 -0.0002 -0.8458
vn -0.6547 0.7397 0.1557
vn 0.6553 -0.7411 -0.1462
vn 0.5330 -0.0000 -0.8461
vn 0.5319 -0.0000 -0.8468
vn 0.6568 0.7397 -0.1464
vn -0.8491 -0.0000 -0.5282
vn -0.1862 -0.5582 -0.8086
vn -0.1863 0.5581 -0.8086
vn -0.6543 -0.7400 0.1558
vn -0.8517 -0.0000 -0.5240
vn -0.8486 0.0859 -0.5221
vn 0.5372 -0.0003 -0.8435
vn 0.5341 0.0854 -0.8411
vn -0.1488 0.7487 -0.6460
vn -0.1489 -0.7487 -0.6460
vn 0.5341 -0.0000 -0.8454
vn -0.8485 -0.0859 -0.5221
vn 0.5363 -0.0861 -0.8396
vn -0.6942 -0.7065 0.1379
vn -0.6941 0.7065 0.1379
vn -0.6938 0.7068 0.1379
vn -0.6634 0.7365 0.1317
vn -0.1374 -0.7091 -0.6916
vn -0.1375 0.7091 -0.6916
vn 0.6608 -0.7390 -0.1312
vn 0.6939 -0.7067 -0.1379
vn 0.6940 -0.7067 -0.1379
vn 0.6940 0.7067 -0.1379
vn 0.1002 -0.8575 0.5047
vn 0.1002 0.8575 0.5047
vn 0.6943 0.7064 -0.1378
vn -0.6941 -0.7065 0.1378
vn 0.8484 -0.0000 0.5293
vn 0.8241 0.2399 0.5132
vn 0.8308 0.2044 0.5176
vn -0.5827 -0.0000 0.8127
vn -0.5664 -0.2397 0.7885
vn -0.5709 -0.2041 0.7952
vn 0.6622 0.7377 -0.1314
vn -0.1270 0.7582 -0.6396
vn -0.1584 -0.5818 -0.7978
vn -0.1583 0.5818 -0.7978
vn -0.6622 -0.7377 0.1315
vn -0.5664 0.2397 0.7885
vn -0.5709 0.2041 0.7953
vn -0.8329 -0.0000 -0.5534
vn 0.8243 -0.2397 0.5130
vn 0.8309 -0.2043 0.5175
vn 0.5585 -0.0000 -0.8295
vn 0.5560 -0.0000 -0.8312
vn -0.8353 -0.0002 -0.5498
vn 0.5622 -0.0000 -0.8270
vn -0.6600 0.7389 0.1354
vn 0.6651 -0.7358 -0.1275
vn 0.5595 -0.0000 -0.8288
vn 0.6637 0.7371 -0.1273
vn -0.8351 -0.0000 -0.5501
vn -0.8350 -0.0000 -0.5503
vn -0.1583 -0.5839 -0.7963
vn -0.1582 0.5839 -0.7963
vn -0.6610 -0.7380 0.1357
vn -0.8347 0.0002 -0.5508
vn -0.8301 0.1046 -0.5477
vn 0.5654 -0.0000 -0.8248
vn 0.5607 0.1046 -0.8214
vn -0.1270 0.7584 -0.6393
vn -0.1267 -0.7585 -0.6393
vn -0.1271 -0.7581 -0.6396
vn -0.8352 -0.0000 -0.5500
vn -0.8301 -0.1042 -0.5478
vn 0.5639 -0.1047 -0.8192
vn 0.6937 0.7070 -0.1378
vn 0.6933 0.7074 -0.1378
vn 0.6939 -0.7068 -0.1378
vn 0.6941 -0.7065 -0.1378
vn 0.6665 -0.7337 -0.1321
vn -0.1378 0.7081 -0.6925
vn -0.1375 -0.7082 -0.6925
vn -0.6684 0.7319 0.1326
vn -0.6942 0.7064 0.1380
vn -0.6937 0.7070 0.1380
vn -0.6945 -0.7061 0.1380
vn -0.6948 -0.7058 0.1381
vn 0.6936 -0.7071 -0.1377
vn 0.1169 0.7992 0.5895
vn 0.1168 -0.7999 0.5886
vn -0.6943 -0.7064 0.1378
vn 0.6941 0.7065 -0.1378
vn -0.6948 0.7058 0.1381
vn -0.5680 -0.0000 0.8231
vn -0.5646 -0.1342 0.8144
vn -0.5652 -0.1224 0.8158
vn 0.8376 -0.0001 0.5464
vn 0.8284 0.1329 0.5442
vn 0.8297 0.1212 0.5449
vn -0.6668 -0.7333 0.1329
vn -0.1321 -0.7348 -0.6653
vn -0.1544 0.6092 -0.7779
vn -0.1544 -0.6092 -0.7779
vn 0.6646 0.7355 -0.1320
vn -0.5597 -0.1998 0.8042
vn 0.8216 -0.1981 0.5346
vn 0.8311 -0.1333 0.5399
vn 0.8324 -0.1216 0.5407
vn 0.8190 0.1975 0.5387
vn 0.5586 -0.0000 -0.8295
vn -0.5569 0.1989 0.8064
vn -0.5630 0.1338 0.8156
vn -0.5639 0.1220 0.8168
vn 0.5566 0.0001 -0.8308
vn 0.6661 -0.7348 -0.1281
vn -0.6653 0.7340 0.1363
vn -0.8318 -0.0000 -0.5552
vn -0.8296 -0.0000 -0.5584
vn -0.6641 -0.7351 0.1360
vn 0.5591 -0.0000 -0.8291
vn -0.1542 0.6112 -0.7763
vn -0.1542 -0.6122 -0.7755
vn 0.6664 0.7345 -0.1281
vn 0.5582 -0.0002 -0.8297
vn 0.5588 -0.0574 -0.8273
vn -0.8362 -0.0000 -0.5484
vn -0.8349 -0.0574 -0.5474
vn -0.1319 -0.7355 -0.6645
vn -0.1319 0.7355 -0.6645
vn -0.1318 0.7356 -0.6645
vn -0.8339 -0.0000 -0.5519
vn 0.5557 0.0571 -0.8294
vn -0.8348 0.0575 -0.5476
vn -0.6946 -0.7061 0.1379
vn -0.6947 -0.7059 0.1379
vn -0.6943 0.7064 0.1379
vn -0.6940 0.7067 0.1379
vn -0.6609 0.7389 0.1312
vn -0.1375 -0.7083 -0.6924
vn -0.1374 0.7083 -0.6924
vn 0.6586 -0.7410 -0.1308
vn 0.6939 -0.7067 -0.1378
vn 0.6941 -0.7066 -0.1378
vn 0.6939 0.7068 -0.1378
vn -0.6945 0.7061 0.1379
vn 0.1191 -0.7910 0.6001
vn 0.1192 0.7910 0.6001
vn -0.6944 -0.7063 0.1379
vn 0.6938 -0.7069 -0.1378
vn 0.8383 -0.0000 0.5453
vn 0.8306 0.1190 0.5440
vn 0.8317 0.1096 0.5442
vn -0.5613 -0.0000 0.8276
vn -0.5583 -0.1189 0.8211
vn -0.5588 -0.1095 0.8220
vn 0.6586 0.7410 -0.1308
vn -0.1326 0.7326 -0.6676
vn -0.1619 -0.5560 -0.8153
vn -0.1619 0.5560 -0.8153
vn -0.6609 -0.7389 0.1312
vn 0.8217 0.1778 0.5415
vn -0.5517 0.1773 0.8150
vn -0.5570 0.1186 0.8220
vn -0.5576 0.1092 0.8229
vn -0.5542 -0.1780 0.8131
vn -0.8308 -0.0000 -0.5565
vn 0.8197 -0.1772 0.5447
vn 0.8295 -0.1187 0.5458
vn 0.8308 -0.1094 0.5458
vn 0.5579 -0.0000 -0.8299
vn 0.5555 -0.0000 -0.8315
vn -0.8338 -0.0001 -0.5521
vn 0.5571 -0.0000 -0.8305
vn -0.6582 0.7405 0.1355
vn 0.6619 -0.7389 -0.1266
vn 0.6618 0.7389 -0.1266
vn -0.8368 -0.0000 -0.5475
vn -0.8367 -0.0000 -0.5476
vn -0.1614 -0.5601 -0.8126
vn -0.1613 0.5601 -0.8126
vn -0.6582 -0.7405 0.1355
vn -0.8322 -0.0000 -0.5545
vn -0.8311 0.0510 -0.5538
vn 0.5614 -0.0001 -0.8276
vn 0.5593 0.0513 -0.8274
vn -0.1327 0.7320 -0.6682
vn -0.1328 -0.7320 -0.6682
vn -0.1325 -0.7326 -0.6676
vn -0.8311 -0.0510 -0.5538
vn 0.5620 -0.0516 -0.8255
vn 0.7066 -0.7072 0.0234
vn 0.7067 0.7071 0.0234
vn 0.7066 0.7073 0.0233
vn 0.6740 0.7384 0.0223
vn -0.0234 -0.7078 0.7060
vn -0.0233 0.7078 0.7060
vn -0.6738 -0.7386 -0.0223
vn -0.7066 -0.7073 -0.0233
vn -0.7067 -0.7071 -0.0234
vn -0.7065 0.7073 -0.0233
vn 0.0170 -0.8575 -0.5142
vn 0.0170 0.8577 -0.5138
vn -0.7070 0.7068 -0.0233
vn 0.7066 -0.7073 0.0233
vn -0.7040 -0.0000 -0.7102
vn -0.6844 0.2399 -0.6885
vn -0.6898 0.2045 -0.6945
vn 0.7538 -0.0000 -0.6571
vn 0.7315 -0.2398 -0.6383
vn 0.7376 -0.2044 -0.6435
vn -0.6735 0.7389 -0.0223
vn -0.0216 0.7579 0.6520
vn -0.0269 -0.5818 0.8129
vn -0.0269 0.5818 0.8129
vn 0.6740 -0.7384 0.0223
vn 0.7302 0.2392 -0.6400
vn 0.7367 0.2039 -0.6447
vn 0.6837 -0.0000 0.7298
vn -0.6845 -0.2399 -0.6884
vn -0.6899 -0.2044 -0.6944
vn -0.7305 -0.0000 0.6830
vn -0.7291 -0.0000 0.6844
vn 0.6897 0.0002 0.7241
vn -0.7350 -0.0000 0.6780
vn 0.6748 0.7378 0.0179
vn -0.6747 -0.7376 -0.0268
vn -0.7327 -0.0000 0.6805
vn -0.6750 0.7374 -0.0268
vn 0.6851 -0.0000 0.7285
vn 0.6866 -0.0000 0.7271
vn -0.0268 -0.5839 0.8114
vn -0.0268 0.5839 0.8114
vn 0.6748 -0.7378 0.0179
vn 0.6894 -0.0002 0.7244
vn 0.6842 0.1044 0.7218
vn -0.7335 -0.0000 0.6797
vn -0.7295 0.1045 0.6760
vn -0.0216 0.7567 0.6534
vn -0.0216 -0.7567 0.6534
vn -0.0215 -0.7579 0.6520
vn 0.6836 -0.0000 0.7299
vn 0.6870 -0.1048 0.7191
vn -0.7295 -0.1045 0.6760
vn -0.7072 0.7067 -0.0234
vn -0.7077 0.7061 -0.0234
vn -0.7068 -0.7070 -0.0234
vn -0.7063 -0.7075 -0.0234
vn -0.6797 -0.7332 -0.0225
vn -0.0233 0.7075 0.7063
vn -0.0233 -0.7075 0.7063
vn 0.6788 0.7340 0.0224
vn 0.7062 0.7076 0.0233
vn 0.7066 0.7072 0.0234
vn 0.7059 -0.7079 0.0233
vn 0.7054 -0.7084 0.0233
vn -0.7073 -0.7066 -0.0234
vn 0.0199 0.7992 -0.6007
vn 0.0198 -0.8004 -0.5992
vn 0.7063 -0.7075 0.0234
vn -0.7066 0.7072 -0.0234
vn 0.7058 0.7080 0.0233
vn 0.7393 -0.0000 -0.6734
vn 0.7320 -0.1339 -0.6680
vn 0.7332 -0.1222 -0.6689
vn -0.6912 -0.0001 -0.7226
vn -0.6859 0.1333 -0.7154
vn -0.6867 0.1216 -0.7167
vn 0.6776 -0.7351 0.0224
vn -0.0224 -0.7348 0.6779
vn -0.0262 0.6082 0.7934
vn -0.0262 -0.6082 0.7934
vn -0.6808 0.7321 -0.0225
vn 0.7234 -0.1992 -0.6611
vn -0.6797 -0.1983 -0.7062
vn -0.6866 -0.1334 -0.7147
vn -0.6875 -0.1217 -0.7159
vn -0.6798 0.1983 -0.7061
vn -0.7308 -0.0000 0.6826
vn 0.7234 0.1992 -0.6611
vn 0.7320 0.1339 -0.6680
vn 0.7332 0.1222 -0.6689
vn 0.6849 -0.0000 0.7286
vn -0.7329 -0.0000 0.6803
vn 0.6841 -0.0000 0.7294
vn -0.6792 -0.7335 -0.0265
vn 0.6789 0.7340 0.0183
vn 0.6789 -0.7340 0.0183
vn -0.7323 -0.0000 0.6810
vn -0.0262 0.6102 0.7918
vn -0.0262 -0.6102 0.7918
vn -0.6774 0.7351 -0.0265
vn -0.7327 -0.0000 0.6806
vn -0.7323 -0.0573 0.6786
vn 0.6855 -0.0000 0.7281
vn 0.6843 -0.0572 0.7269
vn -0.0224 -0.7334 0.6794
vn -0.0224 0.7334 0.6794
vn -0.0224 0.7348 0.6779
vn -0.7307 0.0573 0.6803
vn 0.6843 0.0572 0.7269
vn 0.7065 0.7073 0.0233
vn 0.7063 0.7076 0.0234
vn 0.6720 0.7402 0.0222
vn -0.0233 -0.7083 0.7055
vn -0.0233 0.7083 0.7055
vn -0.6720 -0.7402 -0.0222
vn -0.7065 -0.7074 -0.0234
vn -0.7066 -0.7072 -0.0234
vn -0.7064 0.7075 -0.0234
vn -0.7063 0.7075 -0.0234
vn 0.7068 0.7070 0.0233
vn 0.0202 -0.7924 -0.6097
vn 0.0202 0.7925 -0.6095
vn -0.7064 0.7074 -0.0234
vn 0.7065 -0.7073 0.0234
vn -0.6863 -0.0000 -0.7273
vn -0.6826 0.1198 -0.7209
vn -0.6832 0.1103 -0.7218
vn 0.7336 -0.0000 -0.6795
vn 0.7286 -0.1192 -0.6745
vn 0.7293 -0.1098 -0.6753
vn -0.6713 0.7409 -0.0222
vn -0.0225 0.7338 0.6790
vn -0.0274 -0.5579 0.8294
vn -0.0274 0.5579 0.8294
vn 0.6710 -0.7411 0.0222
vn -0.6776 0.1791 -0.7133
vn 0.7247 0.1783 -0.6655
vn 0.7299 0.1192 -0.6730
vn 0.7305 0.1097 -0.6740
vn 0.7222 -0.1783 -0.6683
vn 0.6842 -0.0000 0.7293
vn -0.6763 -0.1788 -0.7146
vn -0.6820 -0.1196 -0.7215
vn -0.6826 -0.1102 -0.7224
vn -0.7302 -0.0000 0.6832
vn 0.6819 -0.0000 0.7315
vn -0.7287 -0.0000 0.6848
vn 0.6722 0.7402 0.0175
vn -0.6731 -0.7391 -0.0270
vn -0.7321 -0.0000 0.6812
vn -0.6735 0.7387 -0.0270
vn 0.6866 -0.0000 0.7270
vn 0.6852 -0.0000 0.7284
vn -0.0273 -0.5620 0.8267
vn -0.0273 0.5620 0.8267
vn 0.6734 -0.7391 0.0175
vn 0.6909 -0.0000 0.7230
vn 0.6885 0.0515 0.7234
vn -0.7326 -0.0000 0.6807
vn -0.7323 0.0513 0.6790
vn -0.0225 0.7326 0.6803
vn -0.0225 -0.7326 0.6802
vn -0.0225 -0.7339 0.6789
vn 0.6881 -0.0000 0.7257
vn 0.6914 -0.0515 0.7206
vn -0.7309 -0.0513 0.6806
vn 0.7076 -0.7065 -0.0135
vn 0.7074 0.7067 -0.0135
vn 0.7069 0.7072 -0.0135
vn 0.6758 0.7370 -0.0129
vn 0.0135 -0.7072 0.7069
vn 0.0135 0.7072 0.7069
vn -0.6751 -0.7376 0.0129
vn -0.7069 -0.7072 0.0135
vn -0.7066 -0.7075 0.0135
vn -0.7071 0.7070 0.0135
vn -0.0098 -0.8577 -0.5140
vn -0.0098 0.8582 -0.5133
vn -0.7069 0.7072 0.0135
vn 0.7069 -0.7072 -0.0135
vn -0.7413 -0.0000 -0.6711
vn -0.7203 0.2399 -0.6508
vn -0.7261 0.2045 -0.6564
vn 0.7186 -0.0000 -0.6955
vn 0.6977 -0.2404 -0.6748
vn 0.7035 -0.2049 -0.6805
vn -0.6757 0.7371 0.0129
vn 0.0125 0.7590 0.6510
vn 0.0155 -0.5808 0.8139
vn 0.0156 0.5808 0.8139
vn 0.6767 -0.7362 -0.0129
vn 0.6972 0.2400 -0.6755
vn 0.7031 0.2046 -0.6811
vn 0.7209 -0.0000 0.6930
vn -0.7200 -0.2401 -0.6512
vn -0.7259 -0.2046 -0.6567
vn -0.6937 -0.0000 0.7203
vn 0.7249 -0.0000 0.6889
vn -0.6985 -0.0000 0.7156
vn 0.6750 0.7376 -0.0174
vn -0.6765 -0.7364 0.0085
vn -0.6949 -0.0000 0.7192
vn -0.6759 0.7370 0.0085
vn 0.7241 -0.0000 0.6896
vn 0.0155 -0.5820 0.8131
vn 0.0155 0.5820 0.8131
vn 0.6741 -0.7384 -0.0173
vn 0.7259 -0.0000 0.6878
vn 0.7234 0.1046 0.6825
vn -0.7000 0.0001 0.7142
vn -0.6965 0.1047 0.7099
vn 0.0125 0.7579 0.6523
vn 0.0125 -0.7576 0.6526
vn 0.0125 -0.7587 0.6513
vn 0.7205 -0.1046 0.6855
vn -0.6958 -0.1044 0.7107
vn -0.6999 -0.7064 0.1059
vn -0.7000 0.7063 0.1059
vn -0.7001 0.7062 0.1059
vn -0.6649 0.7402 0.1006
vn -0.1057 -0.7071 -0.6991
vn -0.1058 0.7071 -0.6991
vn 0.6653 -0.7397 -0.1006
vn 0.7003 -0.7060 -0.1059
vn 0.7001 -0.7061 -0.1059
vn 0.6990 0.7072 -0.1058
vn 0.0821 -0.8362 0.5422
vn 0.0820 0.8361 0.5424
vn 0.7001 0.7061 -0.1059
vn -0.7001 -0.7062 0.1059
vn 0.8253 -0.0000 0.5647
vn 0.8065 0.1996 0.5566
vn 0.8109 0.1746 0.5586
vn -0.6130 -0.0000 0.7901
vn -0.5999 -0.1974 0.7754
vn -0.6029 -0.1727 0.7789
vn 0.6623 0.7425 -0.1003
vn -0.0992 0.7487 -0.6554
vn -0.1240 -0.5579 -0.8206
vn -0.1241 0.5579 -0.8206
vn -0.6649 -0.7402 0.1006
vn -0.5999 0.1974 0.7754
vn -0.6029 0.1727 0.7789
vn -0.8058 -0.0000 -0.5921
vn 0.8088 -0.1992 0.5533
vn 0.8127 -0.1743 0.5560
vn 0.5942 -0.0000 -0.8043
vn -0.8075 -0.0003 -0.5899
vn 0.5923 0.0003 -0.8058
vn -0.6658 0.7386 0.1054
vn 0.6671 -0.7388 -0.0960
vn 0.5957 -0.0000 -0.8032
vn 0.5980 -0.0000 -0.8015
vn 0.6665 0.7393 -0.0961
vn -0.8076 -0.0000 -0.5897
vn -0.1240 -0.5591 -0.8198
vn -0.1241 0.5591 -0.8198
vn -0.6648 -0.7395 0.1055
vn -0.8106 -0.0001 -0.5855
vn -0.8065 0.0854 -0.5850
vn 0.5993 0.0003 -0.8005
vn 0.5994 0.0856 -0.7959
vn -0.0992 0.7484 -0.6557
vn -0.0992 -0.7487 -0.6554
vn -0.0992 -0.7489 -0.6553
vn 0.5934 -0.0000 -0.8049
vn -0.8088 -0.0857 -0.5818
vn 0.5948 -0.0849 -0.7994
vn 0.6753 -0.7059 0.2139
vn 0.6757 0.7055 0.2138
vn 0.6752 0.7060 0.2138
vn 0.6423 0.7390 0.2034
vn -0.2135 -0.7069 0.6743
vn -0.2131 0.7073 0.6740
vn -0.6437 -0.7377 -0.2038
vn -0.6749 -0.7063 -0.2138
vn -0.6750 -0.7062 -0.2138
vn -0.6749 0.7063 -0.2138
vn 0.1557 -0.8568 -0.4915
vn 0.1560 0.8568 -0.4915
vn -0.6750 0.7062 -0.2138
vn 0.6745 -0.7066 0.2140
vn -0.4904 0.0003 -0.8715
vn -0.4740 0.2393 -0.8474
vn -0.4788 0.2042 -0.8539
vn 0.8954 -0.0000 -0.4452
vn 0.8747 -0.2402 -0.4210
vn 0.8806 -0.2045 -0.4275
vn -0.6437 0.7377 -0.2038
vn -0.1970 0.7571 0.6229
vn -0.2456 -0.5813 0.7757
vn -0.2455 0.5818 0.7754
vn 0.6418 -0.7394 0.2036
vn 0.8747 0.2402 -0.4210
vn 0.8806 0.2045 -0.4275
vn 0.4631 -0.0000 0.8863
vn 0.4609 -0.0000 0.8875
vn -0.4735 -0.2389 -0.8478
vn -0.4778 -0.2038 -0.8545
vn -0.8877 -0.0000 0.4605
vn 0.4673 -0.0000 0.8841
vn -0.8907 -0.0000 0.4546
vn 0.6441 0.7386 0.1993
vn -0.6423 -0.7376 -0.2083
vn -0.8909 -0.0000 0.4542
vn -0.8910 -0.0000 0.4540
vn -0.6430 0.7371 -0.2082
vn 0.4650 -0.0000 0.8853
vn 0.4651 -0.0000 0.8852
vn -0.2453 -0.5825 0.7749
vn -0.2456 0.5829 0.7745
vn 0.6452 -0.7375 0.1996
vn 0.4707 0.0002 0.8823
vn 0.4680 0.1050 0.8775
vn -0.8935 0.0001 0.4491
vn -0.8898 0.1048 0.4441
vn -0.1968 0.7576 0.6223
vn -0.1972 -0.7576 0.6223
vn -0.1974 -0.7570 0.6229
vn -0.8909 -0.0000 0.4543
vn 0.4649 -0.0000 0.8854
vn 0.4682 -0.1046 0.8774
vn -0.8873 -0.1046 0.4493
vn -0.6995 0.7063 -0.1091
vn -0.6995 0.7062 -0.1091
vn -0.6997 -0.7061 -0.1090
vn -0.6994 -0.7064 -0.1090
vn -0.6702 -0.7348 -0.1044
vn -0.1087 0.7072 0.6987
vn -0.1088 -0.7070 0.6988
vn 0.6691 0.7359 0.1042
vn 0.6998 0.7059 0.1090
vn 0.6993 0.7064 0.1090
vn 0.7001 -0.7056 0.1089
vn 0.7003 -0.7054 0.1090
vn -0.6999 -0.7058 -0.1091
vn 0.0906 0.8082 -0.5819
vn 0.0906 -0.8085 -0.5815
vn 0.6999 -0.7058 0.1089
vn -0.6994 0.7064 -0.1090
vn 0.7003 0.7054 0.1090
vn 0.8150 -0.0001 -0.5794
vn 0.8047 -0.1481 -0.5749
vn 0.8068 -0.1338 -0.5754
vn -0.6025 -0.0000 -0.7981
vn -0.5964 0.1484 -0.7888
vn -0.5976 0.1340 -0.7905
vn 0.6688 -0.7361 0.1042
vn -0.1038 -0.7383 0.6664
vn -0.1219 0.6092 0.7836
vn -0.1222 -0.6089 0.7838
vn -0.6705 0.7345 -0.1044
vn 0.7914 -0.2186 -0.5709
vn -0.5857 -0.2186 -0.7805
vn -0.5947 -0.1479 -0.7902
vn -0.5961 -0.1336 -0.7917
vn -0.5889 0.2196 -0.7778
vn -0.8075 -0.0000 0.5899
vn 0.7970 0.2202 -0.5624
vn 0.8063 0.1488 -0.5725
vn 0.8076 0.1344 -0.5742
vn 0.5877 -0.0000 0.8091
vn 0.5908 -0.0000 0.8068
vn -0.8083 -0.0000 0.5888
vn 0.5929 0.0004 0.8053
vn -0.6708 -0.7336 -0.1087
vn 0.6747 0.7311 0.1008
vn 0.5907 -0.0000 0.8069
vn 0.6711 -0.7345 0.1006
vn -0.8120 -0.0000 0.5837
vn -0.8102 -0.0000 0.5862
vn -0.1219 0.6110 0.7822
vn -0.1218 -0.6107 0.7824
vn -0.6715 0.7330 -0.1086
vn -0.8095 0.0001 0.5871
vn -0.8061 -0.0635 0.5883
vn 0.5927 -0.0002 0.8054
vn 0.5914 -0.0640 0.8039
vn -0.1038 -0.7383 0.6665
vn -0.1038 0.7386 0.6661
vn -0.8137 -0.0000 0.5812
vn -0.8095 0.0637 0.5836
vn 0.5917 0.0635 0.8037
vn 0.7072 -0.7066 0.0227
vn 0.7079 -0.7059 0.0227
vn 0.7073 0.7066 0.0227
vn 0.7067 0.7072 0.0227
vn 0.6730 0.7394 0.0216
vn -0.0227 -0.7071 0.7067
vn -0.0227 0.7071 0.7067
vn -0.6735 -0.7389 -0.0216
vn -0.7071 -0.7067 -0.0227
vn -0.7066 -0.7073 -0.0227
vn -0.7072 0.7067 -0.0227
vn -0.7077 0.7062 -0.0228
vn 0.7079 0.7060 0.0227
vn 0.0197 -0.7911 -0.6114
vn 0.0197 0.7910 -0.6115
vn -0.7066 0.7072 -0.0227
vn 0.7066 -0.7073 0.0227
vn -0.7077 -0.7062 -0.0228
vn -0.6915 -0.0000 -0.7224
vn -0.6849 0.1191 -0.7188
vn -0.6859 0.1097 -0.7194
vn 0.7362 -0.0000 -0.6767
vn 0.7283 -0.1187 -0.6749
vn 0.7294 -0.1095 -0.6752
vn -0.6746 0.7379 -0.0217
vn -0.0219 0.7326 0.6803
vn -0.0267 -0.5581 0.8293
vn -0.0267 0.5581 0.8293
vn 0.6729 -0.7394 0.0216
vn -0.6774 0.1778 -0.7138
vn 0.7196 0.1770 -0.6714
vn 0.7283 0.1187 -0.6748
vn 0.7295 0.1094 -0.6752
vn 0.7195 -0.1770 -0.6715
vn 0.6812 -0.0000 0.7321
vn -0.6775 -0.1778 -0.7137
vn -0.6850 -0.1191 -0.7188
vn -0.6859 -0.1097 -0.7194
vn -0.7328 -0.0000 0.6804
vn 0.6805 -0.0000 0.7328
vn -0.7316 -0.0001 0.6818
vn 0.6725 0.7399 0.0169
vn -0.6723 -0.7398 -0.0263
vn -0.7334 -0.0000 0.6798
vn -0.6709 0.7411 -0.0263
vn 0.6848 -0.0000 0.7287
vn -0.0266 -0.5596 0.8283
vn -0.0266 0.5596 0.8283
vn 0.6727 -0.7398 0.0169
vn 0.6859 -0.0000 0.7277
vn 0.6850 0.0514 0.7268
vn -0.7342 0.0001 0.6790
vn -0.7332 0.0515 0.6781
vn -0.0219 -0.7326 0.6803
vn 0.6850 -0.0514 0.7268
vn -0.7332 -0.0513 0.6781
vn 0.5521 0.8338 -0.0000
vn 0.5537 0.8327 -0.0000
vn -0.5519 -0.8339 -0.0000
vn -0.8347 0.5507 -0.0000
vn -0.8348 0.5505 -0.0000
vn 0.7835 0.1583 -0.6009
vn -0.7850 -0.1586 -0.5988
vn 0.8347 -0.5507 -0.0000
vn 0.1430 -0.6986 -0.7011
vn 0.0103 -0.7212 -0.6926
vn 0.0218 -0.7200 -0.6936
vn 0.1429 -0.6986 -0.7011
vn -0.1430 0.6989 -0.7008
vn -0.0107 0.7206 -0.6932
vn -0.0223 0.7193 -0.6944
vn -0.1429 0.6989 -0.7008
vn -0.7229 -0.1471 0.6751
vn -0.0550 -0.7261 -0.6854
vn -0.3347 0.6447 -0.6873
vn -0.2726 0.6652 -0.6951
vn -0.2612 0.6686 -0.6962
vn 0.0549 0.7263 -0.6852
vn 0.3347 -0.6447 -0.6873
vn 0.2728 -0.6641 -0.6961
vn 0.2616 -0.6673 -0.6973
vn -0.1410 0.6936 0.7065
vn -0.1409 0.6936 0.7065
vn 0.1408 -0.6932 0.7069
vn 0.1409 -0.6932 0.7069
vn -0.8570 0.5153 -0.0041
vn 0.8544 -0.5196 -0.0041
vn 0.1412 -0.6954 0.7046
vn 0.1410 -0.6965 0.7035
vn -0.5843 -0.8115 -0.0041
vn -0.1417 0.6936 0.7063
vn -0.1414 0.6943 0.7056
vn 0.6015 0.1233 0.7893
vn -0.5952 -0.1210 0.7944
vn 0.5829 0.8125 -0.0041
vn -0.1415 0.6982 0.7017
vn -0.1971 0.6857 0.7007
vn -0.1414 0.6983 0.7017
vn 0.1412 -0.6975 0.7026
vn 0.0850 -0.7075 0.7016
vn 0.1413 -0.6975 0.7026
vn -0.7219 -0.1469 0.6762
vn 0.7199 0.1465 0.6784
vn 0.7209 0.1467 0.6773
vn 0.1414 -0.6943 0.7056
vn -0.1420 0.6929 0.7069
vn -0.0853 0.7085 0.7005
vn 0.1970 -0.6852 0.7012
vn -0.6811 -0.0669 0.7291
vn -0.6617 0.0192 0.7495
vn -0.7922 0.5259 0.3098
vn -0.7519 0.5085 0.4197
vn -0.8826 0.4680 0.0439
vn -0.8500 0.5123 0.1229
vn 0.6292 0.7760 0.0437
vn 0.5248 0.7933 0.3087
vn 0.4942 0.7622 0.4182
vn 0.5829 0.8032 0.1227
vn 0.6517 0.2037 0.7306
vn 0.5996 0.2748 0.7516
vn -0.6295 -0.7758 0.0436
vn -0.5249 -0.7934 0.3083
vn -0.4948 -0.7620 0.4178
vn -0.5827 -0.8034 0.1224
vn -0.6525 -0.2038 0.7299
vn -0.6002 -0.2748 0.7512
vn 0.6796 0.0669 0.7305
vn 0.6595 -0.0192 0.7515
vn 0.7924 -0.5261 0.3087
vn 0.7526 -0.5090 0.4177
vn 0.8824 -0.4684 0.0438
vn 0.8499 -0.5125 0.1228
vn 0.6769 0.2391 0.6961
vn 0.6771 0.2384 0.6962
vn -0.1273 0.6254 0.7699
vn -0.0814 0.3998 0.9130
vn 0.5797 0.7449 0.3302
vn 0.5797 0.7450 0.3301
vn 0.5545 0.8278 0.0854
vn 0.5545 0.8278 0.0853
vn -0.7168 -0.0438 0.6959
vn -0.7167 -0.0441 0.6960
vn -0.1273 0.6253 0.7700
vn -0.0814 0.3997 0.9130
vn -0.8268 0.4565 0.3287
vn -0.8268 0.4567 0.3283
vn -0.8361 0.5420 0.0846
vn -0.8361 0.5421 0.0844
vn -0.5816 -0.7439 0.3291
vn -0.5558 -0.8269 0.0854
vn -0.5558 -0.8269 0.0853
vn -0.5816 -0.7441 0.3288
vn 0.0814 -0.3998 0.9130
vn 0.1273 -0.6254 0.7699
vn -0.6767 -0.2388 0.6964
vn -0.6768 -0.2381 0.6965
vn 0.8358 -0.5426 0.0843
vn 0.8264 -0.4571 0.3287
vn 0.8265 -0.4573 0.3284
vn 0.8358 -0.5426 0.0842
vn 0.7163 0.0437 0.6964
vn 0.7162 0.0443 0.6965
vn -0.8972 0.4416 -0.0000
vn 0.6522 0.7580 -0.0000
vn -0.6529 -0.7574 -0.0000
vn 0.8969 -0.4422 -0.0000
vn -0.8350 0.5502 -0.0000
vn 0.5506 0.8348 -0.0000
vn 0.5504 0.8349 -0.0000
vn 0.5872 0.8094 -0.0000
vn -0.6933 -0.1417 -0.7066
vn 0.6934 0.1400 -0.7068
vn -0.5888 -0.8083 -0.0000
vn -0.8402 -0.1709 0.5146
vn 0.8397 0.1701 0.5157
vn -0.8353 0.5498 -0.0000
vn 0.1456 -0.7137 0.6851
vn 0.3775 -0.6423 0.6671
vn 0.3436 -0.6553 0.6727
vn 0.1454 -0.7138 0.6851
vn -0.1451 0.7148 0.6841
vn -0.3769 0.6435 0.6662
vn -0.3428 0.6569 0.6716
vn -0.1449 0.7149 0.6841
vn 0.8580 -0.5136 -0.0000
vn 0.7434 0.1512 -0.6516
vn -0.5702 -0.1156 -0.8133
vn 0.5667 0.1149 -0.8159
vn -0.8577 0.5142 -0.0000
vn 0.0938 0.7412 0.6646
vn 0.0580 0.7404 0.6697
vn -0.1405 0.6952 -0.7050
vn -0.1405 0.6954 -0.7048
vn -0.0941 -0.7415 0.6644
vn -0.0584 -0.7405 0.6695
vn 0.1412 -0.6916 -0.7083
vn 0.1412 -0.6914 -0.7085
vn -0.1421 0.6987 -0.7012
vn -0.1419 0.6987 -0.7012
vn 0.1418 -0.6984 -0.7016
vn 0.1419 -0.6983 -0.7016
vn 0.5906 0.8070 0.0044
vn -0.5887 -0.8083 0.0045
vn 0.1414 -0.6941 -0.7058
vn 0.1418 -0.6922 -0.7076
vn 0.8574 -0.5146 0.0044
vn -0.1411 0.6966 -0.7035
vn -0.1412 0.6968 -0.7032
vn -0.5715 -0.1171 -0.8122
vn 0.5725 0.1164 -0.8116
vn -0.8578 0.5140 0.0044
vn -0.1428 0.6980 -0.7017
vn -0.0388 0.7151 -0.6979
vn -0.1426 0.6980 -0.7017
vn 0.1424 -0.6973 -0.7025
vn 0.2446 -0.6722 -0.6988
vn 0.1427 -0.6973 -0.7025
vn 0.7425 0.1510 -0.6526
vn -0.7434 -0.1512 -0.6516
vn 0.1410 -0.6961 -0.7040
vn -0.1411 0.6963 -0.7037
vn -0.2450 0.6731 -0.6977
vn 0.0389 -0.7146 -0.6984
vn -0.7070 0.7072 -0.0000
vn 0.7345 0.6786 -0.0000
vn -0.7075 -0.0000 -0.7067
vn 0.7075 -0.0000 -0.7067
vn -0.7344 -0.6787 -0.0000
vn 0.7070 0.7072 -0.0000
vn -0.7979 -0.0000 0.6028
vn 0.7994 -0.0000 0.6008
vn -0.0000 -0.7144 0.6998
vn 0.1334 -0.7079 0.6936
vn 0.1217 -0.7090 0.6946
vn -0.0000 0.7144 0.6998
vn -0.1330 0.7080 0.6936
vn -0.1214 0.7090 0.6946
vn 0.7344 -0.6787 -0.0000
vn 0.7367 -0.0000 -0.6762
vn -0.6074 -0.0000 -0.7944
vn 0.6074 -0.0000 -0.7944
vn -0.7345 0.6786 -0.0000
vn 0.1984 -0.7001 0.6859
vn 0.1978 0.7002 0.6860
vn 0.1330 0.7080 0.6936
vn 0.1214 0.7090 0.6946
vn -0.1978 0.7002 0.6860
vn -0.0000 0.7088 -0.7054
vn -0.1984 -0.7001 0.6859
vn -0.1334 -0.7079 0.6936
vn -0.1217 -0.7090 0.6946
vn -0.0000 -0.7088 -0.7054
vn 0.0001 0.7070 -0.7073
vn 0.0001 -0.7070 -0.7073
vn 0.7345 0.6785 0.0041
vn -0.7341 -0.6790 0.0041
vn -0.0000 -0.7102 -0.7040
vn 0.7341 -0.6790 0.0041
vn -0.0000 0.7106 -0.7036
vn -0.6149 -0.0000 -0.7886
vn 0.6109 -0.0000 -0.7917
vn -0.7345 0.6785 0.0041
vn 0.0001 0.7117 -0.7025
vn 0.0572 0.7094 -0.7024
vn 0.0574 -0.7091 -0.7028
vn 0.7368 -0.0000 -0.6762
vn -0.7368 -0.0000 -0.6762
vn -0.7327 -0.0000 -0.6805
vn -0.0571 0.7116 -0.7003
vn -0.0574 -0.7091 -0.7028
vn -0.7070 -0.0000 -0.7072
vn -0.8369 -0.0000 0.5473
vn 0.8369 -0.0000 0.5473
vn -0.0000 -0.7225 0.6914
vn 0.1984 -0.7080 0.6777
vn 0.1736 -0.7114 0.6810
vn -0.0000 0.7225 0.6914
vn -0.1995 0.7079 0.6776
vn -0.1745 0.7113 0.6809
vn 0.7481 -0.0000 -0.6636
vn -0.5577 -0.0000 -0.8301
vn 0.5543 -0.0000 -0.8323
vn 0.1988 0.7080 0.6777
vn 0.1739 0.7114 0.6809
vn -0.0000 0.7086 -0.7056
vn -0.1984 -0.7080 0.6777
vn -0.1736 -0.7114 0.6810
vn -0.0000 -0.7086 -0.7056
vn -0.0000 0.7101 -0.7041
vn -0.0000 -0.7101 -0.7041
vn 0.7402 0.6723 0.0047
vn -0.7397 -0.6729 0.0047
vn -0.0000 -0.7079 -0.7064
vn 0.7397 -0.6729 0.0047
vn -0.0000 0.7079 -0.7063
vn -0.5589 -0.0000 -0.8292
vn 0.5589 -0.0000 -0.8292
vn -0.7402 0.6723 0.0047
vn 0.0004 0.7127 -0.7015
vn 0.0861 0.7085 -0.7005
vn 0.0002 -0.7127 -0.7015
vn 0.0859 -0.7085 -0.7005
vn -0.7498 -0.0000 -0.6617
vn -0.7481 -0.0000 -0.6636
vn -0.0854 0.7117 -0.6973
vn -0.0855 -0.7117 -0.6973
vn 0.8129 0.5823 -0.0000
vn -0.5826 0.8127 -0.0000
vn -0.5827 0.8127 -0.0000
vn -0.6190 0.7854 -0.0000
vn 0.7021 -0.1168 0.7024
vn -0.6960 0.1150 0.7087
vn 0.6204 -0.7843 -0.0000
vn 0.5829 -0.8125 -0.0000
vn 0.5830 -0.8125 -0.0000
vn -0.8128 -0.5826 -0.0000
vn 0.8252 -0.1358 -0.5483
vn -0.8228 0.1354 -0.5520
vn 0.8130 0.5823 -0.0000
vn -0.1179 -0.7116 -0.6926
vn -0.3121 -0.6638 -0.6797
vn -0.2881 -0.6712 -0.6830
vn -0.1180 -0.7116 -0.6926
vn 0.1176 0.7122 -0.6920
vn 0.3116 0.6655 -0.6783
vn 0.2875 0.6734 -0.6811
vn 0.1177 0.7122 -0.6920
vn -0.8400 -0.5426 -0.0000
vn -0.7398 0.1219 0.6617
vn 0.5502 -0.0909 0.8301
vn -0.5502 0.0909 0.8301
vn 0.8413 0.5405 -0.0000
vn -0.0798 0.7303 -0.6785
vn -0.0547 0.7292 -0.6821
vn 0.1158 0.6957 0.7089
vn 0.1152 0.6980 0.7068
vn 0.0805 -0.7310 -0.6776
vn 0.0554 -0.7303 -0.6809
vn -0.1152 -0.6980 0.7068
vn -0.1152 -0.6976 0.7071
vn 0.1159 0.7023 0.7023
vn 0.1160 0.7023 0.7023
vn -0.1159 -0.7009 0.7037
vn -0.1158 -0.7009 0.7037
vn -0.6186 0.7857 -0.0048
vn 0.6206 -0.7841 -0.0047
vn -0.1155 -0.7014 0.7034
vn -0.1156 -0.6991 0.7056
vn -0.8405 -0.5418 -0.0047
vn 0.1155 0.7016 0.7032
vn 0.1158 0.7003 0.7044
vn 0.5532 -0.0914 0.8280
vn -0.5532 0.0914 0.8280
vn 0.8408 0.5414 -0.0047
vn 0.1159 0.7054 0.6993
vn 0.0314 0.7148 0.6987
vn -0.1155 -0.7062 0.6985
vn -0.1991 -0.6902 0.6957
vn 0.7365 -0.1205 0.6656
vn 0.7381 -0.1217 0.6636
vn -0.1153 -0.7036 0.7012
vn 0.1152 0.7028 0.7020
vn 0.1995 0.6909 0.6949
vn -0.0310 -0.7171 0.6963
vn -0.7359 0.6771 -0.0000
vn 0.7075 -0.0000 0.7067
vn -0.7075 -0.0000 0.7067
vn 0.7986 -0.0000 -0.6018
vn -0.7983 -0.0000 -0.6023
vn -0.0002 -0.7164 -0.6977
vn -0.1337 -0.7069 -0.6946
vn -0.1220 -0.7081 -0.6955
vn -0.0001 0.7154 -0.6987
vn 0.1333 0.7079 -0.6936
vn 0.1217 0.7093 -0.6943
vn -0.7357 -0.0000 0.6773
vn 0.6083 -0.0000 0.7937
vn -0.6093 -0.0000 0.7929
vn 0.7359 0.6771 -0.0000
vn -0.1990 -0.6981 -0.6878
vn -0.1992 0.6981 -0.6877
vn -0.1339 0.7069 -0.6945
vn -0.1222 0.7081 -0.6954
vn 0.1983 0.6982 -0.6879
vn -0.0000 0.7088 0.7054
vn -0.0000 0.7069 0.7073
vn 0.1990 -0.6981 -0.6878
vn 0.1336 -0.7088 -0.6926
vn 0.1218 -0.7104 -0.6932
vn -0.0000 -0.7069 0.7073
vn -0.0001 0.7059 0.7083
vn -0.0000 -0.7059 0.7083
vn -0.7345 0.6785 -0.0041
vn 0.7341 -0.6790 -0.0041
vn -0.0000 -0.7102 0.7040
vn -0.7341 -0.6790 -0.0041
vn -0.0000 0.7106 0.7036
vn 0.6129 -0.0000 0.7902
vn -0.6119 -0.0000 0.7909
vn 0.7345 0.6785 -0.0041
vn -0.0001 0.7117 0.7025
vn -0.0572 0.7094 0.7024
vn -0.0001 -0.7113 0.7029
vn -0.0574 -0.7091 0.7028
vn -0.7358 -0.0000 0.6773
vn 0.7363 -0.0000 0.6767
vn 0.7362 -0.0000 0.6767
vn 0.0571 0.7116 0.7003
vn 0.0572 -0.7112 0.7007
vn -0.7401 0.6725 -0.0000
vn -0.8366 -0.0000 -0.5478
vn 0.1987 0.7073 -0.6784
vn 0.1738 0.7106 -0.6818
vn -0.5568 -0.0000 0.8306
vn 0.7401 0.6725 -0.0000
vn -0.1987 0.7073 -0.6784
vn -0.1738 0.7106 -0.6818
vn -0.0000 0.7057 0.7085
vn -0.0000 -0.7057 0.7085
vn -0.7402 0.6723 -0.0047
vn 0.5602 -0.0000 0.8283
vn -0.5589 -0.0000 0.8292
vn 0.7402 0.6723 -0.0047
vn -0.0861 0.7085 0.7005
vn 0.7485 -0.0000 0.6631
vn 0.0861 0.7085 0.7005
vn 0.7057 -0.0000 0.7085
vn -0.7057 -0.0000 0.7085
vn 0.8010 -0.0000 -0.5987
vn -0.8010 -0.0000 -0.5987
vn 0.0001 -0.7133 -0.7008
vn -0.1331 -0.7090 -0.6926
vn -0.1215 -0.7099 -0.6938
vn -0.0000 0.7133 -0.7008
vn 0.1328 0.7080 -0.6936
vn 0.1212 0.7088 -0.6949
vn 0.6113 -0.0000 0.7914
vn -0.6113 -0.0000 0.7914
vn -0.1979 -0.7020 -0.6841
vn -0.1981 0.7020 -0.6841
vn -0.1333 0.7089 -0.6926
vn -0.1217 0.7099 -0.6938
vn 0.1972 0.7021 -0.6842
vn 0.1979 -0.7020 -0.6841
vn 0.1332 -0.7080 -0.6935
vn 0.1216 -0.7087 -0.6949
vn -0.0000 0.7080 0.7062
vn -0.0000 -0.7080 0.7062
vn -0.0000 -0.7081 0.7061
vn -0.7341 -0.6790 -0.0042
vn -0.0000 0.7085 0.7058
vn 0.6109 -0.0000 0.7917
vn -0.6189 -0.0000 0.7854
vn 0.7360 0.6770 -0.0041
vn -0.0000 0.7127 0.7014
vn -0.0571 0.7116 0.7003
vn -0.0000 -0.7124 0.7018
vn -0.0572 -0.7112 0.7007
vn 0.7367 -0.0000 0.6762
vn 0.7347 -0.0000 0.6783
vn 0.7076 0.7066 -0.0000
vn -0.7066 0.7076 -0.0000
vn 0.7063 -0.0000 0.7079
vn -0.7063 -0.0000 0.7079
vn 0.7415 -0.6709 -0.0000
vn 0.8360 -0.0000 -0.5488
vn -0.8360 -0.0000 -0.5488
vn -0.1979 -0.7089 -0.6770
vn -0.1732 -0.7118 -0.6807
vn 0.1973 0.7090 -0.6771
vn 0.1727 0.7118 -0.6808
vn -0.7415 -0.6709 -0.0000
vn -0.7501 -0.0000 0.6614
vn 0.5303 -0.0000 0.8478
vn -0.5334 -0.0000 0.8459
vn -0.1973 0.7090 -0.6771
vn -0.1727 0.7118 -0.6808
vn -0.0000 0.7086 0.7056
vn 0.1979 -0.7089 -0.6770
vn 0.1732 -0.7118 -0.6807
vn -0.0000 -0.7086 0.7056
vn -0.7416 0.6708 -0.0051
vn 0.7413 -0.6712 -0.0051
vn -0.0000 -0.7113 0.7029
vn -0.7413 -0.6712 -0.0051
vn 0.5330 -0.0000 0.8461
vn -0.5330 -0.0000 0.8461
vn 0.7416 0.6708 -0.0051
vn -0.0859 -0.7087 0.7003
vn 0.7469 -0.0000 0.6649
vn 0.7501 -0.0000 0.6614
vn 0.0859 -0.7087 0.7003
vn -0.2268 0.9739 -0.0000
vn -0.9744 -0.2249 -0.0000
vn -0.9742 -0.2256 -0.0000
vn -0.9665 -0.2567 -0.0000
vn 0.3750 0.6007 0.7061
vn -0.3739 -0.5989 0.7081
vn 0.9666 0.2563 -0.0000
vn 0.9745 0.2244 -0.0000
vn 0.9746 0.2241 -0.0000
vn 0.2261 -0.9741 -0.0000
vn 0.5121 0.8204 -0.2544
vn 0.5122 0.8204 -0.2543
vn 0.3792 0.6072 -0.6982
vn 0.3791 0.6071 -0.6983
vn -0.5118 -0.8207 -0.2541
vn -0.5118 -0.8206 -0.2543
vn -0.3788 -0.6074 -0.6982
vn -0.3789 -0.6076 -0.6981
vn 0.2273 -0.9738 -0.0000
vn -0.2258 0.9742 -0.0000
vn 0.6232 -0.3886 -0.6787
vn 0.4580 -0.5990 -0.6568
vn 0.4880 -0.5667 -0.6639
vn 0.6233 -0.3884 -0.6787
vn -0.6230 0.3886 -0.6789
vn -0.4593 0.6010 -0.6541
vn -0.4889 0.5682 -0.6619
vn -0.6230 0.3885 -0.6789
vn 0.1950 -0.9808 -0.0000
vn -0.4040 -0.6479 0.6457
vn 0.3419 0.5486 0.7630
vn -0.3427 -0.5488 0.7625
vn -0.1995 0.9799 -0.0000
vn -0.7419 0.1489 -0.6538
vn -0.7260 0.1898 -0.6610
vn -0.6014 0.3750 0.7055
vn 0.7431 -0.1485 -0.6525
vn 0.7270 -0.1893 -0.6600
vn 0.6013 -0.3755 0.7053
vn 0.6014 -0.3750 0.7055
vn -0.6053 0.3776 0.7007
vn -0.6053 0.3775 0.7007
vn 0.6036 -0.3769 0.7026
vn 0.6035 -0.3771 0.7026
vn -0.9675 -0.2530 -0.0037
vn 0.9674 0.2534 -0.0037
vn 0.6029 -0.3761 0.7036
vn 0.6038 -0.3769 0.7024
vn 0.1980 -0.9802 -0.0037
vn -0.6030 0.3758 0.7037
vn -0.6039 0.3764 0.7025
vn 0.3421 0.5490 0.7626
vn -0.3450 -0.5537 0.7579
vn -0.2026 0.9793 -0.0037
vn -0.6070 0.3791 0.6984
vn -0.6659 0.2778 0.6924
vn -0.6071 0.3789 0.6984
vn 0.6081 -0.3783 0.6979
vn 0.5419 -0.4748 0.6935
vn 0.6079 -0.3786 0.6979
vn 0.4040 0.6479 0.6457
vn 0.4034 0.6470 0.6470
vn 0.6021 -0.3753 0.7048
vn -0.6021 0.3753 0.7048
vn -0.5399 0.4750 0.6949
vn 0.6658 -0.2769 0.6928
vn -0.2770 -0.7074 0.6502
vn -0.2774 0.7071 0.6505
vn -0.2776 0.7064 0.6512
vn -0.2638 0.7396 0.6192
vn -0.6504 -0.7072 -0.2771
vn -0.6510 0.7066 -0.2774
vn 0.2637 -0.7401 -0.6187
vn 0.2770 -0.7071 -0.6505
vn 0.2774 -0.7064 -0.6512
vn 0.2771 0.7071 -0.6505
vn 0.5045 -0.8362 0.2149
vn 0.5045 0.8362 0.2150
vn 0.2773 0.7064 -0.6512
vn -0.2772 -0.7070 0.6506
vn 0.9190 -0.0000 -0.3942
vn 0.9003 0.1980 -0.3876
vn 0.9047 0.1733 -0.3892
vn 0.3536 -0.0000 0.9354
vn 0.3461 -0.1987 0.9169
vn 0.3479 -0.1738 0.9213
vn 0.2641 0.7391 -0.6197
vn -0.6090 0.7496 -0.2594
vn -0.7640 -0.5570 -0.3256
vn -0.7634 0.5580 -0.3253
vn -0.2637 -0.7396 0.6192
vn 0.3459 0.1985 0.9170
vn 0.3477 0.1736 0.9214
vn -0.9280 -0.0000 0.3727
vn -0.9279 -0.0000 0.3729
vn 0.9003 -0.1981 -0.3876
vn 0.9047 -0.1733 -0.3892
vn -0.3731 -0.0000 -0.9278
vn -0.9265 -0.0000 0.3762
vn -0.3710 -0.0000 -0.9287
vn -0.2596 0.7392 0.6215
vn 0.2680 -0.7402 -0.6167
vn -0.3696 -0.0000 -0.9292
vn -0.3694 -0.0000 -0.9293
vn 0.2677 0.7403 -0.6167
vn -0.9265 -0.0000 0.3763
vn -0.7620 -0.5603 -0.3248
vn -0.7623 0.5600 -0.3246
vn -0.2600 -0.7391 0.6214
vn -0.9252 -0.0001 0.3794
vn -0.9218 0.0858 0.3781
vn -0.3664 -0.0000 -0.9305
vn -0.3650 0.0853 -0.9271
vn -0.6099 0.7487 -0.2598
vn -0.6099 -0.7487 -0.2598
vn -0.6090 -0.7496 -0.2594
vn -0.3699 -0.0000 -0.9291
vn -0.9218 -0.0860 0.3779
vn -0.3650 -0.0853 -0.9271
vn 0.5358 -0.7069 -0.4616
vn 0.5358 0.7069 -0.4616
vn 0.5350 0.7078 -0.4613
vn 0.5109 0.7382 -0.4405
vn 0.4617 -0.7067 0.5361
vn 0.4616 0.7062 0.5368
vn -0.5109 -0.7382 0.4405
vn -0.5359 -0.7067 0.4620
vn -0.5350 -0.7078 0.4613
vn -0.5357 0.7068 0.4621
vn -0.3353 -0.8576 -0.3900
vn -0.3358 0.8575 -0.3899
vn -0.5342 0.7082 0.4616
vn 0.5350 -0.7078 -0.4613
vn -0.9991 -0.0000 -0.0433
vn -0.9700 0.2395 -0.0415
vn -0.9780 0.2041 -0.0420
vn 0.1061 -0.0000 -0.9944
vn 0.1032 -0.2393 -0.9655
vn 0.1040 -0.2040 -0.9734
vn -0.5118 0.7377 0.4403
vn 0.4261 0.7576 0.4945
vn 0.5321 -0.5797 0.6171
vn 0.5317 0.5807 0.6166
vn 0.5118 -0.7371 -0.4413
vn 0.1032 0.2393 -0.9655
vn 0.1040 0.2040 -0.9734
vn 0.9973 -0.0000 0.0732
vn -0.9700 -0.2396 -0.0414
vn -0.9780 -0.2042 -0.0419
vn -0.0734 -0.0000 0.9973
vn 0.9977 -0.0000 0.0680
vn -0.0808 -0.0000 0.9967
vn 0.5090 0.7371 -0.4445
vn -0.5144 -0.7376 0.4374
vn -0.0774 -0.0000 0.9970
vn -0.5144 0.7376 0.4374
vn 0.9975 -0.0000 0.0701
vn 0.5306 -0.5820 0.6162
vn 0.5306 0.5820 0.6162
vn 0.5090 -0.7371 -0.4445
vn 0.9978 -0.0000 0.0668
vn 0.9923 0.1044 0.0664
vn -0.0837 0.0001 0.9965
vn -0.0833 0.1045 0.9910
vn 0.4261 -0.7576 0.4945
vn 0.4256 -0.7578 0.4947
vn 0.9923 -0.1044 0.0664
vn -0.0831 -0.1043 0.9911
vn -0.4593 0.7072 0.5376
vn -0.4588 0.7074 0.5377
vn -0.4598 -0.7070 0.5374
vn -0.4598 -0.7069 0.5374
vn -0.4409 -0.7344 0.5160
vn 0.5373 0.7074 0.4592
vn 0.5373 -0.7074 0.4592
vn 0.4410 0.7348 -0.5154
vn 0.4583 0.7083 -0.5368
vn 0.4589 0.7077 -0.5371
vn 0.4594 -0.7073 -0.5372
vn 0.4594 -0.7071 -0.5375
vn -0.4597 -0.7070 0.5374
vn -0.4476 0.8082 -0.3827
vn -0.4458 -0.8096 -0.3819
vn 0.4594 -0.7075 -0.5370
vn -0.4598 0.7069 0.5374
vn 0.4578 0.7090 -0.5365
vn -0.0664 0.0001 -0.9978
vn -0.0649 -0.1483 -0.9868
vn -0.0652 -0.1340 -0.9888
vn -0.9959 -0.0000 0.0906
vn -0.9848 0.1485 0.0897
vn -0.9869 0.1341 0.0899
vn 0.4398 -0.7360 -0.5147
vn 0.5134 -0.7377 0.4384
vn 0.6029 0.6091 0.5153
vn 0.6029 -0.6091 0.5153
vn -0.4413 0.7342 0.5159
vn -0.0635 -0.2192 -0.9736
vn -0.9716 -0.2192 0.0887
vn -0.9849 -0.1483 0.0898
vn -0.9869 -0.1340 0.0899
vn -0.9716 0.2195 0.0885
vn 0.0785 -0.0000 0.9969
vn -0.0637 0.2203 -0.9733
vn -0.0651 0.1490 -0.9867
vn -0.0653 0.1347 -0.9887
vn 0.9970 -0.0000 -0.0769
vn 0.0757 0.0001 0.9971
vn 0.9967 0.0001 -0.0808
vn -0.4442 -0.7344 0.5132
vn 0.4386 0.7337 -0.5189
vn 0.9967 -0.0000 -0.0813
vn 0.4374 -0.7350 -0.5182
vn 0.0749 -0.0000 0.9972
vn 0.6018 0.6104 0.5150
vn 0.6018 -0.6104 0.5150
vn -0.4442 0.7347 0.5126
vn 0.0740 0.0001 0.9973
vn 0.0739 -0.0640 0.9952
vn 0.9966 -0.0001 -0.0824
vn 0.9945 -0.0638 -0.0827
vn 0.5126 -0.7383 0.4383
vn 0.5110 0.7397 0.4379
vn 0.5119 0.7387 0.4386
vn 0.0739 0.0641 0.9952
vn 0.9946 0.0636 -0.0818
vn 0.3898 -0.7083 -0.5885
vn 0.3900 -0.7079 -0.5889
vn 0.3897 0.7084 -0.5885
vn 0.3894 0.7089 -0.5881
vn 0.3720 0.7391 -0.5616
vn 0.5885 -0.7083 0.3898
vn 0.5885 0.7083 0.3898
vn -0.3709 -0.7407 0.5602
vn -0.3903 -0.7074 0.5893
vn -0.3902 -0.7076 0.5891
vn -0.3904 0.7073 0.5893
vn -0.3906 0.7071 0.5895
vn 0.3900 0.7079 -0.5889
vn -0.5100 -0.7910 -0.3378
vn -0.5101 0.7910 -0.3379
vn -0.3903 0.7076 0.5891
vn 0.3895 -0.7088 -0.5881
vn -0.3905 -0.7071 0.5895
vn -0.9783 -0.0000 0.2073
vn -0.9713 0.1193 0.2059
vn -0.9723 0.1098 0.2061
vn -0.1914 -0.0001 -0.9815
vn -0.1896 -0.1197 -0.9745
vn -0.1898 -0.1102 -0.9756
vn -0.3711 0.7406 0.5602
vn 0.5680 0.7320 0.3762
vn 0.6914 -0.5589 0.4579
vn 0.6914 0.5588 0.4579
vn 0.3721 -0.7390 -0.5616
vn -0.9626 0.1783 0.2041
vn -0.1877 0.1782 -0.9659
vn -0.1897 0.1193 -0.9746
vn -0.1900 0.1099 -0.9756
vn -0.1877 -0.1789 -0.9658
vn 0.9799 -0.0000 -0.1993
vn -0.9626 -0.1783 0.2041
vn -0.9713 -0.1193 0.2059
vn -0.9724 -0.1098 0.2061
vn 0.1991 -0.0000 0.9800
vn 0.9797 -0.0000 -0.2003
vn 0.1984 -0.0000 0.9801
vn 0.3679 0.7392 -0.5641
vn -0.3753 -0.7402 0.5579
vn 0.1960 -0.0000 0.9806
vn -0.3752 0.7402 0.5579
vn 0.9795 -0.0000 -0.2015
vn 0.6905 -0.5602 0.4576
vn 0.6907 0.5601 0.4575
vn 0.3681 -0.7391 -0.5641
vn 0.9791 -0.0000 -0.2033
vn 0.9780 0.0515 -0.2023
vn 0.1946 -0.0000 0.9809
vn 0.1944 0.0513 0.9796
vn 0.5675 0.7326 0.3758
vn 0.5670 -0.7331 0.3757
vn 0.5678 -0.7322 0.3763
vn 0.9777 -0.0515 -0.2037
vn 0.1943 -0.0513 0.9796
vn -0.5532 0.8330 -0.0000
vn -0.5549 0.8319 -0.0000
vn 0.5504 -0.8349 -0.0000
vn 0.8313 0.5559 -0.0000
vn 0.8319 0.5549 -0.0000
vn -0.7825 0.1600 0.6017
vn 0.7735 -0.1582 0.6137
vn -0.8335 -0.5525 -0.0000
vn -0.1424 -0.6996 0.7002
vn -0.0103 -0.7192 0.6948
vn -0.0221 -0.7180 0.6957
vn -0.1425 -0.6996 0.7002
vn 0.1422 0.7013 0.6986
vn 0.0103 0.7199 0.6940
vn 0.0222 0.7187 0.6950
vn 0.1423 0.7012 0.6986
vn 0.7209 -0.1462 -0.6775
vn 0.0550 -0.7238 0.6878
vn 0.3345 0.6462 0.6859
vn 0.2718 0.6682 0.6926
vn 0.2606 0.6718 0.6934
vn -0.0550 0.7248 0.6868
vn -0.3339 -0.6464 0.6861
vn -0.2717 -0.6670 0.6938
vn -0.2606 -0.6703 0.6948
vn 0.1413 0.6927 -0.7072
vn 0.1414 0.6927 -0.7072
vn -0.1414 -0.6924 -0.7075
vn -0.1413 -0.6925 -0.7075
vn 0.8541 0.5202 0.0041
vn -0.8534 -0.5213 0.0041
vn -0.1413 -0.6957 -0.7043
vn -0.1411 -0.6968 -0.7033
vn 0.5840 -0.8118 0.0041
vn 0.1412 0.6973 -0.7027
vn -0.5952 0.1210 -0.7944
vn 0.6030 -0.1237 -0.7881
vn -0.5801 0.8145 0.0042
vn 0.1414 0.6960 -0.7040
vn 0.1971 0.6857 -0.7007
vn 0.1415 0.6960 -0.7040
vn -0.1415 -0.6970 -0.7029
vn -0.0854 -0.7061 -0.7029
vn 0.7259 -0.1467 -0.6719
vn -0.7288 0.1478 -0.6686
vn -0.7209 0.1462 -0.6775
vn -0.1415 -0.6946 -0.7054
vn 0.0853 0.7040 -0.7051
vn -0.1972 -0.6857 -0.7007
vn 0.6803 -0.0670 -0.7298
vn 0.6624 0.0192 -0.7489
vn 0.7902 0.5281 -0.3108
vn 0.7498 0.5100 -0.4216
vn 0.8801 0.4727 -0.0437
vn 0.8479 0.5159 -0.1220
vn -0.6292 0.7760 -0.0438
vn -0.5229 0.7950 -0.3074
vn -0.4925 0.7648 -0.4154
vn -0.5819 0.8040 -0.1225
vn -0.6509 0.2041 -0.7312
vn -0.5993 0.2752 -0.7518
vn 0.6293 -0.7759 -0.0435
vn 0.5246 -0.7940 -0.3071
vn 0.4949 -0.7627 -0.4165
vn 0.5823 -0.8038 -0.1217
vn 0.6521 -0.2048 -0.7299
vn 0.6017 -0.2764 -0.7494
vn -0.6789 0.0667 -0.7312
vn -0.6592 -0.0192 -0.7518
vn -0.7903 -0.5292 -0.3088
vn -0.7511 -0.5112 -0.4177
vn -0.8797 -0.4735 -0.0438
vn -0.8472 -0.5170 -0.1223
vn -0.6742 0.2389 -0.6988
vn -0.6744 0.2382 -0.6989
vn 0.1272 0.6252 -0.7701
vn 0.0813 0.3996 -0.9131
vn -0.5800 0.7446 -0.3305
vn -0.5801 0.7442 -0.3312
vn -0.5554 0.8272 -0.0851
vn -0.5554 0.8272 -0.0850
vn 0.7102 -0.0430 -0.7027
vn 0.7101 -0.0435 -0.7028
vn 0.1273 0.6253 -0.7699
vn 0.0814 0.3997 -0.9130
vn 0.8235 0.4605 -0.3314
vn 0.8235 0.4606 -0.3311
vn 0.8331 0.5464 -0.0862
vn 0.8331 0.5464 -0.0866
vn 0.5818 -0.7445 -0.3274
vn 0.5557 -0.8270 -0.0847
vn 0.5558 -0.8270 -0.0852
vn 0.5817 -0.7447 -0.3270
vn -0.0812 -0.3990 -0.9134
vn -0.1271 -0.6246 -0.7705
vn 0.6720 -0.2386 -0.7010
vn 0.6721 -0.2381 -0.7011
vn -0.8344 -0.5447 -0.0841
vn -0.8253 -0.4583 -0.3300
vn -0.8253 -0.4584 -0.3297
vn -0.8344 -0.5447 -0.0840
vn -0.0814 -0.3997 -0.9130
vn -0.1272 -0.6252 -0.7700
vn -0.7154 0.0444 -0.6973
vn -0.7153 0.0450 -0.6974
vn 0.8946 0.4468 -0.0000
vn -0.6528 0.7575 -0.0000
vn 0.6529 -0.7575 -0.0000
vn -0.8943 -0.4475 -0.0000
vn 0.8316 0.5554 -0.0000
vn -0.5494 0.8355 -0.0000
vn -0.5492 0.8357 -0.0000
vn -0.5872 0.8094 -0.0000
vn 0.6934 -0.1408 0.7067
vn -0.6900 0.1410 0.7099
vn 0.5881 -0.8088 -0.0000
vn 0.5505 -0.8348 -0.0000
vn -0.8312 -0.5559 -0.0000
vn 0.8414 -0.1715 -0.5124
vn -0.8392 0.1697 -0.5166
vn -0.8312 -0.5560 -0.0000
vn 0.8319 0.5550 -0.0000
vn -0.1454 -0.7125 -0.6865
vn -0.3754 -0.6486 -0.6621
vn -0.3422 -0.6606 -0.6682
vn -0.1456 -0.7124 -0.6865
vn 0.1448 0.7157 -0.6832
vn 0.3766 0.6467 -0.6633
vn 0.3428 0.6598 -0.6687
vn 0.1450 0.7157 -0.6832
vn -0.8540 -0.5203 -0.0000
vn -0.7416 0.1508 0.6536
vn 0.5650 -0.1136 0.8172
vn -0.5720 0.1160 0.8120
vn 0.8543 0.5198 -0.0000
vn -0.0944 0.7395 -0.6665
vn -0.0581 0.7388 -0.6714
vn 0.1411 0.6946 0.7054
vn 0.1409 0.6937 0.7063
vn 0.0946 -0.7385 -0.6676
vn 0.0583 -0.7369 -0.6735
vn -0.1413 -0.6919 0.7081
vn -0.1409 -0.6937 0.7063
vn 0.1411 0.7005 0.6995
vn 0.1413 0.7005 0.6995
vn -0.1413 -0.6976 0.7024
vn -0.1412 -0.6976 0.7024
vn -0.5883 0.8086 -0.0045
vn 0.5860 -0.8103 -0.0044
vn -0.1411 -0.6966 0.7035
vn -0.1412 -0.6970 0.7030
vn -0.8574 -0.5146 -0.0044
vn 0.1413 0.6975 0.7025
vn 0.1414 0.6980 0.7020
vn 0.5680 -0.1154 0.8149
vn -0.5716 0.1162 0.8123
vn 0.8578 0.5140 -0.0045
vn 0.1428 0.6974 0.7023
vn 0.0389 0.7134 0.6996
vn 0.1429 0.6974 0.7023
vn -0.1418 -0.6990 0.7009
vn -0.2431 -0.6761 0.6956
vn 0.7416 -0.1508 0.6536
vn 0.7450 -0.1524 0.6494
vn -0.1410 -0.6961 0.7040
vn 0.1412 0.6970 0.7030
vn 0.2452 0.6736 0.6972
vn -0.0390 -0.7144 0.6987
vn -0.7093 -0.0000 -0.7049
vn -0.8017 -0.0000 0.5977
vn 0.8017 -0.0000 0.5977
vn 0.1331 -0.7090 0.6926
vn 0.1215 -0.7099 0.6938
vn -0.1332 0.7090 0.6926
vn -0.1216 0.7099 0.6938
vn 0.7357 -0.0000 -0.6774
vn -0.6035 -0.0000 -0.7974
vn 0.1979 -0.7020 0.6841
vn 0.1981 0.7020 0.6841
vn 0.1332 0.7089 0.6926
vn 0.1216 0.7099 0.6938
vn -0.1981 0.7020 0.6841
vn -0.0000 0.7069 -0.7073
vn -0.1979 -0.7020 0.6841
vn -0.1331 -0.7090 0.6926
vn -0.1215 -0.7099 0.6938
vn -0.0000 -0.7069 -0.7073
vn -0.0000 0.7080 -0.7062
vn -0.0000 -0.7080 -0.7062
vn -0.0000 -0.7081 -0.7061
vn -0.0000 0.7085 -0.7058
vn -0.6189 -0.0000 -0.7854
vn 0.6069 -0.0000 -0.7948
vn -0.7345 0.6785 0.0042
vn 0.7397 -0.0000 -0.6730
vn -0.7316 -0.0000 -0.6817
vn -0.0572 0.7094 -0.7024
vn -0.7055 -0.0000 -0.7087
vn 0.7055 -0.0000 -0.7087
vn -0.8387 -0.0000 0.5446
vn 0.8411 -0.0000 0.5408
vn 0.1981 -0.7088 0.6770
vn 0.1733 -0.7121 0.6804
vn -0.0002 0.7225 0.6914
vn -0.1981 0.7081 0.6778
vn -0.1733 0.7115 0.6810
vn 0.7503 -0.0000 -0.6611
vn -0.5611 -0.0000 -0.8278
vn 0.1983 0.7088 0.6770
vn 0.1734 0.7120 0.6804
vn -0.0001 0.7109 -0.7033
vn 0.0001 -0.7109 -0.7033
vn 0.7402 0.6723 0.0048
vn -0.7397 -0.6729 0.0048
vn -0.0000 -0.7095 -0.7047
vn 0.7397 -0.6729 0.0048
vn -0.0000 0.7095 -0.7047
vn -0.5572 -0.0000 -0.8304
vn 0.5572 -0.0000 -0.8304
vn 0.0001 0.7119 -0.7023
vn 0.0859 0.7101 -0.6989
vn 0.0001 -0.7119 -0.7023
vn -0.7503 -0.0000 -0.6611
vn -0.7537 -0.0000 -0.6572
vn -0.0857 0.7085 -0.7005
vn -0.0857 -0.7101 -0.6989
vn -0.8336 0.5524 -0.0000
vn -0.8337 0.5522 -0.0000
vn 0.7849 0.1593 -0.5988
vn -0.7842 -0.1588 -0.5998
vn 0.8348 -0.5506 -0.0000
vn 0.1422 -0.7007 -0.6991
vn 0.0104 -0.7203 -0.6936
vn 0.0220 -0.7189 -0.6948
vn 0.1421 -0.7007 -0.6991
vn -0.1425 0.7003 -0.6995
vn -0.0105 0.7195 -0.6944
vn -0.0221 0.7184 -0.6953
vn -0.1426 0.7003 -0.6995
vn -0.3336 0.6474 -0.6853
vn -0.2717 0.6680 -0.6928
vn -0.2606 0.6713 -0.6939
vn 0.0550 0.7243 -0.6873
vn 0.3337 -0.6467 -0.6859
vn 0.2715 -0.6682 -0.6926
vn 0.2602 -0.6718 -0.6935
vn -0.1403 0.6961 0.7041
vn -0.1404 0.6961 0.7041
vn 0.1407 -0.6943 0.7058
vn -0.8556 0.5175 -0.0041
vn 0.8544 -0.5197 -0.0041
vn -0.5841 -0.8116 -0.0041
vn -0.1416 0.6952 0.7047
vn -0.1417 0.6954 0.7046
vn 0.5986 0.1227 0.7916
vn -0.6006 -0.1220 0.7902
vn 0.5824 0.8129 -0.0041
vn -0.1416 0.6990 0.7009
vn -0.1974 0.6865 0.6999
vn 0.1421 -0.6932 0.7066
vn 0.0856 -0.7032 0.7059
vn 0.1422 -0.6931 0.7066
vn 0.7219 0.1469 0.6762
vn -0.1416 0.6951 0.7048
vn -0.0854 0.7093 0.6997
vn 0.1982 -0.6808 0.7051
vn -0.6798 -0.0669 0.7304
vn -0.6610 0.0187 0.7501
vn -0.7928 0.5250 0.3095
vn -0.7526 0.5080 0.4189
vn -0.8828 0.4677 0.0440
vn -0.8505 0.5114 0.1231
vn 0.6290 0.7761 0.0441
vn 0.5249 0.7933 0.3086
vn 0.4950 0.7622 0.4171
vn 0.5825 0.8034 0.1234
vn 0.6535 0.2039 0.7289
vn 0.6002 0.2746 0.7512
vn -0.6295 -0.7758 0.0434
vn -0.5249 -0.7936 0.3077
vn -0.4948 -0.7622 0.4174
vn -0.5828 -0.8035 0.1218
vn -0.6517 -0.2036 0.7306
vn -0.6007 -0.2748 0.7508
vn 0.6828 0.0674 0.7275
vn 0.6631 -0.0188 0.7483
vn 0.7922 -0.5258 0.3098
vn 0.7523 -0.5084 0.4190
vn 0.8824 -0.4684 0.0441
vn 0.8498 -0.5125 0.1234
vn 0.6759 0.2393 0.6970
vn 0.6761 0.2387 0.6971
vn 0.5788 0.7460 0.3293
vn 0.5788 0.7461 0.3291
vn 0.5533 0.8286 0.0852
vn 0.5533 0.8286 0.0851
vn -0.7154 -0.0441 0.6973
vn -0.7153 -0.0444 0.6974
vn -0.1272 0.6252 0.7700
vn -0.0814 0.3996 0.9131
vn -0.8259 0.4581 0.3287
vn -0.8258 0.4578 0.3292
vn -0.8344 0.5446 0.0853
vn -0.8344 0.5446 0.0852
vn -0.5816 -0.7442 0.3286
vn -0.5558 -0.8270 0.0850
vn -0.5558 -0.8270 0.0848
vn -0.5815 -0.7443 0.3283
vn 0.0814 -0.4000 0.9129
vn 0.1273 -0.6255 0.7698
vn -0.6757 -0.2394 0.6972
vn -0.6758 -0.2388 0.6973
vn 0.8356 -0.5426 0.0855
vn 0.8259 -0.4567 0.3306
vn 0.8259 -0.4569 0.3303
vn 0.8356 -0.5426 0.0854
vn 0.7154 0.0439 0.6973
vn 0.7153 0.0446 0.6974
vn 0.5420 0.8404 -0.0000
vn -0.8403 0.5421 -0.0000
vn -0.8406 0.5416 -0.0000
vn -0.8642 0.5031 -0.0000
vn 0.6915 0.1500 0.7067
vn -0.6915 -0.1500 0.7067
vn 0.8639 -0.5037 -0.0000
vn 0.8402 -0.5423 -0.0000
vn -0.5410 -0.8410 -0.0000
vn 0.8363 0.1808 -0.5177
vn -0.8386 -0.1813 -0.5136
vn 0.5425 0.8401 -0.0000
vn 0.1543 -0.7120 -0.6850
vn -0.0842 -0.7441 -0.6628
vn -0.0484 -0.7419 -0.6687
vn -0.1543 0.7115 -0.6855
vn 0.0848 0.7431 -0.6637
vn 0.0489 0.7411 -0.6696
vn -0.1544 0.7115 -0.6855
vn -0.5773 -0.8165 -0.0000
vn -0.7395 -0.1616 0.6535
vn 0.5670 0.1220 0.8146
vn -0.5652 -0.1216 0.8159
vn 0.5787 0.8156 -0.0000
vn -0.3832 0.6414 -0.6646
vn -0.3502 0.6541 -0.6705
vn -0.1497 0.6905 0.7076
vn -0.1496 0.6901 0.7081
vn 0.3838 -0.6418 -0.6639
vn 0.3506 -0.6545 -0.6698
vn 0.1498 -0.6908 0.7074
vn -0.1507 0.6936 0.7044
vn -0.1508 0.6936 0.7044
vn 0.1508 -0.6945 0.7036
vn -0.8635 0.5042 -0.0045
vn 0.8633 -0.5047 -0.0045
vn 0.1501 -0.6936 0.7045
vn -0.5774 -0.8165 -0.0045
vn -0.1500 0.6934 0.7048
vn 0.5701 0.1230 0.8123
vn -0.5683 -0.1226 0.8136
vn 0.5779 0.8161 -0.0044
vn -0.1502 0.6994 0.6987
vn -0.2513 0.6728 0.6958
vn -0.1501 0.6995 0.6987
vn 0.1506 -0.6995 0.6986
vn 0.0477 -0.7184 0.6940
vn 0.1507 -0.6995 0.6986
vn -0.7421 -0.1621 0.6504
vn 0.7396 0.1607 0.6536
vn 0.7413 0.1611 0.6515
vn -0.0473 0.7184 0.6940
vn 0.2519 -0.6730 0.6955
vn 0.7994 -0.0000 -0.6008
vn -0.7994 -0.0000 -0.6008
vn -0.0001 -0.7133 -0.7008
vn -0.1335 -0.7070 -0.6945
vn -0.1218 -0.7079 -0.6958
vn -0.0001 0.7133 -0.7008
vn 0.1330 0.7080 -0.6936
vn 0.1214 0.7090 -0.6946
vn -0.7347 -0.0000 0.6783
vn 0.6074 -0.0000 0.7944
vn -0.1984 -0.7001 -0.6859
vn -0.1978 0.7002 -0.6860
vn -0.1331 0.7070 -0.6946
vn -0.1215 0.7079 -0.6958
vn 0.1978 0.7002 -0.6860
vn 0.1984 -0.7001 -0.6859
vn 0.1334 -0.7079 -0.6936
vn 0.1217 -0.7090 -0.6946
vn -0.0000 0.7102 0.7040
vn -0.7345 0.6785 -0.0042
vn 0.6131 -0.0000 0.7900
vn -0.6071 -0.0000 0.7946
vn -0.7368 -0.0000 0.6762
vn 0.7055 -0.0000 0.7087
vn -0.7086 -0.0000 0.7056
vn 0.8369 -0.0000 -0.5473
vn -0.0002 0.7225 -0.6914
vn 0.1988 0.7101 -0.6755
vn 0.1739 0.7134 -0.6789
vn 0.5577 -0.0000 0.8301
vn -0.5543 -0.0000 0.8323
vn -0.1989 0.7087 -0.6768
vn -0.1741 0.7117 -0.6806
vn -0.0000 -0.7072 0.7071
vn 0.0002 0.7101 0.7041
vn -0.0000 -0.7085 0.7057
vn 0.5607 -0.0000 0.8280
vn -0.5607 -0.0000 0.8280
vn -0.0000 0.7143 0.6999
vn -0.0857 0.7116 0.6973
vn -0.0000 -0.7143 0.6999
vn -0.0855 -0.7117 0.6973
vn -0.7464 -0.0000 0.6655
vn 0.0857 0.7116 0.6973
vn 0.0855 -0.7117 0.6973
vn -0.8126 0.5828 -0.0000
vn 0.5826 0.8127 -0.0000
vn 0.5827 0.8127 -0.0000
vn 0.6228 0.7824 -0.0000
vn -0.6991 -0.1155 -0.7056
vn 0.6960 0.1150 -0.7087
vn -0.6204 -0.7843 -0.0000
vn -0.5829 -0.8125 -0.0000
vn -0.5830 -0.8125 -0.0000
vn 0.8128 -0.5826 -0.0000
vn -0.8275 -0.1368 0.5446
vn 0.8250 0.1371 0.5482
vn 0.8128 -0.5825 -0.0000
vn -0.8130 0.5823 -0.0000
vn 0.1178 -0.7122 0.6920
vn 0.3113 -0.6673 0.6766
vn 0.2874 -0.6746 0.6799
vn 0.1179 -0.7122 0.6920
vn -0.1178 0.7131 0.6910
vn -0.3112 0.6675 0.6764
vn -0.2872 0.6749 0.6797
vn -0.1179 0.7131 0.6910
vn 0.8400 -0.5426 -0.0000
vn 0.7408 0.1226 -0.6605
vn -0.5502 -0.0918 -0.8300
vn 0.5468 0.0922 -0.8322
vn -0.8404 0.5419 -0.0000
vn 0.0805 0.7312 0.6774
vn 0.0552 0.7304 0.6808
vn -0.1152 0.6980 -0.7068
vn -0.0801 -0.7304 0.6783
vn -0.0549 -0.7294 0.6818
vn 0.1152 -0.6980 -0.7068
vn 0.1152 -0.6976 -0.7071
vn -0.1155 0.7004 -0.7044
vn -0.1156 0.7003 -0.7044
vn 0.1158 -0.6999 -0.7048
vn 0.1157 -0.6999 -0.7048
vn 0.6205 0.7842 0.0048
vn -0.6205 -0.7842 0.0048
vn 0.1157 -0.6995 -0.7052
vn 0.8405 -0.5418 0.0047
vn -0.1158 0.7001 -0.7046
vn -0.1158 0.6999 -0.7048
vn -0.5531 -0.0923 -0.8280
vn 0.5531 0.0923 -0.8280
vn -0.8408 0.5414 0.0047
vn -0.1165 0.7027 -0.7019
vn -0.0314 0.7144 -0.6991
vn 0.1162 -0.7021 -0.7025
vn 0.2004 -0.6851 -0.7004
vn 0.7408 0.1221 -0.6605
vn -0.7374 -0.1220 -0.6643
vn -0.7408 -0.1221 -0.6605
vn 0.1158 -0.7003 -0.7044
vn -0.1158 0.7003 -0.7044
vn -0.2008 0.6858 -0.6995
vn 0.0311 -0.7140 -0.6995
vn -0.7066 -0.0000 -0.7076
vn 0.8002 -0.0000 0.5998
vn -0.0000 -0.7123 0.7019
vn 0.1338 -0.7059 0.6955
vn 0.1221 -0.7070 0.6966
vn -0.0000 0.7123 0.7019
vn -0.1336 0.7070 0.6945
vn -0.1219 0.7079 0.6958
vn -0.6083 -0.0000 -0.7937
vn 0.6083 -0.0000 -0.7937
vn 0.1990 -0.6981 0.6878
vn 0.1983 0.6982 0.6879
vn 0.1334 0.7060 0.6956
vn 0.1217 0.7070 0.6966
vn -0.1987 0.7000 0.6859
vn -0.1990 -0.6981 0.6878
vn -0.1338 -0.7059 0.6955
vn -0.1221 -0.7070 0.6966
vn 0.7360 0.6770 0.0041
vn -0.6119 -0.0000 -0.7909
vn 0.6129 -0.0000 -0.7902
vn 0.7357 -0.0000 -0.6773
vn -0.7367 -0.0000 -0.6762
vn -0.7057 -0.0000 -0.7085
vn 0.7057 -0.0000 -0.7085
vn 0.8010 -0.0000 0.5987
vn -0.1331 0.7080 0.6936
vn -0.1215 0.7090 0.6946
vn 0.7327 -0.0000 -0.6805
vn -0.6113 -0.0000 -0.7914
vn 0.6113 -0.0000 -0.7914
vn 0.1987 0.7000 0.6859
vn 0.1336 0.7079 0.6935
vn 0.1219 0.7090 0.6946
vn 0.7341 -0.6790 0.0042
vn -0.6109 -0.0000 -0.7917
vn -0.0000 -0.7102 -0.7039
vn 0.7328 -0.0000 -0.6805
vn -0.7328 -0.0000 -0.6805
vn 0.7066 0.7076 -0.0000
vn 0.7415 0.6710 -0.0000
vn -0.7093 -0.0000 -0.7050
vn 0.7063 -0.0000 -0.7079
vn -0.8376 -0.0000 0.5463
vn 0.8376 -0.0000 0.5463
vn 0.7501 -0.0000 -0.6614
vn -0.5303 -0.0000 -0.8478
vn 0.5303 -0.0000 -0.8478
vn -0.7428 0.6695 -0.0000
vn 0.1981 0.7081 0.6778
vn 0.1733 0.7115 0.6810
vn -0.0000 0.7117 -0.7025
vn -0.0000 -0.7117 -0.7025
vn 0.7416 0.6708 0.0051
vn -0.7413 -0.6712 0.0050
vn -0.0000 -0.7113 -0.7029
vn 0.7413 -0.6712 0.0051
vn -0.0000 0.7111 -0.7031
vn -0.5362 -0.0000 -0.8441
vn 0.5362 -0.0000 -0.8441
vn -0.7416 0.6708 0.0051
vn 0.0857 0.7085 -0.7005
vn 0.0859 -0.7087 -0.7003
vn 0.7438 -0.0000 -0.6684
vn -0.7501 -0.0000 -0.6614
vn -0.7469 -0.0000 -0.6649
vn -0.0859 -0.7087 -0.7003
vn -0.0000 0.8339 0.5519
vn -0.0000 0.8329 0.5535
vn -0.0000 -0.8334 -0.5527
vn -0.0000 -0.8326 -0.5539
vn -0.0000 0.5508 -0.8346
vn -0.0000 0.5506 -0.8347
vn 0.6008 0.1590 0.7834
vn 0.6039 -0.1598 -0.7809
vn -0.0000 -0.5567 0.8307
vn -0.0000 -0.5559 0.8312
vn 0.6996 -0.7001 0.1429
vn 0.6937 -0.7202 0.0105
vn 0.6947 -0.7190 0.0223
vn 0.6996 -0.7001 0.1430
vn 0.6996 0.7002 -0.1424
vn 0.6935 0.7204 -0.0100
vn 0.6946 0.7191 -0.0218
vn 0.6996 0.7002 -0.1425
vn -0.6805 -0.1471 -0.7178
vn 0.6862 -0.7254 -0.0549
vn 0.6849 0.6471 -0.3349
vn 0.6928 0.6675 -0.2727
vn 0.6939 0.6709 -0.2615
vn 0.6859 0.7256 0.0548
vn 0.6855 -0.6470 0.3339
vn 0.6932 -0.6674 0.2721
vn 0.6942 -0.6708 0.2611
vn -0.7058 0.6940 -0.1420
vn -0.7058 0.6940 -0.1421
vn -0.7068 -0.6933 0.1408
vn -0.7068 -0.6933 0.1407
vn 0.0041 0.5193 -0.8546
vn 0.0041 -0.5193 0.8546
vn -0.7048 -0.6951 0.1417
vn -0.7048 -0.6952 0.1412
vn 0.0041 -0.8113 -0.5847
vn -0.7032 0.6966 -0.1420
vn -0.7037 0.6961 -0.1425
vn -0.7926 0.1214 0.5976
vn -0.7924 -0.1225 -0.5976
vn 0.0041 0.8120 0.5836
vn -0.7021 0.6978 -0.1423
vn -0.7014 0.6847 -0.1979
vn -0.7037 -0.6962 0.1415
vn -0.7025 -0.7065 0.0860
vn -0.7037 -0.6963 0.1415
vn -0.6789 -0.1466 -0.7195
vn -0.6754 0.1465 0.7227
vn -0.6808 0.1471 0.7176
vn -0.7048 -0.6950 0.1423
vn -0.7027 0.6972 -0.1416
vn -0.7004 0.7085 -0.0862
vn -0.7027 -0.6838 0.1966
vn -0.7329 -0.0676 -0.6770
vn -0.7541 0.0180 -0.6566
vn -0.3075 0.5282 -0.7915
vn -0.4163 0.5101 -0.7526
vn -0.0436 0.4721 -0.8804
vn -0.1223 0.5160 -0.8478
vn -0.0438 0.7759 0.6294
vn -0.3085 0.7929 0.5254
vn -0.4177 0.7616 0.4955
vn -0.1227 0.8032 0.5829
vn -0.7316 0.2036 0.6506
vn -0.7519 0.2738 0.5997
vn -0.0439 -0.7761 -0.6291
vn -0.3089 -0.7929 -0.5252
vn -0.4184 -0.7609 -0.4960
vn -0.1228 -0.8038 -0.5821
vn -0.7316 -0.2047 -0.6503
vn -0.7515 -0.2762 -0.5992
vn -0.7327 0.0678 0.6772
vn -0.7539 -0.0181 0.6567
vn -0.3094 -0.5273 0.7914
vn -0.4196 -0.5082 0.7521
vn -0.0436 -0.4692 0.8820
vn -0.1223 -0.5150 0.8484
vn -0.6985 0.2400 0.6742
vn -0.6986 0.2394 0.6743
vn -0.7696 0.6256 -0.1275
vn -0.9128 0.4001 -0.0816
vn -0.3284 0.7443 0.5815
vn -0.3291 0.7440 0.5816
vn -0.0853 0.8275 0.5549
vn -0.0852 0.8275 0.5549
vn -0.6961 -0.0444 -0.7166
vn -0.6961 -0.0448 -0.7165
vn -0.7699 0.6253 -0.1274
vn -0.9130 0.3997 -0.0815
vn -0.3289 0.4608 -0.8243
vn -0.3295 0.4605 -0.8242
vn -0.0847 0.5448 -0.8343
vn -0.0846 0.5448 -0.8343
vn -0.3292 -0.7429 -0.5829
vn -0.0852 -0.8267 -0.5561
vn -0.0851 -0.8267 -0.5561
vn -0.3289 -0.7430 -0.5829
vn -0.9128 -0.4001 0.0816
vn -0.7696 -0.6256 0.1275
vn -0.6969 -0.2392 -0.6761
vn -0.6970 -0.2386 -0.6763
vn -0.0852 -0.5452 0.8340
vn -0.3292 -0.4565 0.8266
vn -0.3289 -0.4567 0.8266
vn -0.0851 -0.5452 0.8340
vn -0.9129 -0.4000 0.0816
vn -0.7697 -0.6256 0.1274
vn -0.7015 0.0440 0.7114
vn -0.7016 0.0447 0.7112
vn -0.0000 0.4460 -0.8950
vn -0.0000 0.7577 0.6526
vn -0.0000 -0.7577 -0.6526
vn -0.0000 -0.4421 0.8970
vn -0.0000 0.5520 -0.8338
vn -0.0000 0.8350 0.5502
vn -0.0000 0.8353 0.5498
vn -0.0000 0.8114 0.5846
vn 0.7069 -0.1410 -0.6931
vn 0.7067 0.1410 0.6933
vn -0.0000 -0.8091 -0.5877
vn -0.0000 -0.8332 -0.5529
vn -0.0000 -0.8325 -0.5540
vn -0.0000 -0.5533 0.8330
vn -0.5162 -0.1713 -0.8391
vn -0.5137 0.1706 0.8408
vn -0.0000 -0.5528 0.8333
vn -0.0000 0.5526 -0.8334
vn -0.6848 -0.7141 0.1454
vn -0.6643 -0.6461 0.3758
vn -0.6699 -0.6587 0.3426
vn -0.6848 -0.7140 0.1456
vn -0.6841 0.7147 -0.1455
vn -0.6630 0.6480 -0.3748
vn -0.6688 0.6603 -0.3417
vn -0.6841 0.7147 -0.1457
vn -0.0000 -0.5154 0.8569
vn 0.6545 0.1511 0.7408
vn 0.8146 -0.1161 -0.5683
vn 0.8125 0.1159 0.5712
vn -0.0000 0.5151 -0.8571
vn -0.6659 0.7402 0.0930
vn -0.6710 0.7392 0.0570
vn 0.7059 0.6941 -0.1414
vn 0.7041 0.6958 -0.1417
vn -0.6650 -0.7409 -0.0942
vn -0.6706 -0.7396 -0.0581
vn 0.7068 -0.6931 0.1416
vn 0.7069 -0.6932 0.1407
vn 0.7019 0.6980 -0.1420
vn 0.7019 0.6979 -0.1422
vn 0.7029 -0.6972 0.1411
vn 0.7029 -0.6972 0.1409
vn -0.0044 0.8083 0.5888
vn -0.0044 -0.8089 -0.5880
vn 0.7047 -0.6952 0.1415
vn 0.7047 -0.6952 0.1418
vn -0.0045 -0.5114 0.8593
vn 0.7044 0.6956 -0.1416
vn 0.7043 0.6956 -0.1419
vn 0.8089 -0.1160 -0.5764
vn 0.8145 0.1167 0.5683
vn -0.0044 0.5162 -0.8564
vn 0.6996 0.7001 -0.1426
vn 0.6967 0.7163 -0.0383
vn 0.7006 -0.6991 0.1430
vn 0.6970 -0.6738 0.2452
vn 0.7005 -0.6991 0.1430
vn 0.6549 0.1510 0.7405
vn 0.6527 -0.1507 -0.7425
vn 0.6513 -0.1502 -0.7438
vn 0.7047 -0.6953 0.1413
vn 0.7044 0.6956 -0.1414
vn 0.6948 0.6761 -0.2453
vn 0.6963 -0.7167 0.0392
vn -0.0000 0.7076 0.7066
vn -0.0000 0.7076 -0.7066
vn -0.0000 0.7073 -0.7070
vn -0.0000 0.6786 -0.7345
vn -0.7066 -0.0000 0.7076
vn -0.0000 -0.6789 0.7342
vn -0.0000 -0.7076 0.7066
vn -0.0000 -0.7073 0.7070
vn -0.0000 -0.7076 -0.7066
vn 0.5997 -0.0000 0.8003
vn 0.5997 -0.0000 -0.8003
vn -0.0000 -0.7073 -0.7070
vn -0.0000 0.7073 0.7070
vn 0.6996 -0.7145 -0.0000
vn 0.6926 -0.7090 -0.1331
vn 0.6938 -0.7099 -0.1215
vn 0.7006 0.7136 -0.0000
vn 0.6931 0.7084 0.1333
vn 0.6943 0.7093 0.1216
vn -0.0000 -0.6789 -0.7342
vn -0.6790 -0.0000 -0.7341
vn -0.7939 -0.0000 0.6080
vn -0.7929 -0.0000 -0.6093
vn -0.0000 0.6786 0.7345
vn 0.6841 -0.7020 -0.1979
vn 0.6845 0.7015 -0.1983
vn 0.6932 0.7083 -0.1333
vn 0.6945 0.7092 -0.1216
vn 0.6845 0.7015 0.1983
vn -0.7069 0.7073 -0.0000
vn 0.6850 -0.7010 0.1982
vn 0.6929 -0.7086 0.1333
vn 0.6940 -0.7096 0.1216
vn -0.7068 0.7074 -0.0000
vn -0.7059 -0.7083 -0.0000
vn 0.0041 0.6767 -0.7362
vn 0.0041 -0.6839 0.7296
vn -0.7050 -0.7092 -0.0000
vn 0.0041 -0.6806 -0.7327
vn -0.7049 0.7093 -0.0000
vn -0.7928 -0.0000 0.6094
vn -0.7928 -0.0000 -0.6094
vn 0.0041 0.6801 0.7331
vn -0.7037 0.7105 -0.0000
vn -0.7024 0.7094 -0.0573
vn -0.7038 -0.7104 -0.0000
vn -0.7025 -0.7093 -0.0574
vn -0.6795 -0.0000 0.7337
vn -0.6790 -0.0000 0.7341
vn -0.7027 0.7092 0.0573
vn -0.7028 -0.7091 0.0574
vn -0.0000 0.6727 -0.7399
vn -0.0000 -0.6728 0.7398
vn 0.5479 -0.0000 0.8365
vn 0.5479 -0.0000 -0.8365
vn 0.6912 -0.7227 -0.0000
vn 0.6785 -0.7072 -0.1987
vn 0.6815 -0.7108 -0.1738
vn 0.6910 0.7229 -0.0000
vn 0.6772 0.7085 0.1985
vn 0.6804 0.7119 0.1736
vn -0.0000 -0.6728 -0.7398
vn -0.6628 -0.0000 -0.7488
vn -0.8309 -0.0000 0.5565
vn -0.8309 -0.0000 -0.5565
vn -0.0000 0.6727 0.7399
vn 0.6781 0.7075 -0.1988
vn 0.6812 0.7111 -0.1739
vn -0.7072 0.7070 -0.0000
vn 0.6776 -0.7082 0.1984
vn 0.6808 -0.7117 0.1735
vn -0.7043 0.7099 -0.0000
vn -0.7043 -0.7099 -0.0000
vn 0.0047 0.6744 -0.7383
vn 0.0047 -0.6745 0.7383
vn -0.7046 -0.7096 -0.0000
vn 0.0047 -0.6745 -0.7383
vn -0.7046 0.7096 -0.0000
vn -0.7054 0.7088 -0.0000
vn -0.8273 -0.0000 0.5618
vn -0.8290 -0.0000 -0.5593
vn 0.0047 0.6744 0.7383
vn -0.7029 0.7113 -0.0000
vn -0.7005 0.7085 -0.0857
vn -0.7021 -0.7121 -0.0000
vn -0.6997 -0.7093 -0.0858
vn -0.6628 -0.0000 0.7488
vn -0.6632 -0.0000 0.7484
vn -0.7001 0.7089 0.0857
vn -0.6993 -0.7097 0.0857
vn 0.7034 -0.7066 -0.0771
vn 0.7037 -0.7063 -0.0771
vn 0.7030 0.7070 -0.0770
vn 0.6744 0.7347 -0.0739
vn 0.0770 -0.7075 0.7025
vn 0.0770 0.7075 0.7025
vn -0.6754 -0.7337 0.0740
vn -0.7034 -0.7066 0.0771
vn -0.7039 0.7061 0.0771
vn -0.7046 0.7054 0.0772
vn -0.0657 -0.7978 -0.5994
vn -0.0656 0.7977 -0.5995
vn -0.7033 0.7067 0.0771
vn 0.7032 -0.7069 -0.0770
vn -0.7035 -0.7065 0.0771
vn -0.7851 -0.0000 -0.6193
vn -0.7779 0.1328 -0.6142
vn -0.7791 0.1211 -0.6151
vn 0.6335 -0.0000 -0.7737
vn 0.6275 -0.1332 -0.7671
vn 0.6285 -0.1216 -0.7682
vn -0.6755 0.7336 0.0740
vn 0.0739 0.7348 0.6743
vn 0.0864 -0.6092 0.7883
vn 0.0864 0.6092 0.7883
vn 0.6750 -0.7341 -0.0739
vn -0.7692 0.1974 -0.6078
vn 0.6216 0.1989 -0.7577
vn 0.6282 0.1337 -0.7665
vn 0.6291 0.1220 -0.7677
vn 0.6203 -0.1981 -0.7589
vn 0.7803 -0.0000 0.6254
vn -0.7718 -0.1987 -0.6040
vn -0.7794 -0.1335 -0.6122
vn -0.7804 -0.1218 -0.6133
vn -0.6254 -0.0000 0.7803
vn -0.6283 -0.0000 0.7780
vn 0.7812 -0.0000 0.6243
vn -0.6261 -0.0000 0.7798
vn 0.6741 0.7345 -0.0780
vn -0.6747 -0.7348 0.0697
vn -0.6267 -0.0000 0.7792
vn -0.6252 -0.0000 0.7805
vn -0.6757 0.7338 0.0699
vn 0.7824 -0.0000 0.6227
vn 0.0862 -0.6112 0.7868
vn 0.0862 0.6112 0.7868
vn 0.6736 -0.7350 -0.0779
vn 0.7850 -0.0000 0.6195
vn 0.7837 0.0573 0.6185
vn -0.6315 -0.0002 0.7754
vn -0.6289 0.0572 0.7754
vn 0.0738 -0.7348 0.6742
vn 0.7837 -0.0574 0.6185
vn -0.6320 -0.0577 0.7728
vn -0.7026 -0.7074 0.0770
vn -0.7033 0.7067 0.0770
vn -0.7029 0.7071 0.0771
vn -0.6677 0.7408 0.0732
vn -0.0771 -0.7060 -0.7040
vn -0.0770 0.7071 -0.7029
vn 0.6685 -0.7401 -0.0733
vn 0.7035 -0.7066 -0.0770
vn 0.7036 -0.7064 -0.0770
vn 0.7029 0.7071 -0.0771
vn 0.0597 -0.8363 0.5450
vn 0.0598 0.8363 0.5450
vn 0.7030 0.7070 -0.0771
vn -0.7035 -0.7065 0.0770
vn 0.7932 -0.0000 0.6090
vn 0.7790 0.1988 0.5947
vn 0.7824 0.1738 0.5981
vn -0.6440 -0.0000 0.7650
vn -0.6306 -0.1981 0.7504
vn -0.6337 -0.1733 0.7539
vn 0.6682 0.7403 -0.0732
vn -0.0722 0.7482 -0.6596
vn -0.0904 -0.5579 -0.8250
vn -0.0904 0.5579 -0.8250
vn -0.6670 -0.7415 0.0730
vn -0.6317 0.1981 0.7494
vn -0.6347 0.1733 0.7531
vn -0.7790 -0.0000 -0.6270
vn -0.7769 -0.0000 -0.6296
vn 0.7790 -0.1988 0.5946
vn 0.7824 -0.1738 0.5980
vn 0.6266 -0.0000 -0.7794
vn -0.7819 -0.0002 -0.6233
vn 0.6288 -0.0000 -0.7776
vn -0.6671 0.7409 0.0778
vn 0.6689 -0.7402 -0.0686
vn 0.6297 -0.0000 -0.7768
vn 0.6696 0.7396 -0.0685
vn -0.7784 -0.0000 -0.6277
vn -0.7796 -0.0000 -0.6263
vn -0.0906 -0.5562 -0.8261
vn -0.0904 0.5581 -0.8248
vn -0.6682 -0.7398 0.0779
vn -0.7829 -0.0000 -0.6222
vn -0.7788 0.0854 -0.6214
vn 0.6310 -0.0000 -0.7758
vn 0.6286 0.0857 -0.7730
vn -0.0721 0.7493 -0.6583
vn -0.0722 -0.7493 -0.6583
vn -0.0722 -0.7482 -0.6596
vn -0.7772 -0.0000 -0.6292
vn -0.7812 -0.0853 -0.6185
vn 0.6286 -0.0857 -0.7730
vn -0.7067 -0.7074 -0.0128
vn -0.7068 0.7073 -0.0128
vn -0.7069 0.7072 -0.0128
vn -0.6753 0.7374 -0.0122
vn 0.0128 -0.7091 -0.7050
vn 0.0128 0.7091 -0.7050
vn 0.6747 -0.7380 0.0122
vn 0.7068 -0.7073 0.0128
vn 0.7069 -0.7072 0.0128
vn 0.7070 0.7071 0.0128
vn -0.0093 -0.8575 0.5145
vn -0.0093 0.8575 0.5145
vn 0.7069 0.7072 0.0128
vn -0.7069 -0.7072 -0.0128
vn 0.7163 0.0001 0.6977
vn 0.6961 0.2398 0.6767
vn 0.7018 0.2043 0.6824
vn -0.7387 -0.0000 0.6740
vn -0.7180 -0.2399 0.6534
vn -0.7238 -0.2044 0.6591
vn 0.6744 0.7383 0.0122
vn 0.0118 0.7579 -0.6523
vn 0.0148 -0.5799 -0.8146
vn 0.0148 0.5799 -0.8146
vn -0.6753 -0.7374 -0.0122
vn -0.7193 0.2402 0.6519
vn -0.7247 0.2047 0.6579
vn -0.6943 -0.0000 -0.7197
vn -0.6957 -0.0000 -0.7183
vn 0.6955 -0.2396 0.6774
vn 0.7012 -0.2041 0.6831
vn 0.7196 -0.0000 -0.6944
vn 0.7196 -0.0000 -0.6943
vn -0.6990 -0.0000 -0.7151
vn 0.7230 -0.0000 -0.6908
vn -0.6753 0.7375 -0.0078
vn 0.6750 -0.7377 0.0167
vn 0.7221 -0.0000 -0.6918
vn 0.6753 0.7374 0.0167
vn -0.6977 -0.0000 -0.7164
vn 0.0147 -0.5820 -0.8131
vn 0.0147 0.5820 -0.8131
vn -0.6747 -0.7381 -0.0078
vn -0.7008 -0.0000 -0.7134
vn -0.6977 0.1047 -0.7087
vn 0.7260 -0.0000 -0.6877
vn 0.7224 0.1047 -0.6835
vn 0.0118 -0.7579 -0.6523
vn -0.6962 -0.1047 -0.7102
vn 0.7216 -0.1046 -0.6843
vn -0.7066 -0.7075 -0.0128
vn -0.6788 -0.7342 -0.0123
vn -0.0128 0.7075 0.7066
vn -0.0128 -0.7068 0.7073
vn 0.6789 0.7341 0.0123
vn 0.7071 0.7070 0.0128
vn 0.7071 -0.7070 0.0128
vn 0.7072 -0.7069 0.0128
vn -0.7064 -0.7077 -0.0128
vn 0.0109 0.7992 -0.6009
vn 0.0109 -0.8004 -0.5994
vn 0.7072 0.7069 0.0128
vn 0.7267 -0.0000 -0.6869
vn 0.7208 -0.1334 -0.6802
vn 0.7218 -0.1217 -0.6813
vn -0.7019 -0.0000 -0.7123
vn -0.6962 0.1333 -0.7054
vn -0.6971 0.1216 -0.7065
vn 0.6795 -0.7336 0.0123
vn -0.0123 -0.7362 0.6766
vn -0.0144 0.6101 0.7922
vn -0.0143 -0.6101 0.7922
vn -0.6782 0.7348 -0.0123
vn 0.7133 -0.1985 -0.6722
vn -0.6888 -0.1984 -0.6973
vn -0.6961 -0.1334 -0.7055
vn -0.6970 -0.1217 -0.7066
vn -0.6890 0.1983 -0.6971
vn -0.7202 -0.0000 0.6938
vn -0.7187 -0.0000 0.6953
vn 0.7130 0.1985 -0.6724
vn 0.7207 0.1335 -0.6803
vn 0.7217 0.1218 -0.6814
vn 0.6946 -0.0000 0.7194
vn -0.7218 0.0001 0.6921
vn 0.6965 0.0001 0.7175
vn -0.6783 -0.7346 -0.0164
vn 0.6790 0.7341 0.0082
vn 0.6962 -0.0000 0.7179
vn 0.6957 -0.0000 0.7183
vn 0.6787 -0.7344 0.0082
vn -0.7219 -0.0000 0.6920
vn -0.7227 -0.0000 0.6911
vn -0.0144 0.6112 0.7913
vn -0.0143 -0.6112 0.7913
vn -0.6781 0.7348 -0.0164
vn -0.7224 0.0001 0.6915
vn -0.7212 -0.0573 0.6904
vn 0.6967 -0.0000 0.7174
vn 0.6951 -0.0572 0.7166
vn -0.0123 -0.7348 0.6781
vn -0.0123 0.7348 0.6781
vn -0.0123 0.7362 0.6766
vn 0.6966 -0.0000 0.7175
vn -0.7211 -0.0000 0.6928
vn -0.7212 0.0574 0.6904
vn 0.6959 0.0573 0.7158
vn 0.7070 -0.7071 0.0128
vn 0.6724 0.7401 0.0122
vn -0.0128 -0.7071 0.7070
vn -0.0128 0.7071 0.7070
vn -0.6727 -0.7398 -0.0122
vn 0.0111 -0.7918 -0.6106
vn 0.0111 0.7918 -0.6107
vn -0.7068 -0.7073 -0.0128
vn -0.6998 -0.0000 -0.7144
vn -0.6951 0.1191 -0.7090
vn -0.6958 0.1097 -0.7098
vn 0.7255 -0.0000 -0.6883
vn 0.7203 -0.1193 -0.6834
vn 0.7211 -0.1098 -0.6841
vn -0.6726 0.7399 -0.0122
vn -0.0123 0.7326 0.6805
vn -0.0150 -0.5589 0.8291
vn -0.0150 0.5589 0.8291
vn 0.6727 -0.7398 0.0122
vn -0.6892 0.1781 -0.7024
vn 0.7151 0.1786 -0.6759
vn 0.7209 0.1194 -0.6826
vn 0.7216 0.1100 -0.6835
vn 0.7138 -0.1783 -0.6773
vn -0.6892 -0.1781 -0.7024
vn -0.6951 -0.1191 -0.7090
vn -0.6958 -0.1097 -0.7098
vn -0.7189 -0.0000 0.6951
vn -0.7197 -0.0000 0.6943
vn 0.6731 0.7395 0.0075
vn -0.6726 -0.7398 -0.0169
vn -0.7230 -0.0000 0.6908
vn -0.6726 0.7398 -0.0169
vn 0.6969 -0.0000 0.7172
vn -0.0150 -0.5601 0.8283
vn -0.0150 0.5591 0.8290
vn 0.6727 -0.7399 0.0075
vn 0.6978 -0.0000 0.7163
vn 0.6973 0.0512 0.7150
vn -0.7236 -0.0001 0.6903
vn -0.7219 0.0513 0.6901
vn -0.0124 0.7314 0.6818
vn -0.0124 -0.7314 0.6818
vn -0.0123 -0.7326 0.6805
vn 0.6966 -0.0512 0.7157
vn -0.7233 -0.0514 0.6886
vn 0.7032 -0.7076 0.0693
vn 0.7033 0.7075 0.0693
vn 0.6716 0.7379 0.0662
vn -0.0694 -0.7066 0.7042
vn -0.0694 0.7066 0.7042
vn -0.6717 -0.7378 -0.0662
vn -0.7048 -0.7060 -0.0695
vn -0.7046 -0.7062 -0.0694
vn -0.7042 0.7066 -0.0694
vn 0.0503 -0.8582 -0.5109
vn 0.0504 0.8583 -0.5107
vn -0.7046 0.7062 -0.0694
vn 0.7033 -0.7075 0.0693
vn -0.6572 -0.0000 -0.7537
vn -0.6387 0.2401 -0.7310
vn -0.6438 0.2045 -0.7373
vn 0.7910 -0.0000 -0.6118
vn 0.7692 -0.2399 -0.5922
vn 0.7753 -0.2044 -0.5976
vn -0.6721 0.7375 -0.0662
vn -0.0640 0.7579 0.6493
vn -0.0797 -0.5818 0.8094
vn -0.0798 0.5818 0.8094
vn 0.6716 -0.7379 0.0662
vn 0.7692 0.2399 -0.5923
vn 0.7752 0.2044 -0.5977
vn 0.6334 -0.0000 0.7738
vn -0.6387 -0.2396 -0.7312
vn -0.6439 -0.2042 -0.7374
vn -0.7735 -0.0000 0.6337
vn 0.6384 -0.0001 0.7697
vn -0.7786 -0.0000 0.6276
vn 0.6723 0.7377 0.0618
vn -0.6720 -0.7372 -0.0707
vn -0.7767 -0.0000 0.6299
vn -0.7781 -0.0000 0.6281
vn -0.6717 0.7375 -0.0707
vn 0.6371 -0.0000 0.7708
vn 0.6378 -0.0000 0.7702
vn -0.0796 -0.5839 0.8079
vn -0.0796 0.5839 0.8079
vn 0.6727 -0.7374 0.0618
vn 0.6418 -0.0001 0.7668
vn 0.6376 0.1046 0.7633
vn -0.7813 -0.0000 0.6241
vn -0.7770 0.1046 0.6207
vn -0.0642 0.7567 0.6506
vn -0.0641 -0.7567 0.6506
vn -0.0639 -0.7579 0.6493
vn -0.7752 -0.0000 0.6317
vn 0.6363 -0.0000 0.7714
vn 0.6390 -0.1048 0.7620
vn -0.7770 -0.1046 0.6207
vn -0.1508 -0.7071 0.6908
vn -0.1507 0.7073 0.6906
vn -0.1508 0.7076 0.6903
vn -0.1435 0.7396 0.6576
vn -0.6902 -0.7078 -0.1506
vn -0.6905 0.7075 -0.1506
vn 0.1439 -0.7380 -0.6593
vn 0.1510 -0.7062 -0.6918
vn 0.1506 -0.7076 -0.6904
vn 0.1510 0.7062 -0.6918
vn 0.5357 -0.8363 0.1169
vn 0.5357 0.8363 0.1170
vn 0.1508 0.7076 -0.6903
vn -0.1506 -0.7076 0.6904
vn 0.8284 -0.0000 -0.5601
vn 0.8110 0.1970 -0.5509
vn 0.8151 0.1724 -0.5531
vn 0.5224 0.0002 0.8527
vn 0.5117 -0.1988 0.8358
vn 0.5140 -0.1739 0.8400
vn 0.1436 0.7391 -0.6582
vn -0.6474 0.7490 -0.1412
vn -0.8104 -0.5586 -0.1767
vn -0.8099 0.5592 -0.1769
vn -0.1436 -0.7396 0.6576
vn 0.5129 0.1989 0.8351
vn 0.5154 0.1740 0.8391
vn -0.8381 -0.0000 0.5455
vn 0.8120 -0.1974 -0.5492
vn 0.8159 -0.1727 -0.5518
vn -0.5376 -0.0000 -0.8432
vn -0.8383 -0.0000 0.5453
vn -0.5350 0.0001 -0.8449
vn -0.1388 0.7397 0.6584
vn 0.1484 -0.7392 -0.6570
vn -0.5367 -0.0000 -0.8437
vn 0.1484 0.7392 -0.6570
vn -0.8386 -0.0000 0.5448
vn -0.8100 -0.5592 -0.1768
vn -0.8100 0.5592 -0.1768
vn -0.1389 -0.7397 0.6584
vn -0.8368 -0.0001 0.5475
vn -0.8337 0.0856 0.5456
vn -0.5323 -0.0000 -0.8466
vn -0.5303 0.0858 -0.8434
vn -0.6467 0.7496 -0.1411
vn -0.6467 -0.7496 -0.1411
vn -0.6470 -0.7493 -0.1412
vn -0.8338 -0.0857 0.5453
vn -0.5303 -0.0858 -0.8434
vn 0.4414 -0.7049 -0.5552
vn 0.4412 0.7050 -0.5552
vn 0.4411 0.7053 -0.5550
vn 0.4205 0.7370 -0.5291
vn 0.5533 -0.7073 0.4400
vn 0.5533 0.7073 0.4400
vn -0.4205 -0.7370 0.5291
vn -0.4408 -0.7059 0.5544
vn -0.4408 -0.7063 0.5539
vn -0.4404 0.7061 0.5545
vn -0.4038 -0.8571 -0.3199
vn -0.4029 0.8574 -0.3203
vn -0.4394 0.7069 0.5544
vn 0.4416 -0.7051 -0.5549
vn -0.9892 -0.0000 0.1468
vn -0.9606 0.2396 0.1407
vn -0.9684 0.2041 0.1431
vn -0.0821 -0.0000 -0.9966
vn -0.0791 -0.2394 -0.9677
vn -0.0799 -0.2040 -0.9757
vn -0.4206 0.7374 0.5285
vn 0.5112 0.7574 0.4062
vn 0.6371 -0.5809 0.5067
vn 0.6371 0.5809 0.5067
vn 0.4205 -0.7370 -0.5291
vn -0.0798 0.2400 -0.9675
vn -0.0804 0.2045 -0.9756
vn 0.9929 -0.0000 -0.1190
vn -0.9609 -0.2397 0.1383
vn -0.9689 -0.2043 0.1399
vn 0.1136 -0.0000 0.9935
vn 0.9933 -0.0001 -0.1153
vn 0.1069 -0.0000 0.9943
vn 0.4171 0.7371 -0.5318
vn -0.4241 -0.7371 0.5262
vn 0.1103 -0.0000 0.9939
vn -0.4241 0.7371 0.5262
vn 0.9928 -0.0000 -0.1194
vn 0.6364 -0.5820 0.5062
vn 0.6364 0.5820 0.5062
vn 0.4171 -0.7371 -0.5318
vn 0.9918 -0.0000 -0.1277
vn 0.9868 0.1045 -0.1241
vn 0.1048 -0.0003 0.9945
vn 0.1044 0.1043 0.9890
vn 0.5107 -0.7580 0.4058
vn 0.5097 -0.7585 0.4060
vn 0.9860 -0.1044 -0.1299
vn 0.1041 -0.1049 0.9890
vn -0.3510 0.7073 0.6136
vn -0.3512 0.7071 0.6138
vn -0.3511 -0.7070 0.6138
vn -0.3511 -0.7070 0.6139
vn -0.3375 -0.7342 0.5891
vn 0.6142 0.7063 0.3520
vn 0.6143 -0.7064 0.3517
vn 0.3370 0.7338 -0.5898
vn 0.3509 0.7075 -0.6134
vn 0.3502 0.7088 -0.6123
vn 0.3502 -0.7089 -0.6122
vn 0.3508 -0.7078 -0.6131
vn -0.3512 -0.7071 0.6138
vn -0.5112 0.8084 -0.2920
vn -0.5112 -0.8082 -0.2924
vn 0.3496 -0.7100 -0.6113
vn -0.3508 0.7076 0.6134
vn 0.3516 0.7063 -0.6145
vn -0.2502 -0.0002 -0.9682
vn -0.2485 -0.1491 -0.9571
vn -0.2489 -0.1347 -0.9591
vn -0.9618 0.0001 0.2739
vn -0.9519 0.1489 0.2680
vn -0.9539 0.1345 0.2685
vn 0.3368 -0.7339 -0.5899
vn 0.5867 -0.7371 0.3353
vn 0.6884 0.6089 0.3941
vn 0.6880 -0.6093 0.3943
vn -0.3373 0.7342 0.5892
vn -0.2453 -0.2203 -0.9441
vn -0.9374 -0.2194 0.2705
vn -0.9502 -0.1484 0.2742
vn -0.9521 -0.1341 0.2747
vn -0.9389 0.2202 0.2647
vn 0.2638 -0.0000 0.9646
vn -0.2444 0.2196 -0.9445
vn -0.2472 0.1485 -0.9575
vn -0.2476 0.1341 -0.9595
vn 0.9651 -0.0000 -0.2618
vn 0.9668 -0.0000 -0.2556
vn 0.2605 0.0003 0.9655
vn 0.9642 -0.0001 -0.2653
vn -0.3405 -0.7339 0.5877
vn 0.3334 0.7339 -0.5918
vn 0.9638 -0.0000 -0.2666
vn 0.3334 -0.7339 -0.5918
vn 0.2594 -0.0000 0.9658
vn 0.2597 -0.0000 0.9657
vn 0.6872 0.6110 0.3929
vn 0.6868 -0.6114 0.3931
vn -0.3402 0.7345 0.5872
vn 0.2579 -0.0001 0.9662
vn 0.2574 -0.0640 0.9642
vn 0.9638 0.0001 -0.2666
vn 0.9618 -0.0640 -0.2660
vn 0.5865 -0.7371 0.3357
vn 0.5859 0.7379 0.3351
vn 0.5862 0.7375 0.3353
vn 0.2591 -0.0000 0.9658
vn 0.2574 0.0637 0.9642
vn 0.9618 0.0643 -0.2660
vn 0.2738 -0.7064 -0.6528
vn 0.2738 -0.7063 -0.6528
vn 0.2735 0.7071 -0.6520
vn 0.2738 0.7064 -0.6527
vn 0.2601 0.7401 -0.6202
vn 0.6518 -0.7074 0.2734
vn 0.6515 0.7077 0.2735
vn -0.2604 -0.7396 0.6207
vn -0.2734 -0.7074 0.6518
vn -0.2735 -0.7070 0.6522
vn -0.2734 0.7074 0.6518
vn -0.2733 0.7079 0.6513
vn 0.2731 0.7079 -0.6514
vn -0.5642 -0.7910 -0.2367
vn -0.5644 0.7909 -0.2366
vn -0.2734 0.7070 0.6522
vn 0.2738 -0.7064 -0.6527
vn -0.2732 -0.7079 0.6514
vn -0.9233 -0.0000 0.3842
vn -0.9164 0.1197 0.3818
vn -0.9175 0.1102 0.3822
vn -0.3707 -0.0000 -0.9287
vn -0.3670 -0.1192 -0.9226
vn -0.3676 -0.1098 -0.9235
vn -0.2603 0.7396 0.6207
vn 0.6265 0.7338 0.2628
vn 0.7642 -0.5598 0.3205
vn 0.7641 0.5598 0.3205
vn 0.2602 -0.7401 -0.6201
vn -0.9080 0.1791 0.3788
vn -0.3638 0.1787 -0.9142
vn -0.3676 0.1195 -0.9223
vn -0.3680 0.1100 -0.9233
vn -0.3628 -0.1782 -0.9147
vn 0.9258 -0.0000 -0.3779
vn 0.9240 -0.0000 -0.3824
vn -0.9063 -0.1785 0.3831
vn -0.9155 -0.1194 0.3842
vn -0.9167 -0.1099 0.3842
vn 0.3771 -0.0000 0.9262
vn 0.3790 -0.0000 0.9254
vn 0.9259 0.0001 -0.3779
vn 0.3770 0.0001 0.9262
vn 0.2557 0.7402 -0.6218
vn -0.2646 -0.7397 0.6187
vn 0.3744 -0.0000 0.9273
vn 0.3752 -0.0000 0.9270
vn -0.2647 0.7397 0.6187
vn 0.7640 -0.5600 0.3204
vn 0.7640 0.5601 0.3204
vn 0.2562 -0.7392 -0.6229
vn 0.9220 0.0001 -0.3871
vn 0.9209 0.0512 -0.3864
vn 0.3726 -0.0000 0.9280
vn 0.3726 0.0511 0.9266
vn 0.6277 0.7326 0.2632
vn 0.6276 -0.7326 0.2633
vn 0.6266 -0.7337 0.2628
vn 0.3737 -0.0000 0.9276
vn 0.9207 -0.0511 -0.3868
vn 0.3716 -0.0510 0.9270
vn 0.5518 0.8340 -0.0000
vn 0.5518 0.8339 -0.0000
vn -0.5521 -0.8337 -0.0000
vn -0.5522 -0.8337 -0.0000
vn -0.8340 0.5518 -0.0000
vn -0.8340 0.5517 -0.0000
vn 0.7739 0.1574 -0.6134
vn -0.7734 -0.1581 -0.6139
vn 0.8335 -0.5525 -0.0000
vn 0.8335 -0.5524 -0.0000
vn 0.1422 -0.6965 -0.7033
vn 0.0263 -0.7162 -0.6974
vn 0.0354 -0.7151 -0.6981
vn -0.1421 0.6980 -0.7019
vn -0.0270 0.7166 -0.6970
vn -0.0359 0.7155 -0.6977
vn -0.7170 -0.1468 0.6815
vn -0.0317 -0.7214 -0.6918
vn -0.3106 0.6545 -0.6893
vn -0.2554 0.6708 -0.6963
vn -0.2467 0.6732 -0.6971
vn 0.0306 0.7219 -0.6913
vn 0.3114 -0.6543 -0.6892
vn 0.2560 -0.6694 -0.6974
vn 0.2473 -0.6716 -0.6984
vn -0.1411 0.6959 0.7041
vn 0.1415 -0.6934 0.7065
vn 0.1415 -0.6935 0.7065
vn -0.8590 0.5119 -0.0047
vn 0.8587 -0.5124 -0.0047
vn 0.1415 -0.6948 0.7051
vn -0.5895 -0.8078 -0.0047
vn -0.1412 0.6975 0.7025
vn 0.5547 0.1126 0.8244
vn -0.5561 -0.1129 0.8234
vn 0.5892 0.8079 -0.0047
vn -0.1414 0.6997 0.7003
vn -0.1901 0.6891 0.6993
vn 0.1416 -0.6970 0.7030
vn 0.0922 -0.7053 0.7029
vn 0.1415 -0.6970 0.7030
vn -0.7166 -0.1457 0.6821
vn 0.7167 0.1468 0.6817
vn 0.7171 0.1458 0.6816
vn -0.0923 0.7085 0.6996
vn 0.1905 -0.6869 0.7014
vn -0.6494 -0.0682 0.7574
vn -0.6498 0.2726 0.7096
vn -0.6492 0.2695 0.7113
vn -0.6266 0.0133 0.7792
vn -0.8865 0.4599 0.0517
vn -0.8555 0.4999 0.1350
vn 0.6352 0.7706 0.0518
vn 0.5898 0.7962 0.1353
vn 0.4910 0.5046 0.7102
vn 0.4916 0.5019 0.7116
vn 0.6248 0.1903 0.7572
vn 0.5719 0.2571 0.7790
vn -0.6355 -0.7704 0.0516
vn -0.5912 -0.7952 0.1349
vn -0.4904 -0.5049 0.7103
vn -0.4910 -0.5022 0.7118
vn -0.6246 -0.1908 0.7573
vn -0.5716 -0.2573 0.7791
vn 0.6496 0.0683 0.7572
vn 0.6491 -0.2722 0.7103
vn 0.6487 -0.2695 0.7118
vn 0.6269 -0.0129 0.7790
vn 0.8863 -0.4603 0.0516
vn 0.8552 -0.5004 0.1348
vn 0.6778 0.2277 0.6991
vn 0.6374 0.4728 0.6084
vn 0.6373 0.4731 0.6083
vn 0.6779 0.2273 0.6992
vn -0.1830 0.8997 0.3962
vn -0.1556 0.7650 0.6249
vn 0.5574 0.8247 0.0958
vn 0.5574 0.8246 0.0964
vn -0.7714 0.1867 0.6083
vn -0.7132 -0.0549 0.6989
vn -0.7131 -0.0551 0.6989
vn -0.7715 0.1873 0.6080
vn -0.8356 0.5410 0.0957
vn -0.8355 0.5409 0.0962
vn -0.5573 -0.8247 0.0962
vn -0.5573 -0.8247 0.0961
vn 0.1556 -0.7648 0.6252
vn 0.1830 -0.8996 0.3966
vn -0.6370 -0.4732 0.6085
vn -0.6369 -0.4738 0.6082
vn -0.6782 -0.2276 0.6988
vn -0.6782 -0.2274 0.6988
vn 0.8351 -0.5417 0.0961
vn 0.8351 -0.5417 0.0960
vn 0.1556 -0.7647 0.6253
vn 0.1830 -0.8995 0.3967
vn 0.7708 -0.1871 0.6089
vn 0.7709 -0.1877 0.6086
vn 0.7126 0.0549 0.6995
vn 0.7125 0.0551 0.6995
vn -0.9014 0.4330 -0.0000
vn 0.6601 0.7512 -0.0000
vn -0.6599 -0.7513 -0.0000
vn 0.9012 -0.4333 -0.0000
vn 0.5515 0.8342 -0.0000
vn 0.5530 0.8332 -0.0000
vn 0.5929 0.8053 -0.0000
vn -0.6929 -0.1399 -0.7073
vn 0.6932 0.1408 -0.7069
vn -0.5927 -0.8054 -0.0000
vn -0.5520 -0.8338 -0.0000
vn 0.8338 -0.5520 -0.0000
vn -0.8266 -0.1683 0.5370
vn 0.8265 0.1690 0.5370
vn 0.8338 -0.5521 -0.0000
vn -0.8339 0.5519 -0.0000
vn 0.1440 -0.7113 0.6880
vn 0.3483 -0.6543 0.6713
vn 0.3214 -0.6639 0.6752
vn -0.1444 0.7097 0.6895
vn -0.3482 0.6535 0.6721
vn -0.3214 0.6630 0.6761
vn 0.8603 -0.5098 -0.0000
vn 0.7367 0.1499 -0.6594
vn -0.5244 -0.1064 -0.8448
vn 0.5245 0.1064 -0.8447
vn -0.8599 0.5104 -0.0000
vn 0.0658 0.7366 0.6731
vn 0.0375 0.7346 0.6775
vn -0.1409 0.6938 -0.7062
vn -0.0668 -0.7360 0.6737
vn -0.0383 -0.7344 0.6776
vn 0.1408 -0.6934 -0.7067
vn 0.1408 -0.6934 -0.7066
vn -0.1423 0.6937 -0.7060
vn 0.1418 -0.6951 -0.7048
vn 0.5912 0.8065 0.0051
vn -0.5923 -0.8057 0.0050
vn 0.1416 -0.6950 -0.7050
vn 0.1416 -0.6950 -0.7049
vn 0.8601 -0.5101 0.0050
vn -0.1418 0.6942 -0.7057
vn -0.1420 0.6931 -0.7067
vn -0.5249 -0.1067 -0.8444
vn 0.5245 0.1056 -0.8448
vn -0.8596 0.5109 0.0051
vn -0.1422 0.6985 -0.7014
vn -0.0515 0.7136 -0.6987
vn 0.1420 -0.6979 -0.7019
vn 0.2316 -0.6769 -0.6987
vn 0.1420 -0.6980 -0.7019
vn 0.7368 0.1499 -0.6593
vn -0.7365 -0.1499 -0.6597
vn -0.7368 -0.1495 -0.6594
vn 0.1416 -0.6949 -0.7050
vn -0.1416 0.6952 -0.7047
vn -0.2316 0.6775 -0.6981
vn 0.0513 -0.7130 -0.6992
vn 0.7075 0.7067 -0.0000
vn 0.7078 0.7064 -0.0000
vn -0.7075 0.7067 -0.0000
vn -0.7073 0.7069 -0.0000
vn -0.7380 0.6748 -0.0000
vn 0.7071 -0.0000 0.7071
vn 0.7394 -0.6733 -0.0000
vn -0.7078 0.7064 -0.0000
vn 0.7895 -0.0000 -0.6138
vn -0.7894 -0.0000 -0.6139
vn 0.7073 0.7069 -0.0000
vn -0.0000 -0.7123 -0.7019
vn -0.1172 -0.7074 -0.6970
vn -0.1081 -0.7081 -0.6977
vn -0.0000 0.7123 -0.7019
vn 0.1172 0.7074 -0.6970
vn 0.1081 0.7081 -0.6977
vn -0.7394 -0.6733 -0.0000
vn -0.7316 -0.0000 0.6818
vn 0.5645 -0.0000 0.8255
vn -0.5640 -0.0000 0.8258
vn 0.7380 0.6748 -0.0000
vn -0.1753 -0.7013 -0.6909
vn -0.1753 0.7013 -0.6909
vn -0.1172 0.7074 -0.6970
vn -0.1081 0.7081 -0.6977
vn 0.1753 0.7013 -0.6909
vn 0.1753 -0.7013 -0.6909
vn 0.1172 -0.7074 -0.6970
vn 0.1081 -0.7081 -0.6977
vn -0.0000 -0.7088 0.7054
vn 0.0001 0.7070 0.7073
vn -0.7392 0.6735 -0.0047
vn 0.7392 -0.6735 -0.0047
vn -0.0000 -0.7084 0.7058
vn -0.7392 -0.6735 -0.0047
vn 0.5660 -0.0000 0.8244
vn -0.5659 -0.0000 0.8245
vn 0.7392 0.6735 -0.0047
vn -0.0503 0.7097 0.7027
vn 0.0001 -0.7095 0.7047
vn -0.0503 -0.7096 0.7028
vn 0.7323 -0.0000 0.6810
vn 0.7318 -0.0000 0.6815
vn -0.0000 -0.7105 0.7037
vn 0.0503 0.7097 0.7027
vn 0.0505 -0.7075 0.7049
vn -0.7443 0.6678 -0.0000
vn 0.7425 -0.6698 -0.0000
vn 0.8232 -0.0000 -0.5677
vn -0.8235 -0.0000 -0.5673
vn -0.0000 -0.7194 -0.6945
vn -0.1743 -0.7100 -0.6823
vn -0.1548 -0.7120 -0.6849
vn -0.0000 0.7194 -0.6945
vn 0.1750 0.7099 -0.6822
vn 0.1554 0.7119 -0.6848
vn -0.7425 -0.6698 -0.0000
vn -0.7431 -0.0000 0.6692
vn 0.5121 -0.0000 0.8589
vn -0.5113 -0.0000 0.8594
vn 0.7443 0.6678 -0.0000
vn -0.1750 0.7099 -0.6822
vn -0.1554 0.7119 -0.6848
vn 0.1743 -0.7100 -0.6823
vn 0.1548 -0.7120 -0.6849
vn -0.7424 0.6700 -0.0054
vn 0.7423 -0.6700 -0.0054
vn -0.0000 -0.7098 0.7044
vn -0.7423 -0.6700 -0.0054
vn 0.5133 -0.0000 0.8582
vn -0.5133 -0.0000 0.8582
vn 0.7424 0.6700 -0.0054
vn -0.0000 0.7127 0.7015
vn -0.0752 0.7107 0.6995
vn -0.0000 -0.7130 0.7011
vn -0.0752 -0.7110 0.6991
vn 0.7431 -0.0000 0.6692
vn 0.0752 0.7107 0.6995
vn 0.0752 -0.7110 0.6991
vn 0.1283 -0.9917 -0.0000
vn -0.0949 0.9693 0.2267
vn -0.0897 0.8970 0.4329
vn -0.0895 0.8969 -0.4331
vn -0.0948 0.9693 -0.2268
vn 0.4523 -0.8650 -0.2175
vn 0.4378 -0.8974 -0.0553
vn 0.4378 -0.8974 -0.0552
vn 0.4522 -0.8650 -0.2172
vn -0.8933 -0.4458 -0.0563
vn -0.8840 -0.4118 -0.2212
vn -0.8840 -0.4119 -0.2209
vn -0.8933 -0.4458 -0.0566
vn 0.4838 -0.7719 -0.4125
vn 0.4838 -0.7720 -0.4122
vn -0.8495 -0.3178 -0.4211
vn -0.8496 -0.3179 -0.4209
vn 0.5356 -0.6260 -0.5667
vn 0.5361 -0.6247 -0.5677
vn -0.7965 -0.1699 -0.5803
vn -0.7960 -0.1685 -0.5814
vn 0.6011 -0.4397 -0.6673
vn 0.6007 -0.4410 -0.6668
vn -0.7256 0.0187 -0.6878
vn -0.7261 0.0174 -0.6873
vn 0.6505 -0.2872 -0.7031
vn 0.6507 -0.2867 -0.7031
vn -0.6624 0.1710 -0.7293
vn -0.6622 0.1715 -0.7294
vn -0.8843 -0.4114 0.2210
vn -0.8934 -0.4456 0.0563
vn -0.8934 -0.4456 0.0566
vn 0.4379 -0.8973 0.0551
vn 0.4530 -0.8650 0.2158
vn -0.8495 -0.3177 0.4212
vn 0.4854 -0.7709 0.4125
vn 0.4854 -0.7708 0.4126
vn -0.7955 -0.1700 0.5816
vn 0.5359 -0.6245 0.5681
vn 0.5359 -0.6248 0.5679
vn -0.7265 0.0173 0.6870
vn -0.7264 0.0174 0.6870
vn 0.6013 -0.4406 0.6666
vn 0.6013 -0.4405 0.6666
vn -0.6625 0.1704 0.7295
vn -0.6624 0.1705 0.7295
vn 0.6506 -0.2860 0.7035
vn 0.9608 -0.1675 -0.2212
vn 0.9786 -0.1978 -0.0563
vn 0.9608 -0.1675 -0.2209
vn -0.1889 -0.9804 -0.0556
vn -0.2112 -0.9528 -0.2182
vn -0.2110 -0.9530 -0.2173
vn -0.1889 -0.9804 -0.0559
vn 0.9025 -0.0853 -0.4222
vn 0.9022 -0.0850 -0.4228
vn -0.2665 -0.8709 -0.4130
vn -0.2667 -0.8705 -0.4136
vn 0.8112 0.0435 -0.5831
vn 0.8108 0.0441 -0.5837
vn -0.3555 -0.7430 -0.5671
vn -0.3560 -0.7422 -0.5678
vn 0.6942 0.2041 -0.6903
vn 0.6948 0.2032 -0.6899
vn -0.4673 -0.5798 -0.6674
vn -0.4666 -0.5808 -0.6670
vn 0.5942 0.3349 -0.7313
vn 0.5939 0.3353 -0.7313
vn -0.5542 -0.4452 -0.7033
vn -0.5545 -0.4448 -0.7034
vn -0.2122 -0.9527 0.2177
vn -0.1896 -0.9803 0.0555
vn -0.1897 -0.9803 0.0559
vn -0.2121 -0.9528 0.2172
vn 0.9786 -0.1978 0.0561
vn 0.9608 -0.1678 0.2208
vn 0.9786 -0.1979 0.0560
vn -0.2678 -0.8713 0.4113
vn -0.2682 -0.8707 0.4122
vn 0.9033 -0.0866 0.4202
vn 0.9030 -0.0862 0.4209
vn -0.3561 -0.7422 0.5677
vn -0.3559 -0.7426 0.5673
vn 0.8130 0.0424 0.5807
vn 0.8133 0.0420 0.5804
vn -0.4656 -0.5797 0.6688
vn -0.4657 -0.5795 0.6688
vn 0.6986 0.2062 0.6852
vn -0.5551 -0.4453 0.7025
vn -0.5552 -0.4452 0.7025
vn 0.5986 0.3395 0.7256
vn 0.5987 0.3394 0.7256
vn -0.6387 0.2224 0.7366
vn -0.6410 0.2238 -0.7342
vn 0.6666 -0.2329 0.7081
vn 0.6679 -0.2330 -0.7069
vn -0.5867 -0.4000 0.7041
vn -0.5843 -0.3996 -0.7064
vn -0.9188 -0.3947 -0.0000
vn 0.2473 0.7238 0.6441
vn -0.1692 0.9856 -0.0000
vn -0.6302 0.2200 -0.7446
vn -0.2889 -0.6425 -0.7097
vn -0.4883 0.6207 -0.6134
vn 0.6801 -0.1942 -0.7070
vn 0.4228 -0.9062 -0.0000
vn 0.1415 0.9899 -0.0000
vn 0.6801 -0.1935 0.7071
vn -0.2884 -0.6442 0.7084
vn -0.4876 0.6198 0.6149
vn -0.6302 0.2203 0.7445
vn 0.2475 0.7232 -0.6448
vn 0.1464 -0.9892 -0.0000
vn -0.4356 0.9001 -0.0000
vn 0.9908 -0.1350 -0.0000
vn 0.4446 -0.5517 -0.7057
vn 0.4462 -0.5513 0.7050
vn -0.1654 -0.9862 -0.0000
vn 0.5374 0.3792 -0.7533
vn -0.5966 -0.3780 -0.7080
vn 0.5378 0.3775 0.7538
vn -0.5963 -0.3792 0.7076
vn 0.6201 -0.7845 -0.0000
vn 0.9190 -0.3942 -0.0000
vn 0.8083 0.5888 -0.0000
vn 0.5040 -0.4976 0.7060
vn 0.0063 -1.0000 -0.0000
vn 0.6987 -0.1014 -0.7081
vn 0.6962 -0.1071 -0.7098
vn 0.6984 -0.1012 0.7085
vn 0.6986 -0.1032 0.7081
vn 0.6998 -0.1037 -0.7068
vn 0.6980 -0.1074 0.7080
vn 0.5037 -0.4985 -0.7056
vn 0.8119 -0.5838 -0.0000
vn 0.9514 -0.3079 -0.0000
vn -0.5919 0.8060 -0.0000
vn -0.4956 0.5041 0.7073
vn -1.0000 0.0025 -0.0000
vn -0.6978 0.1009 -0.7091
vn -0.6969 0.1070 -0.7092
vn -0.6975 0.1010 0.7094
vn -0.6978 0.1011 0.7091
vn -0.6978 0.1012 0.7091
vn -0.6981 0.1012 -0.7088
vn -0.6987 0.1074 0.7073
vn -0.4956 0.5041 -0.7073
vn -0.9513 0.3083 -0.0000
vn -0.8057 0.5923 -0.0000
vn 0.1074 0.6983 0.7077
vn -0.4978 -0.5042 0.7056
vn 0.1075 0.6981 -0.7079
vn -0.4982 -0.5061 -0.7040
vn -0.0000 1.0000 -0.0000
vn 1.0000 -0.0000 -0.0000
vn 0.3985 -0.0000 -0.9172
vn 0.2624 -0.0000 -0.9650
vn -1.0000 -0.0000 -0.0000
vn -0.2624 -0.0000 -0.9650
vn -0.3985 -0.0000 -0.9172
vn -0.0000 -0.0000 1.0000
vn -0.0000 -1.0000 -0.0000
vn -0.0000 -0.0000 -1.0000
vn 0.1217 -0.0000 0.9926
vn -0.1217 -0.0000 0.9926
vn -0.0000 1.0000 -0.0070
vn 0.0004 1.0000 -0.0070
vn -0.0004 -1.0000 -0.0070
vn -0.0000 -1.0000 -0.0070
vn 0.0004 -1.0000 -0.0070
vn -0.0004 1.0000 -0.0070
vn 0.0071 -0.0000 -1.0000
vn -0.8828 -0.4697 -0.0062
vn -0.9497 -0.3131 -0.0067
vn -0.9497 0.3131 -0.0067
vn -0.8828 0.4697 -0.0062
vn 1.0000 -0.0000 0.0071
vn -0.0071 -0.0000 1.0000
vn -1.0000 -0.0000 -0.0071
vn 0.9889 -0.1485 0.0070
vn 0.9889 0.1485 0.0070
vn 0.0005 -0.0000 -1.0000
vn 0.0005 -0.0005 -1.0000
vn -0.0136 0.0005 0.9999
vn -0.0136 -0.0000 0.9999
vn -0.0136 -0.0005 0.9999
vn 0.0005 0.0005 -1.0000
vn -0.9745 -0.0000 0.2245
vn 0.2157 -0.2779 0.9361
vn 0.2208 -0.1802 0.9585
vn 0.2208 0.1802 0.9585
vn 0.2157 0.2779 0.9361
vn -0.2245 -0.0000 -0.9745
vn 0.9745 -0.0000 -0.2245
vn 0.2245 -0.0000 0.9745
vn -0.2238 -0.0814 -0.9712
vn -0.2238 0.0814 -0.9712
vn -0.9731 -0.0000 0.2304
vn -0.9731 -0.0002 0.2304
vn 0.9758 0.0002 -0.2187
vn 0.9758 -0.0000 -0.2187
vn 0.9758 -0.0002 -0.2187
vn -0.9731 0.0002 0.2304
vn 0.2059 -0.3985 0.8937
vn 0.2167 -0.2624 0.9403
vn 0.2167 0.2624 0.9403
vn 0.2059 0.3985 0.8937
vn -0.2228 -0.1217 -0.9672
vn -0.2229 0.1217 -0.9672
vn -0.2229 -0.1217 -0.9672
vn -0.9729 -0.0000 0.2313
vn -0.9729 -0.0004 0.2313
vn 0.9760 0.0004 -0.2177
vn 0.9760 -0.0000 -0.2177
vn 0.9760 -0.0004 -0.2177
vn -0.9729 0.0004 0.2313
vn -0.9809 -0.0000 0.1948
vn 0.1719 -0.4697 0.8659
vn 0.1850 -0.3131 0.9315
vn 0.1850 0.3131 0.9315
vn 0.1719 0.4697 0.8659
vn -0.9808 -0.0000 0.1948
vn -0.1948 -0.0000 -0.9809
vn 0.9809 -0.0000 -0.1948
vn 0.1948 -0.0000 0.9809
vn -0.1926 -0.1485 -0.9700
vn -0.1926 0.1485 -0.9700
vn -0.9796 -0.0000 0.2012
vn -0.9796 -0.0005 0.2012
vn 0.9821 0.0005 -0.1883
vn 0.9821 -0.0000 -0.1883
vn 0.9821 -0.0005 -0.1883
vn -0.9796 0.0005 0.2012
vn 0.1871 0.2779 0.9422
vn 0.1916 0.1802 0.9648
vn 0.1916 -0.1802 0.9648
vn 0.1871 -0.2779 0.9422
vn 0.9808 -0.0000 -0.1948
vn -0.1941 0.0814 -0.9776
vn -0.1941 -0.0814 -0.9776
vn 0.9820 -0.0000 -0.1889
vn 0.9820 0.0002 -0.1889
vn -0.9797 -0.0002 0.2007
vn -0.9797 -0.0000 0.2007
vn -0.9797 0.0002 0.2007
vn 0.9820 -0.0002 -0.1889
vn 0.1886 -0.2504 0.9496
vn 0.1922 -0.1620 0.9679
vn 0.1922 0.1620 0.9679
vn 0.1886 0.2504 0.9496
vn -0.9809 -0.0000 0.1947
vn -0.1942 -0.0728 -0.9782
vn -0.1942 0.0728 -0.9782
vn -0.9795 -0.0000 0.2016
vn -0.9795 -0.0003 0.2016
vn 0.9822 0.0003 -0.1879
vn 0.9822 -0.0000 -0.1879
vn 0.9822 -0.0003 -0.1879
vn -0.9795 0.0003 0.2016
vn 0.9995 -0.0000 0.0330
vn 0.0292 -0.4697 -0.8823
vn 0.0314 -0.3131 -0.9492
vn 0.0314 0.3131 -0.9492
vn 0.0292 0.4697 -0.8823
vn -0.0330 -0.0000 0.9995
vn -0.9995 -0.0000 -0.0330
vn 0.0330 -0.0000 -0.9995
vn -0.0327 -0.1485 0.9884
vn -0.0327 0.1485 0.9884
vn 0.9996 -0.0000 0.0265
vn 0.9996 -0.0005 0.0265
vn -0.9992 0.0005 -0.0396
vn -0.9992 -0.0000 -0.0396
vn -0.9992 -0.0005 -0.0396
vn 0.9996 0.0005 0.0265
vn 0.0317 0.2779 -0.9601
vn 0.0325 0.1802 -0.9831
vn 0.0325 -0.1802 -0.9831
vn 0.0317 -0.2779 -0.9601
vn -0.0329 0.0814 0.9961
vn -0.0329 -0.0814 0.9961
vn -0.9992 -0.0000 -0.0391
vn -0.9992 0.0002 -0.0391
vn 0.9996 -0.0002 0.0270
vn 0.9996 -0.0000 0.0270
vn 0.9996 0.0002 0.0270
vn -0.9992 -0.0002 -0.0391
vn 0.0320 -0.2504 -0.9676
vn 0.0326 -0.1620 -0.9863
vn 0.0326 0.1620 -0.9863
vn 0.0320 0.2504 -0.9676
vn -0.0330 -0.0728 0.9968
vn -0.0330 0.0728 0.9968
vn 0.9997 -0.0000 0.0260
vn 0.9997 -0.0003 0.0260
vn -0.9992 0.0003 -0.0400
vn -0.9992 -0.0000 -0.0400
vn -0.9992 -0.0003 -0.0400
vn 0.9997 0.0003 0.0260
vn 0.9998 -0.0000 -0.0191
vn -0.0169 -0.4697 -0.8826
vn -0.0181 -0.3131 -0.9495
vn -0.0181 0.3131 -0.9495
vn -0.0169 0.4697 -0.8826
vn 0.0191 -0.0000 0.9998
vn -0.9998 -0.0000 0.0191
vn -0.0191 -0.0000 -0.9998
vn 0.0189 -0.1485 0.9887
vn 0.0189 0.1485 0.9887
vn 0.9997 -0.0000 -0.0257
vn 0.9997 -0.0005 -0.0257
vn -0.9999 0.0005 0.0126
vn -0.9999 -0.0000 0.0126
vn -0.9999 -0.0005 0.0126
vn 0.9997 0.0005 -0.0257
vn -0.9888 -0.0000 0.1495
vn -0.9888 -0.0000 0.1496
vn 0.1372 -0.3985 0.9068
vn 0.1443 -0.2624 0.9541
vn 0.1443 0.2624 0.9541
vn 0.1372 0.3985 0.9068
vn -0.1496 -0.0000 -0.9887
vn -0.9887 -0.0000 0.1496
vn 0.9887 -0.0000 -0.1496
vn 0.9888 -0.0000 -0.1496
vn 0.1496 -0.0000 0.9887
vn -0.1485 -0.1217 -0.9814
vn -0.1496 -0.0000 -0.9888
vn -0.1485 0.1217 -0.9814
vn -0.9877 -0.0000 0.1565
vn -0.9877 -0.0004 0.1565
vn 0.9898 0.0004 -0.1427
vn 0.9898 -0.0000 -0.1427
vn 0.9898 -0.0004 -0.1427
vn -0.9877 0.0004 0.1565
vn 0.9533 -0.0000 0.3020
vn 0.2666 -0.4697 -0.8416
vn 0.2868 -0.3131 -0.9054
vn 0.2868 0.3131 -0.9054
vn 0.2666 0.4697 -0.8416
vn -0.3020 -0.0000 0.9533
vn -0.9533 -0.0000 -0.3020
vn 0.3020 -0.0000 -0.9533
vn -0.2986 -0.1485 0.9427
vn -0.2986 0.1485 0.9427
vn 0.9553 -0.0000 0.2957
vn 0.9553 -0.0005 0.2957
vn -0.9513 0.0005 -0.3082
vn -0.9513 -0.0000 -0.3082
vn -0.9513 -0.0005 -0.3082
vn 0.9553 0.0005 0.2957
vn -0.9881 -0.0000 -0.1539
vn 0.1465 0.3069 -0.9404
vn 0.1508 0.1997 -0.9682
vn 0.1508 -0.1997 -0.9682
vn 0.1465 -0.3069 -0.9404
vn -0.1539 -0.0000 0.9881
vn 0.9881 -0.0000 0.1539
vn 0.1539 -0.0000 -0.9881
vn -0.1533 0.0906 0.9840
vn -0.1533 -0.0906 0.9840
vn -0.9871 -0.0000 -0.1599
vn -0.9871 0.0003 -0.1599
vn 0.9890 -0.0003 0.1480
vn 0.9890 -0.0000 0.1480
vn 0.9890 0.0003 0.1480
vn -0.9871 -0.0003 -0.1599
vn 0.9995 -0.0000 0.0321
vn 0.0311 -0.2504 -0.9676
vn 0.0317 -0.1620 -0.9863
vn 0.0317 0.1620 -0.9863
vn 0.0311 0.2504 -0.9676
vn -0.0321 -0.0000 0.9995
vn -0.9995 -0.0000 -0.0321
vn 0.0321 -0.0000 -0.9995
vn -0.0320 -0.0728 0.9968
vn -0.0320 0.0728 0.9968
vn 0.9997 -0.0000 0.0251
vn 0.9997 -0.0003 0.0251
vn -0.9992 0.0003 -0.0391
vn -0.9992 -0.0003 -0.0391
vn 0.9997 0.0003 0.0251
vn -0.1993 0.9799 -0.0000
vn 0.9799 0.1993 -0.0000
vn 0.2723 0.0554 -0.9606
vn 0.1766 0.0359 -0.9836
vn -0.9799 -0.1993 -0.0000
vn -0.1766 -0.0359 -0.9836
vn -0.2723 -0.0554 -0.9606
vn 0.1993 -0.9799 -0.0000
vn 0.1979 -0.9728 0.1205
vn -0.1979 0.9728 0.1205
vn 0.0797 0.0162 0.9967
vn -0.0797 -0.0162 0.9967
vn -0.1993 0.9799 -0.0060
vn -0.1991 0.9800 -0.0060
vn 0.1991 -0.9800 -0.0060
vn 0.1993 -0.9799 -0.0060
vn 0.1996 -0.9799 -0.0060
vn -0.1996 0.9799 -0.0060
vn -0.1756 0.8634 0.4729
vn -0.0282 0.1384 0.9900
vn 0.0282 -0.1384 0.9900
vn 0.1756 -0.8634 0.4729
vn -0.4603 -0.0936 0.8828
vn -0.3068 -0.0624 0.9497
vn 0.3068 0.0624 0.9497
vn 0.4603 0.0936 0.8828
vn -0.1455 -0.0296 -0.9889
vn 0.1455 0.0296 -0.9889
vn -0.1993 0.9799 0.0065
vn -0.1998 0.9798 0.0065
vn 0.1998 -0.9798 0.0065
vn 0.1993 -0.9799 0.0065
vn 0.1988 -0.9800 0.0065
vn -0.1988 0.9800 0.0065
vn -0.2779 -0.0000 0.9606
vn -0.1802 -0.0000 0.9836
vn 0.1802 -0.0000 0.9836
vn 0.2779 -0.0000 0.9606
vn -0.0814 -0.0000 -0.9967
vn 0.0814 -0.0000 -0.9967
vn -0.0000 1.0000 0.0060
vn -0.0002 1.0000 0.0060
vn 0.0002 -1.0000 0.0060
vn -0.0000 -1.0000 0.0060
vn -0.0002 -1.0000 0.0060
vn 0.0002 1.0000 0.0060
vn -0.3985 -0.0000 0.9172
vn -0.2624 -0.0000 0.9650
vn 0.2624 -0.0000 0.9650
vn 0.3985 -0.0000 0.9172
vn -0.1217 -0.0000 -0.9926
vn 0.1217 -0.0000 -0.9926
vn -0.0000 1.0000 0.0070
vn -0.0004 1.0000 0.0070
vn 0.0004 -1.0000 0.0070
vn -0.0000 -1.0000 0.0070
vn -0.0004 -1.0000 0.0070
vn 0.0004 1.0000 0.0070
vn 0.1631 0.9866 -0.0000
vn 0.9866 -0.1631 -0.0000
vn 0.3932 -0.0650 -0.9172
vn 0.2589 -0.0428 -0.9650
vn -0.9866 0.1631 -0.0000
vn -0.2589 0.0428 -0.9650
vn -0.3932 0.0650 -0.9172
vn -0.1631 -0.9866 -0.0000
vn 0.1201 -0.0198 0.9926
vn -0.1201 0.0199 0.9926
vn -0.1201 0.0198 0.9926
vn 0.1631 0.9866 -0.0070
vn 0.1635 0.9865 -0.0070
vn -0.1635 -0.9865 -0.0070
vn -0.1631 -0.9866 -0.0070
vn -0.1626 -0.9867 -0.0070
vn 0.1626 0.9867 -0.0070
vn 0.2779 -0.0000 -0.9606
vn 0.1802 -0.0000 -0.9836
vn -0.1802 -0.0000 -0.9836
vn -0.2779 -0.0000 -0.9606
vn 0.0814 -0.0000 0.9967
vn -0.0814 -0.0000 0.9967
vn -0.0000 1.0000 -0.0060
vn 0.0002 1.0000 -0.0060
vn -0.0002 -1.0000 -0.0060
vn -0.0000 -1.0000 -0.0060
vn 0.0002 -1.0000 -0.0060
vn -0.0002 1.0000 -0.0060
vn -0.0000 1.0000 -0.0075
vn 0.0005 1.0000 -0.0075
vn -0.0005 -1.0000 -0.0075
vn -0.0000 -1.0000 -0.0075
vn 0.0005 -1.0000 -0.0075
vn -0.0005 1.0000 -0.0075
vn -0.8484 0.5293 -0.0000
vn 0.5293 0.8485 -0.0000
vn 0.1828 0.2930 -0.9385
vn -0.5293 -0.8485 -0.0000
vn -0.1828 -0.2930 -0.9385
vn -0.8485 0.5293 -0.0000
vn 0.8485 -0.5293 -0.0000
vn 0.8484 -0.5293 -0.0000
vn -0.5293 -0.8484 -0.0000
vn 0.5293 0.8484 -0.0000
vn 0.0881 0.1412 0.9860
vn -0.0881 -0.1413 0.9860
vn -0.0881 -0.1412 0.9860
vn -0.8484 0.5293 -0.0053
vn -0.8482 0.5297 -0.0053
vn 0.8482 -0.5297 -0.0053
vn 0.8484 -0.5293 -0.0053
vn 0.8487 -0.5289 -0.0053
vn -0.8487 0.5289 -0.0053
vn -0.3919 -0.0000 0.9200
vn 0.8438 -0.3985 0.3595
vn 0.8878 -0.2624 0.3782
vn 0.8878 0.2624 0.3782
vn 0.8438 0.3985 0.3595
vn -0.9200 -0.0000 -0.3919
vn 0.3919 -0.0000 -0.9200
vn 0.9200 -0.0000 0.3919
vn -0.9132 -0.1217 -0.3890
vn -0.9132 0.1217 -0.3890
vn -0.3855 -0.0000 0.9227
vn -0.3855 -0.0004 0.9227
vn 0.3984 0.0004 -0.9172
vn 0.3984 -0.0000 -0.9172
vn 0.3984 -0.0004 -0.9172
vn -0.3855 0.0004 0.9227
vn 0.7576 -0.0000 -0.6527
vn -0.5762 -0.4697 -0.6688
vn -0.6199 -0.3131 -0.7195
vn -0.6199 0.3131 -0.7195
vn -0.5762 0.4697 -0.6688
vn 0.6527 -0.0000 0.7576
vn -0.7576 -0.0000 0.6527
vn -0.6527 -0.0000 -0.7576
vn 0.6455 -0.1485 0.7492
vn 0.6455 0.1485 0.7492
vn 0.7533 -0.0000 -0.6577
vn 0.7533 -0.0005 -0.6577
vn -0.7619 0.0005 0.6477
vn -0.7619 -0.0000 0.6477
vn -0.7619 -0.0005 0.6477
vn 0.7533 0.0005 -0.6577
vn -0.6499 -0.0000 0.7601
vn -0.7234 0.3069 -0.6185
vn -0.7447 0.1997 -0.6368
vn -0.7447 -0.1997 -0.6368
vn -0.7234 -0.3069 -0.6185
vn 0.7601 -0.0000 0.6499
vn 0.6499 -0.0000 -0.7601
vn -0.7601 -0.0000 -0.6499
vn 0.7569 0.0906 0.6472
vn 0.7600 -0.0000 0.6499
vn 0.7569 -0.0906 0.6472
vn -0.6544 -0.0000 0.7561
vn -0.6544 0.0003 0.7561
vn 0.6453 -0.0003 -0.7639
vn 0.6453 -0.0000 -0.7639
vn 0.6453 0.0003 -0.7639
vn -0.6544 -0.0003 0.7561
vn 0.5522 -0.0000 -0.8337
vn -0.8071 -0.2504 -0.5346
vn -0.8227 -0.1620 -0.5449
vn -0.8227 0.1620 -0.5449
vn -0.8071 0.2504 -0.5346
vn 0.8337 -0.0000 0.5522
vn -0.5522 -0.0000 0.8337
vn -0.8337 -0.0000 -0.5522
vn 0.8315 -0.0728 0.5507
vn 0.8315 0.0728 0.5507
vn 0.5464 -0.0000 -0.8376
vn 0.5464 -0.0003 -0.8376
vn -0.5580 0.0003 0.8298
vn -0.5580 -0.0000 0.8298
vn -0.5580 -0.0003 0.8298
vn 0.5464 0.0003 -0.8376
vn 0.1993 0.9799 -0.0000
vn -0.9799 0.1993 -0.0000
vn -0.2723 0.0554 0.9606
vn -0.1766 0.0359 0.9836
vn 0.9799 -0.1993 -0.0000
vn 0.1766 -0.0359 0.9836
vn 0.2723 -0.0554 0.9606
vn -0.1993 -0.9799 -0.0000
vn -0.1979 -0.9728 -0.1205
vn 0.1979 0.9728 -0.1205
vn -0.0797 0.0162 -0.9967
vn 0.0797 -0.0162 -0.9967
vn 0.1993 0.9799 0.0060
vn 0.1991 0.9800 0.0060
vn -0.1991 -0.9800 0.0060
vn -0.1993 -0.9799 0.0060
vn -0.1996 -0.9799 0.0060
vn 0.1996 0.9799 0.0060
vn 0.1756 0.8634 -0.4729
vn 0.0282 0.1384 -0.9900
vn -0.0282 -0.1385 -0.9900
vn -0.1756 -0.8634 -0.4729
vn -0.9799 0.1994 -0.0000
vn 0.9799 -0.1994 -0.0000
vn -0.9799 0.1994 0.0001
vn 0.4603 -0.0936 -0.8828
vn 0.3068 -0.0624 -0.9497
vn -0.3068 0.0624 -0.9497
vn -0.4603 0.0936 -0.8828
vn 0.1455 -0.0296 0.9889
vn -0.1455 0.0296 0.9889
vn 0.1993 0.9799 -0.0065
vn 0.1998 0.9798 -0.0065
vn -0.1998 -0.9798 -0.0065
vn -0.1993 -0.9799 -0.0065
vn -0.1988 -0.9800 -0.0065
vn 0.1988 0.9800 -0.0065
vn 0.9799 0.1994 -0.0000
vn -0.2117 0.9773 -0.0000
vn 0.9773 0.2117 -0.0000
vn 0.4591 0.0994 -0.8828
vn 0.3060 0.0663 -0.9497
vn -0.9773 -0.2117 -0.0000
vn -0.3060 -0.0663 -0.9497
vn -0.4591 -0.0994 -0.8828
vn 0.2117 -0.9773 -0.0000
vn 0.1451 0.0314 0.9889
vn -0.1451 -0.0314 0.9889
vn -0.2117 0.9773 -0.0065
vn -0.2112 0.9774 -0.0065
vn 0.2112 -0.9774 -0.0065
vn 0.2117 -0.9773 -0.0065
vn 0.2122 -0.9772 -0.0065
vn -0.2122 0.9772 -0.0065
vn -0.1631 0.9866 -0.0000
vn -0.9866 -0.1631 -0.0000
vn -0.3932 -0.0650 0.9172
vn -0.2589 -0.0428 0.9650
vn 0.9866 0.1631 -0.0000
vn 0.2589 0.0428 0.9650
vn 0.3932 0.0650 0.9172
vn 0.1631 -0.9866 -0.0000
vn -0.1201 -0.0199 -0.9926
vn 0.1201 0.0198 -0.9926
vn -0.1201 -0.0198 -0.9926
vn -0.1631 0.9866 0.0070
vn -0.1635 0.9865 0.0070
vn 0.1635 -0.9865 0.0070
vn 0.1631 -0.9866 0.0070
vn 0.1626 -0.9867 0.0070
vn -0.1626 0.9867 0.0070
vn -0.0000 1.0000 0.0075
vn -0.0005 1.0000 0.0075
vn 0.0005 -1.0000 0.0075
vn -0.0000 -1.0000 0.0075
vn -0.0005 -1.0000 0.0075
vn 0.0005 1.0000 0.0075
vn -0.0000 0.9799 -0.1993
vn -0.0000 0.1993 0.9799
vn 0.9606 0.0554 0.2723
vn 0.9836 0.0359 0.1766
vn -0.0000 -0.1993 -0.9799
vn 0.9836 -0.0359 -0.1766
vn 0.9606 -0.0554 -0.2723
vn -0.0000 -0.9799 0.1993
vn -0.1205 -0.9728 0.1979
vn -0.1205 0.9728 -0.1979
vn -0.9967 0.0162 0.0797
vn -0.9967 -0.0162 -0.0797
vn -0.0000 -0.1994 -0.9799
vn 0.0060 0.9799 -0.1993
vn 0.0060 0.9800 -0.1991
vn 0.0060 -0.9800 0.1991
vn 0.0060 -0.9799 0.1993
vn 0.0060 -0.9799 0.1996
vn 0.0060 0.9799 -0.1996
vn -0.4729 0.8634 -0.1756
vn -0.9900 0.1384 -0.0282
vn -0.9900 -0.1384 0.0282
vn -0.4729 -0.8634 0.1756
vn -0.8828 -0.0936 -0.4603
vn -0.9497 -0.0624 -0.3068
vn -0.9497 0.0624 0.3068
vn -0.8828 0.0936 0.4603
vn 0.9889 -0.0296 -0.1455
vn 0.9889 0.0296 0.1455
vn -0.0065 0.9799 -0.1993
vn -0.0065 0.9798 -0.1998
vn -0.0065 -0.9798 0.1998
vn -0.0065 -0.9799 0.1993
vn -0.0065 -0.9800 0.1988
vn -0.0065 0.9800 -0.1988
vn 0.9606 -0.0000 0.2779
vn 0.9836 -0.0000 0.1802
vn 0.9836 -0.0000 -0.1802
vn 0.9606 -0.0000 -0.2779
vn -0.9967 -0.0000 0.0814
vn -0.9967 -0.0000 -0.0814
vn 0.0060 1.0000 -0.0000
vn 0.0060 1.0000 0.0002
vn 0.0060 -1.0000 -0.0002
vn 0.0060 -1.0000 -0.0000
vn 0.0060 -1.0000 0.0002
vn 0.0060 1.0000 -0.0002
vn 0.9172 -0.0000 0.3985
vn 0.9650 -0.0000 0.2624
vn 0.9650 -0.0000 -0.2624
vn 0.9172 -0.0000 -0.3985
vn -0.9926 -0.0000 0.1217
vn -0.9926 -0.0000 -0.1217
vn 0.0070 1.0000 -0.0000
vn 0.0070 1.0000 0.0004
vn 0.0070 -1.0000 -0.0004
vn 0.0070 -1.0000 -0.0000
vn 0.0070 -1.0000 0.0004
vn 0.0070 1.0000 -0.0004
vn 0.9941 -0.0000 -0.1089
vn -0.1046 -0.2779 -0.9549
vn -0.1071 -0.1802 -0.9778
vn -0.1071 0.1802 -0.9778
vn -0.1046 0.2779 -0.9549
vn 0.1089 -0.0000 0.9941
vn -0.9941 -0.0000 0.1089
vn -0.1089 -0.0000 -0.9941
vn 0.1085 -0.0814 0.9908
vn 0.1085 0.0814 0.9908
vn 0.9934 -0.0000 -0.1149
vn 0.9934 -0.0002 -0.1149
vn -0.9947 0.0002 0.1029
vn -0.9947 -0.0000 0.1029
vn -0.9947 -0.0002 0.1029
vn 0.9934 0.0002 -0.1149
vn 0.0999 -0.3985 0.9117
vn 0.1051 -0.2624 0.9592
vn 0.1051 0.2624 0.9592
vn 0.0999 0.3985 0.9117
vn -0.1081 -0.1217 -0.9867
vn -0.1081 0.1217 -0.9867
vn -0.9933 -0.0000 0.1158
vn -0.9933 -0.0004 0.1158
vn 0.9948 0.0004 -0.1019
vn 0.9948 -0.0000 -0.1019
vn 0.9948 -0.0004 -0.1019
vn -0.9933 0.0004 0.1158
vn -0.9998 -0.0000 -0.0181
vn -0.0160 -0.4697 0.8827
vn -0.0172 -0.3131 0.9496
vn -0.0172 0.3131 0.9496
vn -0.0160 0.4697 0.8827
vn 0.0181 -0.0000 -0.9998
vn 0.9998 -0.0000 0.0181
vn -0.0181 -0.0000 0.9998
vn 0.0179 -0.1485 -0.9888
vn 0.0179 0.1485 -0.9888
vn -0.9999 -0.0000 -0.0116
vn -0.9999 -0.0005 -0.0116
vn 0.9997 0.0005 0.0247
vn 0.9997 -0.0000 0.0247
vn 0.9997 -0.0005 0.0247
vn -0.9999 0.0005 -0.0116
vn 0.0174 0.2779 -0.9605
vn 0.0178 0.1802 -0.9835
vn 0.0178 -0.1802 -0.9835
vn 0.0174 -0.2779 -0.9605
vn -0.0181 0.0814 0.9965
vn -0.0181 -0.0814 0.9965
vn -0.9997 -0.0000 -0.0241
vn -0.9997 0.0002 -0.0241
vn 0.9999 -0.0002 0.0121
vn 0.9999 -0.0000 0.0121
vn 0.9999 0.0002 0.0121
vn -0.9997 -0.0002 -0.0241
vn 0.0176 -0.2504 -0.9680
vn 0.0179 -0.1620 -0.9866
vn 0.0179 0.1620 -0.9866
vn 0.0176 0.2504 -0.9680
vn -0.0181 -0.0728 0.9972
vn -0.0181 0.0728 0.9972
vn 0.9999 -0.0000 0.0111
vn 0.9999 -0.0003 0.0111
vn -0.9997 0.0003 -0.0251
vn -0.9997 -0.0000 -0.0251
vn -0.9997 -0.0003 -0.0251
vn 0.9999 0.0003 0.0111
vn 0.9952 -0.0000 0.0981
vn 0.0866 -0.4697 -0.8786
vn 0.0931 -0.3131 -0.9451
vn 0.0931 0.3131 -0.9451
vn 0.0866 0.4697 -0.8786
vn -0.0981 -0.0000 0.9952
vn -0.9952 -0.0000 -0.0981
vn 0.0981 -0.0000 -0.9952
vn -0.0970 -0.1485 0.9841
vn -0.0970 0.1485 0.9841
vn 0.9958 -0.0000 0.0916
vn 0.9958 -0.0005 0.0916
vn -0.9945 0.0005 -0.1046
vn -0.9945 -0.0000 -0.1046
vn -0.9945 -0.0005 -0.1046
vn 0.9958 0.0005 0.0916
vn -0.2132 -0.0000 0.9770
vn 0.8961 -0.3985 0.1956
vn 0.9428 -0.2624 0.2058
vn 0.9428 0.2624 0.2058
vn 0.8961 0.3985 0.1956
vn -0.9770 -0.0000 -0.2132
vn 0.2132 -0.0000 -0.9770
vn 0.9770 -0.0000 0.2132
vn -0.9697 -0.1217 -0.2116
vn -0.9697 0.1217 -0.2116
vn -0.9697 -0.1217 -0.2117
vn -0.9697 0.1217 -0.2117
vn -0.2064 -0.0000 0.9785
vn -0.2064 -0.0004 0.9785
vn 0.2201 0.0004 -0.9755
vn 0.2201 -0.0000 -0.9755
vn 0.2201 -0.0004 -0.9755
vn -0.2064 0.0004 0.9785
vn 0.6224 -0.0000 -0.7827
vn -0.6910 -0.4697 -0.5494
vn -0.7434 -0.3131 -0.5911
vn -0.7434 0.3131 -0.5911
vn -0.6910 0.4697 -0.5494
vn 0.7827 -0.0000 0.6224
vn -0.6224 -0.0000 0.7827
vn -0.7827 -0.0000 -0.6224
vn 0.7740 -0.1485 0.6155
vn 0.7740 0.1485 0.6155
vn 0.6172 -0.0000 -0.7868
vn 0.6172 -0.0005 -0.7868
vn -0.6275 0.0005 0.7786
vn -0.6275 -0.0000 0.7786
vn -0.6275 -0.0005 0.7786
vn 0.6172 0.0005 -0.7868
vn -0.4965 -0.0000 0.8680
vn -0.8261 0.3069 -0.4725
vn -0.8506 0.1997 -0.4865
vn -0.8506 -0.1997 -0.4865
vn -0.8261 -0.3069 -0.4725
vn 0.8680 -0.0000 0.4965
vn 0.4965 -0.0000 -0.8680
vn -0.8680 -0.0000 -0.4965
vn 0.8645 0.0906 0.4944
vn 0.8645 -0.0906 0.4944
vn -0.5017 -0.0000 0.8650
vn -0.5017 0.0003 0.8650
vn 0.4913 -0.0003 -0.8710
vn 0.4913 -0.0000 -0.8710
vn 0.4913 0.0003 -0.8710
vn -0.5017 -0.0003 0.8650
vn 0.3868 -0.0000 -0.9222
vn -0.8928 -0.2504 -0.3745
vn -0.9100 -0.1620 -0.3817
vn -0.9100 0.1620 -0.3817
vn -0.8928 0.2504 -0.3745
vn 0.9222 -0.0000 0.3868
vn -0.3868 -0.0000 0.9222
vn -0.9222 -0.0000 -0.3868
vn 0.9197 -0.0728 0.3857
vn 0.9197 0.0728 0.3857
vn 0.9197 -0.0728 0.3858
vn 0.9197 0.0728 0.3858
vn 0.3803 -0.0000 -0.9249
vn 0.3803 -0.0003 -0.9249
vn -0.3932 0.0003 0.9194
vn -0.3932 -0.0000 0.9194
vn -0.3932 -0.0003 0.9194
vn 0.3803 0.0003 -0.9249
vn 0.2410 0.0490 -0.9693
vn 0.1559 0.0317 -0.9873
vn -0.1559 -0.0317 -0.9873
vn -0.2410 -0.0490 -0.9693
vn 0.1975 -0.9708 0.1365
vn -0.1975 0.9708 0.1365
vn 0.0700 0.0142 0.9974
vn -0.0700 -0.0142 0.9974
vn -0.0700 -0.0143 0.9974
vn -0.1993 0.9799 -0.0069
vn -0.1991 0.9800 -0.0069
vn 0.1991 -0.9800 -0.0069
vn 0.1993 -0.9799 -0.0069
vn 0.1996 -0.9799 -0.0069
vn -0.1996 0.9799 -0.0069
vn -0.0249 0.1223 0.9922
vn 0.0249 -0.1223 0.9922
vn -0.0966 0.4750 0.8747
vn 0.0966 -0.4750 0.8747
vn -0.4145 -0.0843 0.9061
vn -0.2740 -0.0557 0.9601
vn 0.2740 0.0557 0.9601
vn 0.4145 0.0843 0.9061
vn -0.1280 -0.0260 -0.9914
vn 0.1280 0.0260 -0.9914
vn -0.1993 0.9799 0.0075
vn -0.1998 0.9798 0.0075
vn 0.1998 -0.9798 0.0075
vn 0.1993 -0.9799 0.0075
vn 0.1988 -0.9800 0.0075
vn -0.1988 0.9800 0.0075
vn 0.2460 -0.0000 -0.9693
vn 0.1591 -0.0000 -0.9873
vn -0.1591 -0.0000 -0.9873
vn -0.2460 -0.0000 -0.9693
vn 0.0714 -0.0000 0.9974
vn -0.0714 -0.0000 0.9974
vn -0.0000 1.0000 -0.0069
vn 0.0002 1.0000 -0.0069
vn -0.0002 -1.0000 -0.0069
vn -0.0000 -1.0000 -0.0069
vn 0.0002 -1.0000 -0.0069
vn -0.0002 1.0000 -0.0069
vn 0.3562 -0.0000 -0.9344
vn 0.2331 -0.0000 -0.9725
vn -0.2331 -0.0000 -0.9725
vn -0.3562 -0.0000 -0.9344
vn -0.1069 -0.0000 0.9943
vn -0.0000 1.0000 -0.0080
vn 0.0004 1.0000 -0.0080
vn -0.0004 -1.0000 -0.0080
vn -0.0000 -1.0000 -0.0080
vn 0.0004 -1.0000 -0.0080
vn -0.0004 1.0000 -0.0080
vn -0.8265 -0.5630 -0.0000
vn -0.0258 -0.0741 0.9969
vn 0.9441 -0.3296 -0.0000
vn 0.0442 -0.0648 0.9969
vn 0.0443 -0.0648 0.9969
vn 0.0443 -0.0648 -0.9969
vn 0.0442 -0.0648 -0.9969
vn -0.0258 -0.0741 -0.9969
vn -0.9443 0.3290 -0.0000
vn 0.8258 0.5639 -0.0000
vn -0.3280 -0.9414 0.0785
vn -0.3129 -0.8981 0.3090
vn -0.3280 -0.9414 -0.0785
vn -0.1017 -0.2918 0.9511
vn -0.1016 -0.2918 0.9511
vn -0.2661 -0.7640 0.5878
vn -0.1934 -0.5550 0.8090
vn -0.1934 -0.5551 0.8090
vn -0.1016 -0.2918 -0.9511
vn -0.1017 -0.2918 -0.9511
vn -0.3129 -0.8981 -0.3090
vn -0.1934 -0.5550 -0.8090
vn -0.1934 -0.5551 -0.8090
vn -0.2661 -0.7640 -0.5878
vn 0.5622 -0.8233 0.0784
vn 0.5622 -0.8233 0.0785
vn 0.5363 -0.7854 0.3090
vn 0.5622 -0.8233 -0.0785
vn 0.1743 -0.2553 0.9510
vn 0.1743 -0.2552 0.9511
vn 0.4562 -0.6681 0.5878
vn 0.4563 -0.6681 0.5877
vn 0.3315 -0.4854 0.8090
vn 0.3315 -0.4855 0.8090
vn 0.1743 -0.2552 -0.9511
vn 0.1743 -0.2553 -0.9510
vn 0.5363 -0.7854 -0.3090
vn 0.3315 -0.4854 -0.8090
vn 0.3315 -0.4855 -0.8090
vn 0.4562 -0.6681 -0.5878
vn 0.4563 -0.6681 -0.5877
vn -0.9441 0.3297 -0.0000
vn -0.4083 -0.9129 -0.0000
vn 0.3232 0.9463 -0.0000
vn -0.6181 0.7861 -0.0000
vn 0.9619 -0.2735 -0.0000
vn 0.8182 0.5749 -0.0000
vn -0.8442 -0.5360 -0.0000
vn 0.6289 -0.7775 -0.0000
vn 0.4085 -0.9127 -0.0000
vn 0.1520 0.9884 -0.0000
vn 0.9884 -0.1520 -0.0000
vn 0.9897 -0.1434 -0.0000
vn 0.7118 -0.7024 -0.0000
vn -0.7024 -0.7118 -0.0000
vn 0.9893 -0.1461 -0.0000
vn -0.9884 0.1520 -0.0000
vn -0.9897 0.1434 -0.0000
vn -0.7010 0.7132 -0.0000
vn -0.9896 0.1436 -0.0000
vt 0.858800 0.011607
vt 0.961381 0.011607
vt 0.961381 0.206895
vt 0.858800 0.206895
vt 0.653637 0.011607
vt 0.756218 0.011607
vt 0.756218 0.206895
vt 0.653637 0.206895
vt 0.551055 0.011607
vt 0.551055 0.206895
vt 0.672019 0.354530
vt 0.672026 0.354526
vt 0.672026 0.354531
vt 0.612043 0.495423
vt 0.612039 0.495418
vt 0.612051 0.495418
vt 0.672026 0.250999
vt 0.672026 0.251006
vt 0.672017 0.251006
vt 0.672017 0.480043
vt 0.672026 0.480043
vt 0.672026 0.480050
vt 0.526095 0.242408
vt 0.526082 0.242408
vt 0.526091 0.242403
vt 0.913289 0.376519
vt 0.913282 0.376522
vt 0.913287 0.376515
vt 0.913282 0.250999
vt 0.913291 0.251006
vt 0.913282 0.251006
vt 0.913282 0.480050
vt 0.913282 0.480043
vt 0.913291 0.480043
vt 0.668696 0.251006
vt 0.668686 0.251005
vt 0.668688 0.251004
vt 0.668686 0.480044
vt 0.668696 0.480043
vt 0.668688 0.480045
vt 0.916612 0.251006
vt 0.916612 0.251002
vt 0.916622 0.251005
vt 0.913281 0.482301
vt 0.913282 0.482295
vt 0.913287 0.482295
vt 0.916622 0.381285
vt 0.916612 0.381277
vt 0.916621 0.381281
vt 0.920862 0.351037
vt 0.920863 0.351042
vt 0.920845 0.351039
vt 0.668686 0.381285
vt 0.668687 0.381281
vt 0.668696 0.381277
vt 0.668686 0.349763
vt 0.668696 0.349771
vt 0.668687 0.349768
vt 0.658613 0.227713
vt 0.658623 0.227713
vt 0.658619 0.227750
vt 0.532784 0.227713
vt 0.532790 0.227713
vt 0.532790 0.227750
vt 0.854603 0.014337
vt 0.854593 0.014337
vt 0.854598 0.014299
vt 0.980426 0.014336
vt 0.980426 0.014299
vt 0.980432 0.014336
vt 0.854603 0.227713
vt 0.854597 0.227751
vt 0.854593 0.227713
vt 0.980426 0.227750
vt 0.980426 0.227713
vt 0.980432 0.227713
vt 0.658613 0.014336
vt 0.658619 0.014299
vt 0.658623 0.014336
vt 0.532790 0.014336
vt 0.532784 0.014336
vt 0.532790 0.014299
vt 0.044680 0.609199
vt 0.044697 0.609194
vt 0.044696 0.609200
vt 0.044680 0.629477
vt 0.044696 0.629477
vt 0.044697 0.629483
vt 0.044697 0.513719
vt 0.044697 0.513730
vt 0.044674 0.513730
vt 0.044674 0.724946
vt 0.044697 0.724946
vt 0.044697 0.724957
vt 0.379269 0.609200
vt 0.379268 0.609194
vt 0.379285 0.609199
vt 0.379285 0.629477
vt 0.379268 0.629483
vt 0.379269 0.629477
vt 0.379268 0.513719
vt 0.379291 0.513730
vt 0.379268 0.513730
vt 0.379268 0.724957
vt 0.379268 0.724946
vt 0.379291 0.724946
vt 0.040079 0.513730
vt 0.040056 0.513728
vt 0.040079 0.513724
vt 0.040056 0.724948
vt 0.040079 0.724946
vt 0.040079 0.724952
vt 0.383886 0.513730
vt 0.383886 0.513724
vt 0.383909 0.513728
vt 0.379267 0.727032
vt 0.379268 0.727023
vt 0.379275 0.727030
vt 0.383909 0.633875
vt 0.383886 0.633864
vt 0.383908 0.633869
vt 0.383909 0.604801
vt 0.383908 0.604807
vt 0.383886 0.604812
vt 0.034172 0.632700
vt 0.034169 0.632691
vt 0.034211 0.632698
vt 0.040056 0.604801
vt 0.040079 0.604812
vt 0.040057 0.604807
vt 0.665615 0.732938
vt 0.665629 0.732938
vt 0.665622 0.733009
vt 0.026781 0.605325
vt 0.026763 0.605322
vt 0.026788 0.605317
vt 0.387137 0.723777
vt 0.387137 0.723783
vt 0.387125 0.723788
vt 0.388209 0.633874
vt 0.388197 0.633875
vt 0.388198 0.633869
vt 0.387137 0.514899
vt 0.387125 0.514889
vt 0.387137 0.514893
vt 0.388197 0.604801
vt 0.388209 0.604802
vt 0.388198 0.604807
vt 0.036828 0.723777
vt 0.036840 0.723788
vt 0.036828 0.723783
vt 0.026249 0.633534
vt 0.026268 0.633530
vt 0.026275 0.633539
vt 0.653933 0.857287
vt 0.653946 0.857284
vt 0.653946 0.857290
vt 0.653932 0.877591
vt 0.653946 0.877588
vt 0.653946 0.877594
vt 0.653946 0.761711
vt 0.653946 0.761719
vt 0.653930 0.761719
vt 0.653930 0.973159
vt 0.653946 0.973159
vt 0.653946 0.973167
vt 0.942895 0.857290
vt 0.942894 0.857284
vt 0.942908 0.857287
vt 0.942908 0.877591
vt 0.942895 0.877594
vt 0.942895 0.877588
vt 0.942894 0.761711
vt 0.942910 0.761719
vt 0.942894 0.761719
vt 0.942894 0.973167
vt 0.942895 0.973159
vt 0.942910 0.973159
vt 0.649953 0.761719
vt 0.649936 0.761718
vt 0.649952 0.761713
vt 0.649936 0.973160
vt 0.649953 0.973159
vt 0.649941 0.973162
vt 0.946888 0.761720
vt 0.946888 0.761713
vt 0.946904 0.761718
vt 0.942894 0.975248
vt 0.942894 0.975240
vt 0.942905 0.975240
vt 0.946904 0.881992
vt 0.946888 0.881980
vt 0.946903 0.881986
vt 0.946904 0.852887
vt 0.946903 0.852893
vt 0.946888 0.852898
vt 0.644854 0.880815
vt 0.644853 0.880810
vt 0.644886 0.880810
vt 0.649936 0.852887
vt 0.649952 0.852898
vt 0.649937 0.852893
vt 0.698224 0.714948
vt 0.698237 0.714948
vt 0.698231 0.714983
vt 0.638476 0.853408
vt 0.638458 0.853405
vt 0.638480 0.853403
vt 0.949691 0.971989
vt 0.949691 0.971995
vt 0.949679 0.971999
vt 0.950617 0.881991
vt 0.950606 0.881992
vt 0.950607 0.881986
vt 0.949691 0.762890
vt 0.949679 0.762879
vt 0.949691 0.762884
vt 0.950606 0.852887
vt 0.950617 0.852887
vt 0.950607 0.852893
vt 0.647150 0.971989
vt 0.647161 0.971999
vt 0.647150 0.971995
vt 0.638014 0.881653
vt 0.638033 0.881650
vt 0.638037 0.881655
vt 0.052748 0.356927
vt 0.052759 0.356922
vt 0.052759 0.356928
vt 0.052748 0.378727
vt 0.052759 0.378726
vt 0.052759 0.378732
vt 0.052759 0.254287
vt 0.052759 0.254298
vt 0.052744 0.254298
vt 0.052744 0.481356
vt 0.052759 0.481356
vt 0.052759 0.481366
vt 0.318887 0.356928
vt 0.318886 0.356922
vt 0.318898 0.356926
vt 0.318898 0.378727
vt 0.318886 0.378732
vt 0.318887 0.378726
vt 0.318886 0.254287
vt 0.318902 0.254298
vt 0.318886 0.254298
vt 0.318886 0.481366
vt 0.318886 0.481356
vt 0.318902 0.481356
vt 0.049085 0.254298
vt 0.049069 0.254296
vt 0.049085 0.254292
vt 0.049069 0.481358
vt 0.049085 0.481356
vt 0.049085 0.481362
vt 0.322561 0.254298
vt 0.322561 0.254292
vt 0.322577 0.254296
vt 0.318886 0.483598
vt 0.318886 0.483589
vt 0.318895 0.483590
vt 0.322577 0.383454
vt 0.322561 0.383442
vt 0.322576 0.383448
vt 0.322577 0.352200
vt 0.322576 0.352206
vt 0.322561 0.352212
vt 0.044389 0.382190
vt 0.044388 0.382183
vt 0.044418 0.382187
vt 0.049069 0.352200
vt 0.049085 0.352212
vt 0.049070 0.352206
vt 0.688349 0.231990
vt 0.688363 0.231990
vt 0.688357 0.232049
vt 0.038509 0.352762
vt 0.038495 0.352759
vt 0.038514 0.352754
vt 0.325144 0.480099
vt 0.325144 0.480106
vt 0.325135 0.480110
vt 0.325998 0.383454
vt 0.325989 0.383454
vt 0.325990 0.383448
vt 0.325144 0.255555
vt 0.325135 0.255544
vt 0.325144 0.255548
vt 0.325989 0.352200
vt 0.325998 0.352200
vt 0.325990 0.352206
vt 0.046501 0.480099
vt 0.046510 0.480110
vt 0.046501 0.480106
vt 0.038087 0.383088
vt 0.038101 0.383085
vt 0.038106 0.383093
vt 0.046163 0.854316
vt 0.046178 0.854310
vt 0.046177 0.854317
vt 0.046163 0.876871
vt 0.046177 0.876870
vt 0.046178 0.876877
vt 0.046178 0.748114
vt 0.046178 0.748126
vt 0.046157 0.748126
vt 0.046157 0.983061
vt 0.046178 0.983061
vt 0.046178 0.983073
vt 0.350817 0.854317
vt 0.350816 0.854310
vt 0.350831 0.854316
vt 0.350831 0.876871
vt 0.350816 0.876877
vt 0.350817 0.876870
vt 0.350816 0.748114
vt 0.350837 0.748126
vt 0.350816 0.748126
vt 0.350816 0.983073
vt 0.350816 0.983061
vt 0.350837 0.983061
vt 0.041973 0.748126
vt 0.041952 0.748124
vt 0.041973 0.748119
vt 0.041952 0.983063
vt 0.041973 0.983061
vt 0.041973 0.983067
vt 0.355021 0.748126
vt 0.355021 0.748119
vt 0.355042 0.748124
vt 0.350815 0.985381
vt 0.350816 0.985371
vt 0.350827 0.985371
vt 0.355042 0.881763
vt 0.355021 0.881751
vt 0.355041 0.881756
vt 0.355042 0.849424
vt 0.355041 0.849431
vt 0.355021 0.849436
vt 0.036594 0.880455
vt 0.036592 0.880446
vt 0.036630 0.880453
vt 0.041952 0.849424
vt 0.041973 0.849436
vt 0.041953 0.849431
vt 0.666581 0.728591
vt 0.666594 0.728591
vt 0.666588 0.728659
vt 0.029865 0.850007
vt 0.029848 0.850004
vt 0.029871 0.849998
vt 0.357981 0.981761
vt 0.357981 0.981767
vt 0.357970 0.981772
vt 0.358957 0.881762
vt 0.358947 0.881763
vt 0.358947 0.881756
vt 0.357981 0.749426
vt 0.357970 0.749415
vt 0.357981 0.749420
vt 0.358947 0.849424
vt 0.358957 0.849425
vt 0.358947 0.849431
vt 0.039013 0.981761
vt 0.039024 0.981772
vt 0.039013 0.981767
vt 0.029381 0.881383
vt 0.029398 0.881379
vt 0.029404 0.881389
vt 0.668697 0.856347
vt 0.668711 0.856344
vt 0.668710 0.856350
vt 0.668697 0.878531
vt 0.668710 0.878528
vt 0.668710 0.878534
vt 0.668710 0.751922
vt 0.668711 0.751931
vt 0.668695 0.751931
vt 0.668695 0.982947
vt 0.668711 0.982947
vt 0.668711 0.982956
vt 0.957659 0.856350
vt 0.957659 0.856344
vt 0.957672 0.856347
vt 0.957672 0.878531
vt 0.957659 0.878535
vt 0.957660 0.878528
vt 0.957659 0.751922
vt 0.957675 0.751931
vt 0.957659 0.751931
vt 0.957659 0.982956
vt 0.957659 0.982947
vt 0.957675 0.982947
vt 0.664717 0.751931
vt 0.664701 0.751930
vt 0.664717 0.751925
vt 0.664701 0.982948
vt 0.664717 0.982947
vt 0.664717 0.982953
vt 0.961653 0.751931
vt 0.961664 0.751928
vt 0.961669 0.751930
vt 0.957658 0.985229
vt 0.957659 0.985221
vt 0.957670 0.985221
vt 0.961669 0.883339
vt 0.961653 0.883326
vt 0.961668 0.883332
vt 0.966751 0.852825
vt 0.966752 0.852830
vt 0.966719 0.852831
vt 0.664701 0.883339
vt 0.664702 0.883332
vt 0.664717 0.883326
vt 0.664701 0.851539
vt 0.664717 0.851552
vt 0.664702 0.851546
vt 0.669615 0.727973
vt 0.669629 0.727973
vt 0.669623 0.728011
vt 0.653240 0.852109
vt 0.653223 0.852106
vt 0.653244 0.852104
vt 0.964455 0.981668
vt 0.964455 0.981675
vt 0.964444 0.981680
vt 0.965382 0.883338
vt 0.965370 0.883339
vt 0.965371 0.883332
vt 0.964456 0.753210
vt 0.964444 0.753198
vt 0.964455 0.753203
vt 0.965371 0.851539
vt 0.965382 0.851540
vt 0.965372 0.851546
vt 0.661914 0.981668
vt 0.661925 0.981680
vt 0.661914 0.981675
vt 0.652779 0.882969
vt 0.652798 0.882966
vt 0.652802 0.882971
vt 0.046050 0.108942
vt 0.046060 0.108939
vt 0.046060 0.108945
vt 0.046050 0.129634
vt 0.046060 0.129630
vt 0.046060 0.129637
vt 0.046060 0.011545
vt 0.046060 0.011554
vt 0.046048 0.011554
vt 0.046048 0.227022
vt 0.046060 0.227022
vt 0.046060 0.227031
vt 0.303439 0.108945
vt 0.303438 0.108939
vt 0.303449 0.108942
vt 0.303449 0.129634
vt 0.303438 0.129637
vt 0.303439 0.129630
vt 0.303438 0.011545
vt 0.303451 0.011554
vt 0.303438 0.011554
vt 0.303438 0.227031
vt 0.303438 0.227022
vt 0.303451 0.227022
vt 0.042504 0.011554
vt 0.042492 0.011552
vt 0.042504 0.011548
vt 0.042492 0.227024
vt 0.042504 0.227022
vt 0.042504 0.227028
vt 0.306995 0.011554
vt 0.306995 0.011548
vt 0.307007 0.011552
vt 0.303438 0.229150
vt 0.303438 0.229143
vt 0.303447 0.229143
vt 0.307007 0.134118
vt 0.306995 0.134106
vt 0.307006 0.134112
vt 0.307007 0.104458
vt 0.307006 0.104464
vt 0.306995 0.104470
vt 0.037965 0.132918
vt 0.037965 0.132914
vt 0.037992 0.132913
vt 0.042492 0.104458
vt 0.042504 0.104470
vt 0.042492 0.104464
vt 0.654399 0.231671
vt 0.654413 0.231671
vt 0.654407 0.231707
vt 0.032280 0.104988
vt 0.032266 0.104986
vt 0.032283 0.104984
vt 0.309491 0.225830
vt 0.309491 0.225836
vt 0.309482 0.225840
vt 0.310316 0.134117
vt 0.310307 0.134118
vt 0.310308 0.134112
vt 0.309491 0.012746
vt 0.309482 0.012736
vt 0.309491 0.012740
vt 0.310307 0.104458
vt 0.310316 0.104459
vt 0.310308 0.104464
vt 0.040008 0.225830
vt 0.040017 0.225840
vt 0.040008 0.225836
vt 0.031871 0.133773
vt 0.031886 0.133770
vt 0.031889 0.133775
vt 0.099025 0.858680
vt 0.099037 0.858674
vt 0.099036 0.858680
vt 0.099025 0.881019
vt 0.099037 0.881019
vt 0.099037 0.881025
vt 0.099037 0.753492
vt 0.099037 0.753504
vt 0.099021 0.753503
vt 0.099021 0.986195
vt 0.099037 0.986195
vt 0.099037 0.986207
vt 0.337330 0.858680
vt 0.337330 0.858674
vt 0.337341 0.858680
vt 0.337341 0.881019
vt 0.337330 0.881026
vt 0.337330 0.881019
vt 0.337330 0.753492
vt 0.337346 0.753504
vt 0.337330 0.753504
vt 0.337330 0.986207
vt 0.337330 0.986195
vt 0.337346 0.986196
vt 0.095748 0.753504
vt 0.095731 0.753502
vt 0.095748 0.753497
vt 0.095731 0.986197
vt 0.095748 0.986195
vt 0.095748 0.986202
vt 0.340619 0.753503
vt 0.340619 0.753497
vt 0.340635 0.753502
vt 0.337329 0.988494
vt 0.337330 0.988483
vt 0.337338 0.988483
vt 0.340635 0.885865
vt 0.340619 0.885852
vt 0.340634 0.885858
vt 0.340635 0.853834
vt 0.340634 0.853841
vt 0.340619 0.853847
vt 0.091540 0.884570
vt 0.091538 0.884560
vt 0.091568 0.884567
vt 0.095731 0.853834
vt 0.095748 0.853847
vt 0.095732 0.853841
vt 0.667055 0.233052
vt 0.667069 0.233052
vt 0.667062 0.233124
vt 0.086277 0.854412
vt 0.086264 0.854408
vt 0.086281 0.854403
vt 0.342934 0.984908
vt 0.342934 0.984914
vt 0.342925 0.984919
vt 0.343698 0.885864
vt 0.343689 0.885865
vt 0.343690 0.885858
vt 0.342934 0.754791
vt 0.342925 0.754780
vt 0.342934 0.754785
vt 0.343689 0.853834
vt 0.343698 0.853835
vt 0.343690 0.853841
vt 0.093433 0.984908
vt 0.093441 0.984919
vt 0.093433 0.984914
vt 0.085898 0.885488
vt 0.085911 0.885485
vt 0.085916 0.885494
vt 0.659633 0.857727
vt 0.659646 0.857724
vt 0.659646 0.857731
vt 0.659633 0.879911
vt 0.659646 0.879907
vt 0.659646 0.879914
vt 0.659646 0.753306
vt 0.659646 0.753316
vt 0.659631 0.753315
vt 0.659631 0.984322
vt 0.659646 0.984322
vt 0.659646 0.984332
vt 0.948595 0.857731
vt 0.948595 0.857724
vt 0.948608 0.857727
vt 0.948608 0.879911
vt 0.948595 0.879914
vt 0.948595 0.879907
vt 0.948595 0.753306
vt 0.948611 0.753316
vt 0.948595 0.753315
vt 0.948595 0.984332
vt 0.948595 0.984323
vt 0.948611 0.984323
vt 0.655653 0.753316
vt 0.655637 0.753314
vt 0.655653 0.753309
vt 0.655637 0.984324
vt 0.655653 0.984322
vt 0.655653 0.984329
vt 0.952588 0.753316
vt 0.952600 0.753312
vt 0.952604 0.753314
vt 0.948594 0.986605
vt 0.948595 0.986596
vt 0.948606 0.986597
vt 0.952604 0.884718
vt 0.952588 0.884706
vt 0.952604 0.884712
vt 0.957687 0.854205
vt 0.957688 0.854211
vt 0.957654 0.854211
vt 0.655637 0.884718
vt 0.655638 0.884712
vt 0.655653 0.884706
vt 0.655637 0.852920
vt 0.655653 0.852932
vt 0.655638 0.852926
vt 0.661540 0.718099
vt 0.661556 0.718099
vt 0.661548 0.718133
vt 0.644176 0.853489
vt 0.644159 0.853486
vt 0.644180 0.853484
vt 0.955391 0.983044
vt 0.955391 0.983051
vt 0.955380 0.983056
vt 0.956317 0.884718
vt 0.956307 0.884718
vt 0.956307 0.884712
vt 0.955391 0.754594
vt 0.955380 0.754582
vt 0.955391 0.754587
vt 0.956307 0.852920
vt 0.956317 0.852920
vt 0.956307 0.852926
vt 0.652850 0.983044
vt 0.652861 0.983056
vt 0.652850 0.983051
vt 0.643715 0.884348
vt 0.643733 0.884345
vt 0.643737 0.884350
vt 0.089321 0.108806
vt 0.089332 0.108803
vt 0.089332 0.108809
vt 0.089321 0.130056
vt 0.089332 0.130052
vt 0.089332 0.130058
vt 0.089332 0.008782
vt 0.089332 0.008791
vt 0.089319 0.008791
vt 0.089319 0.230070
vt 0.089332 0.230070
vt 0.089332 0.230079
vt 0.378284 0.108809
vt 0.378284 0.108803
vt 0.378296 0.108806
vt 0.378296 0.130056
vt 0.378284 0.130059
vt 0.378284 0.130052
vt 0.378284 0.008782
vt 0.378298 0.008791
vt 0.378284 0.008791
vt 0.378284 0.230079
vt 0.378284 0.230070
vt 0.378298 0.230070
vt 0.085340 0.008791
vt 0.085326 0.008789
vt 0.085340 0.008785
vt 0.085326 0.230072
vt 0.085340 0.230070
vt 0.085329 0.230074
vt 0.382277 0.008791
vt 0.382276 0.008785
vt 0.382291 0.008789
vt 0.378283 0.232256
vt 0.378284 0.232249
vt 0.378289 0.232253
vt 0.382291 0.134660
vt 0.382276 0.134648
vt 0.382290 0.134654
vt 0.382291 0.104201
vt 0.382290 0.104207
vt 0.382276 0.104213
vt 0.080244 0.133429
vt 0.080244 0.133424
vt 0.080274 0.133423
vt 0.085326 0.104201
vt 0.085340 0.104213
vt 0.085327 0.104207
vt 0.655388 0.231095
vt 0.655401 0.231095
vt 0.655395 0.231130
vt 0.073862 0.104746
vt 0.073846 0.104743
vt 0.073865 0.104741
vt 0.385079 0.228846
vt 0.385079 0.228852
vt 0.385069 0.228856
vt 0.386005 0.134660
vt 0.385995 0.134660
vt 0.385996 0.134654
vt 0.385079 0.010016
vt 0.385069 0.010005
vt 0.385079 0.010010
vt 0.385995 0.104201
vt 0.386005 0.104201
vt 0.385996 0.104207
vt 0.082538 0.228846
vt 0.082547 0.228856
vt 0.082538 0.228852
vt 0.073403 0.134306
vt 0.073419 0.134304
vt 0.073422 0.134308
vt 0.051991 0.608753
vt 0.052005 0.608747
vt 0.052005 0.608753
vt 0.051991 0.629924
vt 0.052005 0.629923
vt 0.052005 0.629929
vt 0.052005 0.509067
vt 0.052005 0.509078
vt 0.051986 0.509078
vt 0.051986 0.729598
vt 0.052005 0.729598
vt 0.052005 0.729609
vt 0.340956 0.608753
vt 0.340956 0.608747
vt 0.340970 0.608752
vt 0.340970 0.629924
vt 0.340956 0.629930
vt 0.340956 0.629923
vt 0.340956 0.509067
vt 0.340975 0.509078
vt 0.340956 0.509079
vt 0.340956 0.729609
vt 0.340956 0.729598
vt 0.340975 0.729598
vt 0.048017 0.509078
vt 0.047998 0.509077
vt 0.048017 0.509072
vt 0.047998 0.729600
vt 0.048017 0.729598
vt 0.048001 0.729601
vt 0.344944 0.509078
vt 0.344944 0.509072
vt 0.344964 0.509077
vt 0.340955 0.731776
vt 0.340956 0.731766
vt 0.340961 0.731773
vt 0.344964 0.634516
vt 0.344944 0.634504
vt 0.344963 0.634509
vt 0.344963 0.604161
vt 0.344963 0.604167
vt 0.344944 0.604172
vt 0.042916 0.633288
vt 0.042913 0.633279
vt 0.042949 0.633286
vt 0.047998 0.604161
vt 0.048017 0.604172
vt 0.047998 0.604167
vt 0.669999 0.725149
vt 0.670012 0.725149
vt 0.670006 0.725219
vt 0.036533 0.604708
vt 0.036517 0.604705
vt 0.036539 0.604699
vt 0.347751 0.728378
vt 0.347751 0.728384
vt 0.347741 0.728388
vt 0.348677 0.634515
vt 0.348667 0.634516
vt 0.348668 0.634509
vt 0.347751 0.510299
vt 0.347741 0.510288
vt 0.347751 0.510293
vt 0.348667 0.604161
vt 0.348677 0.604162
vt 0.348668 0.604167
vt 0.045210 0.728377
vt 0.045220 0.728388
vt 0.045210 0.728384
vt 0.036073 0.634159
vt 0.036090 0.634155
vt 0.036096 0.634164
vt 0.052748 0.356927
vt 0.052759 0.356922
vt 0.052759 0.356928
vt 0.052748 0.378728
vt 0.052759 0.378726
vt 0.052759 0.378732
vt 0.052759 0.254287
vt 0.052759 0.254298
vt 0.052744 0.254298
vt 0.052744 0.481356
vt 0.052759 0.481356
vt 0.052759 0.481366
vt 0.318887 0.356928
vt 0.318886 0.356922
vt 0.318898 0.356927
vt 0.318898 0.378727
vt 0.318886 0.378732
vt 0.318887 0.378726
vt 0.318886 0.254287
vt 0.318902 0.254298
vt 0.318886 0.254298
vt 0.318887 0.481356
vt 0.318902 0.481356
vt 0.049085 0.254298
vt 0.049069 0.254296
vt 0.049069 0.481358
vt 0.049085 0.481356
vt 0.049085 0.481362
vt 0.322577 0.254296
vt 0.318886 0.483598
vt 0.322577 0.383454
vt 0.322561 0.383442
vt 0.322576 0.383448
vt 0.322577 0.352200
vt 0.322561 0.352212
vt 0.044389 0.382191
vt 0.044388 0.382183
vt 0.044418 0.382187
vt 0.049069 0.352200
vt 0.049070 0.352206
vt 0.688363 0.231990
vt 0.038509 0.352762
vt 0.038514 0.352754
vt 0.325135 0.480110
vt 0.325998 0.383454
vt 0.325989 0.383454
vt 0.325990 0.383448
vt 0.325144 0.255555
vt 0.325136 0.255544
vt 0.325989 0.352200
vt 0.325998 0.352200
vt 0.325990 0.352206
vt 0.046501 0.480099
vt 0.046510 0.480110
vt 0.038087 0.383088
vt 0.038101 0.383085
vt 0.038106 0.383093
vt 0.046163 0.854316
vt 0.046178 0.854310
vt 0.046177 0.854317
vt 0.046177 0.876870
vt 0.046178 0.876877
vt 0.046178 0.748114
vt 0.046178 0.748126
vt 0.046157 0.748126
vt 0.046157 0.983061
vt 0.046178 0.983061
vt 0.046178 0.983073
vt 0.350816 0.854310
vt 0.350831 0.854316
vt 0.350831 0.876871
vt 0.350816 0.876877
vt 0.350817 0.876870
vt 0.350816 0.748114
vt 0.350837 0.748126
vt 0.350816 0.748126
vt 0.350816 0.983073
vt 0.350816 0.983061
vt 0.350837 0.983061
vt 0.041973 0.748126
vt 0.041952 0.748124
vt 0.041973 0.748119
vt 0.041952 0.983063
vt 0.041973 0.983061
vt 0.041956 0.983065
vt 0.355021 0.748126
vt 0.355021 0.748119
vt 0.355042 0.748124
vt 0.350815 0.985382
vt 0.350816 0.985371
vt 0.350822 0.985379
vt 0.355042 0.881763
vt 0.355021 0.881751
vt 0.355041 0.881756
vt 0.355042 0.849424
vt 0.355041 0.849431
vt 0.355021 0.849436
vt 0.036594 0.880455
vt 0.036592 0.880446
vt 0.036630 0.880453
vt 0.041952 0.849424
vt 0.041973 0.849436
vt 0.041953 0.849431
vt 0.666581 0.728591
vt 0.666594 0.728591
vt 0.029865 0.850007
vt 0.029848 0.850004
vt 0.357981 0.981761
vt 0.357970 0.981772
vt 0.358947 0.881763
vt 0.357981 0.749426
vt 0.357970 0.749415
vt 0.358947 0.849424
vt 0.358957 0.849425
vt 0.358948 0.849431
vt 0.039013 0.981761
vt 0.039024 0.981772
vt 0.029381 0.881383
vt 0.029398 0.881379
vt 0.029404 0.881389
vt 0.668697 0.856347
vt 0.668711 0.856344
vt 0.668710 0.856350
vt 0.668697 0.878531
vt 0.668710 0.878528
vt 0.668711 0.751921
vt 0.668694 0.751931
vt 0.668694 0.982947
vt 0.668711 0.982947
vt 0.668711 0.982957
vt 0.957659 0.856344
vt 0.957673 0.856347
vt 0.957673 0.878531
vt 0.957659 0.878535
vt 0.957659 0.878528
vt 0.957659 0.751922
vt 0.957675 0.751931
vt 0.957659 0.751931
vt 0.957659 0.982957
vt 0.957659 0.982947
vt 0.957675 0.982947
vt 0.664718 0.751931
vt 0.664701 0.751930
vt 0.664718 0.751925
vt 0.664701 0.982948
vt 0.664718 0.982947
vt 0.664718 0.982953
vt 0.961652 0.751931
vt 0.961664 0.751928
vt 0.961669 0.751930
vt 0.957658 0.985229
vt 0.957659 0.985221
vt 0.957670 0.985221
vt 0.961669 0.883339
vt 0.961652 0.883326
vt 0.966751 0.852825
vt 0.966752 0.852831
vt 0.966718 0.852830
vt 0.664701 0.883339
vt 0.664702 0.883332
vt 0.664718 0.883326
vt 0.664701 0.851539
vt 0.664718 0.851552
vt 0.664702 0.851546
vt 0.669615 0.727969
vt 0.669629 0.727969
vt 0.653240 0.852109
vt 0.653222 0.852106
vt 0.964455 0.981668
vt 0.964444 0.981680
vt 0.965382 0.883338
vt 0.965371 0.883339
vt 0.965371 0.883332
vt 0.964455 0.753210
vt 0.965371 0.851539
vt 0.965382 0.851540
vt 0.661914 0.981668
vt 0.661925 0.981680
vt 0.652779 0.882968
vt 0.652797 0.882965
vt 0.652801 0.882971
vt 0.046050 0.108942
vt 0.046060 0.108939
vt 0.046060 0.108945
vt 0.046050 0.129634
vt 0.046060 0.129630
vt 0.046060 0.129637
vt 0.046060 0.011545
vt 0.046060 0.011554
vt 0.046048 0.227022
vt 0.046060 0.227022
vt 0.046060 0.227031
vt 0.303439 0.108945
vt 0.303438 0.108939
vt 0.303449 0.129634
vt 0.303438 0.129637
vt 0.303439 0.129630
vt 0.303438 0.011545
vt 0.303451 0.011554
vt 0.303438 0.011554
vt 0.303438 0.227031
vt 0.303438 0.227022
vt 0.303451 0.227022
vt 0.042504 0.011554
vt 0.042492 0.011552
vt 0.042492 0.227024
vt 0.042504 0.227022
vt 0.306995 0.011554
vt 0.307007 0.011552
vt 0.303438 0.229150
vt 0.303438 0.229143
vt 0.303443 0.229148
vt 0.307007 0.134118
vt 0.306995 0.134106
vt 0.307007 0.104458
vt 0.306995 0.104470
vt 0.037965 0.132918
vt 0.037965 0.132914
vt 0.037992 0.132913
vt 0.042492 0.104458
vt 0.042504 0.104470
vt 0.042492 0.104464
vt 0.654399 0.231671
vt 0.654413 0.231671
vt 0.032280 0.104988
vt 0.032266 0.104986
vt 0.032283 0.104984
vt 0.309491 0.225830
vt 0.309482 0.225840
vt 0.310316 0.134117
vt 0.310307 0.134118
vt 0.310308 0.134112
vt 0.309491 0.012746
vt 0.309482 0.012736
vt 0.040017 0.225840
vt 0.031871 0.133773
vt 0.031886 0.133770
vt 0.031889 0.133775
vt 0.085548 0.855739
vt 0.085557 0.855737
vt 0.085557 0.855741
vt 0.085548 0.877909
vt 0.085557 0.877906
vt 0.085557 0.877911
vt 0.374513 0.855741
vt 0.374513 0.855737
vt 0.374521 0.855739
vt 0.374521 0.877909
vt 0.374513 0.877911
vt 0.374513 0.877907
vt 0.378516 0.882713
vt 0.378504 0.882704
vt 0.378514 0.882708
vt 0.383595 0.852223
vt 0.383573 0.852223
vt 0.383597 0.852219
vt 0.081553 0.882713
vt 0.081555 0.882708
vt 0.081565 0.882704
vt 0.081553 0.850935
vt 0.081565 0.850944
vt 0.081555 0.850940
vt 0.078764 0.752657
vt 0.078764 0.752652
vt 0.078778 0.752649
vt 0.070085 0.851500
vt 0.070073 0.851498
vt 0.070088 0.851496
vt 0.381305 0.980991
vt 0.381305 0.980995
vt 0.381298 0.980999
vt 0.382231 0.882712
vt 0.382224 0.882712
vt 0.382225 0.882708
vt 0.371583 0.747769
vt 0.371569 0.747761
vt 0.371576 0.747761
vt 0.382224 0.850935
vt 0.382232 0.850936
vt 0.382225 0.850940
vt 0.078764 0.980991
vt 0.078781 0.980999
vt 0.078764 0.980995
vt 0.069630 0.882346
vt 0.069642 0.882344
vt 0.069645 0.882348
vt 0.087753 0.751771
vt 0.087740 0.751770
vt 0.087755 0.751763
vt 0.087753 0.981877
vt 0.087755 0.981884
vt 0.087740 0.981878
vt 0.372314 0.751771
vt 0.372311 0.751763
vt 0.372323 0.751768
vt 0.372314 0.981877
vt 0.372323 0.981880
vt 0.372311 0.981884
vt 0.085565 0.749108
vt 0.085552 0.749108
vt 0.085552 0.749106
vt 0.085552 0.984540
vt 0.085565 0.984540
vt 0.085552 0.984542
vt 0.372325 0.749108
vt 0.372311 0.749108
vt 0.372316 0.749106
vt 0.372311 0.984540
vt 0.372325 0.984540
vt 0.372316 0.984544
vt 0.073696 0.363924
vt 0.073705 0.363921
vt 0.073705 0.363925
vt 0.073695 0.382866
vt 0.073705 0.382866
vt 0.073705 0.382870
vt 0.073705 0.274736
vt 0.073705 0.274743
vt 0.073692 0.274743
vt 0.073692 0.472048
vt 0.073705 0.472048
vt 0.073705 0.472055
vt 0.362662 0.363925
vt 0.362662 0.363921
vt 0.362671 0.363924
vt 0.362671 0.382866
vt 0.362662 0.382870
vt 0.362662 0.382866
vt 0.362662 0.274736
vt 0.362674 0.274743
vt 0.362662 0.274743
vt 0.362662 0.472055
vt 0.362662 0.472048
vt 0.362674 0.472048
vt 0.069717 0.274743
vt 0.069704 0.274742
vt 0.069706 0.274741
vt 0.069704 0.472049
vt 0.069717 0.472048
vt 0.069706 0.472050
vt 0.366650 0.274743
vt 0.366650 0.274739
vt 0.366663 0.274742
vt 0.362661 0.473993
vt 0.362662 0.473988
vt 0.362665 0.473992
vt 0.366663 0.386973
vt 0.366650 0.386966
vt 0.366656 0.386969
vt 0.366663 0.359818
vt 0.366662 0.359822
vt 0.366650 0.359825
vt 0.064625 0.385876
vt 0.064623 0.385870
vt 0.064647 0.385875
vt 0.069704 0.359818
vt 0.069717 0.359825
vt 0.069704 0.359822
vt 0.667999 0.228209
vt 0.668008 0.228209
vt 0.668004 0.228254
vt 0.058231 0.360302
vt 0.058221 0.360300
vt 0.058235 0.360297
vt 0.369454 0.470956
vt 0.369454 0.470960
vt 0.369447 0.470962
vt 0.370380 0.386972
vt 0.370373 0.386973
vt 0.370374 0.386969
vt 0.369454 0.275835
vt 0.369447 0.275828
vt 0.369454 0.275831
vt 0.370373 0.359818
vt 0.370380 0.359818
vt 0.370374 0.359822
vt 0.066913 0.470956
vt 0.066920 0.470962
vt 0.066913 0.470960
vt 0.057777 0.386658
vt 0.057788 0.386656
vt 0.057792 0.386661
vt 0.669929 0.850941
vt 0.669937 0.850939
vt 0.669937 0.850943
vt 0.669928 0.871633
vt 0.669937 0.871631
vt 0.669937 0.871635
vt 0.669937 0.753529
vt 0.669937 0.753535
vt 0.669927 0.753535
vt 0.669927 0.969039
vt 0.669937 0.969039
vt 0.669937 0.969045
vt 0.958893 0.850943
vt 0.958893 0.850939
vt 0.958902 0.850941
vt 0.958902 0.871633
vt 0.958893 0.871635
vt 0.958893 0.871631
vt 0.958893 0.753529
vt 0.958904 0.753535
vt 0.958893 0.753535
vt 0.958893 0.969045
vt 0.958893 0.969039
vt 0.958904 0.969039
vt 0.665946 0.753535
vt 0.665935 0.753534
vt 0.665938 0.753533
vt 0.665935 0.969040
vt 0.665946 0.969039
vt 0.665938 0.969041
vt 0.962885 0.753535
vt 0.962885 0.753531
vt 0.962895 0.753534
vt 0.958893 0.971164
vt 0.958893 0.971159
vt 0.958897 0.971162
vt 0.962895 0.876117
vt 0.962885 0.876109
vt 0.962888 0.876113
vt 0.962895 0.846457
vt 0.962895 0.846461
vt 0.962885 0.846465
vt 0.660856 0.874919
vt 0.660855 0.874916
vt 0.660877 0.874915
vt 0.665935 0.846457
vt 0.665946 0.846465
vt 0.665936 0.846461
vt 0.658613 0.723902
vt 0.658624 0.723902
vt 0.658619 0.723927
vt 0.654466 0.846984
vt 0.654454 0.846982
vt 0.654468 0.846981
vt 0.965686 0.967846
vt 0.965686 0.967850
vt 0.965678 0.967853
vt 0.966612 0.876117
vt 0.966605 0.876117
vt 0.966605 0.876113
vt 0.965686 0.754728
vt 0.965678 0.754721
vt 0.965686 0.754724
vt 0.966605 0.846457
vt 0.966612 0.846458
vt 0.966605 0.846461
vt 0.663145 0.967846
vt 0.663152 0.967853
vt 0.663145 0.967850
vt 0.654010 0.875775
vt 0.654023 0.875773
vt 0.654025 0.875776
vt 0.672026 0.354526
vt 0.672026 0.354531
vt 0.672019 0.376519
vt 0.672026 0.376518
vt 0.672026 0.376522
vt 0.672026 0.250999
vt 0.672017 0.251006
vt 0.672017 0.480043
vt 0.672026 0.480043
vt 0.672026 0.480050
vt 0.913282 0.354531
vt 0.913282 0.354526
vt 0.913289 0.354530
vt 0.913289 0.376519
vt 0.913282 0.376522
vt 0.913282 0.376518
vt 0.913282 0.250999
vt 0.913282 0.480050
vt 0.913282 0.480043
vt 0.913291 0.480043
vt 0.668686 0.251005
vt 0.668688 0.251004
vt 0.668686 0.480044
vt 0.668696 0.480043
vt 0.916612 0.251006
vt 0.916612 0.251002
vt 0.913282 0.482295
vt 0.913285 0.482299
vt 0.916622 0.381285
vt 0.916612 0.381277
vt 0.916616 0.381281
vt 0.916622 0.349763
vt 0.916621 0.349768
vt 0.916612 0.349771
vt 0.664446 0.380012
vt 0.664445 0.380007
vt 0.664464 0.380010
vt 0.668686 0.349763
vt 0.668696 0.349771
vt 0.658613 0.227713
vt 0.659107 0.350324
vt 0.659099 0.350322
vt 0.659110 0.350319
vt 0.918952 0.478775
vt 0.918952 0.478779
vt 0.918947 0.478782
vt 0.919726 0.381285
vt 0.919720 0.381285
vt 0.919721 0.381281
vt 0.918952 0.252274
vt 0.918947 0.252266
vt 0.918952 0.252269
vt 0.919720 0.349763
vt 0.919726 0.349764
vt 0.919721 0.349768
vt 0.666356 0.478775
vt 0.666361 0.478782
vt 0.666356 0.478779
vt 0.658729 0.380921
vt 0.658737 0.380919
vt 0.658740 0.380924
vt 0.068261 0.859167
vt 0.068269 0.859163
vt 0.068269 0.859168
vt 0.068261 0.881773
vt 0.068269 0.881772
vt 0.068269 0.881777
vt 0.068269 0.752730
vt 0.068269 0.752738
vt 0.068258 0.752738
vt 0.068258 0.988202
vt 0.068269 0.988202
vt 0.068269 0.988209
vt 0.357227 0.859168
vt 0.357227 0.859163
vt 0.357235 0.859167
vt 0.357235 0.881773
vt 0.357227 0.881777
vt 0.357227 0.881772
vt 0.357227 0.752730
vt 0.357238 0.752738
vt 0.357227 0.752738
vt 0.357227 0.988209
vt 0.357227 0.988202
vt 0.357238 0.988202
vt 0.064280 0.752738
vt 0.064269 0.752736
vt 0.064271 0.752735
vt 0.064269 0.988203
vt 0.064280 0.988202
vt 0.064271 0.988204
vt 0.361216 0.752738
vt 0.361216 0.752733
vt 0.361227 0.752737
vt 0.357226 0.990524
vt 0.357227 0.990517
vt 0.357230 0.990522
vt 0.361227 0.886674
vt 0.361216 0.886665
vt 0.361221 0.886669
vt 0.361227 0.854267
vt 0.361226 0.854271
vt 0.361216 0.854275
vt 0.059190 0.885364
vt 0.059189 0.885359
vt 0.059211 0.885362
vt 0.064269 0.854267
vt 0.064280 0.854275
vt 0.064269 0.854271
vt 0.668393 0.725752
vt 0.668402 0.725752
vt 0.668398 0.725790
vt 0.052796 0.854843
vt 0.052786 0.854841
vt 0.052799 0.854838
vt 0.364018 0.986899
vt 0.364018 0.986903
vt 0.364012 0.986906
vt 0.364945 0.886673
vt 0.364938 0.886673
vt 0.364939 0.886669
vt 0.364018 0.754041
vt 0.364012 0.754034
vt 0.364018 0.754037
vt 0.364938 0.854267
vt 0.364945 0.854267
vt 0.364939 0.854271
vt 0.061477 0.986899
vt 0.061484 0.986906
vt 0.061478 0.986903
vt 0.052342 0.886298
vt 0.052353 0.886296
vt 0.052356 0.886302
vt 0.669929 0.850941
vt 0.669937 0.850943
vt 0.669928 0.871633
vt 0.669937 0.871631
vt 0.669937 0.871635
vt 0.669937 0.753535
vt 0.669927 0.753535
vt 0.669927 0.969039
vt 0.669937 0.969045
vt 0.958893 0.850943
vt 0.958893 0.850939
vt 0.958902 0.850941
vt 0.958902 0.871633
vt 0.958893 0.871635
vt 0.958893 0.871631
vt 0.958893 0.753530
vt 0.958893 0.753535
vt 0.958893 0.969045
vt 0.958904 0.969039
vt 0.665946 0.753535
vt 0.665935 0.753534
vt 0.665938 0.753533
vt 0.665935 0.969040
vt 0.665946 0.969039
vt 0.962885 0.753535
vt 0.962885 0.753531
vt 0.962895 0.753534
vt 0.958893 0.971159
vt 0.958900 0.971159
vt 0.962895 0.876117
vt 0.962885 0.876109
vt 0.962895 0.876113
vt 0.967975 0.847655
vt 0.967975 0.847659
vt 0.967953 0.847659
vt 0.665935 0.876117
vt 0.665936 0.876113
vt 0.665946 0.876109
vt 0.665935 0.846457
vt 0.665946 0.846465
vt 0.665936 0.846461
vt 0.658613 0.723902
vt 0.658624 0.723902
vt 0.654466 0.846984
vt 0.654454 0.846982
vt 0.654468 0.846981
vt 0.965686 0.967846
vt 0.965678 0.967853
vt 0.966605 0.876117
vt 0.965686 0.754728
vt 0.965678 0.754721
vt 0.966605 0.846457
vt 0.966612 0.846458
vt 0.966605 0.846461
vt 0.663145 0.967846
vt 0.663152 0.967853
vt 0.654010 0.875775
vt 0.654023 0.875773
vt 0.654025 0.875777
vt 0.672026 0.354531
vt 0.672019 0.376519
vt 0.672026 0.376522
vt 0.672017 0.251006
vt 0.672017 0.480043
vt 0.672026 0.480043
vt 0.672026 0.480050
vt 0.913282 0.354531
vt 0.913282 0.354526
vt 0.913289 0.354529
vt 0.913289 0.376519
vt 0.913282 0.376518
vt 0.913291 0.251006
vt 0.913282 0.251006
vt 0.913282 0.480050
vt 0.913282 0.480043
vt 0.668696 0.251006
vt 0.668686 0.251005
vt 0.668696 0.480043
vt 0.916612 0.251006
vt 0.916612 0.251002
vt 0.916622 0.251005
vt 0.913281 0.482301
vt 0.913282 0.482295
vt 0.913287 0.482295
vt 0.916622 0.381285
vt 0.916621 0.381281
vt 0.920862 0.351037
vt 0.920863 0.351042
vt 0.920845 0.351039
vt 0.668686 0.381285
vt 0.668687 0.381281
vt 0.668696 0.381277
vt 0.668686 0.349763
vt 0.668696 0.349771
vt 0.658613 0.227713
vt 0.658623 0.227713
vt 0.659099 0.350322
vt 0.659110 0.350319
vt 0.918952 0.478775
vt 0.918947 0.478782
vt 0.919726 0.381285
vt 0.919720 0.381285
vt 0.919721 0.381281
vt 0.919720 0.349763
vt 0.919726 0.349764
vt 0.919721 0.349768
vt 0.666356 0.478775
vt 0.666361 0.478782
vt 0.658729 0.380921
vt 0.658737 0.380919
vt 0.658740 0.380924
vt 0.669937 0.850939
vt 0.669937 0.850943
vt 0.669928 0.871633
vt 0.669937 0.871635
vt 0.669937 0.753530
vt 0.669937 0.753535
vt 0.669927 0.753535
vt 0.669927 0.969039
vt 0.669937 0.969039
vt 0.669937 0.969045
vt 0.958893 0.850943
vt 0.958893 0.850939
vt 0.958902 0.850941
vt 0.958902 0.871633
vt 0.958893 0.871635
vt 0.958893 0.871631
vt 0.665946 0.969039
vt 0.962885 0.753535
vt 0.962895 0.876117
vt 0.962885 0.876109
vt 0.962895 0.876113
vt 0.967975 0.847655
vt 0.967975 0.847659
vt 0.967953 0.847659
vt 0.665935 0.876117
vt 0.665936 0.876113
vt 0.665946 0.876109
vt 0.665935 0.846457
vt 0.665946 0.846465
vt 0.654466 0.846984
vt 0.654468 0.846981
vt 0.965678 0.967853
vt 0.966612 0.876117
vt 0.966605 0.876117
vt 0.965686 0.754728
vt 0.965678 0.754721
vt 0.966605 0.846457
vt 0.966612 0.846458
vt 0.663145 0.967846
vt 0.663152 0.967853
vt 0.654023 0.875773
vt 0.654025 0.875777
vt 0.672019 0.354530
vt 0.672026 0.354526
vt 0.672026 0.354531
vt 0.612043 0.495423
vt 0.612039 0.495418
vt 0.612051 0.495418
vt 0.672026 0.250999
vt 0.672026 0.251006
vt 0.672017 0.480043
vt 0.672026 0.480043
vt 0.672026 0.480050
vt 0.526095 0.242408
vt 0.526082 0.242408
vt 0.526091 0.242403
vt 0.913289 0.376519
vt 0.913282 0.376522
vt 0.913287 0.376515
vt 0.913282 0.250999
vt 0.913291 0.251006
vt 0.913282 0.251006
vt 0.913282 0.480050
vt 0.913282 0.480043
vt 0.913291 0.480043
vt 0.668687 0.251004
vt 0.668688 0.251004
vt 0.668687 0.480044
vt 0.668696 0.480043
vt 0.668688 0.480045
vt 0.916612 0.251006
vt 0.916621 0.251004
vt 0.913282 0.482301
vt 0.913282 0.482295
vt 0.916621 0.381285
vt 0.916612 0.381277
vt 0.916621 0.381281
vt 0.920861 0.351037
vt 0.920862 0.351042
vt 0.668687 0.381285
vt 0.668687 0.381281
vt 0.668696 0.381277
vt 0.668687 0.349763
vt 0.668696 0.349771
vt 0.668687 0.349768
vt 0.658613 0.227713
vt 0.658623 0.227713
vt 0.658619 0.227750
vt 0.532784 0.227713
vt 0.532790 0.227713
vt 0.532790 0.227750
vt 0.854603 0.014337
vt 0.854594 0.014337
vt 0.854598 0.014299
vt 0.980426 0.014336
vt 0.980426 0.014299
vt 0.980432 0.014336
vt 0.854603 0.227714
vt 0.854598 0.227751
vt 0.854593 0.227713
vt 0.980426 0.227750
vt 0.980426 0.227713
vt 0.980432 0.227713
vt 0.658613 0.014336
vt 0.658619 0.014299
vt 0.658623 0.014336
vt 0.532790 0.014336
vt 0.532784 0.014336
vt 0.532790 0.014299
vt 0.672019 0.354531
vt 0.672028 0.354526
vt 0.672028 0.354531
vt 0.672018 0.376518
vt 0.672028 0.376518
vt 0.672028 0.376522
vt 0.672028 0.250998
vt 0.672028 0.251006
vt 0.672015 0.251006
vt 0.672015 0.480043
vt 0.672028 0.480043
vt 0.672028 0.480051
vt 0.913280 0.354531
vt 0.913280 0.354526
vt 0.913289 0.354531
vt 0.913289 0.376518
vt 0.913280 0.376522
vt 0.913280 0.376518
vt 0.913280 0.250998
vt 0.913293 0.251006
vt 0.913280 0.251006
vt 0.913280 0.480051
vt 0.913280 0.480043
vt 0.913293 0.480043
vt 0.668697 0.251006
vt 0.668685 0.251005
vt 0.668688 0.251004
vt 0.668685 0.480043
vt 0.668697 0.480043
vt 0.668697 0.480047
vt 0.916611 0.251006
vt 0.916610 0.251002
vt 0.916623 0.251005
vt 0.913280 0.482302
vt 0.913280 0.482294
vt 0.913287 0.482294
vt 0.916623 0.381286
vt 0.916611 0.381278
vt 0.916623 0.381281
vt 0.920864 0.351036
vt 0.920866 0.351043
vt 0.920843 0.351037
vt 0.668685 0.381285
vt 0.668685 0.381281
vt 0.668697 0.381278
vt 0.668685 0.349763
vt 0.668698 0.349771
vt 0.668685 0.349768
vt 0.658613 0.227699
vt 0.658624 0.227699
vt 0.659109 0.350327
vt 0.659099 0.350324
vt 0.659113 0.350320
vt 0.918945 0.478783
vt 0.919726 0.381285
vt 0.919719 0.381286
vt 0.919719 0.381281
vt 0.918952 0.252274
vt 0.918945 0.252266
vt 0.919719 0.349763
vt 0.919726 0.349764
vt 0.919719 0.349768
vt 0.666362 0.478783
vt 0.658728 0.380919
vt 0.658739 0.380916
vt 0.658743 0.380923
vt 0.052748 0.356927
vt 0.052759 0.356922
vt 0.052759 0.356928
vt 0.052759 0.378726
vt 0.052759 0.378732
vt 0.052759 0.254288
vt 0.052759 0.254298
vt 0.052744 0.254298
vt 0.052744 0.481356
vt 0.052759 0.481356
vt 0.052759 0.481366
vt 0.318887 0.356928
vt 0.318886 0.356922
vt 0.318898 0.356926
vt 0.318898 0.378727
vt 0.318886 0.378732
vt 0.318886 0.378726
vt 0.318886 0.254287
vt 0.318902 0.254298
vt 0.318887 0.481367
vt 0.318886 0.481356
vt 0.049069 0.254296
vt 0.322577 0.254296
vt 0.318886 0.483598
vt 0.318886 0.483589
vt 0.318895 0.483590
vt 0.322577 0.383454
vt 0.322561 0.383442
vt 0.322577 0.352200
vt 0.322576 0.352206
vt 0.322561 0.352212
vt 0.044389 0.382191
vt 0.044388 0.382183
vt 0.044418 0.382187
vt 0.049070 0.352206
vt 0.688363 0.231990
vt 0.038509 0.352762
vt 0.038495 0.352758
vt 0.038514 0.352754
vt 0.325144 0.480099
vt 0.325135 0.480110
vt 0.325998 0.383454
vt 0.325989 0.383454
vt 0.325144 0.255555
vt 0.325135 0.255544
vt 0.325989 0.352200
vt 0.325998 0.352200
vt 0.325990 0.352206
vt 0.046510 0.480110
vt 0.038087 0.383088
vt 0.038101 0.383085
vt 0.046178 0.854310
vt 0.046163 0.876871
vt 0.046177 0.876870
vt 0.046178 0.876877
vt 0.046178 0.748114
vt 0.046178 0.748126
vt 0.046157 0.748126
vt 0.046157 0.983061
vt 0.046178 0.983061
vt 0.046178 0.983073
vt 0.350817 0.854317
vt 0.350816 0.854310
vt 0.350831 0.854316
vt 0.350831 0.876871
vt 0.350816 0.876877
vt 0.350817 0.876870
vt 0.350816 0.748114
vt 0.350837 0.748126
vt 0.350816 0.748126
vt 0.350816 0.983073
vt 0.350816 0.983061
vt 0.350837 0.983061
vt 0.041952 0.748124
vt 0.041952 0.983063
vt 0.041973 0.983061
vt 0.041956 0.983065
vt 0.355021 0.748126
vt 0.355021 0.748119
vt 0.355042 0.748124
vt 0.350815 0.985382
vt 0.350816 0.985371
vt 0.350822 0.985379
vt 0.355042 0.881763
vt 0.355021 0.881751
vt 0.355041 0.881756
vt 0.355041 0.849431
vt 0.355021 0.849436
vt 0.036594 0.880455
vt 0.036592 0.880446
vt 0.036630 0.880453
vt 0.041952 0.849424
vt 0.041973 0.849436
vt 0.041953 0.849431
vt 0.666581 0.728591
vt 0.666594 0.728591
vt 0.029865 0.850007
vt 0.029848 0.850004
vt 0.029871 0.849998
vt 0.357981 0.981761
vt 0.357970 0.981772
vt 0.358957 0.881762
vt 0.358946 0.881763
vt 0.357981 0.749426
vt 0.357970 0.749415
vt 0.358947 0.849424
vt 0.358957 0.849425
vt 0.358947 0.849431
vt 0.039013 0.981761
vt 0.039024 0.981772
vt 0.029381 0.881383
vt 0.029398 0.881379
vt 0.029404 0.881389
vt 0.668697 0.856347
vt 0.668710 0.856350
vt 0.668697 0.878531
vt 0.668710 0.878528
vt 0.668711 0.751921
vt 0.668711 0.751931
vt 0.668694 0.751931
vt 0.668694 0.982947
vt 0.668711 0.982957
vt 0.957659 0.856350
vt 0.957659 0.856344
vt 0.957673 0.856347
vt 0.957673 0.878531
vt 0.957659 0.878534
vt 0.957659 0.878528
vt 0.957659 0.751921
vt 0.957676 0.751931
vt 0.957659 0.982957
vt 0.957675 0.982947
vt 0.664718 0.751931
vt 0.664701 0.751930
vt 0.664718 0.751925
vt 0.664701 0.982948
vt 0.664718 0.982947
vt 0.664718 0.982953
vt 0.961652 0.751931
vt 0.961669 0.751930
vt 0.957658 0.985229
vt 0.957659 0.985221
vt 0.957670 0.985221
vt 0.961669 0.883339
vt 0.961652 0.883326
vt 0.961668 0.883332
vt 0.966751 0.852825
vt 0.966752 0.852831
vt 0.966718 0.852830
vt 0.664701 0.883339
vt 0.664702 0.883332
vt 0.664718 0.883326
vt 0.664701 0.851539
vt 0.664718 0.851552
vt 0.669615 0.727969
vt 0.653240 0.852109
vt 0.653222 0.852106
vt 0.653244 0.852104
vt 0.964455 0.981668
vt 0.964444 0.981680
vt 0.965382 0.883338
vt 0.965371 0.883339
vt 0.964455 0.753210
vt 0.964444 0.753198
vt 0.965371 0.851539
vt 0.965382 0.851540
vt 0.965371 0.851546
vt 0.661914 0.981668
vt 0.661925 0.981680
vt 0.652779 0.882968
vt 0.652802 0.882971
vt 0.046050 0.108942
vt 0.046060 0.108939
vt 0.046060 0.108945
vt 0.046060 0.129630
vt 0.046060 0.129637
vt 0.046060 0.011545
vt 0.046060 0.011554
vt 0.046048 0.011554
vt 0.046048 0.227022
vt 0.046060 0.227022
vt 0.046060 0.227031
vt 0.303439 0.108945
vt 0.303438 0.108939
vt 0.303449 0.129634
vt 0.303439 0.129630
vt 0.303438 0.011545
vt 0.303451 0.011554
vt 0.303438 0.011554
vt 0.303438 0.227031
vt 0.303438 0.227022
vt 0.303451 0.227022
vt 0.042504 0.011554
vt 0.042492 0.011552
vt 0.042492 0.227024
vt 0.042504 0.227022
vt 0.042495 0.227025
vt 0.306995 0.011554
vt 0.306995 0.011548
vt 0.307007 0.011552
vt 0.303438 0.229150
vt 0.303438 0.229143
vt 0.303443 0.229148
vt 0.307007 0.134118
vt 0.306995 0.134106
vt 0.307007 0.104458
vt 0.307006 0.104464
vt 0.306994 0.104470
vt 0.037992 0.132913
vt 0.042492 0.104458
vt 0.042504 0.104470
vt 0.654399 0.231671
vt 0.654413 0.231671
vt 0.032280 0.104988
vt 0.032266 0.104986
vt 0.032283 0.104984
vt 0.309491 0.225830
vt 0.310307 0.134118
vt 0.309491 0.012746
vt 0.309482 0.012736
vt 0.310307 0.104458
vt 0.310316 0.104459
vt 0.310308 0.104464
vt 0.040008 0.225830
vt 0.040017 0.225840
vt 0.031871 0.133773
vt 0.031886 0.133770
vt 0.031889 0.133775
vt 0.085548 0.855739
vt 0.085557 0.855737
vt 0.085557 0.855741
vt 0.085548 0.877909
vt 0.085557 0.877906
vt 0.085557 0.877911
vt 0.374513 0.855741
vt 0.374513 0.855737
vt 0.374521 0.855739
vt 0.374521 0.877909
vt 0.374513 0.877911
vt 0.374513 0.877907
vt 0.378516 0.882713
vt 0.378504 0.882704
vt 0.378514 0.882708
vt 0.383595 0.852222
vt 0.383597 0.852218
vt 0.081553 0.882712
vt 0.081555 0.882708
vt 0.081565 0.882704
vt 0.081553 0.850935
vt 0.081565 0.850944
vt 0.081555 0.850940
vt 0.078764 0.752657
vt 0.078778 0.752649
vt 0.070085 0.851499
vt 0.070073 0.851498
vt 0.070088 0.851496
vt 0.381305 0.980991
vt 0.381298 0.980999
vt 0.382231 0.882712
vt 0.382224 0.882713
vt 0.382225 0.882708
vt 0.371583 0.747769
vt 0.371569 0.747761
vt 0.382231 0.850936
vt 0.078764 0.980991
vt 0.078781 0.980999
vt 0.069630 0.882346
vt 0.069642 0.882344
vt 0.069645 0.882348
vt 0.087753 0.751771
vt 0.087740 0.751770
vt 0.087755 0.751763
vt 0.087753 0.981877
vt 0.087755 0.981884
vt 0.087740 0.981878
vt 0.372314 0.751771
vt 0.372311 0.751763
vt 0.372323 0.751768
vt 0.372323 0.981880
vt 0.372311 0.981884
vt 0.085565 0.749108
vt 0.085552 0.749108
vt 0.085552 0.749106
vt 0.085552 0.984540
vt 0.085565 0.984540
vt 0.085552 0.984542
vt 0.372325 0.749108
vt 0.372311 0.749108
vt 0.372316 0.749106
vt 0.372311 0.984540
vt 0.372325 0.984540
vt 0.372316 0.984545
vt 0.073695 0.363924
vt 0.073705 0.363921
vt 0.073705 0.363925
vt 0.073695 0.382866
vt 0.073705 0.382866
vt 0.073705 0.382870
vt 0.073705 0.274736
vt 0.073705 0.274743
vt 0.073692 0.274743
vt 0.073692 0.472048
vt 0.073705 0.472055
vt 0.362662 0.363925
vt 0.362662 0.363921
vt 0.362671 0.363924
vt 0.362671 0.382866
vt 0.362662 0.382870
vt 0.362662 0.274736
vt 0.362674 0.274743
vt 0.362662 0.274743
vt 0.362662 0.472055
vt 0.362662 0.472048
vt 0.362675 0.472048
vt 0.069717 0.274743
vt 0.069704 0.274742
vt 0.069706 0.274741
vt 0.069704 0.472049
vt 0.069717 0.472048
vt 0.069706 0.472050
vt 0.366650 0.274743
vt 0.366650 0.274739
vt 0.366663 0.274742
vt 0.362661 0.473993
vt 0.362665 0.473992
vt 0.366663 0.386973
vt 0.366650 0.386966
vt 0.366663 0.359818
vt 0.366662 0.359822
vt 0.366650 0.359825
vt 0.064625 0.385876
vt 0.064623 0.385870
vt 0.064647 0.385875
vt 0.069704 0.359818
vt 0.069717 0.359825
vt 0.069704 0.359822
vt 0.667999 0.228210
vt 0.668008 0.228209
vt 0.058231 0.360302
vt 0.058221 0.360300
vt 0.058235 0.360297
vt 0.369454 0.470956
vt 0.369447 0.470962
vt 0.370373 0.386973
vt 0.370374 0.386969
vt 0.369454 0.275835
vt 0.369447 0.275828
vt 0.370373 0.359818
vt 0.370380 0.359818
vt 0.370374 0.359822
vt 0.066913 0.470956
vt 0.066920 0.470962
vt 0.057777 0.386658
vt 0.057788 0.386656
vt 0.057792 0.386661
vt 0.669929 0.850941
vt 0.669937 0.850939
vt 0.669937 0.850943
vt 0.669928 0.871633
vt 0.669937 0.871631
vt 0.669937 0.753529
vt 0.669927 0.969039
vt 0.669937 0.969039
vt 0.669937 0.969045
vt 0.958893 0.850943
vt 0.958902 0.850941
vt 0.958902 0.871633
vt 0.958893 0.871631
vt 0.958904 0.753535
vt 0.958893 0.753535
vt 0.958893 0.969045
vt 0.958893 0.969039
vt 0.958904 0.969039
vt 0.665946 0.753535
vt 0.665935 0.753534
vt 0.665946 0.969039
vt 0.962885 0.753535
vt 0.962895 0.753534
vt 0.958893 0.971164
vt 0.958893 0.971159
vt 0.962895 0.846457
vt 0.962885 0.846465
vt 0.660856 0.874919
vt 0.660855 0.874916
vt 0.660877 0.874915
vt 0.658613 0.723902
vt 0.654454 0.846982
vt 0.965678 0.967853
vt 0.966612 0.876117
vt 0.965686 0.754728
vt 0.966612 0.846458
vt 0.966605 0.846461
vt 0.663145 0.967846
vt 0.654010 0.875775
vt 0.654023 0.875773
vt 0.654025 0.875776
vt 0.672019 0.354530
vt 0.672026 0.354526
vt 0.672026 0.354531
vt 0.672019 0.376519
vt 0.672026 0.376518
vt 0.672026 0.376522
vt 0.672026 0.480043
vt 0.913282 0.354531
vt 0.913282 0.354526
vt 0.913289 0.354530
vt 0.913282 0.376522
vt 0.913282 0.376518
vt 0.913282 0.250999
vt 0.913282 0.251006
vt 0.913282 0.480050
vt 0.913282 0.480043
vt 0.913291 0.480043
vt 0.668696 0.251006
vt 0.668696 0.480043
vt 0.913281 0.482301
vt 0.916621 0.349768
vt 0.916612 0.349771
vt 0.664446 0.380012
vt 0.664445 0.380007
vt 0.664464 0.380010
vt 0.668687 0.349768
vt 0.658613 0.227713
vt 0.659107 0.350324
vt 0.659099 0.350322
vt 0.918952 0.478775
vt 0.919726 0.381285
vt 0.919720 0.381285
vt 0.918952 0.252274
vt 0.918947 0.252266
vt 0.919720 0.349763
vt 0.919726 0.349764
vt 0.666356 0.478775
vt 0.658729 0.380921
vt 0.658737 0.380919
vt 0.658740 0.380924
vt 0.085548 0.855739
vt 0.085557 0.855737
vt 0.085557 0.855741
vt 0.085548 0.877909
vt 0.085557 0.877906
vt 0.085557 0.877911
vt 0.374513 0.855741
vt 0.374513 0.855737
vt 0.374521 0.877909
vt 0.374513 0.877911
vt 0.378504 0.882704
vt 0.378514 0.882708
vt 0.081553 0.882712
vt 0.081555 0.882708
vt 0.081565 0.882704
vt 0.081553 0.850935
vt 0.081565 0.850944
vt 0.078764 0.752657
vt 0.078778 0.752649
vt 0.070073 0.851498
vt 0.070088 0.851496
vt 0.381298 0.980999
vt 0.382224 0.882713
vt 0.382225 0.882708
vt 0.371569 0.747761
vt 0.382224 0.850935
vt 0.078764 0.980991
vt 0.078781 0.980999
vt 0.069630 0.882346
vt 0.069642 0.882344
vt 0.069645 0.882348
vt 0.087753 0.751771
vt 0.087755 0.751763
vt 0.087753 0.981877
vt 0.087755 0.981884
vt 0.087740 0.981878
vt 0.372314 0.751771
vt 0.372311 0.751764
vt 0.372323 0.751768
vt 0.372314 0.981877
vt 0.372323 0.981880
vt 0.372311 0.981884
vt 0.085565 0.749108
vt 0.085552 0.749108
vt 0.085552 0.749106
vt 0.085551 0.984540
vt 0.085565 0.984540
vt 0.085552 0.984542
vt 0.372325 0.749108
vt 0.372311 0.749108
vt 0.372311 0.984540
vt 0.372325 0.984540
vt 0.372316 0.984544
vt 0.073696 0.363924
vt 0.073705 0.363921
vt 0.073705 0.363925
vt 0.073695 0.382866
vt 0.073705 0.274743
vt 0.073692 0.274743
vt 0.073692 0.472048
vt 0.073705 0.472048
vt 0.073705 0.472055
vt 0.362662 0.363925
vt 0.362662 0.363921
vt 0.362671 0.363924
vt 0.362671 0.382866
vt 0.362662 0.382870
vt 0.362662 0.382866
vt 0.362662 0.274736
vt 0.362674 0.274743
vt 0.362662 0.274743
vt 0.362662 0.472048
vt 0.362675 0.472048
vt 0.069717 0.274743
vt 0.069704 0.274742
vt 0.069704 0.472049
vt 0.069717 0.472048
vt 0.366650 0.274743
vt 0.366650 0.274739
vt 0.366663 0.274742
vt 0.362662 0.473988
vt 0.362668 0.473988
vt 0.366663 0.386973
vt 0.366650 0.386966
vt 0.366662 0.386969
vt 0.371742 0.360915
vt 0.371744 0.360920
vt 0.371719 0.360916
vt 0.069704 0.386973
vt 0.069704 0.386969
vt 0.069717 0.386966
vt 0.069704 0.359818
vt 0.069717 0.359825
vt 0.069704 0.359822
vt 0.667999 0.228209
vt 0.668008 0.228209
vt 0.058231 0.360302
vt 0.058221 0.360300
vt 0.058235 0.360297
vt 0.369447 0.470962
vt 0.370380 0.386972
vt 0.370373 0.386973
vt 0.369447 0.275828
vt 0.370373 0.359818
vt 0.370380 0.359818
vt 0.066920 0.470962
vt 0.057777 0.386658
vt 0.057788 0.386656
vt 0.057792 0.386661
vt 0.669929 0.850941
vt 0.669937 0.850939
vt 0.669937 0.850943
vt 0.669929 0.871633
vt 0.669937 0.871631
vt 0.669937 0.871635
vt 0.669937 0.753529
vt 0.669927 0.753535
vt 0.669937 0.969039
vt 0.958893 0.850943
vt 0.958893 0.850939
vt 0.958902 0.850941
vt 0.958902 0.871633
vt 0.958893 0.871631
vt 0.958893 0.753529
vt 0.958904 0.753535
vt 0.958893 0.753535
vt 0.958893 0.969039
vt 0.958904 0.969039
vt 0.665935 0.753534
vt 0.665935 0.969040
vt 0.665946 0.969039
vt 0.962885 0.753535
vt 0.962895 0.753534
vt 0.958893 0.971164
vt 0.958893 0.971159
vt 0.962895 0.876117
vt 0.962895 0.876113
vt 0.967975 0.847655
vt 0.967975 0.847658
vt 0.967953 0.847659
vt 0.665935 0.876117
vt 0.665936 0.876113
vt 0.665946 0.876109
vt 0.658624 0.723902
vt 0.654466 0.846984
vt 0.654454 0.846982
vt 0.654468 0.846981
vt 0.965686 0.967846
vt 0.965678 0.967853
vt 0.966612 0.876117
vt 0.966605 0.876113
vt 0.965679 0.754721
vt 0.966605 0.846457
vt 0.966612 0.846458
vt 0.663152 0.967853
vt 0.654023 0.875773
vt 0.672026 0.354526
vt 0.672026 0.354531
vt 0.672019 0.376519
vt 0.672026 0.376518
vt 0.672026 0.376522
vt 0.672017 0.480043
vt 0.913282 0.354526
vt 0.913289 0.354530
vt 0.913282 0.250999
vt 0.913291 0.251006
vt 0.668696 0.251006
vt 0.668696 0.480043
vt 0.913281 0.482301
vt 0.913282 0.482295
vt 0.916622 0.381285
vt 0.916621 0.381281
vt 0.920862 0.351037
vt 0.920863 0.351042
vt 0.668686 0.381285
vt 0.668687 0.381281
vt 0.658613 0.227713
vt 0.659107 0.350324
vt 0.659099 0.350322
vt 0.918952 0.478775
vt 0.918947 0.478782
vt 0.919726 0.381285
vt 0.919720 0.349763
vt 0.666356 0.478775
vt 0.658737 0.380919
vt 0.068261 0.859167
vt 0.068269 0.859163
vt 0.068269 0.859168
vt 0.068261 0.881773
vt 0.068269 0.881772
vt 0.068269 0.881777
vt 0.068269 0.752731
vt 0.068269 0.752738
vt 0.068258 0.752738
vt 0.068269 0.988202
vt 0.068269 0.988209
vt 0.357227 0.859168
vt 0.357227 0.859163
vt 0.357235 0.859167
vt 0.357235 0.881773
vt 0.357227 0.881772
vt 0.357227 0.752731
vt 0.357238 0.752738
vt 0.357227 0.752738
vt 0.357227 0.988202
vt 0.357238 0.988202
vt 0.064280 0.752738
vt 0.064269 0.752737
vt 0.064271 0.752735
vt 0.064269 0.988203
vt 0.361216 0.752738
vt 0.361216 0.752733
vt 0.361227 0.752737
vt 0.357227 0.990518
vt 0.361227 0.886673
vt 0.361216 0.886665
vt 0.361227 0.854267
vt 0.361226 0.854271
vt 0.361216 0.854275
vt 0.059211 0.885362
vt 0.064269 0.854267
vt 0.064269 0.854271
vt 0.668393 0.725753
vt 0.668402 0.725752
vt 0.052796 0.854844
vt 0.364018 0.986899
vt 0.364012 0.986906
vt 0.364938 0.886673
vt 0.364019 0.754041
vt 0.364012 0.754034
vt 0.364938 0.854267
vt 0.364945 0.854267
vt 0.364939 0.854271
vt 0.061477 0.986899
vt 0.061484 0.986906
vt 0.052342 0.886298
vt 0.052353 0.886296
vt 0.052356 0.886302
vt 0.669929 0.850941
vt 0.669929 0.871633
vt 0.669937 0.969039
vt 0.669937 0.969045
vt 0.958893 0.850943
vt 0.958902 0.850941
vt 0.958902 0.871633
vt 0.958893 0.871631
vt 0.958893 0.753530
vt 0.958904 0.753535
vt 0.958893 0.753535
vt 0.665946 0.753535
vt 0.665935 0.753534
vt 0.665946 0.969039
vt 0.962895 0.846457
vt 0.962895 0.846461
vt 0.660856 0.874919
vt 0.660855 0.874916
vt 0.660877 0.874916
vt 0.665935 0.846457
vt 0.665946 0.846465
vt 0.665936 0.846461
vt 0.658613 0.723902
vt 0.658624 0.723902
vt 0.965679 0.967854
vt 0.965678 0.754721
vt 0.966605 0.846457
vt 0.654010 0.875775
vt 0.669929 0.871633
vt 0.669937 0.871631
vt 0.669937 0.753535
vt 0.669937 0.969039
vt 0.958902 0.850941
vt 0.958893 0.753535
vt 0.665946 0.969039
vt 0.962885 0.753535
vt 0.958893 0.971164
vt 0.962895 0.846457
vt 0.962895 0.846461
vt 0.962885 0.846465
vt 0.660855 0.874915
vt 0.665946 0.846465
vt 0.658613 0.723902
vt 0.654454 0.846982
vt 0.965678 0.967854
vt 0.966605 0.876117
vt 0.654010 0.875775
vt 0.654023 0.875773
vt 0.672019 0.354530
vt 0.672026 0.354531
vt 0.672026 0.376518
vt 0.672026 0.376522
vt 0.672026 0.250999
vt 0.672026 0.251006
vt 0.672017 0.251006
vt 0.672017 0.480043
vt 0.672026 0.480043
vt 0.672026 0.480050
vt 0.913282 0.354531
vt 0.913282 0.354526
vt 0.913282 0.376522
vt 0.913282 0.376518
vt 0.913282 0.250999
vt 0.913282 0.251006
vt 0.913282 0.480050
vt 0.913282 0.480043
vt 0.913291 0.480043
vt 0.668687 0.251004
vt 0.668687 0.480044
vt 0.916622 0.251004
vt 0.913282 0.482301
vt 0.913282 0.482295
vt 0.913285 0.482299
vt 0.916621 0.381285
vt 0.916612 0.381277
vt 0.916621 0.349763
vt 0.916621 0.349767
vt 0.664447 0.380012
vt 0.664446 0.380007
vt 0.664464 0.380010
vt 0.668687 0.349763
vt 0.668696 0.349771
vt 0.668687 0.349767
vt 0.658613 0.227713
vt 0.658623 0.227713
vt 0.659107 0.350324
vt 0.659099 0.350322
vt 0.659110 0.350319
vt 0.918952 0.478775
vt 0.918947 0.478782
vt 0.919721 0.381285
vt 0.919721 0.381281
vt 0.918952 0.252274
vt 0.918947 0.252266
vt 0.919721 0.349763
vt 0.919721 0.349768
vt 0.666361 0.478782
vt 0.658729 0.380921
vt 0.658737 0.380919
vt 0.658740 0.380924
vt 0.085548 0.855739
vt 0.085557 0.855737
vt 0.085557 0.855741
vt 0.085548 0.877909
vt 0.085557 0.877906
vt 0.085557 0.877911
vt 0.374513 0.855741
vt 0.374513 0.855737
vt 0.374521 0.855739
vt 0.374513 0.877911
vt 0.374513 0.877907
vt 0.378516 0.882712
vt 0.378504 0.882704
vt 0.378514 0.882708
vt 0.383595 0.852222
vt 0.383573 0.852223
vt 0.081553 0.882712
vt 0.081555 0.882708
vt 0.081565 0.882704
vt 0.081553 0.850935
vt 0.081565 0.850944
vt 0.081555 0.850940
vt 0.078764 0.752657
vt 0.078778 0.752649
vt 0.070085 0.851500
vt 0.070073 0.851498
vt 0.070088 0.851496
vt 0.381305 0.980991
vt 0.381298 0.980999
vt 0.382224 0.882713
vt 0.382225 0.882708
vt 0.371583 0.747769
vt 0.371569 0.747761
vt 0.382224 0.850935
vt 0.382232 0.850936
vt 0.382225 0.850940
vt 0.078764 0.980991
vt 0.078781 0.980999
vt 0.069630 0.882346
vt 0.069642 0.882344
vt 0.087753 0.751771
vt 0.087740 0.751770
vt 0.087755 0.751763
vt 0.087755 0.981884
vt 0.087740 0.981878
vt 0.372314 0.751771
vt 0.372311 0.751763
vt 0.372323 0.751768
vt 0.372323 0.981880
vt 0.372311 0.981884
vt 0.085565 0.749108
vt 0.085552 0.749108
vt 0.085552 0.749106
vt 0.085552 0.984540
vt 0.085552 0.984542
vt 0.372325 0.749108
vt 0.372311 0.749108
vt 0.372316 0.749106
vt 0.372311 0.984540
vt 0.372325 0.984540
vt 0.073696 0.363924
vt 0.073705 0.363921
vt 0.073695 0.382866
vt 0.073705 0.382870
vt 0.073705 0.274736
vt 0.073705 0.274743
vt 0.073692 0.274743
vt 0.073692 0.472048
vt 0.073705 0.472055
vt 0.362662 0.363925
vt 0.362662 0.363921
vt 0.362671 0.363924
vt 0.362671 0.382866
vt 0.362662 0.382870
vt 0.362662 0.382866
vt 0.362662 0.274743
vt 0.362662 0.472055
vt 0.362662 0.472048
vt 0.362675 0.472048
vt 0.069717 0.274743
vt 0.069704 0.274742
vt 0.069704 0.472049
vt 0.069717 0.472048
vt 0.366650 0.274743
vt 0.366650 0.274739
vt 0.362661 0.473993
vt 0.366650 0.386966
vt 0.366663 0.359818
vt 0.366662 0.359822
vt 0.064625 0.385876
vt 0.064623 0.385870
vt 0.064647 0.385875
vt 0.069704 0.359818
vt 0.069717 0.359825
vt 0.667999 0.228209
vt 0.668008 0.228210
vt 0.058231 0.360302
vt 0.058221 0.360300
vt 0.058235 0.360297
vt 0.369454 0.470956
vt 0.369447 0.470962
vt 0.370380 0.386972
vt 0.370373 0.386973
vt 0.369454 0.275835
vt 0.369447 0.275828
vt 0.370373 0.359818
vt 0.370380 0.359818
vt 0.370374 0.359822
vt 0.066913 0.470956
vt 0.057777 0.386658
vt 0.057788 0.386656
vt 0.057792 0.386661
vt 0.669929 0.850941
vt 0.669937 0.850939
vt 0.669937 0.850943
vt 0.669937 0.871631
vt 0.669937 0.871635
vt 0.669937 0.753529
vt 0.669927 0.753535
vt 0.669937 0.969039
vt 0.669937 0.969045
vt 0.958893 0.850943
vt 0.958893 0.850939
vt 0.958902 0.850941
vt 0.958902 0.871633
vt 0.958893 0.871635
vt 0.958893 0.871631
vt 0.958893 0.753535
vt 0.665946 0.969039
vt 0.962885 0.753535
vt 0.962885 0.753531
vt 0.962895 0.753534
vt 0.958892 0.971164
vt 0.958893 0.971159
vt 0.962895 0.876117
vt 0.962885 0.876109
vt 0.962895 0.846457
vt 0.665936 0.876113
vt 0.665946 0.876109
vt 0.665946 0.846465
vt 0.654454 0.846982
vt 0.965679 0.967853
vt 0.966605 0.876117
vt 0.966605 0.876113
vt 0.965678 0.754721
vt 0.966605 0.846457
vt 0.966605 0.846461
vt 0.663145 0.967846
vt 0.663152 0.967854
vt 0.672019 0.354530
vt 0.672026 0.250999
vt 0.913282 0.354531
vt 0.913282 0.354526
vt 0.913289 0.354530
vt 0.913289 0.376519
vt 0.913282 0.376522
vt 0.913282 0.376518
vt 0.913282 0.250999
vt 0.913291 0.251006
vt 0.913291 0.480043
vt 0.668696 0.251006
vt 0.668686 0.251005
vt 0.668696 0.480043
vt 0.916612 0.251006
vt 0.913281 0.482301
vt 0.913282 0.482295
vt 0.916622 0.381285
vt 0.916612 0.381277
vt 0.916621 0.381281
vt 0.916622 0.349763
vt 0.668687 0.381281
vt 0.668696 0.381277
vt 0.668686 0.349763
vt 0.658613 0.227713
vt 0.658623 0.227713
vt 0.659107 0.350324
vt 0.918947 0.478782
vt 0.919720 0.381286
vt 0.918952 0.252274
vt 0.919720 0.349763
vt 0.666356 0.478775
vt 0.666361 0.478782
vt 0.653932 0.857287
vt 0.653946 0.857284
vt 0.653946 0.857290
vt 0.653933 0.877591
vt 0.653946 0.877588
vt 0.653946 0.877594
vt 0.653946 0.761719
vt 0.653930 0.761720
vt 0.653930 0.973159
vt 0.653946 0.973159
vt 0.653946 0.973167
vt 0.942895 0.857290
vt 0.942895 0.857284
vt 0.942908 0.857287
vt 0.942908 0.877591
vt 0.942894 0.877594
vt 0.942895 0.877588
vt 0.942894 0.761711
vt 0.942910 0.761720
vt 0.942894 0.761719
vt 0.942895 0.973167
vt 0.942894 0.973159
vt 0.942910 0.973159
vt 0.649953 0.761719
vt 0.649936 0.761718
vt 0.649952 0.761713
vt 0.649936 0.973160
vt 0.649953 0.973159
vt 0.649941 0.973162
vt 0.946888 0.761719
vt 0.946888 0.761713
vt 0.946904 0.761718
vt 0.942894 0.975248
vt 0.942894 0.975240
vt 0.942900 0.975245
vt 0.946904 0.881992
vt 0.946888 0.881980
vt 0.946903 0.881986
vt 0.946904 0.852887
vt 0.946903 0.852893
vt 0.946888 0.852898
vt 0.644854 0.880815
vt 0.644853 0.880810
vt 0.644886 0.880810
vt 0.649936 0.852887
vt 0.649952 0.852898
vt 0.698224 0.714948
vt 0.698237 0.714948
vt 0.638476 0.853408
vt 0.638458 0.853405
vt 0.638480 0.853403
vt 0.949691 0.971989
vt 0.949680 0.971999
vt 0.950617 0.881991
vt 0.950606 0.881991
vt 0.950607 0.881986
vt 0.949680 0.762879
vt 0.950606 0.852887
vt 0.950617 0.852887
vt 0.950607 0.852893
vt 0.647150 0.971988
vt 0.647161 0.971999
vt 0.638014 0.881653
vt 0.638033 0.881650
vt 0.638037 0.881655
vt 0.052748 0.356927
vt 0.052759 0.356922
vt 0.052759 0.356928
vt 0.052748 0.378728
vt 0.052759 0.378726
vt 0.052759 0.378732
vt 0.052759 0.254288
vt 0.052744 0.254298
vt 0.052759 0.481356
vt 0.052759 0.481366
vt 0.318887 0.356928
vt 0.318898 0.356926
vt 0.318898 0.378727
vt 0.318886 0.378732
vt 0.318887 0.378726
vt 0.318886 0.254287
vt 0.318886 0.481366
vt 0.318886 0.481356
vt 0.318902 0.481356
vt 0.049085 0.254298
vt 0.049069 0.254296
vt 0.049069 0.481358
vt 0.049085 0.481356
vt 0.049085 0.481362
vt 0.322561 0.254298
vt 0.318886 0.483598
vt 0.318886 0.483590
vt 0.322577 0.383454
vt 0.322561 0.383442
vt 0.322576 0.383448
vt 0.322577 0.352200
vt 0.322576 0.352206
vt 0.044389 0.382191
vt 0.044388 0.382183
vt 0.044418 0.382187
vt 0.049069 0.352200
vt 0.049085 0.352212
vt 0.049070 0.352206
vt 0.688349 0.231990
vt 0.038509 0.352762
vt 0.038495 0.352759
vt 0.038514 0.352754
vt 0.325144 0.480099
vt 0.325135 0.480110
vt 0.325998 0.383454
vt 0.325989 0.383454
vt 0.325144 0.255555
vt 0.325135 0.255544
vt 0.325989 0.352200
vt 0.325998 0.352200
vt 0.046501 0.480099
vt 0.046510 0.480110
vt 0.038101 0.383085
vt 0.038106 0.383093
vt 0.046163 0.854316
vt 0.046178 0.854310
vt 0.046177 0.854317
vt 0.046163 0.876871
vt 0.046177 0.876870
vt 0.046178 0.876877
vt 0.046178 0.748114
vt 0.046178 0.748126
vt 0.046157 0.748126
vt 0.046157 0.983061
vt 0.046178 0.983073
vt 0.350817 0.854317
vt 0.350816 0.854310
vt 0.350831 0.854316
vt 0.350817 0.876870
vt 0.350816 0.748114
vt 0.350837 0.748126
vt 0.350816 0.748126
vt 0.350816 0.983073
vt 0.350816 0.983061
vt 0.350837 0.983061
vt 0.041973 0.748126
vt 0.041952 0.748124
vt 0.041952 0.983063
vt 0.041956 0.983064
vt 0.355042 0.748124
vt 0.350816 0.985371
vt 0.350822 0.985379
vt 0.355042 0.881763
vt 0.355041 0.881756
vt 0.355042 0.849424
vt 0.355041 0.849431
vt 0.355021 0.849436
vt 0.036592 0.880446
vt 0.036630 0.880453
vt 0.041952 0.849424
vt 0.041973 0.849436
vt 0.041953 0.849431
vt 0.666581 0.728591
vt 0.666594 0.728591
vt 0.029865 0.850007
vt 0.029848 0.850004
vt 0.357981 0.981761
vt 0.358947 0.881763
vt 0.358947 0.881756
vt 0.357981 0.749426
vt 0.357970 0.749415
vt 0.039013 0.981761
vt 0.039024 0.981772
vt 0.029381 0.881383
vt 0.029398 0.881379
vt 0.029404 0.881389
vt 0.668697 0.856347
vt 0.668711 0.856344
vt 0.668710 0.856350
vt 0.668697 0.878531
vt 0.668710 0.878528
vt 0.668711 0.878535
vt 0.668711 0.751922
vt 0.668695 0.751931
vt 0.668695 0.982947
vt 0.668711 0.982947
vt 0.668711 0.982956
vt 0.957659 0.856350
vt 0.957659 0.856344
vt 0.957672 0.856347
vt 0.957673 0.878531
vt 0.957659 0.878535
vt 0.957659 0.878528
vt 0.957659 0.751922
vt 0.957675 0.751931
vt 0.957659 0.751931
vt 0.957659 0.982956
vt 0.957659 0.982947
vt 0.957675 0.982947
vt 0.664717 0.751931
vt 0.664701 0.751930
vt 0.664717 0.982947
vt 0.664717 0.982953
vt 0.961653 0.751931
vt 0.961664 0.751928
vt 0.957658 0.985229
vt 0.957659 0.985221
vt 0.957670 0.985221
vt 0.961669 0.883339
vt 0.961653 0.883326
vt 0.961668 0.883332
vt 0.966751 0.852825
vt 0.966752 0.852830
vt 0.966719 0.852831
vt 0.664717 0.883326
vt 0.664701 0.851539
vt 0.664717 0.851552
vt 0.664702 0.851546
vt 0.669615 0.727973
vt 0.669629 0.727973
vt 0.653241 0.852109
vt 0.653223 0.852106
vt 0.653244 0.852104
vt 0.964455 0.981668
vt 0.965382 0.883339
vt 0.965372 0.883332
vt 0.964455 0.753210
vt 0.965371 0.851539
vt 0.965382 0.851540
vt 0.661914 0.981668
vt 0.661925 0.981680
vt 0.652779 0.882969
vt 0.652798 0.882966
vt 0.046050 0.108942
vt 0.046060 0.108939
vt 0.046060 0.129630
vt 0.046060 0.129637
vt 0.046060 0.011545
vt 0.046060 0.011554
vt 0.046048 0.011554
vt 0.046060 0.227022
vt 0.046060 0.227031
vt 0.303439 0.108945
vt 0.303438 0.108939
vt 0.303449 0.129634
vt 0.303438 0.129637
vt 0.303451 0.011554
vt 0.303438 0.011554
vt 0.303438 0.227031
vt 0.303438 0.227022
vt 0.303451 0.227022
vt 0.042504 0.011554
vt 0.042492 0.011552
vt 0.042492 0.227024
vt 0.042504 0.227022
vt 0.042495 0.227025
vt 0.306995 0.011554
vt 0.307007 0.011552
vt 0.303438 0.229150
vt 0.307007 0.134118
vt 0.306995 0.134106
vt 0.307006 0.134112
vt 0.307006 0.104464
vt 0.306995 0.104470
vt 0.037965 0.132914
vt 0.037992 0.132913
vt 0.042492 0.104458
vt 0.042504 0.104470
vt 0.042492 0.104464
vt 0.654399 0.231671
vt 0.654413 0.231671
vt 0.032280 0.104988
vt 0.032266 0.104986
vt 0.032283 0.104984
vt 0.309491 0.225830
vt 0.309482 0.225840
vt 0.310307 0.134118
vt 0.309491 0.012746
vt 0.309482 0.012736
vt 0.310307 0.104458
vt 0.310316 0.104459
vt 0.040017 0.225840
vt 0.031871 0.133773
vt 0.031886 0.133770
vt 0.051991 0.608752
vt 0.052005 0.608747
vt 0.052005 0.608753
vt 0.051991 0.629924
vt 0.052005 0.629923
vt 0.052005 0.629929
vt 0.052005 0.509067
vt 0.052005 0.509079
vt 0.051986 0.509078
vt 0.051986 0.729598
vt 0.052005 0.729598
vt 0.052005 0.729609
vt 0.340956 0.608747
vt 0.340970 0.608752
vt 0.340970 0.629924
vt 0.340956 0.629930
vt 0.340956 0.629923
vt 0.340956 0.509067
vt 0.340956 0.509078
vt 0.340956 0.729609
vt 0.340956 0.729598
vt 0.340975 0.729598
vt 0.048017 0.509078
vt 0.047998 0.509077
vt 0.047998 0.729600
vt 0.048017 0.729598
vt 0.048001 0.729601
vt 0.344944 0.509072
vt 0.340955 0.731776
vt 0.340956 0.731766
vt 0.340961 0.731773
vt 0.344963 0.634516
vt 0.344944 0.634504
vt 0.344963 0.634509
vt 0.344963 0.604161
vt 0.042916 0.633288
vt 0.042913 0.633279
vt 0.047998 0.604161
vt 0.048017 0.604173
vt 0.047998 0.604167
vt 0.670012 0.725149
vt 0.036533 0.604708
vt 0.036517 0.604705
vt 0.036539 0.604699
vt 0.347751 0.728377
vt 0.347741 0.728388
vt 0.348677 0.634515
vt 0.347741 0.510288
vt 0.348667 0.604161
vt 0.348668 0.604167
vt 0.045210 0.728378
vt 0.045220 0.728388
vt 0.036073 0.634159
vt 0.036096 0.634164
vt 0.052748 0.356927
vt 0.052759 0.356922
vt 0.052759 0.356928
vt 0.052748 0.378728
vt 0.052759 0.378726
vt 0.052759 0.378732
vt 0.052759 0.254298
vt 0.052744 0.254298
vt 0.052744 0.481356
vt 0.052759 0.481356
vt 0.052759 0.481366
vt 0.318887 0.356928
vt 0.318886 0.356922
vt 0.318898 0.378727
vt 0.318887 0.378732
vt 0.318887 0.378726
vt 0.318886 0.254298
vt 0.318886 0.481367
vt 0.049069 0.254296
vt 0.049069 0.481358
vt 0.049085 0.481356
vt 0.049072 0.481359
vt 0.322561 0.254298
vt 0.318886 0.483589
vt 0.318895 0.483590
vt 0.322577 0.383454
vt 0.322561 0.383442
vt 0.322577 0.352200
vt 0.322561 0.352212
vt 0.044389 0.382191
vt 0.044388 0.382183
vt 0.044418 0.382187
vt 0.049069 0.352200
vt 0.049085 0.352212
vt 0.688349 0.231990
vt 0.688363 0.231990
vt 0.038509 0.352762
vt 0.038495 0.352759
vt 0.038514 0.352754
vt 0.325144 0.480099
vt 0.325135 0.480110
vt 0.325989 0.383454
vt 0.325144 0.255555
vt 0.325135 0.255544
vt 0.325990 0.352206
vt 0.046501 0.480099
vt 0.046510 0.480110
vt 0.038087 0.383088
vt 0.038101 0.383085
vt 0.038106 0.383093
vt 0.046163 0.854316
vt 0.046178 0.854310
vt 0.046177 0.854317
vt 0.046163 0.876871
vt 0.046177 0.876870
vt 0.046178 0.876877
vt 0.046178 0.748114
vt 0.046178 0.748126
vt 0.046157 0.748126
vt 0.046178 0.983061
vt 0.046178 0.983073
vt 0.350816 0.854310
vt 0.350831 0.876871
vt 0.350816 0.876877
vt 0.350817 0.876870
vt 0.350837 0.748126
vt 0.350816 0.748126
vt 0.350816 0.983073
vt 0.350816 0.983061
vt 0.041952 0.748124
vt 0.041952 0.983063
vt 0.041956 0.983065
vt 0.355021 0.748119
vt 0.355042 0.748124
vt 0.350815 0.985382
vt 0.350816 0.985371
vt 0.355042 0.881763
vt 0.355021 0.881751
vt 0.355041 0.881756
vt 0.355042 0.849424
vt 0.036594 0.880455
vt 0.036592 0.880446
vt 0.036630 0.880453
vt 0.041952 0.849424
vt 0.041953 0.849431
vt 0.029865 0.850007
vt 0.029848 0.850004
vt 0.357981 0.981761
vt 0.357970 0.981772
vt 0.358957 0.881762
vt 0.358948 0.881756
vt 0.357970 0.749415
vt 0.358947 0.849424
vt 0.039013 0.981761
vt 0.039024 0.981772
vt 0.029381 0.881383
vt 0.029398 0.881379
vt 0.668711 0.856344
vt 0.668710 0.856350
vt 0.668697 0.878531
vt 0.668710 0.878528
vt 0.668711 0.878535
vt 0.668710 0.751921
vt 0.668711 0.751931
vt 0.668694 0.751931
vt 0.668694 0.982947
vt 0.668710 0.982957
vt 0.957659 0.856350
vt 0.957659 0.856344
vt 0.957673 0.856347
vt 0.957673 0.878531
vt 0.957659 0.878535
vt 0.957659 0.878528
vt 0.957659 0.751921
vt 0.957676 0.751931
vt 0.957659 0.751931
vt 0.957659 0.982957
vt 0.957659 0.982947
vt 0.957675 0.982947
vt 0.664718 0.751925
vt 0.664701 0.982948
vt 0.664718 0.982953
vt 0.961652 0.751931
vt 0.961664 0.751928
vt 0.961669 0.751930
vt 0.957658 0.985229
vt 0.957659 0.985221
vt 0.957670 0.985221
vt 0.961668 0.883339
vt 0.961668 0.883332
vt 0.966751 0.852825
vt 0.966752 0.852831
vt 0.966718 0.852830
vt 0.664701 0.883339
vt 0.664702 0.883332
vt 0.664718 0.883326
vt 0.664718 0.851552
vt 0.669615 0.727969
vt 0.653240 0.852109
vt 0.653223 0.852106
vt 0.653244 0.852104
vt 0.964455 0.981668
vt 0.964444 0.981680
vt 0.965382 0.883338
vt 0.965371 0.883339
vt 0.965371 0.883332
vt 0.964455 0.753210
vt 0.964444 0.753198
vt 0.965371 0.851546
vt 0.661914 0.981669
vt 0.661925 0.981680
vt 0.652797 0.882965
vt 0.046060 0.108939
vt 0.046060 0.108945
vt 0.046050 0.129634
vt 0.046060 0.129630
vt 0.046060 0.129637
vt 0.046060 0.011545
vt 0.046060 0.011554
vt 0.046048 0.011554
vt 0.046048 0.227022
vt 0.046060 0.227031
vt 0.303438 0.108939
vt 0.303449 0.108942
vt 0.303449 0.129634
vt 0.303438 0.129637
vt 0.303439 0.129630
vt 0.303438 0.011545
vt 0.303451 0.011554
vt 0.303438 0.011554
vt 0.303438 0.227031
vt 0.303438 0.227022
vt 0.303451 0.227022
vt 0.042492 0.011552
vt 0.042504 0.011548
vt 0.042492 0.227024
vt 0.042504 0.227022
vt 0.042504 0.227028
vt 0.306995 0.011554
vt 0.307007 0.011552
vt 0.303438 0.229150
vt 0.303438 0.229143
vt 0.307007 0.134118
vt 0.307006 0.134112
vt 0.307007 0.104458
vt 0.307006 0.104464
vt 0.306995 0.104470
vt 0.037965 0.132918
vt 0.037992 0.132913
vt 0.042492 0.104458
vt 0.042504 0.104470
vt 0.042492 0.104464
vt 0.654399 0.231671
vt 0.654413 0.231671
vt 0.032280 0.104988
vt 0.032266 0.104986
vt 0.032283 0.104984
vt 0.309491 0.225830
vt 0.310316 0.134117
vt 0.309491 0.012746
vt 0.309482 0.012736
vt 0.310307 0.104458
vt 0.310316 0.104459
vt 0.310308 0.104464
vt 0.040008 0.225830
vt 0.040017 0.225840
vt 0.031886 0.133770
vt 0.085548 0.855739
vt 0.085557 0.855736
vt 0.085557 0.855741
vt 0.085548 0.877909
vt 0.085557 0.877907
vt 0.085557 0.877911
vt 0.374513 0.855741
vt 0.374513 0.855736
vt 0.374521 0.855739
vt 0.374521 0.877909
vt 0.374513 0.877911
vt 0.374513 0.877906
vt 0.378516 0.882713
vt 0.378504 0.882704
vt 0.383595 0.852222
vt 0.383572 0.852223
vt 0.383597 0.852219
vt 0.081553 0.882713
vt 0.081555 0.882708
vt 0.081565 0.882703
vt 0.081553 0.850935
vt 0.081565 0.850944
vt 0.078764 0.752657
vt 0.078778 0.752649
vt 0.070085 0.851500
vt 0.070073 0.851498
vt 0.070088 0.851496
vt 0.381305 0.980990
vt 0.381298 0.980999
vt 0.382231 0.882713
vt 0.382224 0.882713
vt 0.371584 0.747769
vt 0.382224 0.850935
vt 0.382232 0.850935
vt 0.078764 0.980990
vt 0.078781 0.980999
vt 0.069630 0.882346
vt 0.069642 0.882345
vt 0.069645 0.882348
vt 0.086145 0.752842
vt 0.086133 0.752844
vt 0.086140 0.752836
vt 0.086145 0.980806
vt 0.086140 0.980812
vt 0.086133 0.980804
vt 0.373924 0.752841
vt 0.373926 0.752832
vt 0.373936 0.752842
vt 0.373924 0.980807
vt 0.373936 0.980806
vt 0.373926 0.980816
vt 0.081566 0.752834
vt 0.081566 0.752844
vt 0.081562 0.752838
vt 0.081566 0.980804
vt 0.081566 0.980813
vt 0.081556 0.980809
vt 0.378504 0.751385
vt 0.378504 0.751376
vt 0.378507 0.751375
vt 0.378504 0.982272
vt 0.378504 0.982263
vt 0.378507 0.982273
vt 0.073695 0.363924
vt 0.073705 0.363920
vt 0.073705 0.363925
vt 0.073695 0.382867
vt 0.073705 0.382866
vt 0.073705 0.382870
vt 0.073705 0.274736
vt 0.073705 0.274743
vt 0.073692 0.274743
vt 0.073692 0.472047
vt 0.073705 0.472047
vt 0.073705 0.472055
vt 0.362662 0.363921
vt 0.362671 0.363924
vt 0.362671 0.382867
vt 0.362662 0.382870
vt 0.362662 0.382866
vt 0.362662 0.274736
vt 0.362675 0.274743
vt 0.362662 0.274743
vt 0.362662 0.472055
vt 0.362662 0.472047
vt 0.362675 0.472047
vt 0.069717 0.274743
vt 0.069704 0.274742
vt 0.069706 0.274741
vt 0.069704 0.472049
vt 0.069717 0.472047
vt 0.069706 0.472050
vt 0.366650 0.274743
vt 0.366663 0.274742
vt 0.362661 0.473994
vt 0.362662 0.473988
vt 0.362665 0.473992
vt 0.366663 0.386973
vt 0.366650 0.386965
vt 0.366663 0.359817
vt 0.366650 0.359825
vt 0.064625 0.385876
vt 0.064648 0.385874
vt 0.069704 0.359817
vt 0.069717 0.359825
vt 0.069704 0.359822
vt 0.667999 0.228209
vt 0.668008 0.228209
vt 0.058231 0.360302
vt 0.058221 0.360300
vt 0.058236 0.360297
vt 0.369454 0.470955
vt 0.369447 0.470962
vt 0.370380 0.386973
vt 0.370373 0.386973
vt 0.369454 0.275835
vt 0.369447 0.275828
vt 0.370373 0.359817
vt 0.370380 0.359818
vt 0.370374 0.359822
vt 0.066913 0.470955
vt 0.066920 0.470962
vt 0.057777 0.386658
vt 0.057788 0.386656
vt 0.057792 0.386661
vt 0.669929 0.850941
vt 0.669937 0.850938
vt 0.669928 0.871634
vt 0.669937 0.871636
vt 0.669937 0.753530
vt 0.669937 0.753536
vt 0.669927 0.753536
vt 0.669927 0.969038
vt 0.669937 0.969038
vt 0.958893 0.850943
vt 0.958893 0.850938
vt 0.958902 0.850940
vt 0.958902 0.871634
vt 0.958893 0.871636
vt 0.958893 0.871631
vt 0.958893 0.753530
vt 0.958904 0.753536
vt 0.958893 0.753536
vt 0.958893 0.969045
vt 0.958893 0.969038
vt 0.958904 0.969038
vt 0.665946 0.753536
vt 0.665935 0.753534
vt 0.665938 0.753533
vt 0.665935 0.969040
vt 0.665946 0.969038
vt 0.665938 0.969041
vt 0.962885 0.753536
vt 0.962896 0.753535
vt 0.958893 0.971164
vt 0.962896 0.876118
vt 0.962885 0.876109
vt 0.967975 0.847655
vt 0.967952 0.847660
vt 0.665935 0.876118
vt 0.665936 0.876113
vt 0.665946 0.876109
vt 0.665935 0.846457
vt 0.665946 0.846466
vt 0.658612 0.723902
vt 0.654469 0.846981
vt 0.965686 0.967846
vt 0.965678 0.967854
vt 0.966612 0.876117
vt 0.966605 0.876118
vt 0.966605 0.876113
vt 0.965686 0.754729
vt 0.965678 0.754721
vt 0.966605 0.846457
vt 0.966612 0.846457
vt 0.663145 0.967846
vt 0.663152 0.967854
vt 0.654010 0.875775
vt 0.654022 0.875773
vt 0.654025 0.875776
vt 0.672019 0.354529
vt 0.672026 0.354526
vt 0.672026 0.354531
vt 0.672019 0.376520
vt 0.672026 0.376518
vt 0.672026 0.376523
vt 0.672026 0.251007
vt 0.672017 0.251007
vt 0.672017 0.480042
vt 0.672026 0.480042
vt 0.913282 0.354531
vt 0.913282 0.354526
vt 0.913289 0.354529
vt 0.913289 0.376520
vt 0.913282 0.376523
vt 0.913282 0.250999
vt 0.913291 0.251007
vt 0.913282 0.251007
vt 0.913282 0.480042
vt 0.913291 0.480042
vt 0.668696 0.251007
vt 0.668686 0.251005
vt 0.668688 0.251004
vt 0.668686 0.480044
vt 0.668696 0.480042
vt 0.668688 0.480045
vt 0.916612 0.251007
vt 0.916622 0.251005
vt 0.913281 0.482301
vt 0.913282 0.482295
vt 0.916622 0.381286
vt 0.916612 0.381277
vt 0.920862 0.351037
vt 0.920863 0.351042
vt 0.920844 0.351040
vt 0.668686 0.381286
vt 0.668696 0.381277
vt 0.668686 0.349763
vt 0.668696 0.349772
vt 0.658612 0.227713
vt 0.659099 0.350323
vt 0.659110 0.350319
vt 0.918952 0.478775
vt 0.918947 0.478782
vt 0.919726 0.381286
vt 0.919720 0.381286
vt 0.918952 0.252274
vt 0.918947 0.252266
vt 0.919720 0.349763
vt 0.919726 0.349763
vt 0.666356 0.478775
vt 0.666361 0.478782
vt 0.658729 0.380921
vt 0.658737 0.380919
vt 0.658740 0.380924
vt 0.889027 0.979143
vt 0.889039 0.979106
vt 0.889029 0.979143
vt 0.889031 0.873730
vt 0.889027 0.873730
vt 0.889039 0.873700
vt 0.889028 0.787209
vt 0.889031 0.787335
vt 0.889031 0.787287
vt 0.528178 0.747640
vt 0.528158 0.747640
vt 0.528189 0.747635
vt 0.887400 0.821032
vt 0.887402 0.821053
vt 0.887393 0.821022
vt 0.541205 0.992677
vt 0.541246 0.992677
vt 0.541218 0.992682
vt 0.887400 0.926406
vt 0.887402 0.926469
vt 0.887393 0.926436
vt 0.591767 0.747640
vt 0.591726 0.747640
vt 0.591746 0.747635
vt 0.889029 0.867173
vt 0.889031 0.867144
vt 0.889031 0.867147
vt 0.605117 0.992677
vt 0.605137 0.992677
vt 0.605105 0.992682
vt 0.704931 0.011608
vt 0.704928 0.011608
vt 0.704931 0.011607
vt 0.910090 0.158073
vt 0.909994 0.158072
vt 0.910090 0.158072
vt 0.704928 0.060429
vt 0.704931 0.060428
vt 0.704931 0.060447
vt 0.807502 0.060428
vt 0.807509 0.060429
vt 0.807482 0.060611
vt 0.704894 0.158072
vt 0.704928 0.158072
vt 0.704889 0.158073
vt 0.807509 0.158072
vt 0.807606 0.158072
vt 0.807512 0.158073
vt 0.704894 0.109252
vt 0.704931 0.109235
vt 0.704929 0.109252
vt 0.807605 0.109252
vt 0.807509 0.109252
vt 0.807504 0.109251
vt 0.800734 0.011608
vt 0.800724 0.011608
vt 0.800724 0.011607
vt 0.800724 0.060428
vt 0.800734 0.060428
vt 0.800727 0.060465
vt 0.800732 0.109233
vt 0.800727 0.109251
vt 0.800724 0.109251
vt 0.559412 0.046180
vt 0.559397 0.046180
vt 0.559397 0.046177
vt 0.807509 0.109252
vt 0.807506 0.109252
vt 0.807506 0.109251
vt 0.807509 0.158072
vt 0.807509 0.158073
vt 0.807507 0.158072
vt 0.800730 0.109251
vt 0.800730 0.109252
vt 0.800727 0.109252
vt 0.547544 0.069569
vt 0.547542 0.069572
vt 0.547527 0.069572
vt 0.981344 0.091100
vt 0.981339 0.091100
vt 0.981339 0.091087
vt 0.861367 0.091100
vt 0.861360 0.091100
vt 0.861360 0.091087
vt 0.551055 0.206891
vt 0.551076 0.206891
vt 0.551076 0.206895
vt 0.761247 0.091100
vt 0.761240 0.091100
vt 0.761247 0.091087
vt 0.858826 0.011611
vt 0.858790 0.011611
vt 0.858790 0.206891
vt 0.858826 0.206891
vt 0.858799 0.206895
vt 0.551055 0.011611
vt 0.551076 0.011611
vt 0.551076 0.011607
vt 0.961351 0.011607
vt 0.961351 0.011611
vt 0.961381 0.011611
vt 0.641262 0.104676
vt 0.641268 0.104676
vt 0.641268 0.104688
vt 0.961381 0.206891
vt 0.961352 0.206891
vt 0.961351 0.206895
vt 0.858790 0.011611
vt 0.858829 0.011611
vt 0.858799 0.206895
vt 0.858829 0.206891
vt 0.858790 0.206891
vt 0.672026 0.349768
vt 0.672017 0.349768
vt 0.672026 0.381281
vt 0.672017 0.381281
vt 0.916612 0.480043
vt 0.916622 0.480044
vt 0.913282 0.349768
vt 0.913291 0.349768
vt 0.913282 0.381281
vt 0.913291 0.381281
vt 0.526082 0.495418
vt 0.526095 0.495418
vt 0.612051 0.242408
vt 0.612039 0.242408
vt 0.913282 0.354526
vt 0.913289 0.354530
vt 0.569067 0.242403
vt 0.601534 0.242403
vt 0.601533 0.242408
vt 0.569067 0.242408
vt 0.569067 0.495423
vt 0.536599 0.495423
vt 0.536600 0.495418
vt 0.569067 0.495418
vt 0.916612 0.349771
vt 0.916622 0.349763
vt 0.664574 0.351279
vt 0.659107 0.350324
vt 0.664575 0.351274
vt 0.672026 0.482295
vt 0.672027 0.482301
vt 0.913282 0.248754
vt 0.672026 0.248754
vt 0.672027 0.248748
vt 0.913281 0.248748
vt 0.612043 0.242403
vt 0.601534 0.495423
vt 0.601533 0.495418
vt 0.526091 0.495423
vt 0.672021 0.248754
vt 0.672021 0.482295
vt 0.536599 0.242403
vt 0.536601 0.242408
vt 0.916612 0.480047
vt 0.658943 0.365666
vt 0.664592 0.351276
vt 0.658960 0.365666
vt 0.926348 0.365383
vt 0.926365 0.365383
vt 0.854593 0.121025
vt 0.854603 0.121025
vt 0.658613 0.121025
vt 0.658623 0.121025
vt 0.530843 0.121025
vt 0.530838 0.121025
vt 0.982378 0.121025
vt 0.982373 0.121025
vt 0.926568 0.350125
vt 0.926571 0.350130
vt 0.919720 0.381285
vt 0.665587 0.381281
vt 0.665588 0.381285
vt 0.664445 0.380007
vt 0.664464 0.380010
vt 0.920716 0.379773
vt 0.920734 0.379770
vt 0.044697 0.604807
vt 0.044674 0.604807
vt 0.044697 0.633869
vt 0.044674 0.633869
vt 0.383886 0.724946
vt 0.383909 0.724948
vt 0.379268 0.604807
vt 0.379291 0.604807
vt 0.379268 0.633869
vt 0.379291 0.633869
vt 0.379300 0.619338
vt 0.379291 0.627002
vt 0.379280 0.626996
vt 0.379280 0.619338
vt 0.044665 0.619338
vt 0.044674 0.611674
vt 0.044685 0.611681
vt 0.044685 0.619338
vt 0.035767 0.604807
vt 0.035768 0.604801
vt 0.044697 0.727023
vt 0.044698 0.727033
vt 0.379268 0.511653
vt 0.044697 0.511653
vt 0.044698 0.511644
vt 0.379267 0.511644
vt 0.040079 0.633864
vt 0.040056 0.633875
vt 0.044674 0.627002
vt 0.044685 0.626996
vt 0.379291 0.611674
vt 0.379280 0.611681
vt 0.383886 0.724952
vt 0.026540 0.619469
vt 0.034347 0.606204
vt 0.034389 0.606197
vt 0.026579 0.619469
vt 0.397386 0.619208
vt 0.389754 0.605979
vt 0.389796 0.605985
vt 0.397425 0.619208
vt 0.036840 0.514889
vt 0.035756 0.604802
vt 0.036828 0.514899
vt 0.847587 0.622154
vt 0.847588 0.511369
vt 0.847602 0.511369
vt 0.847602 0.622154
vt 0.665615 0.622153
vt 0.665615 0.511369
vt 0.665629 0.511369
vt 0.665629 0.622153
vt 0.048081 0.728254
vt 0.375884 0.728254
vt 0.375860 0.728258
vt 0.048105 0.728258
vt 0.375884 0.510423
vt 0.048081 0.510423
vt 0.048105 0.510418
vt 0.375860 0.510418
vt 0.035768 0.633875
vt 0.035756 0.633874
vt 0.018837 0.619437
vt 0.018856 0.619437
vt 0.405109 0.619239
vt 0.397697 0.605146
vt 0.397716 0.605143
vt 0.405128 0.619239
vt 0.397177 0.633359
vt 0.389614 0.632481
vt 0.389617 0.632472
vt 0.397184 0.633351
vt 0.389576 0.632479
vt 0.847587 0.732938
vt 0.847602 0.732938
vt 0.397202 0.633354
vt 0.653946 0.852893
vt 0.653930 0.852893
vt 0.653946 0.881985
vt 0.653930 0.881986
vt 0.946888 0.973159
vt 0.946904 0.973160
vt 0.942894 0.852893
vt 0.942910 0.852893
vt 0.942894 0.881986
vt 0.942910 0.881985
vt 0.942922 0.867439
vt 0.942915 0.875111
vt 0.942905 0.875105
vt 0.942905 0.867439
vt 0.653919 0.867439
vt 0.653926 0.859767
vt 0.653935 0.859773
vt 0.653935 0.867439
vt 0.646233 0.852893
vt 0.646234 0.852887
vt 0.653946 0.975240
vt 0.653947 0.975248
vt 0.942894 0.759638
vt 0.653946 0.759638
vt 0.653947 0.759631
vt 0.942894 0.759631
vt 0.649953 0.881980
vt 0.649936 0.881992
vt 0.653925 0.875111
vt 0.653935 0.875105
vt 0.653935 0.759638
vt 0.653935 0.975240
vt 0.942915 0.859767
vt 0.942905 0.859773
vt 0.942905 0.759638
vt 0.638263 0.867570
vt 0.645008 0.854287
vt 0.645040 0.854287
vt 0.638297 0.867570
vt 0.958543 0.867308
vt 0.951954 0.854068
vt 0.951987 0.854068
vt 0.958577 0.867308
vt 0.647161 0.762879
vt 0.646223 0.852887
vt 0.647150 0.762890
vt 0.859274 0.616872
vt 0.859274 0.518797
vt 0.859287 0.518797
vt 0.859287 0.616873
vt 0.698224 0.616872
vt 0.698224 0.518796
vt 0.698237 0.518796
vt 0.698237 0.616872
vt 0.656867 0.976469
vt 0.939973 0.976469
vt 0.939951 0.976474
vt 0.656890 0.976474
vt 0.939973 0.758409
vt 0.656867 0.758409
vt 0.656890 0.758404
vt 0.939950 0.758404
vt 0.646234 0.881992
vt 0.646223 0.881991
vt 0.631611 0.867538
vt 0.631629 0.867538
vt 0.965211 0.867340
vt 0.958807 0.853228
vt 0.958826 0.853226
vt 0.965229 0.867340
vt 0.958360 0.881475
vt 0.951832 0.880596
vt 0.951833 0.880591
vt 0.958365 0.881471
vt 0.951800 0.880591
vt 0.859273 0.714948
vt 0.859287 0.714949
vt 0.958382 0.881473
vt 0.052759 0.352206
vt 0.052743 0.352206
vt 0.052759 0.383448
vt 0.052743 0.383448
vt 0.322561 0.481356
vt 0.322577 0.481358
vt 0.318886 0.352206
vt 0.318902 0.352206
vt 0.318887 0.383448
vt 0.318902 0.383448
vt 0.318911 0.367827
vt 0.318904 0.376065
vt 0.318895 0.376059
vt 0.318895 0.367827
vt 0.052735 0.367827
vt 0.052742 0.359589
vt 0.052751 0.359595
vt 0.052751 0.367827
vt 0.045656 0.352206
vt 0.045657 0.352200
vt 0.052759 0.483590
vt 0.052760 0.483598
vt 0.318886 0.252065
vt 0.052759 0.252065
vt 0.052760 0.252056
vt 0.318886 0.252056
vt 0.049085 0.383442
vt 0.049069 0.383454
vt 0.052742 0.376066
vt 0.052751 0.376059
vt 0.318904 0.359588
vt 0.318895 0.359595
vt 0.318895 0.252065
vt 0.038319 0.367968
vt 0.044530 0.353706
vt 0.044560 0.353702
vt 0.038349 0.367967
vt 0.333297 0.367687
vt 0.327228 0.353467
vt 0.327258 0.353471
vt 0.333327 0.367687
vt 0.046510 0.255544
vt 0.045648 0.352200
vt 0.046501 0.255555
vt 0.871608 0.120410
vt 0.871608 0.008829
vt 0.871622 0.008829
vt 0.871622 0.120410
vt 0.688349 0.120409
vt 0.688349 0.008829
vt 0.688363 0.008829
vt 0.688363 0.120409
vt 0.055453 0.484911
vt 0.316193 0.484911
vt 0.316175 0.484916
vt 0.055471 0.484916
vt 0.316193 0.250743
vt 0.055453 0.250743
vt 0.055471 0.250738
vt 0.316175 0.250738
vt 0.045657 0.383454
vt 0.045648 0.383454
vt 0.032191 0.367933
vt 0.032205 0.367933
vt 0.339441 0.367721
vt 0.333545 0.352569
vt 0.333559 0.352566
vt 0.339455 0.367721
vt 0.333132 0.382900
vt 0.327114 0.381956
vt 0.327116 0.381948
vt 0.333136 0.382892
vt 0.327086 0.381953
vt 0.871608 0.231990
vt 0.871622 0.231990
vt 0.333150 0.382895
vt 0.046178 0.849431
vt 0.046157 0.849431
vt 0.046178 0.881756
vt 0.046157 0.881756
vt 0.355021 0.983061
vt 0.355042 0.983063
vt 0.350816 0.849431
vt 0.350837 0.849431
vt 0.350816 0.881756
vt 0.350837 0.881756
vt 0.350845 0.865593
vt 0.350837 0.874118
vt 0.350827 0.874111
vt 0.350827 0.865593
vt 0.046149 0.865594
vt 0.046157 0.857069
vt 0.046167 0.857076
vt 0.046167 0.865593
vt 0.038046 0.849431
vt 0.038047 0.849424
vt 0.046178 0.985371
vt 0.046179 0.985381
vt 0.350816 0.745816
vt 0.046178 0.745816
vt 0.046179 0.745805
vt 0.350815 0.745805
vt 0.041973 0.881751
vt 0.041952 0.881763
vt 0.046157 0.874118
vt 0.046167 0.874111
vt 0.350837 0.857069
vt 0.350827 0.857076
vt 0.350827 0.745816
vt 0.029646 0.865739
vt 0.036755 0.850984
vt 0.036792 0.850976
vt 0.029681 0.865739
vt 0.367313 0.865448
vt 0.360364 0.850734
vt 0.360402 0.850741
vt 0.367348 0.865448
vt 0.039024 0.749415
vt 0.038037 0.849425
vt 0.039013 0.749426
vt 0.840421 0.622758
vt 0.840421 0.516925
vt 0.840434 0.516925
vt 0.840434 0.622758
vt 0.666581 0.622758
vt 0.666581 0.516924
vt 0.666594 0.516924
vt 0.666594 0.622758
vt 0.049260 0.986740
vt 0.347734 0.986740
vt 0.347713 0.986745
vt 0.049281 0.986745
vt 0.347734 0.744447
vt 0.049260 0.744447
vt 0.049281 0.744442
vt 0.347713 0.744442
vt 0.038047 0.881763
vt 0.038037 0.881762
vt 0.022632 0.865703
vt 0.022649 0.865703
vt 0.374345 0.865484
vt 0.367596 0.849808
vt 0.367613 0.849804
vt 0.374362 0.865484
vt 0.367123 0.881189
vt 0.360236 0.880212
vt 0.360239 0.880202
vt 0.367129 0.881180
vt 0.360202 0.880210
vt 0.840421 0.728591
vt 0.840434 0.728591
vt 0.367146 0.881183
vt 0.668711 0.851546
vt 0.668694 0.851546
vt 0.668711 0.883332
vt 0.668694 0.883332
vt 0.961653 0.982947
vt 0.961669 0.982949
vt 0.957659 0.851546
vt 0.957675 0.851546
vt 0.957659 0.883332
vt 0.957675 0.883332
vt 0.957687 0.867439
vt 0.957679 0.875821
vt 0.957670 0.875815
vt 0.957670 0.867439
vt 0.668683 0.867439
vt 0.668690 0.859057
vt 0.668700 0.859064
vt 0.668700 0.867439
vt 0.961652 0.851552
vt 0.961669 0.851539
vt 0.659772 0.853069
vt 0.659773 0.853064
vt 0.668711 0.985221
vt 0.668711 0.985229
vt 0.957659 0.749657
vt 0.668711 0.749657
vt 0.668711 0.749649
vt 0.957658 0.749649
vt 0.668690 0.875821
vt 0.668700 0.875815
vt 0.957680 0.859057
vt 0.957670 0.859064
vt 0.957670 0.749657
vt 0.653027 0.867582
vt 0.659805 0.853069
vt 0.653062 0.867582
vt 0.973307 0.867296
vt 0.973342 0.867296
vt 0.661925 0.753198
vt 0.660999 0.851539
vt 0.660988 0.851540
vt 0.661914 0.753210
vt 0.846687 0.620140
vt 0.846687 0.512307
vt 0.846702 0.512307
vt 0.846702 0.620140
vt 0.669615 0.620140
vt 0.669615 0.512307
vt 0.669629 0.512307
vt 0.669629 0.620140
vt 0.671632 0.986564
vt 0.954738 0.986564
vt 0.954715 0.986569
vt 0.671654 0.986569
vt 0.954738 0.748314
vt 0.671632 0.748314
vt 0.671654 0.748309
vt 0.954715 0.748309
vt 0.660999 0.883339
vt 0.660988 0.883338
vt 0.646376 0.867547
vt 0.646394 0.867547
vt 0.979976 0.867331
vt 0.973572 0.851912
vt 0.973591 0.851910
vt 0.979994 0.867331
vt 0.973568 0.851907
vt 0.660998 0.883332
vt 0.659618 0.882048
vt 0.659651 0.882048
vt 0.966565 0.881809
vt 0.966597 0.881809
vt 0.846687 0.727974
vt 0.846702 0.727974
vt 0.973129 0.882770
vt 0.973147 0.882772
vt 0.046060 0.104464
vt 0.046048 0.104464
vt 0.046060 0.134112
vt 0.046048 0.134112
vt 0.306995 0.227022
vt 0.307007 0.227024
vt 0.303438 0.104464
vt 0.303451 0.104464
vt 0.303438 0.134112
vt 0.303451 0.134112
vt 0.303461 0.119288
vt 0.303455 0.127106
vt 0.303447 0.127100
vt 0.303447 0.119288
vt 0.046037 0.119288
vt 0.046044 0.111470
vt 0.046052 0.111476
vt 0.046052 0.119288
vt 0.039191 0.104464
vt 0.039192 0.104458
vt 0.046060 0.229143
vt 0.046061 0.229150
vt 0.303438 0.009432
vt 0.046060 0.009432
vt 0.046061 0.009426
vt 0.303438 0.009426
vt 0.042504 0.134106
vt 0.042492 0.134118
vt 0.046044 0.127106
vt 0.046052 0.127100
vt 0.303455 0.111470
vt 0.303447 0.111476
vt 0.303447 0.009432
vt 0.032095 0.119421
vt 0.038103 0.105885
vt 0.038129 0.105886
vt 0.032123 0.119421
vt 0.317376 0.119155
vt 0.311507 0.105663
vt 0.311534 0.105662
vt 0.317404 0.119155
vt 0.040017 0.012736
vt 0.039183 0.104459
vt 0.040008 0.012746
vt 0.839116 0.119179
vt 0.839117 0.006687
vt 0.839131 0.006687
vt 0.839130 0.119179
vt 0.654399 0.119179
vt 0.654399 0.006686
vt 0.654413 0.006686
vt 0.654413 0.119179
vt 0.048665 0.230396
vt 0.300834 0.230396
vt 0.300816 0.230401
vt 0.048683 0.230401
vt 0.300833 0.008180
vt 0.048665 0.008180
vt 0.048683 0.008175
vt 0.300816 0.008175
vt 0.039192 0.134118
vt 0.039183 0.134117
vt 0.026168 0.119389
vt 0.026181 0.119389
vt 0.323318 0.119187
vt 0.317613 0.104805
vt 0.317628 0.104803
vt 0.323331 0.119187
vt 0.317215 0.133592
vt 0.311396 0.132695
vt 0.311396 0.132691
vt 0.317219 0.133587
vt 0.311370 0.132690
vt 0.839116 0.231672
vt 0.839130 0.231672
vt 0.317232 0.133590
vt 0.099037 0.853841
vt 0.099020 0.853841
vt 0.099037 0.885858
vt 0.099020 0.885858
vt 0.340619 0.986195
vt 0.340635 0.986197
vt 0.337330 0.853841
vt 0.337346 0.853841
vt 0.337330 0.885858
vt 0.337346 0.885858
vt 0.337352 0.869849
vt 0.337346 0.878292
vt 0.337338 0.878286
vt 0.337338 0.869849
vt 0.099014 0.869850
vt 0.099020 0.861407
vt 0.099028 0.861413
vt 0.099028 0.869849
vt 0.092676 0.853841
vt 0.092677 0.853834
vt 0.099037 0.988483
vt 0.099037 0.988494
vt 0.337330 0.751215
vt 0.099037 0.751215
vt 0.099037 0.751205
vt 0.337329 0.751205
vt 0.095748 0.885852
vt 0.095731 0.885865
vt 0.099020 0.878293
vt 0.099028 0.878286
vt 0.099028 0.751215
vt 0.337346 0.861406
vt 0.337338 0.861413
vt 0.086105 0.869993
vt 0.091666 0.855380
vt 0.091695 0.855372
vt 0.086132 0.869993
vt 0.350234 0.869706
vt 0.344798 0.855132
vt 0.344828 0.855139
vt 0.350262 0.869706
vt 0.093441 0.754780
vt 0.092669 0.853835
vt 0.093433 0.754791
vt 0.851069 0.121025
vt 0.851069 0.008997
vt 0.851083 0.008997
vt 0.851083 0.121025
vt 0.667054 0.121025
vt 0.667054 0.008997
vt 0.667069 0.008997
vt 0.667069 0.121025
vt 0.101447 0.989839
vt 0.334919 0.989839
vt 0.334902 0.989844
vt 0.101464 0.989844
vt 0.334919 0.749860
vt 0.101447 0.749860
vt 0.101464 0.749855
vt 0.334902 0.749855
vt 0.092677 0.885865
vt 0.092669 0.885864
vt 0.080619 0.869958
vt 0.080632 0.869958
vt 0.355735 0.869741
vt 0.350455 0.854214
vt 0.350469 0.854211
vt 0.355748 0.869741
vt 0.350085 0.885296
vt 0.344698 0.884329
vt 0.344701 0.884319
vt 0.350090 0.885287
vt 0.344671 0.884327
vt 0.851069 0.233052
vt 0.851083 0.233052
vt 0.350103 0.885291
vt 0.659646 0.852926
vt 0.659630 0.852926
vt 0.659646 0.884712
vt 0.659630 0.884712
vt 0.952588 0.984322
vt 0.952604 0.984324
vt 0.948595 0.852926
vt 0.948611 0.852926
vt 0.948595 0.884712
vt 0.948611 0.884712
vt 0.948622 0.868819
vt 0.948615 0.877201
vt 0.948606 0.877194
vt 0.948606 0.868819
vt 0.659619 0.868819
vt 0.659626 0.860437
vt 0.659636 0.860444
vt 0.659636 0.868819
vt 0.952588 0.852932
vt 0.952604 0.852920
vt 0.650708 0.854450
vt 0.650709 0.854444
vt 0.659646 0.986596
vt 0.659647 0.986605
vt 0.948595 0.751042
vt 0.659646 0.751042
vt 0.659647 0.751033
vt 0.948594 0.751033
vt 0.659626 0.877201
vt 0.659636 0.877194
vt 0.948615 0.860437
vt 0.948606 0.860444
vt 0.948606 0.751042
vt 0.643963 0.868962
vt 0.650740 0.854450
vt 0.643998 0.868962
vt 0.964243 0.868676
vt 0.964278 0.868676
vt 0.652861 0.754582
vt 0.651935 0.852920
vt 0.651924 0.852920
vt 0.652850 0.754594
vt 0.857520 0.623906
vt 0.857520 0.529713
vt 0.857536 0.529713
vt 0.857536 0.623906
vt 0.661540 0.623906
vt 0.661540 0.529712
vt 0.661556 0.529712
vt 0.661556 0.623906
vt 0.662568 0.987939
vt 0.945673 0.987939
vt 0.945651 0.987945
vt 0.662590 0.987945
vt 0.945673 0.749699
vt 0.662568 0.749699
vt 0.662590 0.749693
vt 0.945651 0.749693
vt 0.651935 0.884718
vt 0.651924 0.884718
vt 0.637312 0.868927
vt 0.637330 0.868927
vt 0.970911 0.868711
vt 0.964508 0.853293
vt 0.964526 0.853290
vt 0.970930 0.868711
vt 0.964504 0.853288
vt 0.651934 0.884712
vt 0.650554 0.883427
vt 0.650587 0.883427
vt 0.957501 0.883188
vt 0.957533 0.883188
vt 0.857520 0.718100
vt 0.857536 0.718100
vt 0.964065 0.884149
vt 0.964083 0.884152
vt 0.089332 0.104207
vt 0.089318 0.104207
vt 0.089332 0.134654
vt 0.089318 0.134654
vt 0.382276 0.230070
vt 0.382291 0.230072
vt 0.378284 0.104207
vt 0.378298 0.104207
vt 0.378284 0.134654
vt 0.378298 0.134654
vt 0.378310 0.119431
vt 0.378303 0.127459
vt 0.378293 0.127453
vt 0.378293 0.119431
vt 0.089307 0.119431
vt 0.089314 0.111402
vt 0.089323 0.111408
vt 0.089323 0.119431
vt 0.081620 0.104207
vt 0.081621 0.104201
vt 0.089332 0.232249
vt 0.089333 0.232256
vt 0.378284 0.006613
vt 0.089332 0.006613
vt 0.089333 0.006606
vt 0.378283 0.006606
vt 0.085340 0.134648
vt 0.085326 0.134660
vt 0.089314 0.127459
vt 0.089323 0.127453
vt 0.089323 0.006613
vt 0.089323 0.232249
vt 0.378303 0.111402
vt 0.378293 0.111408
vt 0.382276 0.230076
vt 0.073653 0.119568
vt 0.080399 0.105666
vt 0.080428 0.105667
vt 0.073685 0.119568
vt 0.393931 0.119294
vt 0.387342 0.105438
vt 0.387372 0.105437
vt 0.393963 0.119294
vt 0.082547 0.010005
vt 0.081611 0.104201
vt 0.082538 0.010016
vt 0.838283 0.119712
vt 0.838283 0.008329
vt 0.838297 0.008329
vt 0.838297 0.119712
vt 0.655388 0.119712
vt 0.655388 0.008329
vt 0.655401 0.008329
vt 0.655401 0.119712
vt 0.092257 0.233535
vt 0.375360 0.233535
vt 0.375340 0.233540
vt 0.092276 0.233540
vt 0.375359 0.005326
vt 0.092257 0.005326
vt 0.092276 0.005322
vt 0.375340 0.005322
vt 0.081621 0.134660
vt 0.081611 0.134660
vt 0.066999 0.119534
vt 0.067015 0.119534
vt 0.400602 0.119327
vt 0.394198 0.104558
vt 0.394214 0.104555
vt 0.400617 0.119327
vt 0.393751 0.134120
vt 0.387217 0.133200
vt 0.387218 0.133195
vt 0.393755 0.134116
vt 0.387189 0.133194
vt 0.838283 0.231095
vt 0.838297 0.231095
vt 0.393770 0.134118
vt 0.052005 0.604167
vt 0.051986 0.604167
vt 0.052005 0.634509
vt 0.051986 0.634509
vt 0.344944 0.729598
vt 0.344964 0.729600
vt 0.340956 0.604167
vt 0.340975 0.604167
vt 0.340956 0.634509
vt 0.340975 0.634509
vt 0.340983 0.619338
vt 0.340975 0.627339
vt 0.340965 0.627333
vt 0.340966 0.619338
vt 0.051978 0.619338
vt 0.051986 0.611337
vt 0.051996 0.611343
vt 0.051996 0.619338
vt 0.044293 0.604167
vt 0.044294 0.604161
vt 0.052005 0.731766
vt 0.052006 0.731776
vt 0.340956 0.506910
vt 0.052005 0.506910
vt 0.052006 0.506900
vt 0.340955 0.506900
vt 0.048017 0.634504
vt 0.047998 0.634516
vt 0.051985 0.627340
vt 0.051996 0.627333
vt 0.051996 0.506910
vt 0.051996 0.731766
vt 0.340976 0.611337
vt 0.340966 0.611343
vt 0.344944 0.729604
vt 0.036325 0.619475
vt 0.043068 0.605625
vt 0.043103 0.605618
vt 0.036358 0.619475
vt 0.356603 0.619202
vt 0.350012 0.605390
vt 0.350048 0.605397
vt 0.356636 0.619202
vt 0.045220 0.510288
vt 0.044284 0.604162
vt 0.045210 0.510299
vt 0.846304 0.617815
vt 0.846304 0.510481
vt 0.846318 0.510481
vt 0.846318 0.617815
vt 0.669999 0.617815
vt 0.669999 0.510480
vt 0.670012 0.510480
vt 0.670012 0.617815
vt 0.054929 0.733051
vt 0.338032 0.733051
vt 0.338012 0.733056
vt 0.054949 0.733056
vt 0.338032 0.505625
vt 0.054929 0.505625
vt 0.054949 0.505621
vt 0.338012 0.505621
vt 0.044294 0.634516
vt 0.044284 0.634515
vt 0.029672 0.619441
vt 0.029688 0.619441
vt 0.363273 0.619235
vt 0.356871 0.604521
vt 0.356888 0.604518
vt 0.363289 0.619235
vt 0.356422 0.633977
vt 0.349891 0.633060
vt 0.349893 0.633051
vt 0.356428 0.633968
vt 0.349858 0.633058
vt 0.846304 0.725149
vt 0.846318 0.725150
vt 0.356444 0.633971
vt 0.052759 0.352206
vt 0.052743 0.352206
vt 0.052759 0.383448
vt 0.052743 0.383448
vt 0.322561 0.481356
vt 0.322577 0.481358
vt 0.318886 0.352206
vt 0.318886 0.383448
vt 0.318911 0.367827
vt 0.318904 0.376065
vt 0.318895 0.376059
vt 0.318895 0.367827
vt 0.052735 0.367827
vt 0.052751 0.359595
vt 0.052751 0.367827
vt 0.045656 0.352206
vt 0.045657 0.352200
vt 0.052759 0.483589
vt 0.052760 0.483598
vt 0.318886 0.252065
vt 0.052759 0.252064
vt 0.052760 0.252056
vt 0.049085 0.383442
vt 0.049069 0.383454
vt 0.052742 0.376066
vt 0.052751 0.376059
vt 0.052751 0.252065
vt 0.318904 0.359588
vt 0.318895 0.359595
vt 0.038319 0.367967
vt 0.044530 0.353706
vt 0.044560 0.353702
vt 0.038349 0.367967
vt 0.333297 0.367687
vt 0.327258 0.353471
vt 0.333327 0.367687
vt 0.046510 0.255544
vt 0.871608 0.120410
vt 0.871622 0.008829
vt 0.871622 0.120410
vt 0.688349 0.120409
vt 0.688363 0.008829
vt 0.688363 0.120409
vt 0.055453 0.484911
vt 0.316193 0.484911
vt 0.316175 0.484916
vt 0.316193 0.250743
vt 0.055453 0.250743
vt 0.055471 0.250738
vt 0.045657 0.383454
vt 0.045648 0.383454
vt 0.032191 0.367933
vt 0.032205 0.367933
vt 0.339441 0.367721
vt 0.333545 0.352569
vt 0.333559 0.352566
vt 0.339455 0.367721
vt 0.333132 0.382900
vt 0.327116 0.381948
vt 0.333137 0.382892
vt 0.327086 0.381952
vt 0.871608 0.231990
vt 0.871622 0.231990
vt 0.046178 0.849431
vt 0.046157 0.849431
vt 0.046178 0.881756
vt 0.046157 0.881756
vt 0.355042 0.983063
vt 0.350816 0.849431
vt 0.350837 0.849431
vt 0.350837 0.881756
vt 0.350845 0.865593
vt 0.350827 0.874111
vt 0.350827 0.865593
vt 0.046149 0.865593
vt 0.046157 0.857069
vt 0.046167 0.857076
vt 0.038046 0.849431
vt 0.038047 0.849424
vt 0.046178 0.985371
vt 0.046179 0.985382
vt 0.350816 0.745816
vt 0.046178 0.745816
vt 0.046179 0.745805
vt 0.350815 0.745805
vt 0.041973 0.881751
vt 0.041952 0.881763
vt 0.046157 0.874118
vt 0.046167 0.745816
vt 0.046167 0.985371
vt 0.350837 0.857069
vt 0.350827 0.857076
vt 0.355021 0.983068
vt 0.029646 0.865739
vt 0.036755 0.850984
vt 0.036792 0.850976
vt 0.029681 0.865739
vt 0.367313 0.865448
vt 0.360402 0.850741
vt 0.367348 0.865448
vt 0.039024 0.749415
vt 0.038037 0.849425
vt 0.840421 0.622758
vt 0.840421 0.516925
vt 0.840435 0.516925
vt 0.840434 0.622758
vt 0.666581 0.516924
vt 0.666594 0.516924
vt 0.049260 0.986740
vt 0.347735 0.986740
vt 0.347713 0.986745
vt 0.049281 0.986745
vt 0.347734 0.744447
vt 0.049260 0.744447
vt 0.049281 0.744442
vt 0.347713 0.744442
vt 0.038047 0.881763
vt 0.022649 0.865703
vt 0.374345 0.865484
vt 0.367596 0.849808
vt 0.367613 0.849804
vt 0.374362 0.865484
vt 0.367123 0.881189
vt 0.360236 0.880212
vt 0.360239 0.880203
vt 0.367129 0.881180
vt 0.360202 0.880210
vt 0.840421 0.728591
vt 0.840435 0.728591
vt 0.367146 0.881183
vt 0.668711 0.851546
vt 0.668694 0.851546
vt 0.668711 0.883332
vt 0.668694 0.883332
vt 0.961652 0.982947
vt 0.961669 0.982948
vt 0.957659 0.851546
vt 0.957676 0.851546
vt 0.957659 0.883332
vt 0.957676 0.883332
vt 0.957687 0.867439
vt 0.957679 0.875821
vt 0.957670 0.875815
vt 0.957670 0.867439
vt 0.668683 0.867439
vt 0.668700 0.859064
vt 0.668700 0.867439
vt 0.961652 0.851552
vt 0.961669 0.851539
vt 0.659772 0.853070
vt 0.659773 0.853064
vt 0.668711 0.985221
vt 0.668711 0.985229
vt 0.957659 0.749658
vt 0.668711 0.749658
vt 0.957658 0.749649
vt 0.668690 0.875821
vt 0.668700 0.875815
vt 0.957680 0.859057
vt 0.957670 0.859064
vt 0.957670 0.749658
vt 0.653028 0.867582
vt 0.659805 0.853069
vt 0.653062 0.867582
vt 0.973307 0.867296
vt 0.973342 0.867296
vt 0.661925 0.753198
vt 0.660999 0.851539
vt 0.660988 0.851540
vt 0.846687 0.620140
vt 0.846687 0.512311
vt 0.846702 0.512311
vt 0.846702 0.620140
vt 0.669615 0.620140
vt 0.669615 0.512311
vt 0.669629 0.512311
vt 0.671632 0.986564
vt 0.671632 0.748314
vt 0.660999 0.883339
vt 0.660988 0.883338
vt 0.646376 0.867547
vt 0.646394 0.867547
vt 0.979976 0.867331
vt 0.973572 0.851913
vt 0.973591 0.851910
vt 0.979994 0.867331
vt 0.659617 0.882048
vt 0.659651 0.882048
vt 0.966565 0.881809
vt 0.966598 0.881808
vt 0.846687 0.727969
vt 0.846702 0.727969
vt 0.973130 0.882769
vt 0.973147 0.882772
vt 0.046060 0.104464
vt 0.046048 0.104464
vt 0.046060 0.134112
vt 0.046048 0.134112
vt 0.306995 0.227022
vt 0.307007 0.227024
vt 0.303438 0.134112
vt 0.303451 0.134111
vt 0.303455 0.127106
vt 0.303447 0.127100
vt 0.046037 0.119288
vt 0.046044 0.111470
vt 0.046052 0.119288
vt 0.039191 0.104464
vt 0.039192 0.104458
vt 0.046060 0.229143
vt 0.046061 0.229150
vt 0.303438 0.009432
vt 0.046060 0.009432
vt 0.046061 0.009426
vt 0.303438 0.009426
vt 0.042504 0.134106
vt 0.042492 0.134118
vt 0.046044 0.127106
vt 0.046052 0.127100
vt 0.046052 0.009432
vt 0.303447 0.111476
vt 0.306995 0.227028
vt 0.032095 0.119421
vt 0.038103 0.105885
vt 0.038129 0.105886
vt 0.032123 0.119421
vt 0.311507 0.105663
vt 0.311534 0.105662
vt 0.317404 0.119155
vt 0.040017 0.012736
vt 0.839117 0.119179
vt 0.839117 0.006687
vt 0.839131 0.006687
vt 0.839131 0.119179
vt 0.654399 0.119179
vt 0.654399 0.006686
vt 0.654413 0.006686
vt 0.654413 0.119179
vt 0.048665 0.230396
vt 0.300833 0.230396
vt 0.300816 0.230401
vt 0.300833 0.008180
vt 0.048665 0.008180
vt 0.048683 0.008175
vt 0.039192 0.134118
vt 0.039183 0.134117
vt 0.026168 0.119389
vt 0.026181 0.119389
vt 0.323317 0.119187
vt 0.317613 0.104805
vt 0.317628 0.104803
vt 0.323331 0.119187
vt 0.317216 0.133592
vt 0.311396 0.132691
vt 0.317219 0.133587
vt 0.311370 0.132690
vt 0.839117 0.231672
vt 0.317232 0.133590
vt 0.085557 0.850940
vt 0.085546 0.850940
vt 0.374512 0.882708
vt 0.374523 0.882708
vt 0.085557 0.882708
vt 0.085546 0.882708
vt 0.374513 0.850940
vt 0.374523 0.850940
vt 0.374531 0.866824
vt 0.374526 0.875199
vt 0.374520 0.875195
vt 0.374520 0.866824
vt 0.085539 0.866824
vt 0.085543 0.858449
vt 0.085550 0.858453
vt 0.085550 0.866824
vt 0.076629 0.852461
vt 0.076627 0.852457
vt 0.085543 0.875199
vt 0.085550 0.875195
vt 0.374526 0.858449
vt 0.374520 0.858453
vt 0.069884 0.866967
vt 0.076650 0.852462
vt 0.069906 0.866967
vt 0.390163 0.866681
vt 0.390186 0.866681
vt 0.077845 0.850935
vt 0.077838 0.850936
vt 0.840632 0.610721
vt 0.840632 0.508365
vt 0.840641 0.508365
vt 0.840641 0.610721
vt 0.381298 0.752649
vt 0.381305 0.752657
vt 0.672575 0.610720
vt 0.672575 0.508365
vt 0.672584 0.508365
vt 0.672584 0.610720
vt 0.088486 0.985883
vt 0.371584 0.985880
vt 0.371569 0.985887
vt 0.088501 0.985887
vt 0.088486 0.747765
vt 0.088501 0.747761
vt 0.077845 0.882713
vt 0.077838 0.882712
vt 0.063226 0.866932
vt 0.063238 0.866932
vt 0.396832 0.866716
vt 0.390427 0.851304
vt 0.390440 0.851301
vt 0.396844 0.866716
vt 0.390425 0.851300
vt 0.077845 0.882708
vt 0.076475 0.881425
vt 0.076497 0.881425
vt 0.383419 0.881187
vt 0.383440 0.881187
vt 0.840632 0.713076
vt 0.840641 0.713076
vt 0.672575 0.713076
vt 0.672584 0.713076
vt 0.389984 0.882148
vt 0.389996 0.882150
vt 0.081562 0.751375
vt 0.081562 0.751766
vt 0.081557 0.751770
vt 0.081552 0.751379
vt 0.081567 0.751379
vt 0.081566 0.752839
vt 0.081562 0.752838
vt 0.081562 0.751770
vt 0.081565 0.754303
vt 0.081553 0.754298
vt 0.081565 0.979344
vt 0.081566 0.980809
vt 0.081557 0.980809
vt 0.081553 0.979350
vt 0.081567 0.982268
vt 0.081562 0.981878
vt 0.089953 0.984540
vt 0.089948 0.984547
vt 0.378504 0.754303
vt 0.378504 0.751376
vt 0.378516 0.754298
vt 0.374519 0.749109
vt 0.373922 0.749106
vt 0.370117 0.749108
vt 0.370122 0.749101
vt 0.370116 0.984540
vt 0.370122 0.984547
vt 0.374519 0.984539
vt 0.373922 0.984542
vt 0.378504 0.982272
vt 0.378504 0.979344
vt 0.378516 0.979350
vt 0.378507 0.982273
vt 0.089954 0.751379
vt 0.089953 0.751373
vt 0.086146 0.752841
vt 0.086135 0.752839
vt 0.085557 0.754304
vt 0.085546 0.754303
vt 0.089954 0.982269
vt 0.089953 0.982275
vt 0.086146 0.980807
vt 0.086135 0.980809
vt 0.085557 0.979344
vt 0.085546 0.979344
vt 0.373924 0.980808
vt 0.374513 0.979344
vt 0.374523 0.979344
vt 0.373933 0.980812
vt 0.370116 0.982269
vt 0.370116 0.982275
vt 0.374512 0.754304
vt 0.373924 0.752840
vt 0.373933 0.752836
vt 0.374523 0.754303
vt 0.370116 0.751379
vt 0.370116 0.751373
vt 0.089948 0.749101
vt 0.089953 0.749108
vt 0.378516 0.850935
vt 0.378504 0.850944
vt 0.073705 0.359822
vt 0.073692 0.359822
vt 0.073705 0.386969
vt 0.073692 0.386969
vt 0.366650 0.472048
vt 0.366663 0.472049
vt 0.362662 0.359822
vt 0.362675 0.359822
vt 0.362662 0.386969
vt 0.362675 0.386969
vt 0.362680 0.373395
vt 0.362675 0.380552
vt 0.362668 0.380549
vt 0.362668 0.373395
vt 0.073687 0.373395
vt 0.073692 0.366238
vt 0.073698 0.366242
vt 0.073698 0.373395
vt 0.065993 0.359822
vt 0.065993 0.359818
vt 0.073705 0.473988
vt 0.073705 0.473993
vt 0.362662 0.272803
vt 0.073705 0.272803
vt 0.073705 0.272797
vt 0.362661 0.272797
vt 0.069717 0.386966
vt 0.073692 0.380552
vt 0.073698 0.380548
vt 0.073698 0.272803
vt 0.073698 0.473988
vt 0.362675 0.366238
vt 0.362668 0.366242
vt 0.366650 0.472052
vt 0.058033 0.373518
vt 0.064777 0.361124
vt 0.064801 0.361120
vt 0.058055 0.373517
vt 0.378311 0.373273
vt 0.371719 0.360916
vt 0.371744 0.360920
vt 0.378333 0.373273
vt 0.066920 0.275828
vt 0.065986 0.359818
vt 0.066913 0.275835
vt 0.839007 0.124078
vt 0.839007 0.019945
vt 0.839016 0.019945
vt 0.839016 0.124078
vt 0.667999 0.124077
vt 0.667999 0.019945
vt 0.668008 0.019945
vt 0.668008 0.124077
vt 0.076635 0.475137
vt 0.359732 0.475137
vt 0.359718 0.475140
vt 0.076649 0.475140
vt 0.359731 0.271654
vt 0.076635 0.271654
vt 0.076649 0.271651
vt 0.359718 0.271651
vt 0.065993 0.386973
vt 0.065986 0.386972
vt 0.051375 0.373488
vt 0.051385 0.373488
vt 0.384981 0.373303
vt 0.378578 0.360135
vt 0.378589 0.360133
vt 0.384992 0.373303
vt 0.378131 0.386494
vt 0.371587 0.385672
vt 0.371589 0.385666
vt 0.378135 0.386488
vt 0.371565 0.385671
vt 0.839007 0.228210
vt 0.839016 0.228209
vt 0.378146 0.386490
vt 0.669937 0.846461
vt 0.669927 0.846461
vt 0.669937 0.876113
vt 0.669927 0.876113
vt 0.962885 0.969039
vt 0.962895 0.969040
vt 0.958893 0.846461
vt 0.958904 0.846461
vt 0.958893 0.876113
vt 0.958904 0.876113
vt 0.958911 0.861287
vt 0.958907 0.869104
vt 0.958900 0.869100
vt 0.958900 0.861287
vt 0.669919 0.861287
vt 0.669924 0.853470
vt 0.669930 0.853474
vt 0.669930 0.861287
vt 0.662225 0.846461
vt 0.662226 0.846457
vt 0.669937 0.971159
vt 0.669938 0.971164
vt 0.958893 0.751415
vt 0.669937 0.751415
vt 0.669938 0.751410
vt 0.958893 0.751410
vt 0.665946 0.876109
vt 0.665935 0.876117
vt 0.669924 0.869104
vt 0.669930 0.869100
vt 0.669930 0.751415
vt 0.669930 0.971159
vt 0.958907 0.853470
vt 0.958900 0.853474
vt 0.962885 0.969043
vt 0.654264 0.861420
vt 0.661010 0.847882
vt 0.661031 0.847882
vt 0.654287 0.861421
vt 0.974543 0.861154
vt 0.967953 0.847659
vt 0.974566 0.861154
vt 0.663152 0.754721
vt 0.662218 0.846458
vt 0.663145 0.754728
vt 0.854592 0.618718
vt 0.854593 0.513534
vt 0.854603 0.513534
vt 0.854603 0.618718
vt 0.658613 0.618718
vt 0.658613 0.513534
vt 0.658624 0.513534
vt 0.658624 0.618718
vt 0.672866 0.972413
vt 0.955964 0.972413
vt 0.955949 0.972416
vt 0.672881 0.972416
vt 0.955964 0.750162
vt 0.672866 0.750162
vt 0.672881 0.750158
vt 0.955949 0.750158
vt 0.662226 0.876117
vt 0.662218 0.876117
vt 0.647606 0.861388
vt 0.647618 0.861388
vt 0.981212 0.861186
vt 0.974808 0.846801
vt 0.974820 0.846799
vt 0.981224 0.861186
vt 0.974362 0.875593
vt 0.967820 0.874696
vt 0.967821 0.874693
vt 0.974365 0.875590
vt 0.967799 0.874693
vt 0.854593 0.723902
vt 0.854603 0.723902
vt 0.974377 0.875592
vt 0.672017 0.349768
vt 0.672026 0.381281
vt 0.672017 0.381281
vt 0.916612 0.480043
vt 0.916622 0.480044
vt 0.913282 0.349768
vt 0.913291 0.349768
vt 0.913282 0.381281
vt 0.913291 0.381281
vt 0.913296 0.365524
vt 0.913292 0.373832
vt 0.913287 0.373828
vt 0.913287 0.365524
vt 0.672011 0.365524
vt 0.672016 0.357216
vt 0.672021 0.357221
vt 0.672021 0.365524
vt 0.665587 0.349768
vt 0.665588 0.349763
vt 0.672027 0.482301
vt 0.913282 0.248754
vt 0.672026 0.248754
vt 0.672027 0.248748
vt 0.913281 0.248748
vt 0.668696 0.381277
vt 0.672016 0.373832
vt 0.672021 0.373828
vt 0.913292 0.357216
vt 0.913287 0.357221
vt 0.658942 0.365666
vt 0.664574 0.351279
vt 0.664592 0.351276
vt 0.658960 0.365666
vt 0.926348 0.365383
vt 0.926365 0.365383
vt 0.666361 0.252266
vt 0.665582 0.349764
vt 0.666356 0.252273
vt 0.854593 0.121025
vt 0.854593 0.014337
vt 0.854603 0.014336
vt 0.854603 0.121025
vt 0.658613 0.121025
vt 0.658613 0.014336
vt 0.658623 0.014336
vt 0.658623 0.121025
vt 0.674473 0.483629
vt 0.910835 0.483629
vt 0.910824 0.483632
vt 0.674484 0.483632
vt 0.910835 0.247420
vt 0.674473 0.247420
vt 0.674484 0.247417
vt 0.910824 0.247417
vt 0.665588 0.381285
vt 0.665582 0.381285
vt 0.653383 0.365631
vt 0.653391 0.365631
vt 0.931917 0.365417
vt 0.926571 0.350130
vt 0.926579 0.350128
vt 0.931925 0.365417
vt 0.926198 0.380729
vt 0.920733 0.379775
vt 0.920734 0.379770
vt 0.926200 0.380724
vt 0.920716 0.379773
vt 0.854593 0.227713
vt 0.854603 0.227713
vt 0.926209 0.380726
vt 0.068269 0.854271
vt 0.068258 0.854271
vt 0.068269 0.886669
vt 0.068258 0.886669
vt 0.361216 0.988202
vt 0.361227 0.988203
vt 0.357227 0.854271
vt 0.357238 0.854271
vt 0.357227 0.886669
vt 0.357238 0.886669
vt 0.357244 0.870470
vt 0.357239 0.879011
vt 0.357233 0.879007
vt 0.357233 0.870470
vt 0.068252 0.870470
vt 0.068257 0.861929
vt 0.068263 0.861933
vt 0.068263 0.870470
vt 0.060557 0.854271
vt 0.060558 0.854267
vt 0.068269 0.990518
vt 0.068270 0.990524
vt 0.357227 0.750422
vt 0.068269 0.750422
vt 0.068270 0.750416
vt 0.357226 0.750416
vt 0.064280 0.886665
vt 0.064269 0.886674
vt 0.068256 0.879011
vt 0.068263 0.879007
vt 0.068263 0.750422
vt 0.068263 0.990518
vt 0.357240 0.861929
vt 0.357233 0.861933
vt 0.361216 0.988206
vt 0.052599 0.870616
vt 0.059343 0.855825
vt 0.059365 0.855821
vt 0.052620 0.870616
vt 0.372876 0.870324
vt 0.366285 0.855578
vt 0.366307 0.855581
vt 0.372897 0.870324
vt 0.061484 0.754034
vt 0.060551 0.854267
vt 0.061477 0.754041
vt 0.844814 0.618316
vt 0.844814 0.510880
vt 0.844823 0.510880
vt 0.844823 0.618316
vt 0.668393 0.618316
vt 0.668393 0.510879
vt 0.668402 0.510879
vt 0.668402 0.618316
vt 0.071200 0.991889
vt 0.354296 0.991889
vt 0.354283 0.991892
vt 0.071213 0.991892
vt 0.354296 0.749051
vt 0.071200 0.749051
vt 0.071213 0.749048
vt 0.354283 0.749048
vt 0.060558 0.886673
vt 0.060551 0.886673
vt 0.045939 0.870580
vt 0.045949 0.870580
vt 0.379547 0.870360
vt 0.373143 0.854643
vt 0.373154 0.854641
vt 0.379557 0.870360
vt 0.372697 0.886102
vt 0.366151 0.885121
vt 0.366153 0.885115
vt 0.372700 0.886096
vt 0.366131 0.885118
vt 0.844814 0.725752
vt 0.844823 0.725753
vt 0.372710 0.886098
vt 0.669937 0.846461
vt 0.669927 0.846461
vt 0.669937 0.876113
vt 0.962885 0.969039
vt 0.958904 0.846461
vt 0.958893 0.876113
vt 0.958904 0.876113
vt 0.958911 0.861287
vt 0.958907 0.869104
vt 0.958900 0.869100
vt 0.958900 0.861287
vt 0.669930 0.853474
vt 0.669930 0.861287
vt 0.661010 0.847881
vt 0.661010 0.847878
vt 0.669937 0.971159
vt 0.669938 0.971164
vt 0.958893 0.751415
vt 0.669937 0.751415
vt 0.669938 0.751410
vt 0.958893 0.751410
vt 0.669924 0.869104
vt 0.669930 0.869100
vt 0.958900 0.853474
vt 0.654264 0.861421
vt 0.654287 0.861421
vt 0.974543 0.861154
vt 0.974566 0.861154
vt 0.663152 0.754721
vt 0.662226 0.846457
vt 0.854593 0.618718
vt 0.854593 0.513534
vt 0.854603 0.513534
vt 0.854603 0.618718
vt 0.658613 0.618718
vt 0.658613 0.513534
vt 0.658624 0.513534
vt 0.658624 0.618718
vt 0.672866 0.972413
vt 0.955964 0.972413
vt 0.955964 0.750162
vt 0.672866 0.750162
vt 0.647606 0.861388
vt 0.647618 0.861388
vt 0.981212 0.861186
vt 0.974808 0.846801
vt 0.974820 0.846799
vt 0.981224 0.861187
vt 0.974805 0.846798
vt 0.662225 0.876113
vt 0.660855 0.874916
vt 0.660877 0.874915
vt 0.967800 0.874693
vt 0.967821 0.874693
vt 0.854593 0.723902
vt 0.854603 0.723902
vt 0.974365 0.875591
vt 0.672026 0.349767
vt 0.672026 0.381281
vt 0.672017 0.381281
vt 0.916612 0.480043
vt 0.913282 0.349768
vt 0.913282 0.381281
vt 0.913291 0.381281
vt 0.913296 0.365524
vt 0.913292 0.373832
vt 0.913287 0.373828
vt 0.913287 0.365524
vt 0.672012 0.365524
vt 0.672016 0.357216
vt 0.672021 0.365524
vt 0.664574 0.351279
vt 0.672026 0.482295
vt 0.672027 0.482301
vt 0.913282 0.248754
vt 0.672026 0.248754
vt 0.672027 0.248748
vt 0.913281 0.248748
vt 0.672015 0.373832
vt 0.672021 0.373828
vt 0.913292 0.357216
vt 0.913287 0.357221
vt 0.664592 0.351276
vt 0.658960 0.365666
vt 0.666361 0.252266
vt 0.665588 0.349763
vt 0.854593 0.121025
vt 0.854593 0.014337
vt 0.854603 0.014336
vt 0.854603 0.121025
vt 0.658613 0.121025
vt 0.658613 0.014336
vt 0.658623 0.014336
vt 0.674473 0.483629
vt 0.910835 0.483629
vt 0.910824 0.483632
vt 0.910835 0.247420
vt 0.674473 0.247420
vt 0.674484 0.247417
vt 0.665588 0.381285
vt 0.665582 0.381285
vt 0.653383 0.365631
vt 0.653391 0.365631
vt 0.931917 0.365417
vt 0.926579 0.350128
vt 0.931925 0.365417
vt 0.664445 0.380007
vt 0.664463 0.380010
vt 0.920716 0.379773
vt 0.920734 0.379770
vt 0.854593 0.227713
vt 0.854603 0.227713
vt 0.926201 0.380724
vt 0.926209 0.380726
vt 0.669927 0.876113
vt 0.962885 0.969039
vt 0.958904 0.846461
vt 0.958893 0.876113
vt 0.958904 0.876113
vt 0.958911 0.861287
vt 0.958907 0.869104
vt 0.958900 0.869100
vt 0.958900 0.861287
vt 0.669919 0.861287
vt 0.669924 0.853470
vt 0.962885 0.846465
vt 0.962895 0.846457
vt 0.661010 0.847882
vt 0.661010 0.847878
vt 0.669938 0.971164
vt 0.958893 0.751415
vt 0.669938 0.751410
vt 0.958893 0.751410
vt 0.669924 0.869104
vt 0.669930 0.869100
vt 0.669930 0.971159
vt 0.958907 0.853470
vt 0.958900 0.853474
vt 0.962885 0.969043
vt 0.661031 0.847882
vt 0.654287 0.861421
vt 0.974566 0.861154
vt 0.663152 0.754721
vt 0.662226 0.846457
vt 0.854592 0.618718
vt 0.854593 0.513534
vt 0.854603 0.513534
vt 0.854603 0.618718
vt 0.658613 0.618718
vt 0.658624 0.513534
vt 0.672866 0.972412
vt 0.955964 0.972412
vt 0.955964 0.750162
vt 0.672866 0.750162
vt 0.981212 0.861186
vt 0.974808 0.846801
vt 0.981224 0.861187
vt 0.974805 0.846798
vt 0.662225 0.876113
vt 0.660855 0.874916
vt 0.967799 0.874692
vt 0.967821 0.874692
vt 0.854593 0.723902
vt 0.854603 0.723902
vt 0.974365 0.875590
vt 0.672026 0.349768
vt 0.672017 0.349768
vt 0.672026 0.381281
vt 0.916621 0.480044
vt 0.913282 0.349768
vt 0.913282 0.381281
vt 0.913292 0.381281
vt 0.672026 0.376522
vt 0.526082 0.495418
vt 0.526095 0.495418
vt 0.612051 0.242408
vt 0.612039 0.242408
vt 0.913282 0.354526
vt 0.913289 0.354530
vt 0.569067 0.242403
vt 0.601534 0.242403
vt 0.601533 0.242408
vt 0.569067 0.242408
vt 0.569067 0.495423
vt 0.536600 0.495418
vt 0.569067 0.495418
vt 0.916612 0.349771
vt 0.916621 0.349763
vt 0.664574 0.351279
vt 0.659107 0.350324
vt 0.659110 0.350319
vt 0.664576 0.351274
vt 0.672026 0.482295
vt 0.672026 0.482301
vt 0.913282 0.248754
vt 0.672026 0.248754
vt 0.672026 0.248748
vt 0.913282 0.248748
vt 0.612043 0.242403
vt 0.601534 0.495423
vt 0.601533 0.495418
vt 0.526091 0.495423
vt 0.672021 0.482295
vt 0.536601 0.242408
vt 0.916612 0.480047
vt 0.658943 0.365666
vt 0.658960 0.365666
vt 0.926348 0.365383
vt 0.926365 0.365383
vt 0.854594 0.121025
vt 0.854603 0.121025
vt 0.658623 0.121025
vt 0.530844 0.121025
vt 0.530838 0.121025
vt 0.982378 0.121025
vt 0.982373 0.121025
vt 0.926568 0.350125
vt 0.926571 0.350130
vt 0.919721 0.381285
vt 0.665587 0.381281
vt 0.665587 0.381285
vt 0.664446 0.380007
vt 0.664464 0.380010
vt 0.920734 0.379770
vt 0.672028 0.349768
vt 0.672015 0.349768
vt 0.672028 0.381281
vt 0.672015 0.381281
vt 0.916611 0.480043
vt 0.916623 0.480043
vt 0.913280 0.349768
vt 0.913293 0.349768
vt 0.913280 0.381281
vt 0.913293 0.381281
vt 0.913297 0.365524
vt 0.913292 0.373832
vt 0.913287 0.365524
vt 0.672011 0.365524
vt 0.672015 0.357216
vt 0.672021 0.357221
vt 0.672021 0.365524
vt 0.916611 0.349771
vt 0.916623 0.349763
vt 0.664570 0.351280
vt 0.664572 0.351273
vt 0.672028 0.482294
vt 0.672028 0.482302
vt 0.913280 0.248755
vt 0.672028 0.248755
vt 0.672028 0.248747
vt 0.913280 0.248747
vt 0.672015 0.373832
vt 0.672021 0.373828
vt 0.672021 0.248755
vt 0.672021 0.482294
vt 0.913292 0.357216
vt 0.913287 0.357221
vt 0.916610 0.480047
vt 0.658940 0.365666
vt 0.664593 0.351274
vt 0.658960 0.365666
vt 0.926368 0.365383
vt 0.666362 0.252266
vt 0.665589 0.349763
vt 0.665582 0.349764
vt 0.666356 0.252273
vt 0.854592 0.121025
vt 0.854592 0.014351
vt 0.854603 0.014351
vt 0.854603 0.121025
vt 0.658613 0.014350
vt 0.658624 0.014350
vt 0.658624 0.121025
vt 0.674472 0.483628
vt 0.910836 0.483628
vt 0.910822 0.483632
vt 0.674486 0.483632
vt 0.910836 0.247421
vt 0.674472 0.247421
vt 0.674486 0.247417
vt 0.910822 0.247417
vt 0.665589 0.381285
vt 0.665582 0.381285
vt 0.653383 0.365631
vt 0.653394 0.365631
vt 0.931914 0.365417
vt 0.926569 0.350132
vt 0.926580 0.350129
vt 0.931925 0.365417
vt 0.926565 0.350125
vt 0.665589 0.381281
vt 0.664441 0.380005
vt 0.664465 0.380011
vt 0.920715 0.379774
vt 0.920738 0.379768
vt 0.854592 0.227699
vt 0.854603 0.227700
vt 0.926199 0.380722
vt 0.926210 0.380725
vt 0.052759 0.352206
vt 0.052743 0.352206
vt 0.052759 0.383448
vt 0.052743 0.383448
vt 0.322561 0.481356
vt 0.322577 0.481358
vt 0.318886 0.352206
vt 0.318902 0.352206
vt 0.318886 0.383448
vt 0.318911 0.367827
vt 0.318904 0.376065
vt 0.052735 0.367827
vt 0.052742 0.359589
vt 0.052751 0.359595
vt 0.052751 0.367827
vt 0.045657 0.352200
vt 0.052759 0.483589
vt 0.052760 0.483598
vt 0.318886 0.252065
vt 0.052759 0.252065
vt 0.052760 0.252056
vt 0.318886 0.252056
vt 0.049085 0.383442
vt 0.049069 0.383454
vt 0.052742 0.376066
vt 0.052751 0.376059
vt 0.318904 0.359588
vt 0.318895 0.359595
vt 0.038319 0.367967
vt 0.044530 0.353706
vt 0.044560 0.353702
vt 0.038349 0.367967
vt 0.333297 0.367687
vt 0.327228 0.353467
vt 0.327258 0.353471
vt 0.333327 0.367687
vt 0.046510 0.255544
vt 0.045648 0.352200
vt 0.871608 0.120410
vt 0.871608 0.008829
vt 0.871622 0.008829
vt 0.871622 0.120410
vt 0.688349 0.120409
vt 0.688349 0.008829
vt 0.688363 0.120409
vt 0.055453 0.484911
vt 0.316193 0.484911
vt 0.316175 0.484916
vt 0.316193 0.250743
vt 0.055453 0.250743
vt 0.045657 0.383454
vt 0.032205 0.367933
vt 0.333545 0.352569
vt 0.339455 0.367721
vt 0.327114 0.381956
vt 0.327116 0.381948
vt 0.333137 0.382892
vt 0.327086 0.381953
vt 0.871608 0.231990
vt 0.871622 0.231990
vt 0.333150 0.382895
vt 0.046178 0.849431
vt 0.046157 0.849431
vt 0.046178 0.881756
vt 0.046157 0.881756
vt 0.355042 0.983063
vt 0.350837 0.849431
vt 0.350816 0.881756
vt 0.350837 0.881756
vt 0.350837 0.874118
vt 0.350827 0.874111
vt 0.046149 0.865594
vt 0.046157 0.857069
vt 0.038046 0.849431
vt 0.038047 0.849424
vt 0.046178 0.985371
vt 0.046179 0.985382
vt 0.350816 0.745816
vt 0.046178 0.745816
vt 0.046179 0.745805
vt 0.350815 0.745805
vt 0.041973 0.881751
vt 0.041952 0.881763
vt 0.046157 0.874118
vt 0.350837 0.857069
vt 0.029646 0.865739
vt 0.036755 0.850984
vt 0.036792 0.850976
vt 0.029681 0.865739
vt 0.367313 0.865448
vt 0.360364 0.850734
vt 0.360402 0.850741
vt 0.367348 0.865448
vt 0.039024 0.749415
vt 0.038037 0.849425
vt 0.039013 0.749426
vt 0.840421 0.516925
vt 0.840434 0.622758
vt 0.666581 0.622758
vt 0.666581 0.516924
vt 0.666594 0.516924
vt 0.666595 0.622758
vt 0.049260 0.986740
vt 0.347734 0.986740
vt 0.347734 0.744447
vt 0.049260 0.744447
vt 0.049281 0.744442
vt 0.347713 0.744442
vt 0.038047 0.881763
vt 0.022632 0.865703
vt 0.022649 0.865703
vt 0.374345 0.865484
vt 0.367596 0.849808
vt 0.367613 0.849804
vt 0.374362 0.865484
vt 0.360239 0.880203
vt 0.367129 0.881180
vt 0.360202 0.880210
vt 0.840421 0.728591
vt 0.840434 0.728591
vt 0.668711 0.851546
vt 0.668694 0.851546
vt 0.668711 0.883332
vt 0.668694 0.883332
vt 0.961652 0.982947
vt 0.957659 0.851546
vt 0.957676 0.851546
vt 0.957676 0.883332
vt 0.957686 0.867439
vt 0.957680 0.875821
vt 0.957670 0.875815
vt 0.957670 0.867439
vt 0.668683 0.867439
vt 0.668690 0.859057
vt 0.668700 0.859064
vt 0.668700 0.867439
vt 0.961652 0.851552
vt 0.659772 0.853070
vt 0.659773 0.853064
vt 0.668711 0.985221
vt 0.668711 0.985229
vt 0.957659 0.749657
vt 0.668711 0.749658
vt 0.668711 0.749649
vt 0.957658 0.749649
vt 0.668690 0.875821
vt 0.668700 0.875815
vt 0.957670 0.859064
vt 0.653028 0.867582
vt 0.659805 0.853069
vt 0.653062 0.867582
vt 0.973307 0.867296
vt 0.973342 0.867296
vt 0.660999 0.851539
vt 0.661914 0.753210
vt 0.846687 0.620140
vt 0.846687 0.512311
vt 0.846702 0.620140
vt 0.669615 0.620140
vt 0.669615 0.512311
vt 0.669629 0.620140
vt 0.954738 0.986564
vt 0.954715 0.986569
vt 0.954737 0.748314
vt 0.671654 0.748309
vt 0.660999 0.883339
vt 0.660988 0.883338
vt 0.646376 0.867547
vt 0.646394 0.867547
vt 0.979976 0.867331
vt 0.973572 0.851913
vt 0.973591 0.851910
vt 0.979994 0.867331
vt 0.973568 0.851907
vt 0.660998 0.883332
vt 0.659618 0.882047
vt 0.966565 0.881809
vt 0.966597 0.881808
vt 0.846702 0.727969
vt 0.973130 0.882769
vt 0.973147 0.882772
vt 0.046060 0.104464
vt 0.046048 0.104464
vt 0.046060 0.134112
vt 0.046048 0.134112
vt 0.306995 0.227022
vt 0.303438 0.104464
vt 0.303451 0.104464
vt 0.303451 0.134112
vt 0.303461 0.119288
vt 0.303455 0.127106
vt 0.303447 0.127100
vt 0.046037 0.119288
vt 0.046044 0.111470
vt 0.046052 0.111476
vt 0.046052 0.119288
vt 0.039191 0.104464
vt 0.039192 0.104458
vt 0.046060 0.229143
vt 0.303438 0.009432
vt 0.046060 0.009432
vt 0.046061 0.009426
vt 0.303438 0.009426
vt 0.042504 0.134106
vt 0.042492 0.134118
vt 0.046044 0.127106
vt 0.046052 0.127100
vt 0.046052 0.009432
vt 0.046052 0.229143
vt 0.303455 0.111470
vt 0.032095 0.119421
vt 0.038103 0.105885
vt 0.038129 0.105886
vt 0.317376 0.119155
vt 0.311507 0.105663
vt 0.317404 0.119155
vt 0.040017 0.012736
vt 0.039183 0.104459
vt 0.839117 0.119179
vt 0.839117 0.006687
vt 0.839131 0.006687
vt 0.839130 0.119179
vt 0.654399 0.006686
vt 0.654413 0.006686
vt 0.654413 0.119179
vt 0.048665 0.230396
vt 0.300834 0.230396
vt 0.300834 0.008180
vt 0.048665 0.008180
vt 0.048683 0.008175
vt 0.039192 0.134118
vt 0.026168 0.119389
vt 0.323317 0.119187
vt 0.317613 0.104805
vt 0.323331 0.119187
vt 0.317215 0.133592
vt 0.311396 0.132695
vt 0.311396 0.132691
vt 0.317219 0.133587
vt 0.839117 0.231672
vt 0.839130 0.231672
vt 0.317232 0.133590
vt 0.085557 0.850940
vt 0.085546 0.850940
vt 0.374513 0.882708
vt 0.374523 0.882708
vt 0.085557 0.882708
vt 0.085546 0.882708
vt 0.374523 0.850940
vt 0.374531 0.866824
vt 0.374526 0.875199
vt 0.374520 0.875195
vt 0.374520 0.866824
vt 0.085539 0.866824
vt 0.085543 0.858449
vt 0.085550 0.858453
vt 0.076627 0.852457
vt 0.085543 0.875199
vt 0.374520 0.858453
vt 0.069884 0.866967
vt 0.076651 0.852461
vt 0.069906 0.866967
vt 0.390163 0.866681
vt 0.390186 0.866681
vt 0.077845 0.850935
vt 0.077838 0.850936
vt 0.840632 0.508365
vt 0.840641 0.508365
vt 0.840641 0.610721
vt 0.672575 0.610720
vt 0.672575 0.508365
vt 0.672584 0.508365
vt 0.088486 0.985883
vt 0.371583 0.985880
vt 0.088501 0.985887
vt 0.088486 0.747765
vt 0.088501 0.747761
vt 0.077845 0.882712
vt 0.063238 0.866932
vt 0.396832 0.866716
vt 0.390427 0.851303
vt 0.390440 0.851301
vt 0.396844 0.866716
vt 0.390425 0.851300
vt 0.077845 0.882708
vt 0.076475 0.881425
vt 0.076497 0.881425
vt 0.383419 0.881186
vt 0.383440 0.881187
vt 0.840632 0.713076
vt 0.840641 0.713076
vt 0.672575 0.713076
vt 0.672584 0.713076
vt 0.389984 0.882148
vt 0.389996 0.882150
vt 0.081557 0.751770
vt 0.081552 0.751379
vt 0.081567 0.751379
vt 0.081566 0.752839
vt 0.081562 0.752839
vt 0.081565 0.754303
vt 0.081553 0.754298
vt 0.081565 0.979344
vt 0.081566 0.980809
vt 0.081557 0.980809
vt 0.081553 0.979350
vt 0.081567 0.982268
vt 0.081562 0.981878
vt 0.089953 0.984540
vt 0.089948 0.984547
vt 0.378504 0.751376
vt 0.378516 0.754298
vt 0.370117 0.749108
vt 0.370122 0.749101
vt 0.370116 0.984540
vt 0.370122 0.984547
vt 0.374519 0.984539
vt 0.373922 0.984542
vt 0.378504 0.982272
vt 0.378504 0.979344
vt 0.089954 0.751379
vt 0.086146 0.752841
vt 0.086135 0.752839
vt 0.085557 0.754304
vt 0.085546 0.754303
vt 0.089953 0.982275
vt 0.086146 0.980807
vt 0.086135 0.980809
vt 0.085557 0.979344
vt 0.085546 0.979344
vt 0.373924 0.980808
vt 0.374513 0.979344
vt 0.374523 0.979344
vt 0.373933 0.980812
vt 0.370115 0.982269
vt 0.370117 0.982275
vt 0.374512 0.754304
vt 0.373924 0.752840
vt 0.373932 0.752836
vt 0.374523 0.754303
vt 0.370115 0.751379
vt 0.370117 0.751373
vt 0.089953 0.749108
vt 0.378516 0.850935
vt 0.073705 0.359822
vt 0.073692 0.359822
vt 0.073705 0.386969
vt 0.073692 0.386969
vt 0.366650 0.472048
vt 0.366663 0.472049
vt 0.362662 0.359822
vt 0.362675 0.359822
vt 0.362662 0.386969
vt 0.362675 0.386969
vt 0.362675 0.380552
vt 0.362668 0.380548
vt 0.073698 0.366242
vt 0.073698 0.373395
vt 0.065993 0.359818
vt 0.073705 0.473988
vt 0.073705 0.473993
vt 0.362662 0.272803
vt 0.073705 0.272803
vt 0.073705 0.272797
vt 0.362661 0.272797
vt 0.069717 0.386966
vt 0.069704 0.386973
vt 0.073692 0.380552
vt 0.073698 0.380548
vt 0.362675 0.366238
vt 0.362668 0.366242
vt 0.366650 0.472052
vt 0.058033 0.373517
vt 0.064777 0.361124
vt 0.064801 0.361120
vt 0.058055 0.373517
vt 0.378311 0.373273
vt 0.371719 0.360916
vt 0.371743 0.360920
vt 0.378333 0.373273
vt 0.839007 0.124078
vt 0.839007 0.019946
vt 0.839016 0.019945
vt 0.667999 0.124077
vt 0.667999 0.019946
vt 0.668008 0.019946
vt 0.668008 0.124077
vt 0.076635 0.475137
vt 0.359732 0.475137
vt 0.359718 0.475140
vt 0.076649 0.475140
vt 0.359731 0.271654
vt 0.076635 0.271654
vt 0.076649 0.271651
vt 0.359718 0.271651
vt 0.065993 0.386973
vt 0.051375 0.373488
vt 0.051385 0.373488
vt 0.384981 0.373303
vt 0.378578 0.360135
vt 0.378589 0.360133
vt 0.384992 0.373303
vt 0.378131 0.386494
vt 0.371587 0.385672
vt 0.378135 0.386488
vt 0.371566 0.385671
vt 0.839007 0.228209
vt 0.839016 0.228209
vt 0.378146 0.386490
vt 0.669937 0.846461
vt 0.669927 0.876113
vt 0.958907 0.869104
vt 0.669930 0.853474
vt 0.669930 0.861287
vt 0.662226 0.846457
vt 0.669938 0.971164
vt 0.958893 0.751415
vt 0.669937 0.751415
vt 0.669924 0.869104
vt 0.958907 0.853470
vt 0.958900 0.853474
vt 0.661010 0.847882
vt 0.654287 0.861420
vt 0.967953 0.847659
vt 0.967975 0.847659
vt 0.854603 0.513534
vt 0.854603 0.618718
vt 0.658613 0.618718
vt 0.672867 0.972413
vt 0.955964 0.750162
vt 0.672866 0.750162
vt 0.647606 0.861388
vt 0.981212 0.861186
vt 0.974808 0.846801
vt 0.974820 0.846799
vt 0.967820 0.874696
vt 0.967821 0.874693
vt 0.974365 0.875590
vt 0.967800 0.874693
vt 0.974377 0.875592
vt 0.672017 0.349768
vt 0.672017 0.381281
vt 0.913291 0.381281
vt 0.913296 0.365524
vt 0.913287 0.373828
vt 0.913287 0.365524
vt 0.672012 0.365524
vt 0.672016 0.357216
vt 0.672021 0.357221
vt 0.672021 0.365524
vt 0.672026 0.482295
vt 0.913282 0.248754
vt 0.672026 0.248754
vt 0.672027 0.248748
vt 0.913281 0.248748
vt 0.668686 0.381285
vt 0.672015 0.373832
vt 0.672021 0.373828
vt 0.913292 0.357216
vt 0.664574 0.351279
vt 0.926348 0.365383
vt 0.920845 0.351039
vt 0.920863 0.351042
vt 0.926365 0.365383
vt 0.854593 0.121025
vt 0.854603 0.014337
vt 0.658613 0.014337
vt 0.658623 0.121025
vt 0.910835 0.247420
vt 0.674473 0.247420
vt 0.665588 0.381285
vt 0.653383 0.365631
vt 0.653391 0.365631
vt 0.931917 0.365417
vt 0.926571 0.350130
vt 0.926579 0.350128
vt 0.931925 0.365417
vt 0.920734 0.379770
vt 0.926201 0.380724
vt 0.854593 0.227713
vt 0.854603 0.227713
vt 0.085557 0.850940
vt 0.374513 0.882708
vt 0.374523 0.882708
vt 0.085557 0.882708
vt 0.085546 0.882708
vt 0.374513 0.850940
vt 0.374523 0.850940
vt 0.374531 0.866824
vt 0.374526 0.875199
vt 0.374520 0.875195
vt 0.374520 0.866824
vt 0.085539 0.866824
vt 0.085543 0.858449
vt 0.085550 0.858453
vt 0.085550 0.866824
vt 0.076629 0.852461
vt 0.085543 0.875199
vt 0.085550 0.875195
vt 0.374526 0.858449
vt 0.374520 0.858453
vt 0.069884 0.866967
vt 0.076650 0.852461
vt 0.390163 0.866681
vt 0.390186 0.866681
vt 0.077845 0.850935
vt 0.840632 0.508365
vt 0.381298 0.752649
vt 0.672575 0.610720
vt 0.672575 0.508365
vt 0.672584 0.508365
vt 0.672584 0.610720
vt 0.088486 0.985883
vt 0.371584 0.985880
vt 0.088501 0.985887
vt 0.088486 0.747765
vt 0.063226 0.866932
vt 0.063238 0.866932
vt 0.396832 0.866716
vt 0.390427 0.851303
vt 0.390440 0.851301
vt 0.396844 0.866716
vt 0.077845 0.882708
vt 0.076475 0.881425
vt 0.076497 0.881425
vt 0.383419 0.881187
vt 0.383440 0.881187
vt 0.840632 0.713076
vt 0.840641 0.713076
vt 0.672575 0.713076
vt 0.672584 0.713076
vt 0.389984 0.882148
vt 0.081562 0.751766
vt 0.081557 0.751770
vt 0.081552 0.751379
vt 0.081567 0.751379
vt 0.081566 0.752839
vt 0.081565 0.754303
vt 0.081553 0.754298
vt 0.081565 0.979344
vt 0.081566 0.980809
vt 0.081557 0.980809
vt 0.081553 0.979350
vt 0.081567 0.982268
vt 0.089953 0.984540
vt 0.089948 0.984547
vt 0.378504 0.754303
vt 0.378504 0.751376
vt 0.378516 0.754298
vt 0.374519 0.749109
vt 0.370121 0.749101
vt 0.370116 0.984540
vt 0.370121 0.984547
vt 0.378504 0.982272
vt 0.378504 0.979344
vt 0.089954 0.751379
vt 0.089953 0.751373
vt 0.086146 0.752841
vt 0.086135 0.752839
vt 0.085557 0.754304
vt 0.085546 0.754303
vt 0.089954 0.982269
vt 0.089953 0.982275
vt 0.086146 0.980807
vt 0.086135 0.980809
vt 0.085557 0.979344
vt 0.085546 0.979344
vt 0.373924 0.980808
vt 0.374513 0.979344
vt 0.373932 0.980812
vt 0.370115 0.982269
vt 0.374513 0.754304
vt 0.373924 0.752840
vt 0.374523 0.754304
vt 0.370115 0.751379
vt 0.370116 0.751373
vt 0.089948 0.749101
vt 0.089953 0.749107
vt 0.378504 0.850944
vt 0.073705 0.359821
vt 0.073692 0.359822
vt 0.073705 0.386969
vt 0.073692 0.386969
vt 0.366650 0.472048
vt 0.366663 0.472049
vt 0.362662 0.359822
vt 0.362662 0.386969
vt 0.362675 0.386969
vt 0.362680 0.373395
vt 0.362675 0.380552
vt 0.073687 0.373395
vt 0.073692 0.366238
vt 0.073698 0.366242
vt 0.366650 0.359825
vt 0.366663 0.359818
vt 0.064777 0.361124
vt 0.064779 0.361119
vt 0.073705 0.473988
vt 0.073705 0.473993
vt 0.362662 0.272803
vt 0.073705 0.272803
vt 0.073705 0.272797
vt 0.362661 0.272797
vt 0.073692 0.380552
vt 0.073698 0.380548
vt 0.362675 0.366238
vt 0.362668 0.366242
vt 0.058033 0.373517
vt 0.064801 0.361120
vt 0.058055 0.373517
vt 0.378311 0.373273
vt 0.378333 0.373273
vt 0.065993 0.359818
vt 0.839007 0.124078
vt 0.839007 0.019946
vt 0.839016 0.019946
vt 0.839016 0.124078
vt 0.667999 0.124077
vt 0.667999 0.019945
vt 0.668008 0.019945
vt 0.668008 0.124077
vt 0.359718 0.475140
vt 0.076649 0.475140
vt 0.076635 0.271654
vt 0.359718 0.271651
vt 0.065993 0.386973
vt 0.051375 0.373488
vt 0.051385 0.373488
vt 0.384981 0.373303
vt 0.378578 0.360135
vt 0.378589 0.360133
vt 0.378574 0.360129
vt 0.065993 0.386969
vt 0.064623 0.385870
vt 0.064647 0.385875
vt 0.371565 0.385671
vt 0.371589 0.385666
vt 0.839007 0.228210
vt 0.839016 0.228210
vt 0.378135 0.386488
vt 0.378146 0.386490
vt 0.669927 0.876113
vt 0.962885 0.969039
vt 0.958904 0.846461
vt 0.958893 0.876113
vt 0.958904 0.876113
vt 0.958907 0.869104
vt 0.669924 0.853470
vt 0.962895 0.846457
vt 0.661009 0.847882
vt 0.669937 0.971159
vt 0.669938 0.971164
vt 0.958893 0.751410
vt 0.669924 0.869104
vt 0.669930 0.869100
vt 0.661031 0.847882
vt 0.974543 0.861154
vt 0.974566 0.861154
vt 0.663152 0.754721
vt 0.662226 0.846457
vt 0.663145 0.754728
vt 0.854603 0.618718
vt 0.658613 0.618718
vt 0.658624 0.513534
vt 0.672866 0.972413
vt 0.955964 0.972413
vt 0.955964 0.750162
vt 0.662226 0.876117
vt 0.662218 0.876117
vt 0.647618 0.861388
vt 0.981212 0.861186
vt 0.974808 0.846801
vt 0.967800 0.874693
vt 0.967821 0.874693
vt 0.854603 0.723902
vt 0.974365 0.875590
vt 0.672016 0.349768
vt 0.913282 0.381281
vt 0.913296 0.365524
vt 0.913292 0.373832
vt 0.913287 0.365524
vt 0.672021 0.365524
vt 0.664574 0.351279
vt 0.672026 0.482295
vt 0.913282 0.248754
vt 0.672026 0.248754
vt 0.913281 0.248748
vt 0.672015 0.373832
vt 0.913292 0.357216
vt 0.658943 0.365666
vt 0.664592 0.351276
vt 0.926348 0.365383
vt 0.854593 0.121025
vt 0.854593 0.014337
vt 0.854603 0.014336
vt 0.658613 0.121025
vt 0.658613 0.014336
vt 0.658623 0.014336
vt 0.658623 0.121025
vt 0.910835 0.247420
vt 0.653383 0.365631
vt 0.653391 0.365631
vt 0.931917 0.365417
vt 0.931925 0.365417
vt 0.664464 0.380010
vt 0.920716 0.379773
vt 0.920734 0.379770
vt 0.854593 0.227713
vt 0.854603 0.227713
vt 0.926201 0.380724
vt 0.068269 0.854271
vt 0.068258 0.854271
vt 0.068269 0.886669
vt 0.068258 0.886669
vt 0.361216 0.988202
vt 0.361227 0.988203
vt 0.357238 0.854271
vt 0.357227 0.886669
vt 0.357238 0.886669
vt 0.357244 0.870470
vt 0.357239 0.879011
vt 0.357233 0.879007
vt 0.357233 0.870470
vt 0.068252 0.870470
vt 0.068257 0.861929
vt 0.068263 0.861933
vt 0.068263 0.870470
vt 0.060558 0.854267
vt 0.068269 0.990518
vt 0.068270 0.990524
vt 0.357227 0.750422
vt 0.068269 0.750422
vt 0.068270 0.750416
vt 0.357226 0.750416
vt 0.064280 0.886665
vt 0.068256 0.879011
vt 0.068263 0.879007
vt 0.357240 0.861929
vt 0.052599 0.870616
vt 0.059343 0.855825
vt 0.059365 0.855822
vt 0.052620 0.870615
vt 0.372876 0.870324
vt 0.366285 0.855578
vt 0.366307 0.855581
vt 0.372897 0.870324
vt 0.061484 0.754034
vt 0.060551 0.854267
vt 0.844814 0.618316
vt 0.844814 0.510880
vt 0.844823 0.510880
vt 0.668393 0.510879
vt 0.668402 0.618316
vt 0.071200 0.991889
vt 0.354296 0.991889
vt 0.354283 0.991892
vt 0.071213 0.991892
vt 0.354296 0.749051
vt 0.071200 0.749051
vt 0.071213 0.749048
vt 0.354283 0.749048
vt 0.060558 0.886673
vt 0.060551 0.886673
vt 0.045939 0.870580
vt 0.045949 0.870580
vt 0.379547 0.870360
vt 0.373143 0.854643
vt 0.379557 0.870360
vt 0.366151 0.885121
vt 0.366153 0.885115
vt 0.372700 0.886096
vt 0.366131 0.885118
vt 0.844814 0.725753
vt 0.844823 0.725752
vt 0.669937 0.876113
vt 0.669927 0.876113
vt 0.962895 0.969040
vt 0.958893 0.846461
vt 0.958911 0.861287
vt 0.958900 0.869100
vt 0.958900 0.861287
vt 0.669919 0.861287
vt 0.669930 0.861287
vt 0.662226 0.846457
vt 0.669937 0.971159
vt 0.958893 0.751415
vt 0.669937 0.751415
vt 0.669924 0.869104
vt 0.669930 0.869100
vt 0.958900 0.853474
vt 0.661031 0.847882
vt 0.654287 0.861421
vt 0.967953 0.847659
vt 0.967975 0.847659
vt 0.974566 0.861154
vt 0.663152 0.754721
vt 0.854593 0.513534
vt 0.854603 0.513534
vt 0.854603 0.618718
vt 0.658613 0.618718
vt 0.658613 0.513534
vt 0.658624 0.618718
vt 0.955964 0.972412
vt 0.955964 0.750162
vt 0.672866 0.750162
vt 0.647606 0.861388
vt 0.981212 0.861187
vt 0.974808 0.846801
vt 0.967820 0.874696
vt 0.967821 0.874693
vt 0.974365 0.875590
vt 0.967799 0.874693
vt 0.854603 0.723902
vt 0.669927 0.846461
vt 0.962885 0.969039
vt 0.958911 0.861287
vt 0.958907 0.869104
vt 0.958900 0.869100
vt 0.669919 0.861287
vt 0.669930 0.853474
vt 0.669937 0.971159
vt 0.669938 0.971164
vt 0.958893 0.751415
vt 0.665935 0.876117
vt 0.669924 0.869104
vt 0.958907 0.853470
vt 0.958900 0.853474
vt 0.654264 0.861421
vt 0.661010 0.847881
vt 0.654287 0.861420
vt 0.974543 0.861154
vt 0.967975 0.847659
vt 0.974566 0.861154
vt 0.854593 0.618718
vt 0.854603 0.513534
vt 0.854603 0.618718
vt 0.658613 0.513534
vt 0.955964 0.972413
vt 0.955964 0.750162
vt 0.662226 0.876117
vt 0.974820 0.846799
vt 0.967821 0.874693
vt 0.974365 0.875591
vt 0.854603 0.723902
vt 0.672026 0.349767
vt 0.672026 0.381281
vt 0.916612 0.480043
vt 0.916622 0.480044
vt 0.913291 0.349768
vt 0.913282 0.381281
vt 0.913296 0.365524
vt 0.913292 0.373832
vt 0.672012 0.365524
vt 0.672016 0.357216
vt 0.672021 0.357221
vt 0.665587 0.349768
vt 0.665587 0.349763
vt 0.672026 0.482295
vt 0.672026 0.482301
vt 0.913282 0.248754
vt 0.672026 0.248754
vt 0.672026 0.248748
vt 0.913282 0.248748
vt 0.668687 0.381285
vt 0.672015 0.373832
vt 0.913292 0.357216
vt 0.664575 0.351279
vt 0.658960 0.365666
vt 0.926348 0.365383
vt 0.920844 0.351039
vt 0.920862 0.351042
vt 0.926365 0.365383
vt 0.666361 0.252266
vt 0.854594 0.014337
vt 0.854603 0.014337
vt 0.854603 0.121025
vt 0.658613 0.121025
vt 0.658613 0.014336
vt 0.658623 0.014336
vt 0.674474 0.483629
vt 0.910834 0.483629
vt 0.910824 0.483632
vt 0.674484 0.483632
vt 0.910834 0.247420
vt 0.674474 0.247420
vt 0.674484 0.247417
vt 0.910824 0.247417
vt 0.665587 0.381286
vt 0.653383 0.365631
vt 0.653390 0.365631
vt 0.931917 0.365417
vt 0.926571 0.350130
vt 0.926198 0.380729
vt 0.920732 0.379775
vt 0.920734 0.379770
vt 0.926201 0.380724
vt 0.920716 0.379773
vt 0.854594 0.227713
vt 0.854603 0.227713
vt 0.085557 0.850940
vt 0.085546 0.850940
vt 0.374513 0.882708
vt 0.374523 0.882708
vt 0.085557 0.882708
vt 0.085546 0.882708
vt 0.374523 0.850940
vt 0.374531 0.866824
vt 0.374526 0.875199
vt 0.374520 0.875195
vt 0.374520 0.866824
vt 0.085539 0.866824
vt 0.085543 0.858449
vt 0.076629 0.852461
vt 0.085543 0.875199
vt 0.085550 0.875195
vt 0.374526 0.858449
vt 0.069884 0.866967
vt 0.076651 0.852461
vt 0.069906 0.866967
vt 0.390163 0.866681
vt 0.390186 0.866681
vt 0.077845 0.850935
vt 0.840632 0.610721
vt 0.840632 0.508365
vt 0.840641 0.508365
vt 0.840641 0.610721
vt 0.381298 0.752649
vt 0.672575 0.610720
vt 0.672575 0.508365
vt 0.672584 0.508365
vt 0.371583 0.985880
vt 0.077845 0.882712
vt 0.063226 0.866932
vt 0.063238 0.866932
vt 0.396832 0.866716
vt 0.390427 0.851303
vt 0.077845 0.882708
vt 0.076475 0.881425
vt 0.383419 0.881186
vt 0.383440 0.881187
vt 0.840632 0.713076
vt 0.840641 0.713076
vt 0.672575 0.713076
vt 0.672584 0.713076
vt 0.389984 0.882148
vt 0.081557 0.751770
vt 0.081552 0.751379
vt 0.081567 0.751379
vt 0.081566 0.752839
vt 0.081562 0.752838
vt 0.081565 0.754303
vt 0.081553 0.754298
vt 0.081565 0.979344
vt 0.081566 0.980809
vt 0.081553 0.979349
vt 0.081567 0.982268
vt 0.089953 0.984540
vt 0.089948 0.984547
vt 0.378504 0.754303
vt 0.378504 0.751376
vt 0.378516 0.754298
vt 0.374519 0.749109
vt 0.370122 0.749101
vt 0.370116 0.984540
vt 0.370121 0.984547
vt 0.374519 0.984539
vt 0.373922 0.984542
vt 0.378504 0.982272
vt 0.378504 0.979344
vt 0.378516 0.979349
vt 0.089954 0.751379
vt 0.086146 0.752841
vt 0.086135 0.752839
vt 0.085557 0.754304
vt 0.089954 0.982269
vt 0.089953 0.982275
vt 0.086146 0.980806
vt 0.086135 0.980809
vt 0.085557 0.979344
vt 0.374513 0.979344
vt 0.373933 0.980812
vt 0.370116 0.982269
vt 0.373924 0.752840
vt 0.373932 0.752836
vt 0.374523 0.754303
vt 0.370115 0.751379
vt 0.370116 0.751373
vt 0.089948 0.749101
vt 0.378516 0.850935
vt 0.073705 0.359822
vt 0.073692 0.359822
vt 0.073692 0.386969
vt 0.366650 0.472048
vt 0.362662 0.386969
vt 0.362675 0.386969
vt 0.362680 0.373395
vt 0.362675 0.380552
vt 0.362668 0.373395
vt 0.073692 0.366238
vt 0.073698 0.373395
vt 0.065993 0.359822
vt 0.065993 0.359818
vt 0.073705 0.473988
vt 0.073705 0.473993
vt 0.362662 0.272803
vt 0.073705 0.272803
vt 0.073705 0.272797
vt 0.362661 0.272797
vt 0.069717 0.386966
vt 0.073692 0.380552
vt 0.073698 0.380549
vt 0.362675 0.366238
vt 0.378311 0.373273
vt 0.371744 0.360920
vt 0.378333 0.373273
vt 0.839007 0.019945
vt 0.667999 0.124077
vt 0.667999 0.019945
vt 0.668008 0.019945
vt 0.668008 0.124077
vt 0.076635 0.475137
vt 0.359732 0.475137
vt 0.359731 0.271654
vt 0.076635 0.271654
vt 0.065986 0.386972
vt 0.051375 0.373488
vt 0.051385 0.373488
vt 0.378578 0.360135
vt 0.378589 0.360133
vt 0.378131 0.386494
vt 0.371589 0.385666
vt 0.378135 0.386488
vt 0.371566 0.385671
vt 0.839007 0.228210
vt 0.839016 0.228210
vt 0.378146 0.386490
vt 0.669937 0.846461
vt 0.669927 0.846461
vt 0.669927 0.876113
vt 0.962885 0.969039
vt 0.958893 0.846461
vt 0.958904 0.846461
vt 0.958904 0.876113
vt 0.958907 0.869104
vt 0.958900 0.861287
vt 0.669919 0.861287
vt 0.669924 0.853470
vt 0.669930 0.853474
vt 0.669930 0.861287
vt 0.669937 0.971159
vt 0.669937 0.751415
vt 0.669938 0.751410
vt 0.669924 0.869104
vt 0.958907 0.853470
vt 0.654264 0.861421
vt 0.974543 0.861154
vt 0.967953 0.847659
vt 0.967975 0.847659
vt 0.974566 0.861154
vt 0.663152 0.754721
vt 0.662218 0.846458
vt 0.854593 0.618718
vt 0.854603 0.513534
vt 0.658613 0.513534
vt 0.658624 0.618718
vt 0.955964 0.972413
vt 0.662226 0.876117
vt 0.647606 0.861388
vt 0.981224 0.861186
vt 0.660855 0.874916
vt 0.660877 0.874916
vt 0.967799 0.874693
vt 0.967821 0.874693
vt 0.913282 0.381281
vt 0.913296 0.365524
vt 0.913292 0.373832
vt 0.913287 0.373828
vt 0.672012 0.365524
vt 0.672021 0.357221
vt 0.672021 0.365524
vt 0.665588 0.349763
vt 0.672027 0.482301
vt 0.672026 0.248754
vt 0.672021 0.373828
vt 0.913292 0.357216
vt 0.913287 0.357221
vt 0.658943 0.365666
vt 0.658960 0.365666
vt 0.926348 0.365383
vt 0.920844 0.351039
vt 0.666361 0.252266
vt 0.854593 0.014337
vt 0.854603 0.014337
vt 0.854603 0.121025
vt 0.658613 0.014336
vt 0.674473 0.483629
vt 0.674484 0.247417
vt 0.665588 0.381285
vt 0.665582 0.381285
vt 0.653383 0.365631
vt 0.653391 0.365631
vt 0.931917 0.365417
vt 0.926571 0.350130
vt 0.664445 0.380007
vt 0.664463 0.380010
vt 0.920716 0.379773
vt 0.920734 0.379770
vt 0.854593 0.227713
vt 0.854603 0.227713
vt 0.926201 0.380724
vt 0.653946 0.852893
vt 0.653946 0.881986
vt 0.653930 0.881985
vt 0.946888 0.973159
vt 0.946904 0.973160
vt 0.942894 0.881986
vt 0.942911 0.881985
vt 0.942922 0.867439
vt 0.942905 0.875105
vt 0.942905 0.867439
vt 0.653919 0.867439
vt 0.653926 0.859767
vt 0.653935 0.859773
vt 0.653935 0.867439
vt 0.646234 0.852887
vt 0.653946 0.975240
vt 0.653947 0.975248
vt 0.942894 0.759638
vt 0.653946 0.759638
vt 0.653947 0.759631
vt 0.942894 0.759631
vt 0.649952 0.881980
vt 0.649936 0.881992
vt 0.653926 0.875111
vt 0.653935 0.875105
vt 0.942915 0.859767
vt 0.942905 0.859773
vt 0.946888 0.973165
vt 0.638263 0.867570
vt 0.645008 0.854287
vt 0.645040 0.854287
vt 0.638297 0.867570
vt 0.958543 0.867308
vt 0.951954 0.854069
vt 0.951987 0.854068
vt 0.958577 0.867308
vt 0.647161 0.762879
vt 0.646223 0.852887
vt 0.647150 0.762890
vt 0.859274 0.616873
vt 0.859274 0.518797
vt 0.859287 0.518797
vt 0.859287 0.616872
vt 0.698224 0.616872
vt 0.698224 0.518796
vt 0.698237 0.518796
vt 0.698237 0.616872
vt 0.656867 0.976469
vt 0.939973 0.976469
vt 0.939951 0.976474
vt 0.656890 0.976474
vt 0.939973 0.758409
vt 0.656867 0.758409
vt 0.656890 0.758404
vt 0.939951 0.758404
vt 0.646234 0.881992
vt 0.646223 0.881991
vt 0.631611 0.867538
vt 0.631629 0.867538
vt 0.965211 0.867340
vt 0.958807 0.853228
vt 0.958826 0.853226
vt 0.965229 0.867340
vt 0.958361 0.881475
vt 0.951832 0.880591
vt 0.958365 0.881470
vt 0.951800 0.880591
vt 0.859273 0.714948
vt 0.859286 0.714948
vt 0.958382 0.881473
vt 0.052759 0.352206
vt 0.052743 0.352206
vt 0.052759 0.383448
vt 0.052743 0.383448
vt 0.322561 0.481356
vt 0.322577 0.481358
vt 0.318886 0.352206
vt 0.318902 0.352206
vt 0.318886 0.383448
vt 0.318911 0.367827
vt 0.318904 0.376065
vt 0.318895 0.376059
vt 0.318895 0.367827
vt 0.052735 0.367827
vt 0.052742 0.359589
vt 0.052751 0.359595
vt 0.052751 0.367827
vt 0.045656 0.352206
vt 0.045657 0.352200
vt 0.052759 0.483589
vt 0.052760 0.483598
vt 0.318886 0.252065
vt 0.052760 0.252056
vt 0.318886 0.252056
vt 0.049085 0.383442
vt 0.049069 0.383454
vt 0.052742 0.376066
vt 0.052751 0.376059
vt 0.318895 0.359595
vt 0.038319 0.367967
vt 0.044530 0.353706
vt 0.044560 0.353702
vt 0.038349 0.367967
vt 0.333297 0.367687
vt 0.327228 0.353467
vt 0.327258 0.353471
vt 0.333327 0.367687
vt 0.046510 0.255544
vt 0.871608 0.120410
vt 0.871622 0.008829
vt 0.871622 0.120410
vt 0.688349 0.008829
vt 0.688363 0.008829
vt 0.688363 0.120409
vt 0.055453 0.484911
vt 0.316193 0.484911
vt 0.316175 0.484916
vt 0.055471 0.484916
vt 0.316193 0.250743
vt 0.055453 0.250743
vt 0.055471 0.250738
vt 0.045657 0.383454
vt 0.045648 0.383454
vt 0.032191 0.367933
vt 0.032205 0.367933
vt 0.339441 0.367721
vt 0.333544 0.352569
vt 0.339455 0.367721
vt 0.327116 0.381948
vt 0.333137 0.382892
vt 0.327086 0.381952
vt 0.871608 0.231990
vt 0.871622 0.231990
vt 0.333150 0.382895
vt 0.046178 0.849431
vt 0.046178 0.881756
vt 0.355042 0.983063
vt 0.350816 0.849431
vt 0.350837 0.849431
vt 0.350816 0.881756
vt 0.350837 0.881756
vt 0.350837 0.874118
vt 0.350827 0.865593
vt 0.046149 0.865594
vt 0.046157 0.857069
vt 0.046167 0.857076
vt 0.046167 0.865593
vt 0.038046 0.849431
vt 0.038047 0.849424
vt 0.046178 0.985371
vt 0.046179 0.985381
vt 0.350816 0.745816
vt 0.046178 0.745816
vt 0.046179 0.745805
vt 0.350815 0.745805
vt 0.041973 0.881751
vt 0.041952 0.881763
vt 0.046157 0.874118
vt 0.046167 0.874111
vt 0.046167 0.985371
vt 0.350837 0.857069
vt 0.350827 0.857076
vt 0.350827 0.745816
vt 0.029646 0.865739
vt 0.036755 0.850984
vt 0.029681 0.865739
vt 0.039024 0.749415
vt 0.840421 0.516925
vt 0.666581 0.622758
vt 0.666581 0.516924
vt 0.049260 0.986740
vt 0.049281 0.986745
vt 0.049260 0.744447
vt 0.049281 0.744442
vt 0.038047 0.881763
vt 0.022632 0.865703
vt 0.022649 0.865703
vt 0.374345 0.865484
vt 0.367613 0.849804
vt 0.374362 0.865484
vt 0.367123 0.881189
vt 0.360239 0.880203
vt 0.367129 0.881179
vt 0.668711 0.851546
vt 0.668694 0.851546
vt 0.668711 0.883332
vt 0.961653 0.982947
vt 0.961669 0.982948
vt 0.957675 0.851546
vt 0.957675 0.883332
vt 0.957687 0.867439
vt 0.957679 0.875821
vt 0.957670 0.875815
vt 0.957670 0.867439
vt 0.668683 0.867439
vt 0.668690 0.859057
vt 0.668700 0.859064
vt 0.668700 0.867439
vt 0.961653 0.851552
vt 0.961669 0.851539
vt 0.659773 0.853069
vt 0.668711 0.985221
vt 0.668712 0.985229
vt 0.957659 0.749657
vt 0.668711 0.749657
vt 0.668711 0.749649
vt 0.668700 0.875815
vt 0.957679 0.859057
vt 0.957670 0.859064
vt 0.653028 0.867582
vt 0.653062 0.867582
vt 0.973342 0.867296
vt 0.660999 0.851539
vt 0.660988 0.851540
vt 0.846687 0.620140
vt 0.846687 0.512307
vt 0.846702 0.512307
vt 0.846702 0.620140
vt 0.669615 0.512307
vt 0.669629 0.512307
vt 0.669629 0.620140
vt 0.671632 0.986564
vt 0.954738 0.986564
vt 0.954738 0.748314
vt 0.671632 0.748314
vt 0.671654 0.748309
vt 0.660999 0.883339
vt 0.646376 0.867547
vt 0.646394 0.867547
vt 0.979976 0.867331
vt 0.973572 0.851912
vt 0.973591 0.851910
vt 0.979994 0.867331
vt 0.659618 0.882048
vt 0.659651 0.882048
vt 0.966565 0.881809
vt 0.966597 0.881809
vt 0.846702 0.727974
vt 0.973129 0.882769
vt 0.973147 0.882772
vt 0.046060 0.104464
vt 0.046048 0.104464
vt 0.046060 0.134112
vt 0.306995 0.227022
vt 0.307007 0.227024
vt 0.303451 0.104464
vt 0.303438 0.134112
vt 0.303451 0.134112
vt 0.303455 0.127106
vt 0.303447 0.119288
vt 0.046037 0.119288
vt 0.046044 0.111470
vt 0.046052 0.119288
vt 0.039191 0.104464
vt 0.039192 0.104458
vt 0.046060 0.229143
vt 0.046061 0.229150
vt 0.046060 0.009432
vt 0.046061 0.009426
vt 0.042504 0.134106
vt 0.042492 0.134118
vt 0.046044 0.127106
vt 0.032095 0.119421
vt 0.038103 0.105885
vt 0.038129 0.105886
vt 0.032123 0.119421
vt 0.317375 0.119155
vt 0.311507 0.105663
vt 0.311534 0.105662
vt 0.317404 0.119155
vt 0.040017 0.012736
vt 0.039183 0.104459
vt 0.839131 0.006687
vt 0.654399 0.119179
vt 0.654399 0.006686
vt 0.654413 0.006686
vt 0.654413 0.119179
vt 0.300834 0.230396
vt 0.300816 0.230401
vt 0.048683 0.230401
vt 0.300833 0.008180
vt 0.048665 0.008180
vt 0.048683 0.008175
vt 0.300816 0.008175
vt 0.039192 0.134118
vt 0.039183 0.134117
vt 0.323317 0.119187
vt 0.317215 0.133592
vt 0.317219 0.133587
vt 0.311370 0.132690
vt 0.839130 0.231672
vt 0.052005 0.604167
vt 0.051986 0.604167
vt 0.052005 0.634509
vt 0.051986 0.634509
vt 0.344944 0.729598
vt 0.340956 0.604167
vt 0.340975 0.604167
vt 0.340956 0.634509
vt 0.340975 0.634509
vt 0.340983 0.619338
vt 0.340975 0.627339
vt 0.340966 0.627333
vt 0.051978 0.619338
vt 0.051986 0.611337
vt 0.051996 0.611343
vt 0.051996 0.619338
vt 0.044293 0.604167
vt 0.044294 0.604161
vt 0.052005 0.731766
vt 0.052006 0.731776
vt 0.340956 0.506910
vt 0.052005 0.506910
vt 0.052006 0.506900
vt 0.340955 0.506900
vt 0.048017 0.634504
vt 0.047998 0.634516
vt 0.051985 0.627340
vt 0.051996 0.627333
vt 0.051996 0.731766
vt 0.340976 0.611337
vt 0.340965 0.611343
vt 0.344944 0.729604
vt 0.340966 0.506910
vt 0.036325 0.619475
vt 0.043068 0.605625
vt 0.043103 0.605618
vt 0.036358 0.619475
vt 0.356603 0.619202
vt 0.350012 0.605390
vt 0.350048 0.605397
vt 0.045220 0.510288
vt 0.044284 0.604162
vt 0.846304 0.617815
vt 0.846304 0.510481
vt 0.846318 0.510481
vt 0.669999 0.617815
vt 0.670012 0.510480
vt 0.670012 0.617815
vt 0.054929 0.733051
vt 0.338032 0.733051
vt 0.338012 0.733056
vt 0.338032 0.505625
vt 0.054929 0.505625
vt 0.054949 0.505621
vt 0.338012 0.505621
vt 0.044294 0.634516
vt 0.044284 0.634515
vt 0.029672 0.619441
vt 0.029688 0.619441
vt 0.363273 0.619235
vt 0.356871 0.604521
vt 0.356888 0.604518
vt 0.363289 0.619235
vt 0.356422 0.633977
vt 0.349890 0.633060
vt 0.349893 0.633051
vt 0.356428 0.633968
vt 0.349858 0.633058
vt 0.846304 0.725150
vt 0.846318 0.725149
vt 0.356444 0.633971
vt 0.052743 0.383448
vt 0.322561 0.481356
vt 0.318886 0.352206
vt 0.318902 0.383448
vt 0.318911 0.367827
vt 0.318904 0.376065
vt 0.318895 0.367827
vt 0.052735 0.367827
vt 0.052742 0.359589
vt 0.052751 0.367827
vt 0.045656 0.352206
vt 0.045657 0.352200
vt 0.052759 0.483590
vt 0.318886 0.252056
vt 0.049069 0.383454
vt 0.052742 0.376066
vt 0.052751 0.483590
vt 0.318904 0.359588
vt 0.038319 0.367968
vt 0.044530 0.353706
vt 0.044560 0.353702
vt 0.038349 0.367967
vt 0.333297 0.367687
vt 0.327228 0.353467
vt 0.327258 0.353471
vt 0.333327 0.367687
vt 0.045648 0.352200
vt 0.871608 0.120410
vt 0.871608 0.008829
vt 0.871622 0.008829
vt 0.688349 0.120409
vt 0.688363 0.008829
vt 0.055453 0.484911
vt 0.316193 0.484911
vt 0.316193 0.250743
vt 0.055453 0.250743
vt 0.055471 0.250738
vt 0.045657 0.383454
vt 0.032191 0.367933
vt 0.032205 0.367933
vt 0.339441 0.367721
vt 0.333544 0.352569
vt 0.333559 0.352566
vt 0.339455 0.367721
vt 0.333132 0.382900
vt 0.327116 0.381948
vt 0.327086 0.381952
vt 0.046178 0.849431
vt 0.046157 0.849431
vt 0.046178 0.881756
vt 0.046157 0.881756
vt 0.355021 0.983061
vt 0.355042 0.983063
vt 0.350816 0.849431
vt 0.350816 0.881756
vt 0.350837 0.881756
vt 0.350845 0.865593
vt 0.350837 0.874118
vt 0.046149 0.865594
vt 0.046157 0.857069
vt 0.046167 0.857076
vt 0.046167 0.865593
vt 0.038046 0.849431
vt 0.038047 0.849424
vt 0.046178 0.985371
vt 0.046179 0.985382
vt 0.350816 0.745816
vt 0.046178 0.745816
vt 0.046179 0.745805
vt 0.350815 0.745805
vt 0.046157 0.874118
vt 0.350837 0.857069
vt 0.350827 0.857076
vt 0.029646 0.865739
vt 0.036755 0.850984
vt 0.029681 0.865739
vt 0.367313 0.865448
vt 0.360364 0.850734
vt 0.360402 0.850741
vt 0.367348 0.865448
vt 0.039024 0.749415
vt 0.840421 0.622758
vt 0.840421 0.516925
vt 0.840435 0.516925
vt 0.840435 0.622758
vt 0.666581 0.622758
vt 0.666594 0.622758
vt 0.049260 0.986740
vt 0.347734 0.986740
vt 0.347713 0.986745
vt 0.049260 0.744447
vt 0.038047 0.881763
vt 0.022632 0.865703
vt 0.022649 0.865703
vt 0.374345 0.865484
vt 0.367596 0.849808
vt 0.374362 0.865484
vt 0.367123 0.881189
vt 0.360236 0.880212
vt 0.360239 0.880203
vt 0.367129 0.881180
vt 0.360202 0.880210
vt 0.840421 0.728591
vt 0.840435 0.728591
vt 0.668711 0.851546
vt 0.668711 0.883333
vt 0.668694 0.883332
vt 0.961652 0.982947
vt 0.961669 0.982948
vt 0.957659 0.851546
vt 0.957676 0.851546
vt 0.957659 0.883332
vt 0.957676 0.883332
vt 0.957686 0.867439
vt 0.957679 0.875821
vt 0.957670 0.875815
vt 0.668690 0.859057
vt 0.668700 0.859064
vt 0.961652 0.851552
vt 0.961668 0.851539
vt 0.659772 0.853070
vt 0.668711 0.985221
vt 0.668711 0.985229
vt 0.957659 0.749658
vt 0.668711 0.749658
vt 0.957658 0.749649
vt 0.668690 0.875821
vt 0.957680 0.859057
vt 0.957670 0.859064
vt 0.659805 0.853069
vt 0.973307 0.867296
vt 0.973342 0.867296
vt 0.660999 0.851539
vt 0.660988 0.851540
vt 0.846687 0.620140
vt 0.846687 0.512311
vt 0.846702 0.512311
vt 0.846702 0.620140
vt 0.669615 0.620140
vt 0.669615 0.512311
vt 0.669629 0.512311
vt 0.671632 0.986564
vt 0.954738 0.986564
vt 0.954715 0.986569
vt 0.671655 0.986569
vt 0.954738 0.748314
vt 0.671654 0.748309
vt 0.954715 0.748309
vt 0.660999 0.883339
vt 0.646376 0.867547
vt 0.646394 0.867547
vt 0.979976 0.867331
vt 0.973572 0.851913
vt 0.973591 0.851910
vt 0.979994 0.867331
vt 0.973568 0.851907
vt 0.659618 0.882047
vt 0.659651 0.882048
vt 0.966564 0.881809
vt 0.966598 0.881808
vt 0.846702 0.727969
vt 0.973129 0.882769
vt 0.046060 0.104464
vt 0.046048 0.104464
vt 0.046060 0.134112
vt 0.046048 0.134112
vt 0.306995 0.227022
vt 0.307007 0.227024
vt 0.303438 0.104464
vt 0.303451 0.104464
vt 0.303438 0.134112
vt 0.303461 0.119288
vt 0.303447 0.119288
vt 0.046037 0.119288
vt 0.046044 0.111470
vt 0.046052 0.111476
vt 0.039192 0.104458
vt 0.046060 0.229143
vt 0.046061 0.229150
vt 0.046060 0.009432
vt 0.046061 0.009426
vt 0.303438 0.009426
vt 0.042504 0.134106
vt 0.042492 0.134118
vt 0.046044 0.127106
vt 0.046052 0.127100
vt 0.303455 0.111470
vt 0.303447 0.111476
vt 0.032095 0.119421
vt 0.038103 0.105885
vt 0.038129 0.105886
vt 0.032123 0.119421
vt 0.317376 0.119155
vt 0.311507 0.105663
vt 0.311534 0.105662
vt 0.317404 0.119155
vt 0.040017 0.012736
vt 0.040008 0.012746
vt 0.839131 0.006687
vt 0.654400 0.119179
vt 0.654399 0.006686
vt 0.654413 0.006686
vt 0.654413 0.119179
vt 0.048665 0.230396
vt 0.300834 0.230396
vt 0.300816 0.230401
vt 0.048683 0.230401
vt 0.300833 0.008180
vt 0.048665 0.008180
vt 0.039192 0.134118
vt 0.026181 0.119389
vt 0.323317 0.119187
vt 0.317613 0.104805
vt 0.311395 0.132695
vt 0.311396 0.132691
vt 0.311370 0.132690
vt 0.839117 0.231672
vt 0.839130 0.231672
vt 0.085557 0.850940
vt 0.085546 0.850940
vt 0.374513 0.882708
vt 0.374523 0.882708
vt 0.374513 0.850940
vt 0.374523 0.850940
vt 0.374532 0.866824
vt 0.374527 0.875199
vt 0.085537 0.866824
vt 0.085543 0.858448
vt 0.085550 0.858453
vt 0.076629 0.852461
vt 0.076627 0.852457
vt 0.085542 0.875200
vt 0.085550 0.875195
vt 0.374527 0.858448
vt 0.076651 0.852462
vt 0.069908 0.866967
vt 0.390161 0.866681
vt 0.390186 0.866681
vt 0.077845 0.850935
vt 0.077838 0.850935
vt 0.840632 0.508365
vt 0.840642 0.508365
vt 0.840642 0.610721
vt 0.381298 0.752649
vt 0.381305 0.752658
vt 0.672574 0.610720
vt 0.672574 0.508365
vt 0.672584 0.508365
vt 0.088486 0.985883
vt 0.371584 0.985880
vt 0.371569 0.985887
vt 0.088501 0.985887
vt 0.088486 0.747765
vt 0.077845 0.882713
vt 0.077838 0.882713
vt 0.063226 0.866932
vt 0.396832 0.866716
vt 0.390427 0.851303
vt 0.390440 0.851301
vt 0.396844 0.866716
vt 0.390425 0.851300
vt 0.077845 0.882708
vt 0.076475 0.881425
vt 0.076498 0.881425
vt 0.383418 0.881186
vt 0.383440 0.881187
vt 0.840642 0.713076
vt 0.672574 0.713076
vt 0.672584 0.713076
vt 0.389984 0.882148
vt 0.389996 0.882150
vt 0.081562 0.751767
vt 0.081557 0.751770
vt 0.081552 0.751379
vt 0.081567 0.751375
vt 0.081562 0.751770
vt 0.081565 0.754303
vt 0.081553 0.754298
vt 0.081565 0.979344
vt 0.081553 0.979350
vt 0.081567 0.982273
vt 0.081562 0.981878
vt 0.085552 0.984540
vt 0.089953 0.984540
vt 0.089948 0.984547
vt 0.085552 0.984542
vt 0.378504 0.754303
vt 0.378516 0.754298
vt 0.374512 0.749109
vt 0.372318 0.749108
vt 0.372316 0.749106
vt 0.373922 0.749106
vt 0.370116 0.749107
vt 0.370122 0.749101
vt 0.370117 0.984540
vt 0.372318 0.984540
vt 0.372316 0.984544
vt 0.370122 0.984547
vt 0.374512 0.984539
vt 0.373922 0.984542
vt 0.378504 0.979344
vt 0.378516 0.979350
vt 0.089954 0.751380
vt 0.087753 0.751771
vt 0.087746 0.751766
vt 0.089953 0.751373
vt 0.085557 0.754304
vt 0.085546 0.754303
vt 0.087753 0.981876
vt 0.089954 0.982268
vt 0.089953 0.982275
vt 0.087746 0.981882
vt 0.085557 0.979344
vt 0.374523 0.979344
vt 0.372314 0.981877
vt 0.372318 0.981883
vt 0.370116 0.982268
vt 0.370117 0.982275
vt 0.374513 0.754304
vt 0.372314 0.751771
vt 0.372318 0.751765
vt 0.370116 0.751380
vt 0.370116 0.751373
vt 0.089948 0.749101
vt 0.089953 0.749108
vt 0.378516 0.850935
vt 0.378504 0.850944
vt 0.073705 0.359822
vt 0.073692 0.359822
vt 0.073705 0.386969
vt 0.073692 0.386969
vt 0.366650 0.472047
vt 0.366663 0.472049
vt 0.362662 0.359822
vt 0.362681 0.373395
vt 0.362676 0.380553
vt 0.362668 0.380548
vt 0.362668 0.373395
vt 0.073685 0.373395
vt 0.073691 0.366238
vt 0.073698 0.373395
vt 0.065993 0.359822
vt 0.065993 0.359817
vt 0.073705 0.473988
vt 0.073706 0.473994
vt 0.362662 0.272803
vt 0.073705 0.272803
vt 0.073705 0.272797
vt 0.362661 0.272797
vt 0.069717 0.386965
vt 0.069704 0.386973
vt 0.073691 0.380553
vt 0.073698 0.380548
vt 0.362676 0.366238
vt 0.058033 0.373517
vt 0.064777 0.361124
vt 0.064802 0.361121
vt 0.058057 0.373517
vt 0.378310 0.373273
vt 0.371719 0.360917
vt 0.371744 0.360920
vt 0.378333 0.373273
vt 0.066920 0.275828
vt 0.065986 0.359818
vt 0.066913 0.275835
vt 0.839007 0.124078
vt 0.839007 0.019945
vt 0.839017 0.019945
vt 0.839017 0.124078
vt 0.667998 0.124077
vt 0.667998 0.019945
vt 0.668008 0.019945
vt 0.076635 0.475137
vt 0.359732 0.475137
vt 0.359718 0.475140
vt 0.359732 0.271654
vt 0.076635 0.271654
vt 0.065993 0.386973
vt 0.065986 0.386973
vt 0.051375 0.373488
vt 0.051385 0.373488
vt 0.384981 0.373303
vt 0.378589 0.360133
vt 0.384992 0.373303
vt 0.378131 0.386494
vt 0.371587 0.385672
vt 0.371589 0.385666
vt 0.378135 0.386488
vt 0.371565 0.385670
vt 0.839007 0.228210
vt 0.839017 0.228210
vt 0.378146 0.386490
vt 0.669927 0.846462
vt 0.669937 0.876113
vt 0.669927 0.876113
vt 0.962885 0.969038
vt 0.962896 0.969040
vt 0.958904 0.876113
vt 0.958913 0.861287
vt 0.958907 0.869105
vt 0.958900 0.869100
vt 0.669918 0.861287
vt 0.669923 0.853470
vt 0.669930 0.853474
vt 0.962885 0.846466
vt 0.962895 0.846457
vt 0.661010 0.847882
vt 0.661010 0.847878
vt 0.669938 0.971164
vt 0.669937 0.751415
vt 0.669938 0.751410
vt 0.958892 0.751410
vt 0.669923 0.869105
vt 0.958908 0.853470
vt 0.654264 0.861421
vt 0.661032 0.847882
vt 0.654289 0.861420
vt 0.974542 0.861154
vt 0.974566 0.861154
vt 0.662226 0.846457
vt 0.662218 0.846457
vt 0.663145 0.754729
vt 0.854604 0.513534
vt 0.854604 0.618718
vt 0.658612 0.618718
vt 0.658612 0.513534
vt 0.658624 0.618718
vt 0.672866 0.972412
vt 0.955964 0.750162
vt 0.672866 0.750162
vt 0.662226 0.876117
vt 0.662218 0.876117
vt 0.981212 0.861186
vt 0.974820 0.846799
vt 0.974805 0.846798
vt 0.660855 0.874916
vt 0.660878 0.874915
vt 0.967798 0.874692
vt 0.967821 0.874693
vt 0.854604 0.723902
vt 0.974365 0.875590
vt 0.916612 0.480042
vt 0.916622 0.480044
vt 0.913282 0.349768
vt 0.913291 0.349768
vt 0.913282 0.381281
vt 0.913291 0.381281
vt 0.913298 0.365524
vt 0.913293 0.373833
vt 0.672010 0.365524
vt 0.672015 0.357216
vt 0.672021 0.357221
vt 0.916612 0.349772
vt 0.916622 0.349763
vt 0.664574 0.351279
vt 0.664575 0.351274
vt 0.672027 0.482301
vt 0.913282 0.248754
vt 0.672027 0.248748
vt 0.913281 0.248748
vt 0.672015 0.373833
vt 0.913293 0.357216
vt 0.658942 0.365666
vt 0.664593 0.351276
vt 0.658962 0.365666
vt 0.926346 0.365383
vt 0.926365 0.365383
vt 0.665588 0.349763
vt 0.665582 0.349763
vt 0.666356 0.252274
vt 0.854604 0.014337
vt 0.854604 0.121025
vt 0.658612 0.121025
vt 0.658612 0.014336
vt 0.674473 0.483629
vt 0.910835 0.483629
vt 0.910835 0.247420
vt 0.674473 0.247420
vt 0.665588 0.381286
vt 0.665582 0.381286
vt 0.653383 0.365631
vt 0.926571 0.350130
vt 0.926579 0.350128
vt 0.926568 0.350125
vt 0.664445 0.380007
vt 0.664464 0.380009
vt 0.920716 0.379772
vt 0.854604 0.227713
vt 0.926201 0.380724
vt 0.926209 0.380726
vt 0.889031 0.926435
vt 0.889027 0.926435
vt 0.887400 0.768345
vt 0.887402 0.768438
vt 0.889029 0.827322
vt 0.889031 0.827351
vt 0.889029 0.906775
vt 0.889031 0.906860
vt 0.887400 0.873719
vt 0.887402 0.873697
vt 0.541246 0.747640
vt 0.541205 0.747640
vt 0.528158 0.992677
vt 0.528178 0.992677
vt 0.591726 0.992677
vt 0.591767 0.992677
vt 0.605137 0.747640
vt 0.605117 0.747641
vt 0.889031 0.906695
vt 0.889031 0.847376
vt 0.889031 0.847528
vt 0.889031 0.847349
vt 0.889031 0.827348
vt 0.889031 0.847376
vt 0.767419 0.874530
vt 0.767204 0.874888
vt 0.767132 0.874888
vt 0.767348 0.874530
vt 0.645368 0.874888
vt 0.645368 0.874530
vt 0.645438 0.874530
vt 0.645437 0.874888
vt 0.768045 0.874207
vt 0.767974 0.874207
vt 0.645368 0.874207
vt 0.645439 0.874207
vt 0.769019 0.873951
vt 0.768982 0.873935
vt 0.645368 0.873729
vt 0.645440 0.873729
vt 0.770249 0.873787
vt 0.770247 0.873757
vt 0.769014 0.820801
vt 0.770241 0.820966
vt 0.770241 0.820996
vt 0.769013 0.820832
vt 0.771610 0.873730
vt 0.771610 0.873700
vt 0.771602 0.821022
vt 0.771602 0.821054
vt 0.645368 0.925635
vt 0.645368 0.925277
vt 0.645437 0.925277
vt 0.645438 0.925635
vt 0.767204 0.925277
vt 0.767419 0.925635
vt 0.767348 0.925635
vt 0.767132 0.925277
vt 0.645368 0.925958
vt 0.645439 0.925958
vt 0.768045 0.925958
vt 0.767973 0.925958
vt 0.645368 0.926436
vt 0.645440 0.926436
vt 0.769019 0.926214
vt 0.768982 0.926229
vt 0.770241 0.979143
vt 0.767201 0.979143
vt 0.767201 0.979112
vt 0.770241 0.979112
vt 0.770248 0.926378
vt 0.770247 0.926408
vt 0.771602 0.979143
vt 0.771602 0.979111
vt 0.771610 0.926435
vt 0.771610 0.926465
vt 0.767415 0.874530
vt 0.767200 0.874888
vt 0.767130 0.874888
vt 0.767345 0.874530
vt 0.767204 0.819863
vt 0.767419 0.820221
vt 0.767415 0.820221
vt 0.767200 0.819863
vt 0.768040 0.874207
vt 0.767969 0.874207
vt 0.768042 0.820544
vt 0.768039 0.820545
vt 0.769013 0.873950
vt 0.768977 0.873935
vt 0.769013 0.820800
vt 0.769011 0.820830
vt 0.770241 0.873786
vt 0.770241 0.873755
vt 0.770238 0.820964
vt 0.770236 0.820995
vt 0.771602 0.873729
vt 0.771602 0.873698
vt 0.771595 0.821021
vt 0.771594 0.821051
vt 0.767419 0.769116
vt 0.767204 0.769474
vt 0.767200 0.769474
vt 0.767415 0.769116
vt 0.767200 0.925277
vt 0.767415 0.925635
vt 0.767345 0.925635
vt 0.767130 0.925277
vt 0.768042 0.768794
vt 0.768039 0.768793
vt 0.768040 0.925958
vt 0.767969 0.925958
vt 0.769014 0.768538
vt 0.769011 0.768537
vt 0.769013 0.926215
vt 0.768976 0.926230
vt 0.770236 0.979143
vt 0.767201 0.979128
vt 0.767201 0.979098
vt 0.770236 0.979114
vt 0.770241 0.926379
vt 0.770241 0.926410
vt 0.771595 0.979143
vt 0.771594 0.979114
vt 0.771602 0.926436
vt 0.771602 0.926467
vt 0.887402 0.979111
vt 0.887393 0.979143
vt 0.889039 0.926465
vt 0.889039 0.821053
vt 0.889027 0.821021
vt 0.887393 0.873729
vt 0.807509 0.011607
vt 0.807502 0.011608
vt 0.807509 0.011608
vt 0.965934 0.144272
vt 0.551133 0.144247
vt 0.551133 0.144226
vt 0.965898 0.144226
vt 0.602379 0.158072
vt 0.602380 0.158073
vt 0.559397 0.180064
vt 0.559412 0.180064
vt 0.800730 0.158073
vt 0.800730 0.158072
vt 0.800727 0.158072
vt 0.976143 0.069569
vt 0.976127 0.069572
vt 0.858826 0.011607
vt 0.858826 0.206895
vt 0.858789 0.206895
vt 0.858789 0.011607
vt 0.551055 0.011611
vt 0.551076 0.011611
vt 0.961354 0.011607
vt 0.961354 0.011611
vt 0.961381 0.011611
vt 0.961381 0.206891
vt 0.961354 0.206891
vt 0.653637 0.206895
vt 0.653637 0.206891
vt 0.653637 0.011607
vt 0.756218 0.011611
vt 0.653637 0.011611
vt 0.756218 0.206891
vt 0.551076 0.011607
vt 0.961354 0.206895
vt 0.551055 0.206891
vt 0.653637 0.206891
vt 0.653637 0.206895
vt 0.653637 0.011611
vt 0.756218 0.011611
vt 0.756218 0.011607
vt 0.653637 0.011607
vt 0.756218 0.206891
vt 0.756218 0.206895
vt 0.981344 0.104675
vt 0.981339 0.104675
vt 0.861367 0.104675
vt 0.861360 0.104675
vt 0.641268 0.091100
vt 0.641262 0.091100
vt 0.761247 0.104675
vt 0.761240 0.104675
vt 0.672016 0.373832
vt 0.913292 0.357216
vt 0.913292 0.373832
vt 0.665588 0.349763
vt 0.674473 0.247420
vt 0.931917 0.365417
vt 0.443292 0.501894
vt 0.452749 0.501894
vt 0.452749 0.735462
vt 0.443292 0.735462
vt 0.511254 0.501894
vt 0.520711 0.501894
vt 0.520711 0.735462
vt 0.511254 0.735462
vt 0.482001 0.735462
vt 0.482002 0.501894
vt 0.546982 0.622154
vt 0.548789 0.732938
vt 0.964427 0.511369
vt 0.966234 0.622153
vt 0.964427 0.732938
vt 0.548789 0.511369
vt 0.522559 0.748461
vt 0.533242 0.748461
vt 0.533242 0.994166
vt 0.522559 0.994166
vt 0.599271 0.748461
vt 0.609954 0.748461
vt 0.609953 0.994166
vt 0.599271 0.994166
vt 0.566256 0.994166
vt 0.566256 0.748461
vt 0.593231 0.616873
vt 0.594831 0.714948
vt 0.962680 0.518796
vt 0.964279 0.616872
vt 0.962680 0.714948
vt 0.594831 0.518796
vt 0.445635 0.243672
vt 0.454450 0.243672
vt 0.454450 0.491693
vt 0.445635 0.491693
vt 0.508968 0.243672
vt 0.517783 0.243672
vt 0.517783 0.491693
vt 0.508968 0.491693
vt 0.481709 0.491693
vt 0.481709 0.243672
vt 0.568879 0.120410
vt 0.570698 0.231990
vt 0.989273 0.008829
vt 0.991093 0.120409
vt 0.989273 0.231990
vt 0.570698 0.008829
vt 0.443292 0.742901
vt 0.452749 0.742901
vt 0.452749 0.997881
vt 0.443292 0.997881
vt 0.511254 0.742901
vt 0.520711 0.742901
vt 0.520711 0.997881
vt 0.511254 0.997881
vt 0.482001 0.997881
vt 0.482002 0.742901
vt 0.553251 0.622758
vt 0.554976 0.728591
vt 0.952039 0.516924
vt 0.953765 0.622758
vt 0.952039 0.728591
vt 0.554977 0.516924
vt 0.522559 0.741873
vt 0.533242 0.741873
vt 0.533242 0.995217
vt 0.522559 0.995217
vt 0.599271 0.741873
vt 0.609953 0.741873
vt 0.609953 0.995217
vt 0.599271 0.995217
vt 0.566256 0.995217
vt 0.566256 0.741873
vt 0.554177 0.620140
vt 0.555936 0.727974
vt 0.960381 0.512307
vt 0.962139 0.620140
vt 0.960381 0.727973
vt 0.555936 0.512307
vt 0.440695 0.010988
vt 0.446154 0.010988
vt 0.446154 0.226068
vt 0.440695 0.226068
vt 0.516033 0.010988
vt 0.521492 0.010988
vt 0.521492 0.226068
vt 0.516033 0.226068
vt 0.481094 0.226068
vt 0.481094 0.010988
vt 0.533978 0.119179
vt 0.535813 0.231672
vt 0.957717 0.006686
vt 0.959552 0.119179
vt 0.957717 0.231672
vt 0.535813 0.006687
vt 0.443292 0.741001
vt 0.452749 0.741001
vt 0.452749 0.997514
vt 0.443292 0.997514
vt 0.511254 0.741001
vt 0.520711 0.741001
vt 0.520711 0.997514
vt 0.511254 0.997513
vt 0.482001 0.997513
vt 0.482001 0.741001
vt 0.547092 0.121025
vt 0.548918 0.233052
vt 0.969220 0.008997
vt 0.971046 0.121025
vt 0.969220 0.233052
vt 0.548918 0.008997
vt 0.522559 0.744388
vt 0.533242 0.744388
vt 0.533242 0.995539
vt 0.522559 0.995539
vt 0.599271 0.744388
vt 0.609954 0.744388
vt 0.609953 0.995539
vt 0.599271 0.995539
vt 0.566256 0.995539
vt 0.566256 0.744388
vt 0.533776 0.623906
vt 0.535722 0.718100
vt 0.983353 0.529712
vt 0.985300 0.623906
vt 0.983353 0.718100
vt 0.535722 0.529713
vt 0.445629 0.010846
vt 0.454450 0.010846
vt 0.454450 0.232147
vt 0.445629 0.232147
vt 0.508968 0.010846
vt 0.517789 0.010846
vt 0.517789 0.232147
vt 0.508968 0.232147
vt 0.481709 0.232147
vt 0.481709 0.010846
vt 0.536154 0.119712
vt 0.537970 0.231095
vt 0.955715 0.008329
vt 0.957531 0.119712
vt 0.955715 0.231095
vt 0.537970 0.008329
vt 0.443292 0.507366
vt 0.452749 0.507366
vt 0.452749 0.734078
vt 0.443292 0.734078
vt 0.511254 0.507366
vt 0.520711 0.507366
vt 0.520711 0.734078
vt 0.511254 0.734078
vt 0.482001 0.734078
vt 0.482002 0.507366
vt 0.555061 0.617815
vt 0.556811 0.725149
vt 0.959505 0.510480
vt 0.961256 0.617815
vt 0.959505 0.725149
vt 0.556811 0.510481
vt 0.445634 0.243672
vt 0.454450 0.243672
vt 0.454450 0.491693
vt 0.445635 0.491693
vt 0.508968 0.243672
vt 0.517783 0.243672
vt 0.517783 0.491693
vt 0.508968 0.491693
vt 0.481709 0.491693
vt 0.481709 0.243672
vt 0.568879 0.120410
vt 0.989273 0.008829
vt 0.991093 0.120409
vt 0.443292 0.742901
vt 0.452749 0.742901
vt 0.452749 0.997881
vt 0.443292 0.997881
vt 0.511254 0.742901
vt 0.520711 0.742901
vt 0.520711 0.997881
vt 0.482001 0.997881
vt 0.482002 0.742901
vt 0.553251 0.622758
vt 0.554977 0.728591
vt 0.952039 0.516924
vt 0.953765 0.622758
vt 0.952039 0.728591
vt 0.554977 0.516924
vt 0.522560 0.741874
vt 0.533242 0.741873
vt 0.522560 0.995217
vt 0.599271 0.741873
vt 0.609952 0.741874
vt 0.609952 0.995217
vt 0.599271 0.995217
vt 0.566256 0.995217
vt 0.554177 0.620140
vt 0.555936 0.727969
vt 0.960381 0.512311
vt 0.962139 0.620140
vt 0.960381 0.727969
vt 0.555935 0.512311
vt 0.440695 0.010988
vt 0.446154 0.010988
vt 0.446154 0.226068
vt 0.440695 0.226068
vt 0.516033 0.010988
vt 0.521492 0.010988
vt 0.521492 0.226068
vt 0.516033 0.226068
vt 0.481094 0.226068
vt 0.481094 0.010988
vt 0.533978 0.119179
vt 0.957717 0.006686
vt 0.959552 0.119179
vt 0.004639 0.766431
vt 0.018677 0.766431
vt 0.018676 0.976615
vt 0.004639 0.976615
vt 0.105405 0.766431
vt 0.119443 0.766431
vt 0.119443 0.976615
vt 0.105405 0.976615
vt 0.062041 0.976615
vt 0.062041 0.766431
vt 0.381294 0.981000
vt 0.381294 0.752648
vt 0.078789 0.981000
vt 0.078784 0.752648
vt 0.563010 0.610721
vt 0.564679 0.713076
vt 0.371587 0.747772
vt 0.088482 0.747766
vt 0.948538 0.508365
vt 0.950207 0.610721
vt 0.088482 0.985881
vt 0.371587 0.985877
vt 0.948538 0.713076
vt 0.564679 0.508365
vt 0.081562 0.752648
vt 0.081562 0.981878
vt 0.081562 0.982269
vt 0.081562 0.981000
vt 0.374510 0.749101
vt 0.373922 0.749103
vt 0.371587 0.749106
vt 0.374510 0.984542
vt 0.371587 0.984542
vt 0.443285 0.247872
vt 0.452749 0.247872
vt 0.452749 0.498128
vt 0.443285 0.498128
vt 0.511254 0.247872
vt 0.520718 0.247872
vt 0.520718 0.498128
vt 0.511254 0.498128
vt 0.482001 0.498128
vt 0.482002 0.247872
vt 0.556510 0.124078
vt 0.558208 0.228210
vt 0.948807 0.019945
vt 0.950505 0.124077
vt 0.948807 0.228210
vt 0.558208 0.019945
vt 0.522740 0.741943
vt 0.533382 0.741943
vt 0.533381 0.996767
vt 0.522740 0.996767
vt 0.599131 0.741943
vt 0.609773 0.741943
vt 0.609773 0.996767
vt 0.599131 0.996767
vt 0.566256 0.996767
vt 0.566256 0.741943
vt 0.530843 0.618718
vt 0.532790 0.723902
vt 0.980426 0.513534
vt 0.982373 0.618718
vt 0.980426 0.723902
vt 0.532790 0.513534
vt 0.526095 0.242408
vt 0.536601 0.242408
vt 0.536600 0.495418
vt 0.526095 0.495418
vt 0.601533 0.242408
vt 0.612039 0.242408
vt 0.612039 0.495418
vt 0.601533 0.495418
vt 0.569067 0.495418
vt 0.569067 0.242408
vt 0.530844 0.121025
vt 0.532790 0.227713
vt 0.980426 0.014336
vt 0.982373 0.121025
vt 0.532790 0.014336
vt 0.345705 0.754940
vt 0.353749 0.754940
vt 0.353749 0.982093
vt 0.345705 0.982094
vt 0.403466 0.754940
vt 0.411510 0.754940
vt 0.411510 0.982093
vt 0.403466 0.982093
vt 0.378607 0.982093
vt 0.378607 0.754940
vt 0.553375 0.618316
vt 0.555127 0.725753
vt 0.958089 0.510879
vt 0.959841 0.618316
vt 0.958089 0.725753
vt 0.555127 0.510879
vt 0.533382 0.741943
vt 0.533381 0.996767
vt 0.599131 0.741943
vt 0.609773 0.741943
vt 0.609773 0.996767
vt 0.599131 0.996767
vt 0.566256 0.741943
vt 0.530843 0.618718
vt 0.532790 0.723902
vt 0.980426 0.513534
vt 0.982373 0.618718
vt 0.532790 0.513534
vt 0.536601 0.242408
vt 0.536600 0.495418
vt 0.526095 0.495418
vt 0.612039 0.242408
vt 0.612039 0.495418
vt 0.569067 0.495418
vt 0.569067 0.242408
vt 0.530844 0.121025
vt 0.532790 0.227713
vt 0.982373 0.121025
vt 0.980427 0.227713
vt 0.522740 0.741943
vt 0.533382 0.741943
vt 0.522740 0.996767
vt 0.599131 0.741943
vt 0.609773 0.741943
vt 0.609773 0.996767
vt 0.566256 0.996767
vt 0.566256 0.741943
vt 0.530843 0.618718
vt 0.532790 0.723902
vt 0.982373 0.618718
vt 0.980426 0.723902
vt 0.672016 0.373832
vt 0.913292 0.357216
vt 0.913292 0.373832
vt 0.674474 0.247420
vt 0.910834 0.247420
vt 0.674474 0.483629
vt 0.918947 0.252266
vt 0.919721 0.349763
vt 0.918947 0.478782
vt 0.913296 0.365524
vt 0.931918 0.365417
vt 0.926201 0.380724
vt 0.658737 0.380919
vt 0.653390 0.365631
vt 0.524145 0.242039
vt 0.534647 0.242039
vt 0.534647 0.497740
vt 0.524145 0.497740
vt 0.599580 0.242039
vt 0.610082 0.242039
vt 0.610082 0.497740
vt 0.599580 0.497740
vt 0.567114 0.497740
vt 0.567114 0.242039
vt 0.532789 0.227699
vt 0.980427 0.014350
vt 0.982373 0.121025
vt 0.980427 0.227699
vt 0.532789 0.014350
vt 0.445634 0.243672
vt 0.454450 0.243672
vt 0.454450 0.491693
vt 0.445634 0.491693
vt 0.508968 0.243672
vt 0.517783 0.243672
vt 0.517783 0.491693
vt 0.570698 0.231990
vt 0.989273 0.008829
vt 0.989273 0.231990
vt 0.443292 0.742901
vt 0.443292 0.997881
vt 0.520711 0.742901
vt 0.520711 0.997881
vt 0.511254 0.997881
vt 0.482001 0.997881
vt 0.553251 0.622758
vt 0.953765 0.622758
vt 0.554977 0.516924
vt 0.522560 0.741873
vt 0.533242 0.995217
vt 0.522560 0.995217
vt 0.599271 0.741873
vt 0.609952 0.741873
vt 0.609952 0.995217
vt 0.599271 0.995217
vt 0.566256 0.995217
vt 0.566256 0.741873
vt 0.960381 0.512311
vt 0.962139 0.620140
vt 0.960381 0.727969
vt 0.555936 0.512311
vt 0.440695 0.010988
vt 0.446154 0.010988
vt 0.446154 0.226068
vt 0.440695 0.226068
vt 0.516033 0.010988
vt 0.521492 0.010988
vt 0.521492 0.226068
vt 0.516033 0.226068
vt 0.481094 0.010988
vt 0.533978 0.119179
vt 0.535813 0.231672
vt 0.957717 0.006686
vt 0.959552 0.119179
vt 0.535813 0.006687
vt 0.004639 0.766431
vt 0.018677 0.766431
vt 0.018676 0.976615
vt 0.004639 0.976615
vt 0.105405 0.766431
vt 0.119443 0.976615
vt 0.105405 0.976615
vt 0.062041 0.976615
vt 0.062041 0.766431
vt 0.563010 0.610721
vt 0.564679 0.713076
vt 0.948538 0.508366
vt 0.950207 0.610720
vt 0.948538 0.713076
vt 0.564678 0.508365
vt 0.374510 0.749101
vt 0.373922 0.749103
vt 0.374510 0.984542
vt 0.443285 0.247872
vt 0.452749 0.247872
vt 0.452749 0.498128
vt 0.443285 0.498128
vt 0.511254 0.247872
vt 0.520718 0.247872
vt 0.520718 0.498128
vt 0.511254 0.498128
vt 0.482001 0.498128
vt 0.482002 0.247872
vt 0.558208 0.228209
vt 0.950505 0.124077
vt 0.948807 0.228210
vt 0.558208 0.019945
vt 0.533382 0.741943
vt 0.533381 0.996767
vt 0.599131 0.996767
vt 0.566256 0.996767
vt 0.530844 0.618718
vt 0.980426 0.513534
vt 0.982373 0.618718
vt 0.980426 0.723902
vt 0.532790 0.513534
vt 0.526094 0.242408
vt 0.536601 0.242408
vt 0.526094 0.495418
vt 0.612039 0.242408
vt 0.569067 0.242408
vt 0.532790 0.227712
vt 0.980426 0.014336
vt 0.980426 0.227713
vt 0.532790 0.014336
vt 0.004639 0.766431
vt 0.018677 0.766431
vt 0.018676 0.976615
vt 0.004639 0.976615
vt 0.105405 0.766431
vt 0.119443 0.766431
vt 0.119443 0.976615
vt 0.105405 0.976615
vt 0.563010 0.610721
vt 0.564678 0.713076
vt 0.948538 0.508365
vt 0.564679 0.508365
vt 0.081562 0.981878
vt 0.081562 0.982269
vt 0.374510 0.749101
vt 0.373922 0.749103
vt 0.443285 0.247872
vt 0.452749 0.247872
vt 0.452749 0.498128
vt 0.443285 0.498128
vt 0.511254 0.247872
vt 0.520718 0.247872
vt 0.520718 0.498128
vt 0.511254 0.498128
vt 0.482001 0.498128
vt 0.482002 0.247872
vt 0.556510 0.124078
vt 0.558208 0.228209
vt 0.948807 0.019945
vt 0.950505 0.124077
vt 0.948807 0.228210
vt 0.558208 0.019945
vt 0.522740 0.741943
vt 0.533382 0.741943
vt 0.566256 0.996767
vt 0.566256 0.741943
vt 0.532790 0.723902
vt 0.980426 0.513534
vt 0.982373 0.618718
vt 0.980426 0.723902
vt 0.526095 0.242408
vt 0.526095 0.495418
vt 0.601533 0.242408
vt 0.612039 0.242408
vt 0.612039 0.495418
vt 0.532790 0.227713
vt 0.980427 0.014336
vt 0.980426 0.227713
vt 0.532790 0.014336
vt 0.345705 0.754940
vt 0.353749 0.754940
vt 0.353749 0.982093
vt 0.345705 0.982094
vt 0.403466 0.754940
vt 0.411510 0.754940
vt 0.411510 0.982094
vt 0.403466 0.982094
vt 0.378607 0.982093
vt 0.378607 0.754940
vt 0.555127 0.725753
vt 0.958089 0.510879
vt 0.959841 0.618316
vt 0.958089 0.725753
vt 0.555127 0.510879
vt 0.533381 0.996767
vt 0.532790 0.513534
vt 0.599131 0.996767
vt 0.530843 0.618718
vt 0.532790 0.723902
vt 0.980426 0.723902
vt 0.526095 0.242408
vt 0.536601 0.242408
vt 0.536600 0.495418
vt 0.526095 0.495418
vt 0.601533 0.242408
vt 0.612039 0.242408
vt 0.601533 0.495418
vt 0.569067 0.495418
vt 0.530843 0.121025
vt 0.980426 0.227713
vt 0.004639 0.766431
vt 0.018676 0.976615
vt 0.004639 0.976615
vt 0.119443 0.766432
vt 0.119443 0.976615
vt 0.105405 0.976615
vt 0.062041 0.976615
vt 0.564679 0.713076
vt 0.948538 0.508365
vt 0.950207 0.610720
vt 0.564679 0.508365
vt 0.374510 0.984542
vt 0.452749 0.247872
vt 0.452749 0.498128
vt 0.443285 0.498128
vt 0.511254 0.247872
vt 0.520718 0.247872
vt 0.520718 0.498128
vt 0.482001 0.498128
vt 0.482002 0.247872
vt 0.558208 0.228209
vt 0.948807 0.019945
vt 0.533382 0.741943
vt 0.533381 0.996767
vt 0.609773 0.741943
vt 0.566256 0.996767
vt 0.980426 0.513534
vt 0.982373 0.618718
vt 0.532790 0.513534
vt 0.526094 0.242408
vt 0.980426 0.014336
vt 0.982373 0.121025
vt 0.980426 0.227713
vt 0.532790 0.014336
vt 0.522559 0.748461
vt 0.533242 0.748461
vt 0.533242 0.994166
vt 0.522559 0.994166
vt 0.599271 0.748461
vt 0.609953 0.748461
vt 0.609953 0.994166
vt 0.599271 0.994166
vt 0.566256 0.994166
vt 0.566256 0.748461
vt 0.593231 0.616872
vt 0.594831 0.714948
vt 0.962680 0.518797
vt 0.964279 0.616872
vt 0.962680 0.714948
vt 0.594831 0.518797
vt 0.445634 0.243672
vt 0.454450 0.243672
vt 0.454450 0.491693
vt 0.445635 0.491693
vt 0.508968 0.243672
vt 0.517783 0.243672
vt 0.481709 0.243672
vt 0.989273 0.008829
vt 0.989273 0.231990
vt 0.570698 0.008829
vt 0.443292 0.742901
vt 0.443292 0.997881
vt 0.511254 0.997881
vt 0.482001 0.997881
vt 0.553251 0.622758
vt 0.554977 0.728591
vt 0.952039 0.516924
vt 0.522559 0.741873
vt 0.522559 0.995217
vt 0.609954 0.741873
vt 0.609953 0.995217
vt 0.566256 0.741874
vt 0.554177 0.620140
vt 0.555936 0.727973
vt 0.960381 0.512307
vt 0.962139 0.620140
vt 0.446154 0.010988
vt 0.440695 0.226068
vt 0.516033 0.010988
vt 0.521492 0.010988
vt 0.521492 0.226068
vt 0.481094 0.226068
vt 0.481094 0.010988
vt 0.443292 0.507366
vt 0.452749 0.734078
vt 0.443292 0.734078
vt 0.520711 0.734078
vt 0.482001 0.734078
vt 0.482002 0.507366
vt 0.555061 0.617815
vt 0.961256 0.617815
vt 0.959505 0.725149
vt 0.454450 0.243672
vt 0.445634 0.491693
vt 0.508968 0.243672
vt 0.517783 0.243672
vt 0.508968 0.491693
vt 0.481709 0.243672
vt 0.989273 0.008829
vt 0.991093 0.120409
vt 0.570698 0.008829
vt 0.443292 0.742901
vt 0.452749 0.742901
vt 0.452749 0.997881
vt 0.443292 0.997881
vt 0.520711 0.997881
vt 0.482002 0.742901
vt 0.553251 0.622758
vt 0.953765 0.622758
vt 0.522560 0.995217
vt 0.609952 0.995217
vt 0.599271 0.995217
vt 0.566256 0.995217
vt 0.566256 0.741873
vt 0.960381 0.512311
vt 0.960381 0.727969
vt 0.555936 0.512311
vt 0.446154 0.010988
vt 0.446154 0.226068
vt 0.516033 0.010988
vt 0.516033 0.226068
vt 0.481094 0.010988
vt 0.533978 0.119179
vt 0.535813 0.231672
vt 0.957717 0.006686
vt 0.959552 0.119179
vt 0.004639 0.766431
vt 0.018676 0.976615
vt 0.004639 0.976615
vt 0.105405 0.766431
vt 0.119443 0.766432
vt 0.119443 0.976615
vt 0.105405 0.976615
vt 0.062041 0.976615
vt 0.062041 0.766431
vt 0.563010 0.610721
vt 0.564679 0.713076
vt 0.948537 0.508365
vt 0.950206 0.610721
vt 0.948537 0.713076
vt 0.564679 0.508365
vt 0.085552 0.749108
vt 0.081562 0.981878
vt 0.081562 0.982268
vt 0.374510 0.749101
vt 0.373922 0.749103
vt 0.373922 0.984542
vt 0.374510 0.984542
vt 0.443286 0.247872
vt 0.452749 0.247872
vt 0.452749 0.498128
vt 0.443285 0.498128
vt 0.520717 0.247872
vt 0.520717 0.498128
vt 0.511254 0.498128
vt 0.482001 0.498128
vt 0.556511 0.124078
vt 0.558209 0.228210
vt 0.948807 0.019945
vt 0.950505 0.124077
vt 0.948807 0.228210
vt 0.558209 0.019945
vt 0.522740 0.741943
vt 0.522740 0.996767
vt 0.609773 0.741943
vt 0.609773 0.996767
vt 0.566256 0.996767
vt 0.530844 0.618718
vt 0.532791 0.723902
vt 0.980426 0.513534
vt 0.982372 0.618718
vt 0.980425 0.723902
vt 0.532791 0.513534
vt 0.526095 0.242408
vt 0.526095 0.495418
vt 0.612039 0.242408
vt 0.612039 0.495418
vt 0.530844 0.121025
vt 0.532790 0.227713
vt 0.980426 0.014336
vt 0.982372 0.121025
vt 0.980426 0.227713
vt 0.532790 0.014336
vt 0.770238 0.768373
vt 0.771595 0.768316
vt 0.889027 0.768316
vt 0.889031 0.967705
vt 0.889031 0.938218
vt 0.889030 0.812662
vt 0.889031 0.832273
vt 0.889031 0.861947
vt 0.567151 0.747640
vt 0.567151 0.992677
vt 0.975025 0.983142
vt 0.974397 0.984685
vt 0.972575 0.986076
vt 0.969738 0.987180
vt 0.966163 0.987890
vt 0.962198 0.988134
vt 0.624506 0.988134
vt 0.624507 0.760892
vt 0.962198 0.760892
vt 0.966162 0.761136
vt 0.969738 0.761845
vt 0.972575 0.762950
vt 0.974397 0.764341
vt 0.975025 0.765884
vt 0.624033 0.762377
vt 0.624683 0.760807
vt 0.626570 0.759391
vt 0.629509 0.758267
vt 0.633212 0.757545
vt 0.637317 0.757297
vt 0.987063 0.757297
vt 0.987063 0.988531
vt 0.637317 0.988531
vt 0.633211 0.988282
vt 0.629509 0.987561
vt 0.626570 0.986437
vt 0.624683 0.985021
vt 0.624033 0.983451
vt 0.645435 0.925277
vt 0.645436 0.925635
vt 0.645435 0.874888
vt 0.645452 0.925958
vt 0.645472 0.926436
vt 0.645436 0.874530
vt 0.645452 0.874207
vt 0.645471 0.873729
vt 0.602379 0.109252
vt 0.965914 0.207297
vt 0.551133 0.207320
vt 0.768834 0.099572
vt 0.941044 0.147450
vt 0.768188 0.132850
vt 0.609700 0.143330
vt 0.909993 0.109252
vt 0.956505 0.180064
vt 0.956505 0.046180
vt 0.560270 0.139398
vt 0.560250 0.101018
vt 0.943765 0.101006
vt 0.943765 0.139410
vt 0.976127 0.212466
vt 0.547542 0.212466
vt 0.541149 0.091100
vt 0.541149 0.104676
vt 0.958832 0.091100
vt 0.958832 0.104675
vt 0.877857 0.091100
vt 0.877857 0.104675
vt 0.663775 0.091100
vt 0.663775 0.104675
vt 0.744750 0.091100
vt 0.744750 0.104675
vt 0.925434 0.091100
vt 0.925434 0.104675
vt 0.697173 0.091100
vt 0.697173 0.104675
s 1
f 33/1/1 26/2/2 28/3/2 34/4/1
f 32/5/3 29/6/4 30/7/4 31/8/3
f 25/9/5 32/5/3 31/8/3 27/10/5
f 29/6/4 33/1/1 34/4/1 30/7/4
f 43/1/6 36/2/7 38/3/7 44/4/6
f 42/5/8 39/6/9 40/7/9 41/8/8
f 35/9/10 42/5/8 41/8/8 37/10/10
f 39/6/9 43/1/6 44/4/6 40/7/9
f 52/5/11 49/6/12 50/7/12 51/8/11
f 45/9/13 52/5/11 51/8/11 47/10/13
f 53/11/14 54/12/15 55/13/16
f 56/14/17 57/15/18 58/16/19
f 59/17/20 60/18/20 61/19/20
f 62/20/21 63/21/21 64/22/21
f 65/23/22 66/24/23 67/25/24
f 68/26/25 69/27/26 70/28/27
f 71/29/28 72/30/28 73/31/28
f 74/32/29 75/33/29 76/34/29
f 89/35/30 90/36/31 91/37/32
f 92/38/33 93/39/34 94/40/35
f 95/41/36 96/42/37 97/43/38
f 98/44/39 99/45/40 100/46/41
f 105/47/42 106/48/43 107/49/44
f 108/50/45 109/51/46 110/52/47
f 111/53/48 112/54/49 113/55/50
f 114/56/51 115/57/52 116/58/53
f 117/59/54 118/60/55 119/61/56
f 120/62/57 121/63/57 122/64/57
f 123/65/58 124/66/59 125/67/60
f 126/68/61 127/69/61 128/70/61
f 129/71/62 130/72/63 131/73/64
f 132/74/65 133/75/65 134/76/65
f 135/77/66 136/78/67 137/79/68
f 138/80/69 139/81/69 140/82/69
f 157/83/70 158/84/71 159/85/72
f 160/86/73 161/87/74 162/88/75
f 163/89/76 164/90/76 165/91/76
f 166/92/77 167/93/77 168/94/77
f 169/95/78 170/96/79 171/97/80
f 172/98/81 173/99/82 174/100/83
f 175/101/84 176/102/84 177/103/84
f 178/104/85 179/105/85 180/106/85
f 193/107/86 194/108/87 195/109/88
f 196/110/89 197/111/90 198/112/91
f 199/113/92 200/114/93 201/115/94
f 202/116/95 203/117/96 204/118/97
f 209/119/98 210/120/99 211/121/100
f 212/122/101 213/123/102 214/124/103
f 215/125/104 216/126/105 217/127/106
f 218/128/107 219/129/108 220/130/109
f 221/131/110 222/132/111 223/133/112
f 224/134/113 225/135/113 226/136/113
f 227/137/114 228/138/115 229/139/116
f 230/140/117 231/141/117 232/142/117
f 233/143/118 234/144/119 235/145/120
f 236/146/121 237/147/121 238/148/121
f 239/149/122 240/150/123 241/151/124
f 242/152/125 243/153/125 244/154/125
f 261/155/126 262/156/126 263/157/126
f 264/158/127 265/159/127 266/160/127
f 267/161/128 268/162/128 269/163/128
f 270/164/129 271/165/129 272/166/129
f 273/167/130 274/168/130 275/169/130
f 276/170/131 277/171/131 278/172/131
f 279/173/132 280/174/132 281/175/132
f 282/176/133 283/177/133 284/178/133
f 297/179/134 298/180/134 299/181/134
f 300/182/135 301/183/135 302/184/135
f 303/185/136 304/186/136 305/187/136
f 306/188/137 307/189/137 308/190/137
f 313/191/138 314/192/139 315/193/140
f 316/194/141 317/195/142 318/196/143
f 319/197/144 320/198/145 321/199/146
f 322/200/147 323/201/148 324/202/149
f 325/203/150 326/204/151 327/205/152
f 328/206/153 329/207/153 330/208/153
f 331/209/154 332/210/155 333/211/156
f 334/212/157 335/213/157 336/214/157
f 337/215/158 338/216/159 339/217/160
f 340/218/161 341/219/161 342/220/161
f 343/221/162 344/222/163 345/223/164
f 346/224/165 347/225/165 348/226/165
f 365/227/166 366/228/167 367/229/168
f 368/230/169 369/231/170 370/232/171
f 371/233/172 372/234/172 373/235/172
f 374/236/173 375/237/173 376/238/173
f 377/239/174 378/240/175 379/241/176
f 380/242/177 381/243/178 382/244/179
f 383/245/180 384/246/180 385/247/180
f 386/248/181 387/249/181 388/250/181
f 401/251/182 402/252/183 403/253/184
f 404/254/185 405/255/186 406/256/187
f 407/257/188 408/258/189 409/259/190
f 410/260/191 411/261/192 412/262/193
f 417/263/194 418/264/195 419/265/196
f 420/266/197 421/267/198 422/268/199
f 423/269/200 424/270/201 425/271/202
f 426/272/203 427/273/204 428/274/205
f 429/275/206 430/276/207 431/277/208
f 432/278/209 433/279/209 434/280/209
f 435/281/210 436/282/211 437/283/212
f 438/284/213 439/285/213 440/286/213
f 441/287/214 442/288/215 443/289/216
f 444/290/217 445/291/217 446/292/217
f 447/293/218 448/294/219 449/295/220
f 450/296/221 451/297/221 452/298/221
f 469/299/222 470/300/223 471/301/224
f 472/302/225 473/303/226 474/304/227
f 475/305/228 476/306/228 477/307/228
f 478/308/229 479/309/229 480/310/229
f 481/311/230 482/312/231 483/313/232
f 484/314/233 485/315/234 486/316/235
f 487/317/236 488/318/236 489/319/236
f 490/320/237 491/321/237 492/322/237
f 505/323/238 506/324/239 507/325/240
f 508/326/241 509/327/242 510/328/243
f 511/329/244 512/330/245 513/331/246
f 514/332/247 515/333/248 516/334/249
f 521/335/250 522/336/251 523/337/252
f 524/338/253 525/339/254 526/340/255
f 527/341/256 528/342/257 529/343/258
f 530/344/259 531/345/260 532/346/261
f 533/347/262 534/348/263 535/349/264
f 536/350/265 537/351/265 538/352/265
f 539/353/266 540/354/267 541/355/268
f 542/356/269 543/357/269 544/358/269
f 545/359/270 546/360/271 547/361/272
f 548/362/273 549/363/273 550/364/273
f 551/365/274 552/366/275 553/367/276
f 554/368/277 555/369/277 556/370/277
f 573/371/278 574/372/278 575/373/278
f 576/374/279 577/375/279 578/376/279
f 579/377/280 580/378/280 581/379/280
f 582/380/281 583/381/281 584/382/281
f 585/383/282 586/384/282 587/385/282
f 588/386/283 589/387/283 590/388/283
f 591/389/284 592/390/284 593/391/284
f 594/392/285 595/393/285 596/394/285
f 609/395/286 610/396/286 611/397/286
f 612/398/287 613/399/287 614/400/287
f 615/401/288 616/402/288 617/403/288
f 618/404/289 619/405/289 620/406/289
f 625/407/290 626/408/291 627/409/292
f 628/410/293 629/411/294 630/412/295
f 631/413/296 632/414/297 633/415/298
f 634/416/299 635/417/300 636/418/301
f 637/419/302 638/420/303 639/421/304
f 640/422/305 641/423/305 642/424/305
f 643/425/306 644/426/307 645/427/308
f 646/428/309 647/429/309 648/430/309
f 649/431/310 650/432/311 651/433/312
f 652/434/313 653/435/313 654/436/313
f 655/437/314 656/438/315 657/439/316
f 658/440/317 659/441/317 660/442/317
f 677/443/318 678/444/318 679/445/318
f 680/446/319 681/447/319 682/448/319
f 683/449/320 684/450/320 685/451/320
f 686/452/321 687/453/321 688/454/321
f 689/455/322 690/456/322 691/457/322
f 692/458/323 693/459/323 694/460/323
f 695/461/324 696/462/324 697/463/324
f 698/464/325 699/465/325 700/466/325
f 713/467/326 714/468/327 715/469/328
f 716/470/329 717/471/330 718/472/331
f 719/473/332 720/474/333 721/475/334
f 722/476/335 723/477/336 724/478/337
f 729/479/338 730/480/339 731/481/340
f 732/482/341 733/483/342 734/484/343
f 735/485/344 736/486/345 737/487/346
f 738/488/347 739/489/348 740/490/349
f 741/491/350 742/492/351 743/493/352
f 744/494/353 745/495/353 746/496/353
f 747/497/354 748/498/355 749/499/356
f 750/500/357 751/501/357 752/502/357
f 753/503/358 754/504/359 755/505/360
f 756/506/361 757/507/361 758/508/361
f 759/509/362 760/510/363 761/511/364
f 762/512/365 763/513/365 764/514/365
f 781/515/366 782/516/367 783/517/368
f 784/518/369 785/519/370 786/520/371
f 787/521/372 788/522/372 789/523/372
f 790/524/373 791/525/373 792/526/373
f 793/527/374 794/528/375 795/529/376
f 796/530/377 797/531/378 798/532/379
f 799/533/380 800/534/380 801/535/380
f 802/536/381 803/537/381 804/538/381
f 817/539/382 818/540/383 819/541/384
f 820/542/385 821/543/386 822/544/387
f 823/545/388 824/546/389 825/547/390
f 826/548/391 827/549/392 828/550/393
f 833/551/394 834/552/395 835/553/396
f 836/554/397 837/555/398 838/556/399
f 839/557/400 840/558/401 841/559/402
f 842/560/403 843/561/404 844/562/405
f 845/563/406 846/564/407 847/565/408
f 848/566/409 849/567/409 850/568/409
f 851/569/410 852/570/411 853/571/412
f 854/572/413 855/573/413 856/574/413
f 857/575/414 858/576/415 859/577/416
f 860/578/417 861/579/417 862/580/417
f 863/581/418 864/582/419 865/583/420
f 866/584/421 867/585/421 868/586/421
f 885/587/422 886/588/422 887/589/422
f 888/590/423 889/591/423 890/592/423
f 891/593/424 892/594/424 893/595/424
f 894/596/425 895/597/425 896/598/425
f 897/599/426 898/600/426 899/601/426
f 900/602/427 901/603/427 902/604/427
f 903/605/428 904/606/428 905/607/428
f 906/608/429 907/609/429 908/610/429
f 921/611/430 922/612/430 923/613/430
f 924/614/431 925/615/431 926/616/431
f 927/617/432 928/618/432 929/619/432
f 930/620/433 931/621/433 932/622/433
f 937/623/434 938/624/435 939/625/436
f 940/626/437 941/627/438 942/628/439
f 943/629/440 944/630/441 945/631/442
f 946/632/443 947/633/444 948/634/445
f 949/635/446 950/636/447 951/637/448
f 952/638/449 953/639/449 954/640/449
f 955/641/450 956/642/451 957/643/452
f 958/644/453 959/645/453 960/646/453
f 961/647/454 962/648/455 963/649/456
f 964/650/457 965/651/457 966/652/457
f 967/653/458 968/654/459 969/655/460
f 970/656/461 971/657/461 972/658/461
f 989/659/462 990/660/462 991/661/462
f 992/662/463 993/663/463 994/664/463
f 995/665/464 996/666/464 997/667/464
f 998/668/465 999/669/465 1000/670/465
f 1001/671/466 1002/672/466 1003/673/466
f 1004/674/467 1005/675/467 1006/676/467
f 1007/677/468 1008/678/468 1009/679/468
f 1010/680/469 1011/681/469 1012/682/469
f 1025/683/470 1026/684/471 1027/685/472
f 1028/686/473 1029/687/474 1030/688/475
f 1031/689/476 1032/690/477 1033/691/478
f 1034/692/479 1035/693/480 1036/694/481
f 1041/695/482 1042/696/483 1043/697/484
f 1044/698/485 1045/699/486 1046/700/487
f 1047/701/488 1048/702/489 1049/703/490
f 1050/704/491 1051/705/492 1052/706/493
f 1053/707/494 1054/708/495 1055/709/496
f 1056/710/497 1057/711/497 1058/712/497
f 1059/713/498 1060/714/499 1061/715/500
f 1062/716/501 1063/717/501 1064/718/501
f 1065/719/502 1066/720/503 1067/721/504
f 1068/722/505 1069/723/505 1070/724/505
f 1071/725/506 1072/726/507 1073/727/508
f 1074/728/509 1075/729/509 1076/730/509
f 1093/731/510 1094/732/511 1095/733/512
f 1096/734/513 1097/735/514 1098/736/515
f 1099/737/516 1100/738/516 1101/739/516
f 1102/740/517 1103/741/517 1104/742/517
f 1105/743/518 1106/744/519 1107/745/520
f 1108/746/521 1109/747/522 1110/748/523
f 1111/749/524 1112/750/524 1113/751/524
f 1114/752/525 1115/753/525 1116/754/525
f 1129/755/526 1130/756/527 1131/757/528
f 1132/758/529 1133/759/530 1134/760/531
f 1135/761/532 1136/762/533 1137/763/534
f 1138/764/535 1139/765/536 1140/766/537
f 1145/767/538 1146/768/539 1147/769/540
f 1148/770/541 1149/771/542 1150/772/543
f 1151/773/544 1152/774/545 1153/775/546
f 1154/776/547 1155/777/548 1156/778/549
f 1157/779/550 1158/780/551 1159/781/552
f 1160/782/553 1161/783/553 1162/784/553
f 1163/785/554 1164/786/555 1165/787/556
f 1166/788/557 1167/789/557 1168/790/557
f 1169/791/558 1170/792/559 1171/793/560
f 1172/794/561 1173/795/561 1174/796/561
f 1175/797/562 1176/798/563 1177/799/564
f 1178/800/565 1179/801/565 1180/802/565
f 1197/803/566 1198/804/567 1199/805/568
f 1200/806/569 1201/807/570 1202/808/571
f 1203/809/572 1204/810/572 1205/811/572
f 1206/812/573 1207/813/573 1208/814/573
f 1209/815/574 1210/816/575 1211/817/576
f 1212/818/577 1213/819/578 1214/820/579
f 1215/821/580 1216/822/580 1217/823/580
f 1218/248/581 1219/824/581 1220/825/581
f 1233/826/582 1234/827/583 1235/253/584
f 1236/828/585 1237/829/586 1238/830/587
f 1239/257/588 1240/258/589 1241/831/590
f 1242/832/591 1243/261/592 1244/262/593
f 1249/833/594 1250/834/595 1251/835/596
f 1252/836/597 1253/267/598 1254/837/599
f 1255/838/600 1256/839/601 1257/840/602
f 1258/841/603 1259/273/604 1260/842/605
f 1261/275/606 1262/843/607 1263/277/608
f 1264/844/609 1265/279/609 1266/845/609
f 1267/281/610 1268/282/611 1269/846/612
f 1270/847/613 1271/848/613 1272/849/613
f 1273/850/614 1274/851/615 1275/289/616
f 1276/852/617 1277/853/617 1278/854/617
f 1279/855/618 1280/856/619 1281/295/620
f 1282/857/621 1283/858/621 1284/859/621
f 1301/860/622 1302/861/623 1303/862/624
f 1304/302/625 1305/863/626 1306/864/627
f 1307/865/628 1308/866/628 1309/867/628
f 1310/868/629 1311/869/629 1312/870/629
f 1313/311/630 1314/871/631 1315/872/632
f 1316/873/633 1317/874/634 1318/875/635
f 1319/876/636 1320/877/636 1321/878/636
f 1322/879/637 1323/880/637 1324/881/637
f 1337/882/638 1338/883/639 1339/884/640
f 1340/885/641 1341/886/642 1342/887/643
f 1343/888/644 1344/889/645 1345/890/646
f 1346/891/647 1347/892/648 1348/893/649
f 1353/894/650 1354/895/651 1355/896/652
f 1356/897/653 1357/898/654 1358/899/655
f 1359/900/656 1360/901/657 1361/902/658
f 1362/903/659 1363/904/660 1364/905/661
f 1365/906/662 1366/907/663 1367/349/664
f 1368/908/665 1369/909/665 1370/352/665
f 1371/910/666 1372/354/667 1373/911/668
f 1374/356/669 1375/912/669 1376/358/669
f 1377/913/670 1378/914/671 1379/361/672
f 1380/915/673 1381/916/673 1382/917/673
f 1383/918/674 1384/919/675 1385/367/676
f 1386/920/677 1387/921/677 1388/922/677
f 1405/923/678 1406/924/678 1407/925/678
f 1408/926/679 1409/927/679 1410/376/679
f 1411/928/680 1412/378/680 1413/929/680
f 1414/930/681 1415/931/681 1416/932/681
f 1417/383/682 1418/933/682 1419/934/682
f 1420/935/683 1421/936/683 1422/937/683
f 1423/938/684 1424/939/684 1425/940/684
f 1426/941/685 1427/942/685 1428/943/685
f 1441/944/686 1442/945/686 1443/946/686
f 1444/947/687 1445/948/687 1446/949/687
f 1447/950/688 1448/951/688 1449/952/688
f 1450/953/689 1451/954/689 1452/955/689
f 1457/956/690 1458/957/691 1459/409/692
f 1460/958/693 1461/959/694 1462/960/695
f 1463/961/696 1464/962/697 1465/963/698
f 1466/964/699 1467/965/700 1468/966/701
f 1469/967/702 1470/968/703 1471/421/704
f 1472/969/705 1473/970/705 1474/424/705
f 1475/971/706 1476/426/707 1477/972/708
f 1478/973/709 1479/974/709 1480/975/709
f 1481/976/710 1482/432/711 1483/433/712
f 1484/977/713 1485/978/713 1486/436/713
f 1487/979/714 1488/980/715 1489/439/716
f 1490/981/717 1491/982/717 1492/983/717
f 1509/984/718 1510/985/718 1511/986/718
f 1512/987/719 1513/988/719 1514/989/719
f 1515/990/720 1516/991/720 1517/451/720
f 1518/992/721 1519/993/721 1520/994/721
f 1521/995/722 1522/996/722 1523/457/722
f 1524/997/723 1525/998/723 1526/999/723
f 1527/1000/724 1528/1001/724 1529/1002/724
f 1530/1003/725 1531/1004/725 1532/1005/725
f 1545/1006/726 1546/1007/727 1547/469/728
f 1548/1008/729 1549/1009/730 1550/472/731
f 1551/1010/732 1552/474/733 1553/1011/734
f 1554/1012/735 1555/1013/736 1556/1014/737
f 1561/1015/738 1562/1016/739 1563/481/740
f 1564/1017/741 1565/483/742 1566/1018/743
f 1567/1019/744 1568/1020/745 1569/1021/746
f 1570/1022/747 1571/1023/748 1572/1024/749
f 1573/1025/750 1574/1026/751 1575/493/752
f 1576/1027/753 1577/1028/753 1578/1029/753
f 1579/1030/754 1580/498/755 1581/1031/756
f 1582/1032/757 1583/1033/757 1584/1034/757
f 1585/1035/758 1586/1036/759 1587/505/760
f 1588/506/761 1589/507/761 1590/508/761
f 1591/509/762 1592/1037/763 1593/511/764
f 1594/1038/765 1595/1039/765 1596/1040/765
f 1613/1041/766 1614/1042/766 1615/1043/766
f 1616/1044/767 1617/1045/767 1618/1046/767
f 1619/1047/768 1620/1048/768 1621/1049/768
f 1622/1050/769 1623/1051/769 1624/1052/769
f 1641/1053/770 1642/1054/771 1643/1055/772
f 1644/1056/773 1645/1057/774 1646/1058/775
f 1647/1059/776 1648/1060/777 1649/1061/778
f 1650/1062/779 1651/1063/780 1652/1064/781
f 1653/1065/782 1654/1066/783 1655/1067/784
f 1656/1068/785 1657/1069/785 1658/1070/785
f 1659/1071/786 1660/1072/787 1661/1073/788
f 1662/1074/789 1663/1075/789 1664/1076/789
f 1665/1077/790 1666/1078/791 1667/1079/792
f 1668/1080/793 1669/1081/793 1670/1082/793
f 1671/1083/794 1672/1084/795 1673/1085/796
f 1674/1086/797 1675/1087/797 1676/1088/797
f 1699/1089/798 1700/1090/799 1701/1091/800
f 1706/1092/801 1707/1093/802 1708/1094/803
f 1715/1095/804 1716/1096/805 1717/1097/806
f 1726/1098/807 1727/1099/808 1728/1100/809
f 1733/1101/810 1734/1102/811 1735/1103/812
f 1744/1104/813 1745/1105/814 1746/1106/815
f 1753/1107/816 1754/1108/817 1755/1109/818
f 1760/1110/819 1761/1111/820 1762/1112/821
f 1765/1113/822 1766/1114/823 1767/1115/824
f 1768/1116/825 1769/1117/826 1770/1118/827
f 1771/1119/828 1772/1120/828 1773/1121/828
f 1774/1122/829 1775/1123/829 1776/1124/829
f 1777/1125/830 1778/1126/831 1779/1127/832
f 1780/1128/833 1781/1129/834 1782/1130/835
f 1783/1131/836 1784/1132/836 1785/1133/836
f 1786/1134/837 1787/1135/837 1788/1136/837
f 1801/1137/838 1802/1138/839 1803/1139/840
f 1804/1140/841 1805/1141/842 1806/1142/843
f 1807/1143/844 1808/1144/845 1809/1145/846
f 1810/1146/847 1811/1147/848 1812/1148/849
f 1817/1149/850 1818/1150/851 1819/1151/852
f 1820/1152/853 1821/1153/854 1822/1154/855
f 1823/1155/856 1824/1156/857 1825/1157/858
f 1826/1158/859 1827/1159/860 1828/1160/861
f 1829/1161/862 1830/1162/863 1831/1163/864
f 1832/1164/865 1833/1165/865 1834/1166/865
f 1835/1167/866 1836/1168/867 1837/1169/868
f 1838/1170/869 1839/1171/869 1840/1172/869
f 1841/1173/870 1842/1174/871 1843/1175/872
f 1844/1176/873 1845/1177/873 1846/1178/873
f 1847/1179/874 1848/1180/875 1849/1181/876
f 1850/1182/877 1851/1183/877 1852/1184/877
f 1869/1185/878 1870/1186/878 1871/1187/878
f 1872/1188/879 1873/1189/879 1874/1190/879
f 1875/1191/880 1876/1192/880 1877/1193/880
f 1878/1194/881 1879/1195/881 1880/1196/881
f 1881/1197/882 1882/1198/882 1883/1199/882
f 1884/1200/883 1885/1201/883 1886/1202/883
f 1887/1203/884 1888/1204/884 1889/1205/884
f 1890/1206/885 1891/1207/885 1892/1208/885
f 1905/1209/886 1906/1210/886 1907/1211/886
f 1908/1212/887 1909/1213/887 1910/1214/887
f 1911/1215/888 1912/1216/888 1913/1217/888
f 1914/1218/889 1915/1219/889 1916/1220/889
f 1921/1221/890 1922/1222/891 1923/1223/892
f 1924/1224/893 1925/1225/894 1926/1226/895
f 1927/1227/896 1928/1228/897 1929/1229/898
f 1930/1230/899 1931/1231/900 1932/1232/901
f 1933/1233/902 1934/1234/903 1935/1235/904
f 1936/1236/905 1937/1237/905 1938/1238/905
f 1939/1239/906 1940/1240/907 1941/1241/908
f 1942/1242/909 1943/1243/909 1944/1244/909
f 1945/1245/910 1946/1246/911 1947/1247/912
f 1948/1248/913 1949/1249/913 1950/1250/913
f 1951/1251/914 1952/1252/915 1953/1253/916
f 1954/1254/917 1955/1255/917 1956/1256/917
f 1973/11/918 1974/1257/919 1975/1258/920
f 1976/1259/921 1977/1260/922 1978/1261/923
f 1979/1262/880 1980/18/880 1981/1263/880
f 1982/1264/881 1983/1265/881 1984/1266/881
f 1985/1267/924 1986/1268/925 1987/1269/926
f 1988/1270/927 1989/1271/928 1990/1272/929
f 1991/1273/884 1992/30/884 1993/31/884
f 1994/1274/885 1995/1275/885 1996/1276/885
f 2009/35/930 2010/1277/931 2011/1278/932
f 2012/1279/933 2013/1280/934 2014/40/935
f 2015/1281/936 2016/1282/937 2017/43/938
f 2018/44/939 2019/1283/940 2020/1284/941
f 2025/1285/942 2026/1286/943 2027/1287/944
f 2028/1288/945 2029/1289/946 2030/1290/947
f 2031/1291/948 2032/1292/949 2033/1293/950
f 2034/1294/951 2035/1295/952 2036/58/953
f 2037/1296/954 2038/60/955 2039/61/956
f 2040/1297/957 2041/1298/957 2042/1299/957
f 2043/1300/958 2044/1301/959 2045/1302/960
f 2046/1303/961 2047/1304/961 2048/1305/961
f 2049/1306/962 2050/1307/963 2051/1308/964
f 2052/1309/965 2053/1310/965 2054/1311/965
f 2055/1312/966 2056/1313/967 2057/1314/968
f 2058/1315/969 2059/1316/969 2060/1317/969
f 2077/1318/970 2078/1319/971 2079/1320/972
f 2080/1321/973 2081/1322/974 2082/1323/975
f 2083/1324/976 2084/1325/976 2085/1326/976
f 2086/1327/977 2087/1328/977 2088/1329/977
f 2089/1330/978 2090/1331/979 2091/1332/980
f 2092/1333/981 2093/1334/982 2094/1335/983
f 2095/1336/984 2096/1337/984 2097/1338/984
f 2098/1339/985 2099/1340/985 2100/1341/985
f 2113/1342/986 2114/1343/987 2115/1344/988
f 2116/1345/989 2117/1346/990 2118/1347/991
f 2119/1348/992 2120/1349/993 2121/1350/994
f 2122/1351/995 2123/1352/996 2124/1353/997
f 2129/1354/998 2130/1355/999 2131/1356/1000
f 2132/1357/1001 2133/1358/1002 2134/1359/1003
f 2135/1360/1004 2136/1361/1005 2137/1362/1006
f 2138/1363/1007 2139/1364/1008 2140/1365/1009
f 2141/1366/1010 2142/1367/1011 2143/1368/1012
f 2144/1369/1013 2145/1370/1013 2146/1371/1013
f 2147/1372/1014 2148/1373/1015 2149/1374/1016
f 2150/1375/1017 2151/1376/1017 2152/1377/1017
f 2153/1378/1018 2154/1379/1019 2155/1380/1020
f 2156/1381/1021 2157/1382/1021 2158/1383/1021
f 2159/1384/1022 2160/1385/1023 2161/1386/1024
f 2162/1387/1025 2163/1388/1025 2164/1389/1025
f 2181/1390/1026 2182/1186/1026 2183/1391/1026
f 2184/1392/1027 2185/1393/1027 2186/1394/1027
f 2187/1191/1028 2188/1395/1028 2189/1396/1028
f 2190/1397/1029 2191/1195/1029 2192/1398/1029
f 2193/1399/1030 2194/1400/1030 2195/1401/1030
f 2196/1402/1031 2197/1403/1031 2198/1404/1031
f 2199/1405/1032 2200/1204/1032 2201/1406/1032
f 2202/1407/1033 2203/1207/1033 2204/1408/1033
f 2217/1409/1034 2218/1410/1034 2219/1411/1034
f 2220/1412/1035 2221/1413/1035 2222/1214/1035
f 2223/1414/1036 2224/1415/1036 2225/1416/1036
f 2226/1218/1037 2227/1417/1037 2228/1418/1037
f 2233/1419/1038 2234/1420/1039 2235/1421/1040
f 2236/1422/1041 2237/1423/1042 2238/1424/1043
f 2239/1425/1044 2240/1426/1045 2241/1427/1046
f 2242/1428/1047 2243/1429/1048 2244/1430/1049
f 2245/1431/1050 2246/1432/1051 2247/1235/1052
f 2248/1433/1053 2249/1434/1053 2250/1435/1053
f 2251/1436/1054 2252/1240/1055 2253/1437/1056
f 2254/1242/1057 2255/1438/1057 2256/1244/1057
f 2257/1439/1058 2258/1440/1059 2259/1247/1060
f 2260/1441/1061 2261/1442/1061 2262/1443/1061
f 2263/1444/1062 2264/1445/1063 2265/1253/1064
f 2266/1446/1065 2267/1447/1065 2268/1448/1065
f 2285/11/1066 2286/12/1067 2287/1449/1068
f 2288/1450/1069 2289/1260/1070 2290/1451/1071
f 2291/1262/1072 2292/18/1072 2293/1452/1072
f 2294/1453/1073 2295/1454/1073 2296/1455/1073
f 2297/1456/1074 2298/1457/1075 2299/1458/1076
f 2300/1459/1077 2301/27/1078 2302/1460/1079
f 2303/1273/1080 2304/1461/1080 2305/1462/1080
f 2306/1463/1033 2307/1464/1033 2308/1276/1033
f 2321/1465/1081 2322/1466/1082 2323/1278/1083
f 2324/1279/1084 2325/1467/1085 2326/40/1086
f 2327/1468/1087 2328/1469/1088 2329/1470/1089
f 2330/1471/1090 2331/1472/1091 2332/1473/1092
f 2337/1474/1093 2338/48/1094 2339/1475/1095
f 2340/1476/1096 2341/1477/1097 2342/1478/1098
f 2343/1479/1099 2344/1480/1100 2345/1481/1101
f 2346/1482/1102 2347/1483/1103 2348/58/1104
f 2349/1484/1105 2350/1485/1106 2351/61/1107
f 2352/1297/1108 2353/1486/1108 2354/1487/1108
f 2355/1488/1109 2356/1301/1110 2357/1489/1111
f 2358/1490/1112 2359/1491/1112 2360/1492/1112
f 2361/1306/1113 2362/1307/1114 2363/1308/1115
f 2364/1493/1116 2365/1494/1116 2366/1495/1116
f 2367/1496/1117 2368/1497/1118 2369/1314/1119
f 2370/1498/1120 2371/1499/1120 2372/1500/1120
f 2389/1390/1121 2390/1501/1121 2391/1502/1121
f 2392/1503/1122 2393/1393/1122 2394/1504/1122
f 2395/1505/1123 2396/1506/1123 2397/1507/1123
f 2398/1508/1029 2399/1509/1029 2400/1510/1029
f 2401/1511/1124 2402/1512/1124 2403/1513/1124
f 2404/1514/1125 2405/1515/1125 2406/1516/1125
f 2407/1203/1126 2408/1204/1126 2409/1406/1126
f 2410/1407/1127 2411/1207/1127 2412/1208/1127
f 2425/1409/1128 2426/1410/1128 2427/1411/1128
f 2428/1412/1129 2429/1517/1129 2430/1214/1129
f 2431/1518/1130 2432/1216/1130 2433/1217/1130
f 2434/1218/1131 2435/1417/1131 2436/1418/1131
f 2441/1519/1132 2442/1520/1133 2443/1521/1134
f 2444/1522/1135 2445/1523/1136 2446/1524/1137
f 2447/1525/1138 2448/1526/1139 2449/1527/1140
f 2450/1528/1141 2451/1529/1142 2452/1430/1143
f 2453/1233/1144 2454/1234/1145 2455/1235/1146
f 2456/1530/1147 2457/1434/1147 2458/1531/1147
f 2459/1239/1148 2460/1240/1149 2461/1532/1150
f 2462/1533/1151 2463/1534/1151 2464/1244/1151
f 2465/1535/1152 2466/1536/1153 2467/1247/1154
f 2468/1537/1155 2469/1538/1155 2470/1443/1155
f 2471/1539/1156 2472/1540/1157 2473/1253/1158
f 2474/1446/1159 2475/1541/1159 2476/1542/1159
f 2493/1543/1160 2494/1544/1161 2495/1545/1162
f 2496/1546/1163 2497/1547/1164 2498/1548/1165
f 2499/1549/1166 2500/1550/1166 2501/1452/1166
f 2502/1551/1167 2503/1552/1167 2504/1553/1167
f 2505/1554/1168 2506/1555/1169 2507/1556/1170
f 2508/1557/1171 2509/1558/1172 2510/1559/1173
f 2511/1560/1080 2512/1561/1080 2513/1562/1080
f 2514/1563/1174 2515/1564/1174 2516/1565/1174
f 2529/1465/1175 2530/1566/1176 2531/1567/1177
f 2532/1568/1178 2533/1569/1179 2534/1570/1180
f 2535/1571/1181 2536/42/1182 2537/1572/1183
f 2538/1573/1184 2539/1574/1185 2540/46/1186
f 2545/1575/1187 2546/1576/1188 2547/1577/1189
f 2548/1578/1190 2549/1579/1191 2550/52/1192
f 2551/1580/1193 2552/1581/1194 2553/1582/1195
f 2554/1583/1196 2555/1584/1197 2556/1585/1198
f 2557/1586/1199 2558/1587/1200 2559/1588/1201
f 2560/1589/1202 2561/1590/1202 2562/1591/1202
f 2563/1592/1203 2564/1593/1204 2565/1594/1205
f 2566/1595/1206 2567/1596/1206 2568/1597/1206
f 2569/1598/1207 2570/1599/1208 2571/1600/1209
f 2572/1601/1210 2573/1602/1210 2574/1603/1210
f 2575/1604/1211 2576/1605/1212 2577/1606/1213
f 2578/1607/1214 2579/1608/1214 2580/1609/1214
f 2597/1610/1215 2598/1611/1216 2599/1612/1217
f 2600/1613/1218 2601/1614/1219 2602/1615/1220
f 2603/1616/1221 2604/1617/1221 2605/1618/1221
f 2606/1619/1222 2607/1620/1222 2608/1621/1222
f 2609/1622/1223 2610/1623/1224 2611/1624/1225
f 2612/1625/1226 2613/1626/1227 2614/1627/1228
f 2615/1628/1229 2616/1629/1229 2617/1630/1229
f 2618/1631/1230 2619/1632/1230 2620/1633/1230
f 2633/1634/1231 2634/1635/1231 2635/1636/1231
f 2636/1637/1232 2637/1638/1232 2638/1639/1232
f 2639/1640/1233 2640/1641/1233 2641/1642/1233
f 2642/1643/1234 2643/1644/1234 2644/1645/1234
f 2649/1646/1235 2650/1647/1236 2651/1648/1237
f 2652/1649/1238 2653/1650/1239 2654/1651/1240
f 2655/1652/1241 2656/1653/1242 2657/1654/1243
f 2658/1655/1244 2659/1656/1245 2660/1657/1246
f 2661/1658/1247 2662/1659/1248 2663/61/1249
f 2664/1660/1250 2665/1661/1250 2666/1662/1250
f 2667/1488/1251 2668/1301/1252 2669/1663/1253
f 2670/1664/1254 2671/1665/1254 2672/1666/1254
f 2673/1667/1255 2674/1668/1256 2675/1308/1257
f 2676/1669/1258 2677/1670/1258 2678/1671/1258
f 2679/1496/1259 2680/1672/1259 2681/1314/1259
f 2682/1673/1260 2683/1674/1260 2684/1675/1260
f 2701/1676/1261 2702/1677/1262 2703/1678/1263
f 2704/230/1264 2705/1679/1265 2706/1680/1266
f 2707/1681/1267 2708/1682/1267 2709/1683/1267
f 2710/1684/1268 2711/1685/1268 2712/1686/1268
f 2713/1687/1269 2714/1688/1270 2715/1689/1271
f 2716/1690/1272 2717/1691/1273 2718/1692/1274
f 2719/1693/1275 2720/1694/1275 2721/823/1275
f 2722/1695/1276 2723/1696/1276 2724/250/1276
f 2737/826/1277 2738/1697/1278 2739/253/1279
f 2740/828/1280 2741/829/1281 2742/256/1282
f 2743/257/1283 2744/258/1284 2745/1698/1285
f 2746/1699/1286 2747/1700/1287 2748/1701/1288
f 2753/1702/1289 2754/1703/1290 2755/835/1291
f 2756/1704/1292 2757/1705/1293 2758/1706/1294
f 2759/1707/1295 2760/1708/1296 2761/1709/1297
f 2762/272/1298 2763/273/1299 2764/1710/1300
f 2765/275/1301 2766/1711/1302 2767/277/1303
f 2768/1712/1304 2769/1713/1304 2770/1714/1304
f 2771/1715/1305 2772/282/1306 2773/1716/1307
f 2774/1717/1308 2775/1718/1308 2776/849/1308
f 2777/1719/1309 2778/1720/1310 2779/289/1311
f 2780/1721/1312 2781/1722/1312 2782/1723/1312
f 2783/855/1313 2784/1724/1314 2785/295/1315
f 2786/1725/1316 2787/1726/1316 2788/859/1316
f 2805/299/1317 2806/1727/1318 2807/301/1319
f 2808/1728/1320 2809/1729/1321 2810/1730/1322
f 2811/1731/1323 2812/1732/1323 2813/1733/1323
f 2814/1734/1324 2815/1735/1324 2816/1736/1324
f 2817/1737/1325 2818/1738/1326 2819/1739/1327
f 2820/1740/1328 2821/1741/1329 2822/1742/1330
f 2823/1743/1331 2824/1744/1331 2825/1745/1331
f 2826/1746/1332 2827/1747/1332 2828/1748/1332
f 2841/323/1333 2842/1749/1334 2843/884/1335
f 2844/1750/1336 2845/1751/1337 2846/1752/1338
f 2847/1753/1339 2848/1754/1340 2849/1755/1341
f 2850/1756/1342 2851/1757/1343 2852/1758/1344
f 2857/1759/1345 2858/1760/1346 2859/1761/1347
f 2860/897/1348 2861/1762/1349 2862/1763/1350
f 2863/1764/1351 2864/1765/1352 2865/1766/1353
f 2866/1767/1354 2867/1768/1355 2868/1769/1356
f 2869/1770/1357 2870/1771/1358 2871/349/1359
f 2872/1772/1360 2873/1773/1360 2874/1774/1360
f 2875/1775/1361 2876/354/1362 2877/1776/1363
f 2878/1777/1364 2879/1778/1364 2880/358/1364
f 2881/1779/1365 2882/1780/1366 2883/361/1367
f 2884/1781/1368 2885/1782/1368 2886/1783/1368
f 2887/1784/1369 2888/1785/1370 2889/367/1371
f 2890/1786/1372 2891/1787/1372 2892/1788/1372
f 2909/1789/1373 2910/924/1373 2911/1790/1373
f 2912/1791/1374 2913/1792/1374 2914/376/1374
f 2915/1793/1375 2916/1794/1375 2917/1795/1375
f 2918/1796/1376 2919/931/1376 2920/1797/1376
f 2921/1798/1377 2922/1799/1377 2923/1800/1377
f 2924/1801/1378 2925/1802/1378 2926/1803/1378
f 2927/1804/1379 2928/1805/1379 2929/940/1379
f 2930/1806/1380 2931/942/1380 2932/1807/1380
f 2945/1808/1381 2946/1809/1381 2947/1810/1381
f 2948/1811/1382 2949/1812/1382 2950/1813/1382
f 2951/1814/1383 2952/402/1383 2953/1815/1383
f 2954/1816/1384 2955/1817/1384 2956/1818/1384
f 2961/1819/1385 2962/1820/1386 2963/1821/1387
f 2964/1822/1388 2965/1823/1389 2966/1824/1390
f 2967/1825/1391 2968/1826/1392 2969/1827/1393
f 2970/1828/1394 2971/1829/1395 2972/418/1396
f 2973/1830/1397 2974/968/1398 2975/421/1399
f 2976/1831/1400 2977/1832/1400 2978/1833/1400
f 2979/1834/1401 2980/426/1402 2981/1835/1403
f 2982/1836/1404 2983/1837/1404 2984/430/1404
f 2985/1838/1405 2986/1839/1406 2987/433/1407
f 2988/1840/1408 2989/1841/1408 2990/1842/1408
f 2991/1843/1409 2992/1844/1410 2993/439/1411
f 2994/1845/1412 2995/982/1412 2996/1846/1412
f 3013/1847/1413 3014/1848/1413 3015/1849/1413
f 3016/987/1414 3017/1850/1414 3018/1851/1414
f 3019/1852/1415 3020/1853/1415 3021/1854/1415
f 3022/1855/1416 3023/1856/1416 3024/1857/1416
f 3025/1858/1417 3026/1859/1417 3027/457/1417
f 3028/1860/1418 3029/998/1418 3030/1861/1418
f 3031/1862/1419 3032/1863/1419 3033/1864/1419
f 3034/1865/1420 3035/1866/1420 3036/1867/1420
f 3049/1868/1421 3050/1869/1422 3051/469/1423
f 3052/1870/1424 3053/1871/1425 3054/1872/1426
f 3055/1873/1427 3056/1874/1428 3057/1875/1429
f 3058/1876/1430 3059/1877/1431 3060/1878/1432
f 3065/1879/1433 3066/1880/1434 3067/481/1435
f 3068/1881/1436 3069/1882/1437 3070/1883/1438
f 3071/485/1439 3072/1020/1440 3073/1884/1441
f 3074/1885/1442 3075/1886/1443 3076/1024/1444
f 3077/1887/1445 3078/1888/1446 3079/493/1447
f 3080/1889/1448 3081/1890/1448 3082/1891/1448
f 3083/1892/1449 3084/498/1450 3085/499/1451
f 3086/500/1452 3087/1893/1452 3088/1034/1452
f 3089/1894/1453 3090/1895/1454 3091/505/1455
f 3092/1896/1456 3093/1897/1456 3094/1898/1456
f 3095/1899/1457 3096/1900/1458 3097/511/1459
f 3098/1901/1460 3099/1902/1460 3100/1903/1460
f 3117/1904/1461 3118/1905/1461 3119/1906/1461
f 3120/1907/1462 3121/1908/1462 3122/1909/1462
f 3123/1910/1463 3124/1911/1463 3125/1912/1463
f 3126/1913/1464 3127/1914/1464 3128/1915/1464
f 3145/1916/1465 3146/1917/1466 3147/1918/1467
f 3148/1919/1468 3149/1057/1469 3150/1920/1470
f 3151/1921/1471 3152/1922/1472 3153/1923/1473
f 3154/1924/1474 3155/1925/1475 3156/1926/1476
f 3157/1927/1477 3158/1066/1478 3159/1928/1479
f 3160/1929/1480 3161/1930/1480 3162/1931/1480
f 3163/1932/1481 3164/1072/1482 3165/1933/1483
f 3166/1934/1484 3167/1935/1484 3168/1936/1484
f 3169/1937/1485 3170/1938/1486 3171/1079/1487
f 3172/1080/1488 3173/1939/1488 3174/1082/1488
f 3175/1940/1489 3176/1941/1490 3177/1085/1491
f 3178/1942/1492 3179/1943/1492 3180/1944/1492
f 3203/1945/1493 3204/1946/1494 3205/1947/1495
f 3210/1948/1496 3211/1949/1497 3212/1950/1498
f 3219/1951/1499 3220/1952/1500 3221/1953/1501
f 3230/1098/1502 3231/1954/1503 3232/1955/1504
f 3237/1956/1505 3238/1957/1506 3239/1958/1507
f 3248/1959/1508 3249/1960/1509 3250/1961/1510
f 3257/1962/1511 3258/1963/1512 3259/1964/1513
f 3264/1965/1514 3265/1966/1515 3266/1967/1516
f 3269/1968/1517 3270/1969/1518 3271/1970/1519
f 3272/1971/1520 3273/1972/1521 3274/1973/1522
f 3275/1974/1523 3276/1975/1523 3277/1976/1523
f 3278/1977/1524 3279/1123/1524 3280/1978/1524
f 3281/1979/1525 3282/1980/1526 3283/1981/1527
f 3284/1982/1528 3285/1983/1529 3286/1130/1530
f 3287/1984/1531 3288/1985/1531 3289/1986/1531
f 3290/1987/1532 3291/1988/1532 3292/1989/1532
f 3305/1990/1533 3306/1991/1534 3307/1992/1535
f 3308/1993/1536 3309/1994/1537 3310/1995/1538
f 3311/1996/1539 3312/1997/1540 3313/1998/1541
f 3314/1999/1542 3315/1147/1543 3316/2000/1544
f 3321/2001/1545 3322/2002/1546 3323/1151/1547
f 3324/2003/1548 3325/2004/1549 3326/2005/1550
f 3327/2006/1551 3328/2007/1552 3329/2008/1553
f 3330/2009/1554 3331/2010/1555 3332/2011/1556
f 3333/2012/1557 3334/2013/1558 3335/1163/1559
f 3336/2014/1560 3337/2015/1560 3338/2016/1560
f 3339/2017/1561 3340/1168/1562 3341/2018/1563
f 3342/1170/1564 3343/2019/1564 3344/2020/1564
f 3345/2021/1565 3346/2022/1566 3347/1175/1567
f 3348/2023/1568 3349/2024/1568 3350/2025/1568
f 3351/2026/1569 3352/2027/1570 3353/1181/1571
f 3354/2028/1572 3355/2029/1572 3356/2030/1572
f 3373/2031/1573 3374/2032/1573 3375/2033/1573
f 3376/2034/1574 3377/2035/1574 3378/1504/1574
f 3379/2036/1575 3380/1506/1575 3381/1193/1575
f 3382/2037/1576 3383/2038/1576 3384/2039/1576
f 3385/2040/1577 3386/1512/1577 3387/2041/1577
f 3388/2042/1578 3389/1201/1578 3390/2043/1578
f 3391/1405/1579 3392/2044/1579 3393/2045/1579
f 3394/2046/1580 3395/2047/1580 3396/2048/1580
f 3409/2049/1581 3410/2050/1581 3411/1411/1581
f 3412/1212/1582 3413/2051/1582 3414/1214/1582
f 3415/2052/1583 3416/1216/1583 3417/2053/1583
f 3418/2054/1584 3419/2055/1584 3420/1220/1584
f 3425/1221/1585 3426/1222/1586 3427/1223/1587
f 3428/2056/1588 3429/1225/1589 3430/2057/1590
f 3431/2058/1591 3432/2059/1592 3433/2060/1593
f 3434/1528/1594 3435/1231/1595 3436/1430/1596
f 3437/2061/1597 3438/1234/1598 3439/1235/1599
f 3440/1433/1600 3441/2062/1600 3442/1238/1600
f 3443/1239/1601 3444/1240/1602 3445/2063/1603
f 3446/2064/1604 3447/1243/1604 3448/1244/1604
f 3449/2065/1605 3450/1246/1606 3451/1247/1607
f 3452/1441/1608 3453/2066/1608 3454/2067/1608
f 3455/2068/1609 3456/1252/1610 3457/1253/1611
f 3458/2069/1612 3459/2070/1612 3460/2071/1612
f 3477/2072/1613 3478/2073/1614 3479/2074/1615
f 3480/2075/1616 3481/2076/1617 3482/2077/1618
f 3483/1262/1619 3484/18/1619 3485/1452/1619
f 3486/1453/1620 3487/2078/1620 3488/1455/1620
f 3489/2079/1621 3490/2080/1622 3491/2081/1623
f 3492/26/1624 3493/2082/1625 3494/2083/1626
f 3495/2084/1627 3496/30/1627 3497/2085/1627
f 3498/2086/1628 3499/2087/1628 3500/2088/1628
f 3513/2089/1629 3514/1277/1630 3515/1278/1631
f 3516/1279/1632 3517/2090/1633 3518/40/1634
f 3519/1281/1635 3520/1469/1636 3521/43/1637
f 3522/2091/939 3523/1283/940 3524/1284/941
f 3529/47/1638 3530/1286/1639 3531/1287/1640
f 3532/1288/1641 3533/2092/1642 3534/2093/1643
f 3535/2094/1644 3536/2095/1645 3537/2096/1646
f 3538/56/1647 3539/57/1648 3540/2097/1649
f 3541/2098/1650 3542/1485/1651 3543/61/1652
f 3544/2099/1653 3545/2100/1653 3546/1299/1653
f 3547/2101/1654 3548/1301/1655 3549/1489/1656
f 3550/2102/1657 3551/2103/1657 3552/1305/1657
f 3553/2104/1658 3554/2105/1659 3555/1308/1660
f 3556/2106/1661 3557/2107/1661 3558/1311/1661
f 3559/2108/1662 3560/1497/1663 3561/1314/1664
f 3562/2109/1665 3563/2110/1665 3564/2111/1665
f 3581/2112/1666 3582/2113/1666 3583/2114/1666
f 3584/2115/1667 3585/2116/1667 3586/2117/1667
f 3587/2118/1668 3588/2119/1668 3589/1049/1668
f 3590/2120/1669 3591/2121/1669 3592/1915/1669
f 3609/1916/1670 3610/2122/1671 3611/2123/1672
f 3612/1056/1673 3613/1057/1674 3614/1058/1675
f 3615/2124/1676 3616/2125/1677 3617/2126/1678
f 3618/2127/1679 3619/2128/1680 3620/1064/1681
f 3621/2129/1682 3622/1066/1683 3623/2130/1684
f 3624/1068/1685 3625/2131/1685 3626/2132/1685
f 3627/1071/1686 3628/1072/1687 3629/2133/1688
f 3630/1074/1689 3631/2134/1689 3632/2135/1689
f 3633/1077/1690 3634/2136/1691 3635/1079/1692
f 3636/2137/1693 3637/1939/1693 3638/1082/1693
f 3639/2138/1694 3640/2139/1695 3641/1085/1696
f 3642/2140/1697 3643/2141/1697 3644/2142/1697
f 3667/2143/1698 3668/1946/1699 3669/2144/1700
f 3674/2145/1701 3675/2146/1702 3676/2147/1703
f 3683/2148/1704 3684/2149/1705 3685/2150/1706
f 3694/2151/1707 3695/2152/1708 3696/2153/1709
f 3701/2154/1710 3702/2155/1711 3703/2156/1712
f 3712/2157/1713 3713/2158/1714 3714/2159/1715
f 3721/2160/1716 3722/2161/1717 3723/1109/1718
f 3728/2162/1719 3729/2163/1720 3730/2164/1721
f 3733/2165/1722 3734/2166/1723 3735/2167/1724
f 3736/2168/1725 3737/1972/1726 3738/1973/1727
f 3739/1119/1728 3740/2169/1728 3741/2170/1728
f 3742/2171/1729 3743/2172/1729 3744/2173/1729
f 3745/2174/1730 3746/2175/1731 3747/2176/1732
f 3748/2177/1733 3749/2178/1734 3750/2179/1735
f 3751/2180/1736 3752/2181/1736 3753/2182/1736
f 3754/1134/1737 3755/2183/1737 3756/2184/1737
f 3769/2185/1738 3770/2186/1739 3771/1139/1740
f 3772/2187/1741 3773/2188/1742 3774/1995/1743
f 3775/2189/1744 3776/2190/1745 3777/2191/1746
f 3778/1999/1747 3779/2192/1748 3780/2193/1749
f 3785/2194/1750 3786/2195/1751 3787/2196/1752
f 3788/2197/1753 3789/2198/1754 3790/2199/1755
f 3791/2200/1756 3792/2201/1757 3793/2202/1758
f 3794/2203/1759 3795/2204/1760 3796/2205/1761
f 3797/2206/1762 3798/2207/1763 3799/1163/1764
f 3800/2208/1765 3801/2209/1765 3802/2210/1765
f 3803/2017/1766 3804/1168/1767 3805/2211/1768
f 3806/2212/1769 3807/2213/1769 3808/2020/1769
f 3809/1173/1770 3810/2214/1771 3811/1175/1772
f 3812/2215/1773 3813/2216/1773 3814/1178/1773
f 3815/1179/1774 3816/2217/1775 3817/1181/1776
f 3818/2218/1777 3819/2219/1777 3820/2220/1777
f 3837/2221/1778 3838/2222/1778 3839/2223/1778
f 3840/2224/1779 3841/2225/1779 3842/2226/1779
f 3843/2227/1028 3844/1192/1028 3845/2228/1028
f 3846/1194/1780 3847/2229/1780 3848/1196/1780
f 3849/2230/1781 3850/2231/1781 3851/2232/1781
f 3852/2233/1782 3853/1403/1782 3854/2234/1782
f 3855/2235/1783 3856/2236/1783 3857/2237/1783
f 3858/1206/1174 3859/2238/1174 3860/2239/1174
f 3873/1209/1784 3874/2240/1784 3875/1411/1784
f 3876/2241/1785 3877/2242/1785 3878/1214/1785
f 3879/2243/1786 3880/1216/1786 3881/2244/1786
f 3882/2245/1131 3883/2246/1131 3884/1418/1131
f 3889/2247/1787 3890/1520/1788 3891/2248/1789
f 3892/2249/1790 3893/2250/1791 3894/2251/1792
f 3895/2252/1793 3896/2253/1794 3897/2254/1795
f 3898/1428/1796 3899/1231/1797 3900/1430/1798
f 3901/1233/1799 3902/2255/1800 3903/1235/1801
f 3904/2256/1802 3905/2257/1802 3906/2258/1802
f 3907/2259/1803 3908/1240/1804 3909/2260/1805
f 3910/2261/1806 3911/1243/1806 3912/2262/1806
f 3913/2065/1807 3914/2263/1808 3915/1247/1809
f 3916/2264/1810 3917/2265/1810 3918/1443/1810
f 3919/2068/1811 3920/2266/1812 3921/1253/1813
f 3922/2069/1814 3923/2267/1814 3924/1542/1814
f 3941/2072/1815 3942/2268/1816 3943/2269/1817
f 3944/2270/1818 3945/2271/1819 3946/2272/1820
f 3947/1262/1821 3948/18/1821 3949/1452/1821
f 3950/2273/1780 3951/1265/1780 3952/1266/1780
f 3953/1456/1168 3954/2274/1169 3955/2275/1170
f 3956/26/1171 3957/2082/1822 3958/1460/1173
f 3959/2276/1783 3960/2277/1783 3961/2085/1783
f 3962/1274/1174 3963/33/1174 3964/34/1174
f 3977/2278/1823 3978/1277/1824 3979/1278/1825
f 3980/1279/1826 3981/2279/1827 3982/40/1828
f 3983/1571/1829 3984/1469/1830 3985/43/1831
f 3986/2280/1832 3987/2281/1833 3988/1473/1834
f 3993/2282/1835 3994/48/1836 3995/2283/1837
f 3996/2284/1838 3997/2285/1839 3998/52/1840
f 3999/2286/1841 4000/2287/1842 4001/55/1843
f 4002/1482/1844 4003/1295/1845 4004/58/1846
f 4005/2288/1847 4006/1485/1848 4007/61/1849
f 4008/2289/1850 4009/2290/1850 4010/1299/1850
f 4011/2291/1851 4012/1301/1852 4013/2292/1853
f 4014/2293/1854 4015/1491/1854 4016/1305/1854
f 4017/1667/1855 4018/1307/1856 4019/1308/1857
f 4020/2294/1858 4021/1494/1858 4022/1495/1858
f 4023/2295/1859 4024/1313/1860 4025/1314/1861
f 4026/2109/1862 4027/2296/1862 4028/1500/1862
f 4045/2297/1863 4046/2298/1864 4047/2299/1865
f 4048/2300/1866 4049/2301/1867 4050/2302/1868
f 4051/2303/1869 4052/2304/1869 4053/2305/1869
f 4054/1327/1870 4055/2306/1870 4056/2307/1870
f 4057/2308/1871 4058/2309/1872 4059/2310/1873
f 4060/2311/1874 4061/1334/1875 4062/2312/1876
f 4063/2313/1877 4064/2314/1877 4065/2315/1877
f 4066/1339/1878 4067/2316/1878 4068/2317/1878
f 4081/2318/1879 4082/2319/1880 4083/2320/1881
f 4084/2321/1882 4085/1346/1883 4086/1347/1884
f 4087/2322/1885 4088/2323/1886 4089/2324/1887
f 4090/1351/1888 4091/2325/1889 4092/1353/1890
f 4097/2326/1891 4098/2327/1892 4099/1356/1893
f 4100/2328/1894 4101/2329/1895 4102/2330/1896
f 4103/1360/1897 4104/1361/1898 4105/2331/1899
f 4106/2332/1900 4107/1364/1901 4108/2333/1902
f 4109/2334/1903 4110/2335/1904 4111/1368/1905
f 4112/2336/1906 4113/1370/1906 4114/1371/1906
f 4115/2337/1907 4116/1373/1908 4117/2338/1909
f 4118/1375/1910 4119/2339/1910 4120/1377/1910
f 4121/2340/1911 4122/2341/1912 4123/1380/1913
f 4124/2342/1914 4125/2343/1914 4126/2344/1914
f 4127/2345/1915 4128/2346/1916 4129/1386/1917
f 4130/2347/1918 4131/2348/1918 4132/2349/1918
f 4149/2350/1919 4150/1501/1919 4151/2223/1919
f 4152/2351/1920 4153/2225/1920 4154/1504/1920
f 4155/1505/1921 4156/1395/1921 4157/2228/1921
f 4158/1397/1922 4159/2352/1922 4160/2353/1922
f 4161/2354/1923 4162/1198/1923 4163/2355/1923
f 4164/2356/883 4165/1515/883 4166/2357/883
f 4167/2358/1924 4168/2359/1924 4169/2360/1924
f 4170/2046/1925 4171/1207/1925 4172/1208/1925
f 4185/2361/1926 4186/2362/1926 4187/1411/1926
f 4188/1212/887 4189/2363/887 4190/1214/887
f 4191/1414/1927 4192/1415/1927 4193/1217/1927
f 4194/2054/1928 4195/2055/1928 4196/1220/1928
f 4201/1519/1929 4202/1420/1930 4203/1223/1931
f 4204/2364/1932 4205/2365/1933 4206/1226/1934
f 4207/2366/1935 4208/2367/1936 4209/2368/1937
f 4210/2369/1938 4211/2370/1939 4212/2371/1940
f 4213/2372/1941 4214/2373/1942 4215/1235/1943
f 4216/2256/1944 4217/2062/1944 4218/1238/1944
f 4219/1239/1945 4220/1240/1946 4221/2374/1947
f 4222/1242/1948 4223/1243/1948 4224/1244/1948
f 4225/1439/1949 4226/2375/1950 4227/1247/1951
f 4228/2376/1952 4229/2066/1952 4230/1443/1952
f 4231/1444/1953 4232/1252/1954 4233/1253/1955
f 4234/2377/1956 4235/2267/1956 4236/1542/1956
f 4253/1185/1957 4254/1186/1957 4255/1502/1957
f 4256/2378/1574 4257/2379/1574 4258/1504/1574
f 4259/1505/1958 4260/2380/1958 4261/1396/1958
f 4262/1194/1959 4263/2381/1959 4264/1510/1959
f 4265/2354/1960 4266/1198/1960 4267/2382/1960
f 4268/2356/883 4269/1515/883 4270/1202/883
f 4271/1405/1961 4272/2359/1961 4273/2383/1961
f 4274/1407/1962 4275/1207/1962 4276/1208/1962
f 4289/1209/1963 4290/1410/1963 4291/1411/1963
f 4292/1412/1964 4293/2384/1964 4294/1214/1964
f 4295/2385/1965 4296/1216/1965 4297/1416/1965
f 4298/2386/1966 4299/1417/1966 4300/1220/1966
f 4305/1419/890 4306/1420/891 4307/1223/892
f 4308/2387/1967 4309/2388/1968 4310/2389/1969
f 4311/1227/1970 4312/2390/1971 4313/2060/1972
f 4314/1230/1973 4315/2391/1974 4316/1430/1975
f 4317/2392/1597 4318/1234/1598 4319/1235/1599
f 4320/1236/1976 4321/2393/1976 4322/1238/1976
f 4323/1239/1601 4324/1240/1602 4325/2394/1603
f 4326/2064/1977 4327/2395/1977 4328/1244/1977
f 4329/2065/1605 4330/1440/1978 4331/1247/1607
f 4332/1441/1979 4333/2066/1979 4334/1443/1979
f 4335/1251/1980 4336/1445/1981 4337/1253/1982
f 4338/2396/1983 4339/2397/1983 4340/2071/1983
f 4357/2398/1984 4358/1544/1985 4359/2399/1986
f 4360/1259/1987 4361/2400/1988 4362/2401/1989
f 4363/2402/1990 4364/2403/1990 4365/2404/1990
f 4366/2405/1991 4367/2406/1991 4368/2407/1991
f 4369/2408/1992 4370/2409/1993 4371/1269/1994
f 4372/26/1995 4373/2410/1996 4374/2411/1997
f 4375/2412/1961 4376/2277/1961 4377/2413/1961
f 4378/2414/885 4379/2415/885 4380/2416/885
f 4393/1465/1998 4394/2417/1999 4395/1567/2000
f 4396/2418/2001 4397/1467/2002 4398/1570/2003
f 4399/1281/2004 4400/42/2005 4401/2419/2006
f 4402/2420/2007 4403/2421/2008 4404/2422/2009
f 4409/2423/2010 4410/2424/2011 4411/1287/2012
f 4412/2425/2013 4413/2426/2014 4414/1290/2015
f 4415/2427/2016 4416/2428/2017 4417/2429/2018
f 4418/2430/2019 4419/2431/2020 4420/2432/2021
f 4421/2433/2022 4422/2434/2023 4423/61/2024
f 4424/2435/2025 4425/2436/2025 4426/2437/2025
f 4427/2438/2026 4428/1301/2027 4429/2439/2028
f 4430/2293/2029 4431/2440/2029 4432/2441/2029
f 4433/2442/2030 4434/2443/2031 4435/1308/2032
f 4436/2444/2033 4437/1494/2033 4438/2445/2033
f 4439/1496/2034 4440/2446/2035 4441/1314/2036
f 4442/2447/2037 4443/2448/2037 4444/2449/2037
f 4461/2450/2038 4462/2451/2038 4463/2452/2038
f 4464/2453/2039 4465/2454/2039 4466/2455/2039
f 4467/2456/2040 4468/2457/2040 4469/2458/2040
f 4470/2120/2041 4471/2459/2041 4472/2460/2041
f 4489/2461/2042 4490/2462/2043 4491/2463/2044
f 4492/2464/2045 4493/2465/2046 4494/1058/2047
f 4495/2466/2048 4496/2467/2049 4497/2468/2050
f 4498/2469/2051 4499/2470/2052 4500/2471/2053
f 4501/2472/2054 4502/1066/2055 4503/2473/2056
f 4504/2474/2057 4505/2475/2057 4506/2476/2057
f 4507/2477/2058 4508/1072/2059 4509/2478/2060
f 4510/1074/2061 4511/2479/2061 4512/2480/2061
f 4513/2481/2062 4514/2482/2063 4515/1079/2064
f 4516/2483/2065 4517/2484/2065 4518/2485/2065
f 4519/2486/2066 4520/2487/2067 4521/1085/2068
f 4522/2488/2069 4523/2489/2069 4524/2142/2069
f 4547/2490/2070 4548/2491/2071 4549/2492/2072
f 4554/1948/2073 4555/2493/2074 4556/2494/2075
f 4563/2495/2076 4564/2496/2077 4565/2497/2078
f 4574/1098/2079 4575/2498/2080 4576/2499/2081
f 4581/2500/2082 4582/2501/2083 4583/2502/2084
f 4592/2503/2085 4593/1960/2086 4594/2504/2087
f 4601/2505/2088 4602/2506/2089 4603/2507/2090
f 4608/2508/2091 4609/2509/2092 4610/2164/2093
f 4613/2510/2094 4614/2511/2095 4615/1970/2096
f 4616/2512/2097 4617/1972/2098 4618/2513/2099
f 4619/2514/2100 4620/2515/2100 4621/2516/2100
f 4622/2517/2101 4623/1123/2101 4624/2518/2101
f 4625/2519/2102 4626/2520/2103 4627/2521/2104
f 4628/2522/2105 4629/2523/2106 4630/2524/2107
f 4631/1131/2108 4632/2181/2108 4633/2525/2108
f 4634/2526/2109 4635/2527/2109 4636/2528/2109
f 4649/2529/2110 4650/2530/2111 4651/1992/2112
f 4652/2531/2113 4653/2532/2114 4654/1995/2115
f 4655/2533/2116 4656/2534/2117 4657/1998/2118
f 4658/2535/2119 4659/1147/2120 4660/1148/2121
f 4665/1149/2122 4666/2536/2123 4667/1151/2124
f 4668/2537/2125 4669/2538/2126 4670/1154/2127
f 4671/2539/2128 4672/2540/2129 4673/2541/2130
f 4674/2542/2131 4675/2543/2132 4676/2011/2133
f 4677/2544/2134 4678/2545/2135 4679/1163/2136
f 4680/2546/2137 4681/2547/2137 4682/2548/2137
f 4683/2549/2138 4684/1168/2139 4685/2550/2140
f 4686/2551/2141 4687/2552/2141 4688/2020/2141
f 4689/2553/2142 4690/2554/2143 4691/1175/2144
f 4692/2555/2145 4693/2556/2145 4694/2557/2145
f 4695/2558/2146 4696/2027/2147 4697/1181/2148
f 4698/2559/2149 4699/2560/2149 4700/2561/2149
f 4717/2562/2150 4718/2563/2150 4719/2564/2150
f 4720/2224/2151 4721/2565/2151 4722/2566/2151
f 4723/2567/2152 4724/2380/2152 4725/2568/2152
f 4726/2037/880 4727/2569/880 4728/2570/880
f 4729/2571/2153 4730/2572/2153 4731/2573/2153
f 4732/2574/2154 4733/2575/2154 4734/2576/2154
f 4735/1203/2155 4736/2359/2155 4737/2577/2155
f 4738/1206/884 4739/2238/884 4740/2239/884
f 4753/1209/2156 4754/1410/2156 4755/1411/2156
f 4756/1212/2157 4757/2578/2157 4758/1214/2157
f 4759/2579/2158 4760/2580/2158 4761/2581/2158
f 4762/2582/2159 4763/2583/2159 4764/1418/2159
f 4769/2584/2160 4770/2585/2161 4771/2248/2162
f 4772/2586/2163 4773/2365/2164 4774/2057/2165
f 4775/1425/2166 4776/2587/2167 4777/2588/2168
f 4778/1528/2169 4779/2589/2170 4780/1232/2171
f 4781/1431/2172 4782/1432/2173 4783/1235/2174
f 4784/2256/2175 4785/2590/2175 4786/1238/2175
f 4787/2259/2176 4788/1240/2177 4789/2591/2178
f 4790/2261/2179 4791/2592/2179 4792/2593/2179
f 4793/2065/2180 4794/2594/2181 4795/1247/2182
f 4796/2595/2183 4797/1442/2183 4798/2596/2183
f 4799/2597/2184 4800/2598/2185 4801/1253/2186
f 4802/2069/2187 4803/1541/2187 4804/1542/2187
f 4821/2599/2188 4822/2268/2189 4823/2269/2190
f 4824/1450/2191 4825/1260/2192 4826/2272/2193
f 4827/2600/1029 4828/18/1029 4829/19/1029
f 4830/20/2194 4831/21/2194 4832/1455/2194
f 4833/2601/2195 4834/2602/2196 4835/2603/2197
f 4836/2604/2198 4837/2605/2199 4838/2606/2200
f 4839/2607/1127 4840/2608/1127 4841/31/1127
f 4842/1463/2201 4843/33/2201 4844/2609/2201
f 4857/2610/2202 4858/2611/2203 4859/37/2204
f 4860/1279/2205 4861/2612/2206 4862/40/2207
f 4863/2613/2208 4864/42/2209 4865/43/2210
f 4866/2614/2211 4867/2615/2212 4868/46/2213
f 4873/2616/2214 4874/2617/2215 4875/2618/2216
f 4876/2619/2217 4877/2092/2218 4878/1290/2219
f 4879/53/2220 4880/2620/2221 4881/2621/2222
f 4882/2622/2223 4883/2431/2224 4884/58/2225
f 4885/2623/2226 4886/2624/2227 4887/61/2228
f 4888/2625/2229 4889/2100/2229 4890/1299/2229
f 4891/2101/2230 4892/1301/2231 4893/2626/2232
f 4894/1303/2233 4895/2627/2233 4896/1305/2233
f 4897/2628/2234 4898/1307/2235 4899/1308/2236
f 4900/2629/2237 4901/2107/2237 4902/1311/2237
f 4903/2630/2238 4904/2631/2239 4905/1314/2240
f 4906/2109/2241 4907/2296/2241 4908/1500/2241
f 4925/2632/2242 4926/2633/2242 4927/2634/2242
f 4928/2635/2243 4929/2636/2243 4930/2637/2243
f 4931/161/2244 4932/2638/2244 4933/2639/2244
f 4934/2640/2245 4935/2641/2245 4936/2642/2245
f 4937/2643/2246 4938/2644/2246 4939/2645/2246
f 4940/2646/2247 4941/2647/2247 4942/2648/2247
f 4943/2649/2248 4944/2650/2248 4945/2651/2248
f 4946/2652/2249 4947/2653/2249 4948/2654/2249
f 4961/2655/2250 4962/2656/2250 4963/2657/2250
f 4964/2658/2251 4965/2659/2251 4966/2660/2251
f 4967/2661/2252 4968/2662/2252 4969/2663/2252
f 4970/2664/2253 4971/2665/2253 4972/2666/2253
f 4977/2667/2254 4978/2668/2255 4979/2669/2256
f 4980/2670/2257 4981/2671/2258 4982/2672/2259
f 4983/2673/2260 4984/2674/2261 4985/2675/2262
f 4986/2676/2263 4987/2677/2264 4988/202/2265
f 4989/2678/2266 4990/2679/2267 4991/205/2268
f 4992/2680/2269 4993/2681/2269 4994/2682/2269
f 4995/2683/2270 4996/210/2271 4997/2684/2272
f 4998/2685/2273 4999/2686/2273 5000/2687/2273
f 5001/215/2274 5002/2688/2275 5003/217/2276
f 5004/2689/2277 5005/2690/2277 5006/2691/2277
f 5007/2692/2278 5008/2693/2279 5009/223/2280
f 5010/2694/2281 5011/2695/2281 5012/2696/2281
f 5029/2697/2282 5030/2698/2283 5031/2699/2284
f 5032/2700/2285 5033/2701/2286 5034/2702/2287
f 5035/2703/2288 5036/810/2288 5037/2704/2288
f 5038/812/2289 5039/2705/2289 5040/2706/2289
f 5041/2707/2290 5042/1688/2291 5043/2708/2292
f 5044/2709/2293 5045/2710/2294 5046/2711/2295
f 5047/2712/2296 5048/1694/2296 5049/823/2296
f 5050/2713/2297 5051/2714/2297 5052/2715/2297
f 5065/2716/2298 5066/2717/2299 5067/253/2300
f 5068/2718/2301 5069/2719/2302 5070/2720/2303
f 5071/2721/2304 5072/258/2305 5073/831/2306
f 5074/2722/2307 5075/2723/2308 5076/262/2309
f 5081/2724/2310 5082/2725/2311 5083/2726/2312
f 5084/2727/2313 5085/2728/2314 5086/837/2315
f 5087/2729/2316 5088/2730/2317 5089/2731/2318
f 5090/2732/2319 5091/2733/2320 5092/2734/2321
f 5093/2735/2322 5094/1711/2323 5095/277/2324
f 5096/2736/2325 5097/2737/2325 5098/2738/2325
f 5099/2739/2326 5100/282/2327 5101/2740/2328
f 5102/2741/2329 5103/2742/2329 5104/849/2329
f 5105/2743/2330 5106/2744/2331 5107/289/2332
f 5108/2745/2333 5109/2746/2333 5110/292/2333
f 5111/2747/2334 5112/2748/2335 5113/295/2336
f 5114/296/2337 5115/2749/2337 5116/2750/2337
f 5133/2751/2338 5134/2752/2339 5135/2753/2340
f 5136/2754/2341 5137/2755/2342 5138/2756/2343
f 5139/2757/2344 5140/2758/2344 5141/2759/2344
f 5142/2760/2345 5143/309/2345 5144/2761/2345
f 5145/2762/2346 5146/2763/2347 5147/2764/2348
f 5148/1740/2349 5149/874/2350 5150/2765/2351
f 5151/2766/2352 5152/2767/2352 5153/2768/2352
f 5154/2769/2353 5155/2770/2353 5156/2771/2353
f 5169/2772/2354 5170/2773/2355 5171/884/2356
f 5172/2774/2357 5173/1751/2358 5174/2775/2359
f 5175/888/2360 5176/330/2361 5177/2776/2362
f 5178/1756/2363 5179/2777/2364 5180/2778/2365
f 5185/2779/2366 5186/1760/2367 5187/2780/2368
f 5188/2781/2369 5189/2782/2370 5190/2783/2371
f 5191/341/2372 5192/2784/2373 5193/2785/2374
f 5194/2786/2375 5195/2787/2376 5196/2788/2377
f 5197/2789/2378 5198/2790/2379 5199/349/2380
f 5200/2791/2381 5201/2792/2381 5202/352/2381
f 5203/2793/2382 5204/354/2383 5205/911/2384
f 5206/1777/2385 5207/2794/2385 5208/2795/2385
f 5209/2796/2386 5210/2797/2387 5211/361/2388
f 5212/362/2389 5213/1782/2389 5214/364/2389
f 5215/2798/2390 5216/2799/2391 5217/367/2392
f 5218/2800/2393 5219/2801/2393 5220/2802/2393
f 5237/2803/2394 5238/2804/2394 5239/2805/2394
f 5240/2806/2395 5241/2807/2395 5242/2808/2395
f 5243/2809/2396 5244/1794/2396 5245/2810/2396
f 5246/2811/2397 5247/2812/2397 5248/2813/2397
f 5249/2814/2398 5250/2815/2398 5251/2816/2398
f 5252/2817/2399 5253/2818/2399 5254/2819/2399
f 5255/2820/2400 5256/2821/2400 5257/2822/2400
f 5258/2823/2401 5259/2824/2401 5260/2825/2401
f 5273/2826/2402 5274/2827/2402 5275/397/2402
f 5276/947/2403 5277/2828/2403 5278/2829/2403
f 5279/2830/2404 5280/2831/2404 5281/1815/2404
f 5282/2832/2405 5283/2833/2405 5284/2834/2405
f 5289/2835/2406 5290/2836/2407 5291/2837/2408
f 5292/2838/2409 5293/2839/2410 5294/2840/2411
f 5295/1825/2412 5296/414/2413 5297/2841/2414
f 5298/2842/2415 5299/2843/2416 5300/2844/2417
f 5301/2845/2418 5302/2846/2419 5303/421/2420
f 5304/2847/2421 5305/2848/2421 5306/2849/2421
f 5307/2850/2422 5308/426/2423 5309/1835/2424
f 5310/2851/2425 5311/974/2425 5312/2852/2425
f 5313/2853/2426 5314/432/2427 5315/433/2428
f 5316/2854/2429 5317/2855/2429 5318/1842/2429
f 5319/2856/2430 5320/2857/2431 5321/439/2432
f 5322/2858/2433 5323/2859/2433 5324/1846/2433
f 5341/2860/2434 5342/2861/2434 5343/1849/2434
f 5344/987/2435 5345/2862/2435 5346/2863/2435
f 5347/2864/2436 5348/2865/2436 5349/2866/2436
f 5350/1855/2437 5351/2867/2437 5352/2868/2437
f 5353/2869/2438 5354/2870/2438 5355/457/2438
f 5356/2871/2439 5357/2872/2439 5358/460/2439
f 5359/461/2440 5360/2873/2440 5361/2874/2440
f 5362/2875/2441 5363/2876/2441 5364/2877/2441
f 5377/2878/2442 5378/2879/2443 5379/469/2444
f 5380/2880/2445 5381/2881/2446 5382/2882/2447
f 5383/2883/2448 5384/1874/2449 5385/2884/2450
f 5386/2885/2451 5387/1877/2452 5388/1878/2453
f 5393/2886/2454 5394/2887/2455 5395/2888/2456
f 5396/1017/2457 5397/2889/2458 5398/2890/2459
f 5399/1019/2460 5400/2891/2461 5401/2892/2462
f 5402/2893/2463 5403/2894/2464 5404/2895/2465
f 5405/2896/2466 5406/2897/2467 5407/493/2468
f 5408/2898/2469 5409/2899/2469 5410/2900/2469
f 5411/2901/2470 5412/498/2471 5413/2902/2472
f 5414/500/2473 5415/2903/2473 5416/1034/2473
f 5417/2904/2474 5418/2905/2475 5419/505/2476
f 5420/2906/2477 5421/2907/2477 5422/1898/2477
f 5423/509/2478 5424/2908/2479 5425/511/2480
f 5426/2909/2481 5427/2910/2481 5428/1903/2481
f 5445/2911/2482 5446/2912/2483 5447/2913/2484
f 5448/2914/2485 5449/2915/2486 5450/2916/2487
f 5451/2917/2488 5452/2918/2488 5453/2919/2488
f 5454/2920/2489 5455/2921/2489 5456/2922/2489
f 5457/743/2490 5458/2923/2491 5459/2924/2492
f 5460/2925/2493 5461/2926/2494 5462/2927/2495
f 5463/2928/2496 5464/750/2496 5465/2929/2496
f 5466/2930/2497 5467/2931/2497 5468/2932/2497
f 5481/2933/2498 5482/2934/2499 5483/757/2500
f 5484/2935/2501 5485/2936/2502 5486/2937/2503
f 5487/761/2504 5488/2938/2505 5489/763/2506
f 5490/2939/2507 5491/2940/2508 5492/2941/2509
f 5497/2942/2510 5498/2943/2511 5499/2944/2512
f 5500/2945/2513 5501/771/2514 5502/772/2515
f 5503/2946/2516 5504/2947/2517 5505/775/2518
f 5506/2948/2519 5507/2949/2520 5508/2950/2521
f 5509/779/2522 5510/2951/2523 5511/781/2524
f 5512/2952/2525 5513/2953/2525 5514/2954/2525
f 5515/2955/2526 5516/786/2527 5517/2956/2528
f 5518/2957/2529 5519/789/2529 5520/790/2529
f 5521/791/2530 5522/2958/2531 5523/793/2532
f 5524/2959/2533 5525/795/2533 5526/2960/2533
f 5527/2961/2534 5528/2962/2535 5529/799/2536
f 5530/2963/2537 5531/801/2537 5532/2964/2537
f 5549/2965/2538 5550/2966/2539 5551/2967/2540
f 5552/2968/2541 5553/2969/2542 5554/2970/2543
f 5555/1681/2544 5556/2971/2544 5557/2972/2544
f 5558/2973/2545 5559/2974/2545 5560/2975/2545
f 5561/2976/2546 5562/2977/2547 5563/241/2548
f 5564/2978/2549 5565/2979/2550 5566/2980/2551
f 5567/245/2552 5568/1694/2552 5569/2981/2552
f 5570/2982/2553 5571/2714/2553 5572/825/2553
f 5585/2716/2554 5586/2983/2555 5587/253/2556
f 5588/2984/2557 5589/2985/2558 5590/2986/2559
f 5591/2987/2560 5592/258/2561 5593/831/2562
f 5594/832/2563 5595/2988/2564 5596/2989/2565
f 5601/2990/2566 5602/2991/2567 5603/835/2568
f 5604/2992/2569 5605/2728/2570 5606/2993/2571
f 5607/2994/2572 5608/2995/2573 5609/2996/2574
f 5610/2997/2575 5611/2998/2576 5612/2734/2577
f 5613/2999/2578 5614/3000/2579 5615/277/2580
f 5616/3001/2581 5617/3002/2581 5618/3003/2581
f 5619/3004/2582 5620/282/2583 5621/3005/2584
f 5622/284/2585 5623/3006/2585 5624/849/2585
f 5625/3007/2586 5626/3008/2587 5627/289/2588
f 5628/290/2589 5629/291/2589 5630/3009/2589
f 5631/3010/2590 5632/3011/2591 5633/295/2592
f 5634/3012/2593 5635/3013/2593 5636/3014/2593
f 5653/3015/2594 5654/3016/2595 5655/3017/2596
f 5656/3018/2597 5657/3019/2598 5658/3020/2599
f 5659/3021/2600 5660/3022/2600 5661/3023/2600
f 5662/308/2601 5663/3024/2601 5664/3025/2601
f 5665/1737/2602 5666/3026/2603 5667/872/2604
f 5668/3027/2605 5669/3028/2606 5670/3029/2607
f 5671/1743/2608 5672/3030/2608 5673/3031/2608
f 5674/3032/2609 5675/3033/2609 5676/1748/2609
f 5689/2772/2610 5690/3034/2611 5691/884/2612
f 5692/3035/2613 5693/1751/2614 5694/3036/2615
f 5695/329/2616 5696/3037/2617 5697/3038/2618
f 5698/3039/2619 5699/3040/2620 5700/893/2621
f 5705/3041/2622 5706/3042/2623 5707/3043/2624
f 5708/3044/2625 5709/339/2626 5710/340/2627
f 5711/3045/2628 5712/3046/2629 5713/3047/2630
f 5714/3048/2631 5715/1768/2632 5716/3049/2633
f 5717/2789/2634 5718/1771/2635 5719/349/2636
f 5720/3050/2637 5721/3051/2637 5722/1774/2637
f 5723/3052/2638 5724/354/2639 5725/3053/2640
f 5726/3054/2641 5727/2794/2641 5728/3055/2641
f 5729/1779/2642 5730/3056/2643 5731/361/2644
f 5732/3057/2645 5733/916/2645 5734/1783/2645
f 5735/3058/2646 5736/3059/2647 5737/367/2648
f 5738/3060/2649 5739/3061/2649 5740/2802/2649
f 5757/923/2650 5758/3062/2650 5759/3063/2650
f 5760/3064/2651 5761/3065/2651 5762/3066/2651
f 5763/3067/2652 5764/3068/2652 5765/3069/2652
f 5766/3070/2653 5767/2812/2653 5768/3071/2653
f 5769/3072/2654 5770/3073/2654 5771/3074/2654
f 5772/3075/2655 5773/3076/2655 5774/3077/2655
f 5775/3078/2656 5776/3079/2656 5777/3080/2656
f 5778/3081/2657 5779/3082/2657 5780/3083/2657
f 5793/944/2658 5794/945/2658 5795/3084/2658
f 5796/3085/2659 5797/948/2659 5798/3086/2659
f 5799/3087/2660 5800/3088/2660 5801/3089/2660
f 5802/3090/2661 5803/3091/2661 5804/3092/2661
f 5809/3093/2662 5810/1820/2663 5811/3094/2664
f 5812/3095/2665 5813/3096/2666 5814/3097/2667
f 5815/3098/2668 5816/3099/2669 5817/3100/2670
f 5818/416/2671 5819/3101/2672 5820/418/2673
f 5821/3102/2674 5822/968/2675 5823/421/2676
f 5824/3103/2677 5825/3104/2677 5826/3105/2677
f 5827/3106/2678 5828/426/2679 5829/3107/2680
f 5830/3108/2681 5831/3109/2681 5832/3110/2681
f 5833/3111/2682 5834/3112/2683 5835/433/2684
f 5836/1840/2685 5837/1841/2685 5838/3113/2685
f 5839/3114/2686 5840/3115/2687 5841/439/2688
f 5842/1845/2689 5843/3116/2689 5844/1846/2689
f 5861/1847/2690 5862/3117/2690 5863/3118/2690
f 5864/3119/2691 5865/3120/2691 5866/3121/2691
f 5867/3122/2692 5868/3123/2692 5869/3124/2692
f 5870/3125/2693 5871/453/2693 5872/3126/2693
f 5873/995/2694 5874/3127/2694 5875/3128/2694
f 5876/3129/2695 5877/3130/2695 5878/3131/2695
f 5879/3132/2696 5880/3133/2696 5881/3134/2696
f 5882/3135/2697 5883/3136/2697 5884/3137/2697
f 5897/467/2698 5898/3138/2699 5899/3139/2700
f 5900/3140/2701 5901/3141/2702 5902/3142/2703
f 5903/3143/2704 5904/1874/2705 5905/3144/2706
f 5906/3145/2707 5907/3146/2708 5908/1878/2709
f 5913/3147/2710 5914/1016/2711 5915/3148/2712
f 5916/3149/2713 5917/3150/2714 5918/3151/2715
f 5919/3152/2716 5920/2891/2717 5921/3153/2718
f 5922/3154/2719 5923/3155/2720 5924/3156/2721
f 5925/3157/2722 5926/3158/2723 5927/493/2724
f 5928/3159/2725 5929/3160/2725 5930/3161/2725
f 5931/3162/2726 5932/498/2727 5933/1031/2728
f 5934/3163/2729 5935/2903/2729 5936/1034/2729
f 5937/3164/2730 5938/3165/2731 5939/505/2732
f 5940/3166/2733 5941/3167/2733 5942/3168/2733
f 5943/3169/2734 5944/3170/2735 5945/511/2736
f 5946/2909/2737 5947/3171/2737 5948/1903/2737
f 5965/3172/2738 5966/3173/2738 5967/3174/2738
f 5968/3175/2739 5969/3176/2739 5970/3177/2739
f 5971/3178/2740 5972/3179/2740 5973/3180/2740
f 5974/3181/2741 5975/3182/2741 5976/3183/2741
f 5993/3184/2742 5994/3185/2743 5995/2123/2744
f 5996/3186/2745 5997/3187/2746 5998/3188/2747
f 5999/3189/2748 6000/3190/2749 6001/3191/2750
f 6002/3192/2751 6003/3193/2752 6004/1064/2753
f 6005/3194/2754 6006/1066/2755 6007/3195/2756
f 6008/3196/2757 6009/3197/2757 6010/3198/2757
f 6011/3199/2758 6012/1072/2759 6013/3200/2760
f 6014/3201/2761 6015/3202/2761 6016/2135/2761
f 6017/3203/2762 6018/2482/2763 6019/1079/2764
f 6020/3204/2765 6021/3205/2765 6022/1082/2765
f 6023/3206/2766 6024/3207/2767 6025/1085/2768
f 6026/3208/2769 6027/3209/2769 6028/3210/2769
f 6049/3211/2770 6050/3212/2771 6051/3213/2772
f 6060/3214/2773 6061/3215/2774 6062/3216/2775
f 6069/3217/2776 6070/3218/2777 6071/3219/2778
f 6076/3220/2779 6077/3221/2780 6078/3222/2781
f 6087/3223/2782 6088/3224/2783 6089/3225/2784
f 6094/3226/2785 6095/3227/2786 6096/3228/2787
f 6103/3229/2788 6104/3230/2789 6105/3231/2790
f 6114/3232/2791 6115/3233/2792 6116/3234/2793
f 6117/3235/2794 6118/3236/2795 6119/3237/2796
f 6120/3238/2797 6121/3239/2798 6122/3240/2799
f 6123/3241/2800 6124/3242/2800 6125/3243/2800
f 6126/3244/2801 6127/3245/2801 6128/3246/2801
f 6129/1979/2802 6130/3247/2803 6131/3248/2804
f 6132/3249/2805 6133/3250/2806 6134/3251/2807
f 6135/3252/2808 6136/3253/2808 6137/3254/2808
f 6138/3255/2809 6139/3256/2809 6140/3257/2809
f 6153/3258/2810 6154/3259/2811 6155/3260/2812
f 6156/3261/2813 6157/3262/2814 6158/3263/2815
f 6159/3264/2816 6160/2190/2817 6161/3265/2818
f 6162/3266/2819 6163/3267/2820 6164/3268/2821
f 6169/3269/2822 6170/3270/2823 6171/1151/2824
f 6172/3271/2825 6173/1153/2826 6174/3272/2827
f 6175/3273/2828 6176/2540/2829 6177/3274/2830
f 6178/3275/2831 6179/3276/2832 6180/3277/2833
f 6181/3278/2834 6182/3279/2835 6183/1163/2836
f 6184/3280/2837 6185/3281/2837 6186/3282/2837
f 6187/3283/2838 6188/1168/2839 6189/3284/2840
f 6190/3285/2841 6191/3286/2841 6192/1172/2841
f 6193/3287/2842 6194/3288/2843 6195/1175/2844
f 6196/3289/2845 6197/3290/2845 6198/3291/2845
f 6199/3292/2846 6200/3293/2847 6201/1181/2848
f 6202/3294/2849 6203/3295/2849 6204/3296/2849
f 6221/3297/2850 6222/3298/2850 6223/2223/2850
f 6224/3299/2851 6225/2225/2851 6226/3300/2851
f 6227/3301/2852 6228/3302/2852 6229/3303/2852
f 6230/3304/2853 6231/3305/2853 6232/1196/2853
f 6233/3306/2854 6234/3307/2854 6235/3308/2854
f 6236/3309/2855 6237/3310/2855 6238/3311/2855
f 6239/3312/2856 6240/3313/2856 6241/3314/2856
f 6242/3315/2857 6243/3316/2857 6244/3317/2857
f 6257/3318/2858 6258/3319/2859 6259/3320/2860
f 6260/3321/2861 6261/3322/2862 6262/3323/2863
f 6263/3324/2864 6264/1216/2865 6265/3325/2866
f 6266/3326/2867 6267/1417/2868 6268/1418/2869
f 6273/3327/2870 6274/3328/2871 6275/1521/2872
f 6276/3329/2873 6277/1523/2874 6278/3330/2875
f 6279/3331/2876 6280/3332/2877 6281/3333/2878
f 6282/3334/2879 6283/3335/2880 6284/1430/2881
f 6285/3336/2882 6286/1432/2883 6287/1235/2884
f 6288/2256/2885 6289/2062/2885 6290/3337/2885
f 6291/3338/2886 6292/1240/2887 6293/3339/2888
f 6294/3340/2889 6295/3341/2889 6296/3342/2889
f 6297/3343/2890 6298/3344/2891 6299/1247/2892
f 6300/3345/2893 6301/3346/2893 6302/1443/2893
f 6303/3347/2894 6304/3348/2895 6305/1253/2896
f 6306/3349/2897 6307/3350/2897 6308/3351/2897
f 6325/3352/2898 6326/3353/2899 6327/3354/2900
f 6328/3355/2901 6329/3356/2902 6330/3357/2903
f 6331/2600/2904 6332/3358/2904 6333/3359/2904
f 6334/3360/2853 6335/3361/2853 6336/22/2853
f 6337/3362/2905 6338/3363/2906 6339/3364/2907
f 6340/3365/2908 6341/3366/2909 6342/2083/2910
f 6343/3367/2856 6344/3368/2856 6345/3369/2856
f 6346/32/2857 6347/3370/2857 6348/3371/2857
f 6361/3372/2911 6362/3373/2912 6363/3374/2913
f 6364/3375/2914 6365/3376/2915 6366/3377/2916
f 6367/3378/2917 6368/42/2918 6369/3379/2919
f 6370/3380/2920 6371/3381/2921 6372/1473/2922
f 6377/3382/2923 6378/3383/2924 6379/2618/2925
f 6380/3384/2926 6381/3385/2927 6382/3386/2928
f 6383/3387/2929 6384/1480/2930 6385/3388/2931
f 6386/3389/2932 6387/3390/2933 6388/58/2934
f 6389/3391/2935 6390/60/2936 6391/61/2937
f 6392/2289/2938 6393/3392/2938 6394/3393/2938
f 6395/3394/2939 6396/1301/2940 6397/3395/2941
f 6398/3396/2942 6399/3397/2942 6400/1492/2942
f 6401/3398/2943 6402/3399/2944 6403/1308/2945
f 6404/3400/2946 6405/3401/2946 6406/1495/2946
f 6407/3402/2947 6408/3403/2948 6409/1314/2949
f 6410/3404/2950 6411/3405/2950 6412/3406/2950
f 6429/3407/2951 6430/3408/2951 6431/3409/2951
f 6432/3410/2952 6433/3411/2952 6434/3412/2952
f 6439/3413/2953 6440/3414/2954 6441/3415/2955
f 6442/3416/2956 6443/3417/2957 6444/3418/2958
f 6445/3419/2959 6446/3420/2960 6447/3421/2961
f 6448/3422/2962 6449/3423/2963 6450/3424/2964
f 6451/3425/2965 6452/3426/2966 6453/3427/2967
f 6454/3428/2968 6455/3429/2969 6456/3430/2970
f 6457/3431/2971 6458/3432/2972 6459/3433/2973
f 6460/3434/2974 6461/3435/2975 6462/3436/2976
f 6559/3437/2977 6560/3438/2977 6561/3439/2977
f 6562/3440/2978 6563/3441/2978 6564/3442/2978
f 6565/3443/2979 6566/3444/2979 6567/3445/2979
f 6568/3446/2980 6569/3447/2980 6570/3448/2980
f 6571/3449/2981 6572/3450/2981 6573/3451/2981
f 6574/3452/2982 6575/3453/2982 6576/3454/2982
f 6577/3455/2983 6578/3456/2983 6579/3457/2983
f 6580/3458/2984 6581/3459/2984 6582/3460/2984
f 6583/3461/2985 6584/3462/2985 6585/3463/2985
f 6586/3464/2986 6587/3465/2986 6588/3466/2986
f 6589/3467/2987 6590/3468/2987 6591/3469/2987
f 6592/3470/2988 6593/3471/2988 6594/3472/2988
f 6595/3473/2989 6596/3474/2989 6597/3475/2989
f 6598/3476/2990 6599/3477/2990 6600/3478/2990
f 6601/3479/2991 6602/3480/2991 6603/3481/2991
f 6604/3482/2992 6605/3483/2992 6606/3484/2992
f 6611/3485/2993 6612/3486/2993 6613/3487/2993
f 6614/3488/2994 6615/3489/2994 6616/3490/2994
f 6617/3491/2995 6618/3492/2995 6619/3493/2995
f 6620/3494/2996 6621/3495/2996 6622/3496/2996
f 6631/3497/2997 6632/3498/2998 6633/1/2999
f 6634/3499/3000 6635/3500/3001 6636/3501/3002
f 6637/3502/3003 6638/3503/3003 6639/3504/3003
f 6640/3505/3004 6641/3506/3004 6642/3507/3004
f 6643/3508/3005 6644/3509/3005 6645/3510/3005
f 6646/3511/3006 6647/3512/3006 6648/3513/3006
f 6657/1/3007 6658/3514/3008 6659/3515/3009
f 6660/3516/3010 6661/3517/3011 6662/3518/3012
f 84/3519/3013 54/12/15 53/11/14 83/3520/3013
f 82/3521/3014 63/21/3015 62/20/3015 81/3522/3014
f 89/35/3016 115/57/3016 114/56/3016 90/36/3016
f 73/31/3017 60/18/3017 59/17/3017 71/29/3017
f 63/21/3018 75/33/3018 74/32/3018 64/22/3018
f 100/3523/3019 106/48/3019 105/47/3019 98/3524/3019
f 80/3525/3020 73/31/3020 72/30/3020 79/3526/3020
f 78/3527/3021 69/27/26 68/26/25 77/3528/3021
f 58/2077/19 82/3521/3014 81/3522/3014 56/1259/17
f 54/3529/3022 66/24/3022 65/23/3022 55/3530/3022
f 69/3531/3023 58/16/3023 57/15/3023 70/3532/3023
f 75/33/3021 78/3527/3021 77/3528/3021 76/34/3021
f 60/18/3024 84/3519/3013 83/3520/3013 61/19/3024
f 66/3533/23 80/3525/3020 79/3526/3020 67/3534/24
f 142/3535/3025 103/3536/3026 104/3537/3027 141/3538/3025
f 144/3539/3028 87/3540/3029 88/3541/3030 143/3542/3028
f 110/3543/3031 95/41/3031 97/43/3031 108/3544/3031
f 116/3545/3032 120/3546/3032 122/1299/3032 114/3547/3032
f 94/3548/3033 99/45/3033 98/44/3033 92/3549/3033
f 96/3550/3034 91/3551/3034 90/3552/3034 97/3553/3034
f 113/55/3035 93/39/3035 92/38/3035 111/53/3035
f 103/3536/3026 68/3554/25 70/3532/27 104/3537/3027
f 56/14/17 85/3555/3036 86/3556/3037 57/15/18
f 55/3530/16 88/3541/3030 87/3540/3029 53/3557/14
f 91/3551/32 59/17/3038 61/19/3038 89/3558/30
f 64/22/3038 94/3548/35 93/3559/34 62/20/3038
f 67/25/24 101/3560/3039 102/3561/3040 65/23/22
f 76/34/3041 100/3523/41 99/3562/40 74/32/3041
f 95/41/36 72/30/3041 71/29/3041 96/42/37
f 146/3563/3042 116/3545/53 115/3564/52 145/3565/3042
f 148/3566/3043 110/52/47 109/51/46 147/3567/3043
f 119/61/56 122/64/3044 121/63/3044 117/59/54
f 125/67/60 127/69/3045 126/68/3045 123/65/58
f 150/3568/3046 124/66/3046 123/65/3046 149/3569/3046
f 132/74/3047 130/72/63 129/71/62 133/75/3047
f 152/3570/3048 135/77/3048 137/79/3048 151/3571/3048
f 136/78/3049 125/67/3049 124/66/3049 137/79/3049
f 130/72/3050 119/61/3050 118/60/3050 131/73/3050
f 140/82/3051 136/78/67 135/77/66 138/80/3051
f 154/3572/3052 121/63/3053 120/62/3053 153/3573/3052
f 156/3574/3054 134/76/3055 133/75/3055 155/3575/3054
f 108/50/3032 132/3576/3032 134/3577/3032 109/51/3032
f 127/3578/3056 105/47/3056 107/49/3056 128/1305/3056
f 139/3579/3057 112/54/3057 111/53/3057 140/3580/3057
f 101/3560/3039 142/3535/3025 141/3538/3025 102/3561/3040
f 85/3555/3036 144/3539/3028 143/3542/3028 86/3556/3037
f 112/3581/49 146/3563/3042 145/3565/3042 113/3582/50
f 106/3583/43 148/3566/3043 147/3567/3043 107/3584/44
f 131/73/3046 150/3568/3046 149/3569/3046 129/71/3046
f 117/59/3048 152/3570/3048 151/3571/3048 118/60/3048
f 138/80/3058 154/3572/3052 153/3573/3052 139/81/3058
f 128/70/3059 156/3574/3054 155/3575/3054 126/68/3059
f 188/3585/3060 158/84/71 157/83/70 187/3586/3060
f 186/3587/3061 167/93/3062 166/92/3062 185/3588/3061
f 193/107/3063 219/129/3063 218/128/3063 194/108/3063
f 177/103/3064 164/90/3064 163/89/3064 175/101/3064
f 167/93/3065 179/105/3065 178/104/3065 168/94/3065
f 204/3589/3066 210/120/3066 209/119/3066 202/3590/3066
f 184/3591/3067 177/103/3068 176/102/3068 183/3592/3067
f 182/3593/3069 173/99/82 172/98/81 181/3594/3069
f 162/88/75 186/3587/3061 185/3588/3061 160/86/73
f 158/84/3070 170/96/3070 169/95/3070 159/85/3070
f 173/99/3071 162/88/3071 161/87/3071 174/100/3071
f 179/105/3072 182/3593/3069 181/3594/3069 180/106/3072
f 164/90/3073 188/3585/3060 187/3586/3060 165/91/3073
f 170/96/79 184/3591/3067 183/3592/3067 171/97/80
f 246/3595/3074 207/3596/3075 208/3597/3076 245/3598/3074
f 248/3599/3077 191/3600/3078 192/3601/3079 247/3602/3077
f 214/124/3080 199/113/3080 201/115/3080 212/122/3080
f 220/130/3081 224/3603/3081 226/3604/3081 218/128/3081
f 198/3605/3082 203/117/3082 202/116/3082 196/3606/3082
f 200/3607/3083 195/3608/3083 194/3609/3083 201/3610/3083
f 217/3611/3084 197/111/3084 196/110/3084 215/3612/3084
f 207/3596/3075 172/98/81 174/100/83 208/3597/3076
f 160/86/73 189/3613/3085 190/3614/3086 161/87/74
f 159/85/72 192/3601/3079 191/3600/3078 157/83/70
f 195/109/88 163/89/3087 165/91/3087 193/107/86
f 168/94/3087 198/112/91 197/111/90 166/92/3087
f 171/97/80 205/3615/3088 206/3616/3089 169/95/78
f 180/106/3090 204/3589/97 203/3617/96 178/104/3090
f 199/113/92 176/102/3090 175/101/3090 200/114/93
f 250/3618/3091 220/3619/109 219/3620/108 249/3621/3091
f 252/3622/3092 214/3623/103 213/3624/102 251/3625/3092
f 223/3626/112 226/3604/3093 225/3627/3093 221/3628/110
f 229/139/116 231/141/3094 230/140/3094 227/137/114
f 254/3629/3095 228/3630/3095 227/3631/3095 253/3632/3095
f 236/146/3096 234/144/119 233/143/118 237/147/3096
f 256/3633/3097 239/3634/3098 241/3635/3098 255/3636/3097
f 240/3637/3099 229/3638/3099 228/3639/3099 241/3640/3099
f 234/3641/3100 223/3642/3100 222/3643/3100 235/3644/3100
f 244/3645/3101 240/150/123 239/149/122 242/3646/3101
f 258/3647/3102 225/135/3103 224/134/3103 257/3648/3102
f 260/3649/3104 238/3650/3105 237/3651/3105 259/3652/3104
f 212/122/3081 236/146/3081 238/148/3081 213/123/3081
f 231/3653/3106 209/3654/3106 211/3655/3106 232/3656/3106
f 243/153/3107 216/126/3107 215/125/3107 244/154/3107
f 205/3615/3088 246/3595/3074 245/3598/3074 206/3616/3089
f 189/3613/3085 248/3599/3077 247/3602/3077 190/3614/3086
f 216/126/105 250/3618/3091 249/3621/3091 217/127/106
f 210/3657/99 252/3622/3092 251/3625/3092 211/3655/100
f 235/3658/3095 254/3629/3095 253/3632/3095 233/3659/3095
f 221/131/3108 256/3633/3097 255/3636/3097 222/132/3108
f 242/152/3109 258/3647/3102 257/3648/3102 243/153/3109
f 232/3656/3110 260/3649/3104 259/3652/3104 230/3660/3110
f 292/3661/3111 262/156/3112 261/155/3112 291/3662/3111
f 290/3663/3113 271/165/3114 270/164/3114 289/3664/3113
f 297/179/3115 323/201/3115 322/200/3115 298/180/3115
f 281/175/3116 268/162/3116 267/161/3116 279/173/3116
f 271/165/3117 283/177/3117 282/176/3117 272/166/3117
f 308/3665/3118 314/192/3118 313/191/3118 306/3666/3118
f 288/3667/3119 281/175/3120 280/174/3120 287/3668/3119
f 286/3669/3121 277/171/3122 276/170/3122 285/3670/3121
f 266/160/3123 290/3663/3113 289/3664/3113 264/158/3123
f 262/156/3124 274/168/3124 273/167/3124 263/157/3124
f 277/171/3125 266/160/3125 265/159/3125 278/172/3125
f 283/177/3126 286/3669/3121 285/3670/3121 284/178/3126
f 268/162/3127 292/3661/3111 291/3662/3111 269/163/3127
f 274/168/3128 288/3667/3119 287/3668/3119 275/169/3128
f 350/3671/3129 311/3672/3130 312/3673/3131 349/3674/3129
f 352/3675/3132 295/3676/3133 296/3677/3134 351/3678/3132
f 318/196/3135 303/185/3135 305/187/3135 316/194/3135
f 324/202/3136 328/3679/3136 330/3680/3136 322/200/3136
f 302/3681/3137 307/189/3137 306/188/3137 300/3682/3137
f 304/3683/3138 299/3684/3138 298/3685/3138 305/3686/3138
f 321/3687/3139 301/183/3139 300/182/3139 319/3688/3139
f 311/3672/3130 276/170/3140 278/172/3140 312/3673/3131
f 264/158/3141 293/3689/3142 294/3690/3143 265/159/3141
f 263/157/3144 296/3677/3134 295/3676/3133 261/155/3144
f 299/3684/3145 267/161/3145 269/163/3145 297/3691/3145
f 272/166/3145 302/3681/3145 301/3692/3145 270/164/3145
f 275/169/3146 309/3693/3147 310/3694/3148 273/167/3146
f 284/178/3149 308/190/3149 307/189/3149 282/176/3149
f 303/3695/3149 280/174/3149 279/173/3149 304/3683/3149
f 354/3696/3150 324/3697/149 323/3698/148 353/3699/3150
f 356/3700/3151 318/3701/143 317/3702/142 355/3703/3151
f 327/3704/152 330/3680/3152 329/3705/3152 325/3706/150
f 333/211/156 335/213/3153 334/212/3153 331/209/154
f 358/3707/3154 332/3708/3154 331/3709/3154 357/3710/3154
f 340/218/3155 338/216/159 337/215/158 341/219/3155
f 360/3711/3156 343/3712/3156 345/3713/3156 359/3714/3156
f 344/3715/3157 333/3716/3157 332/3717/3157 345/3718/3157
f 338/3719/3158 327/3720/3158 326/3721/3158 339/3722/3158
f 348/3723/3159 344/222/163 343/221/162 346/3724/3159
f 362/3725/3160 329/207/3161 328/206/3161 361/3726/3160
f 364/3727/3162 342/3728/3163 341/3729/3163 363/3730/3162
f 316/194/3164 340/218/3164 342/220/3164 317/195/3164
f 335/3731/3165 313/3732/3165 315/3733/3165 336/3734/3165
f 347/225/3165 320/198/3165 319/197/3165 348/226/3165
f 309/3693/3147 350/3671/3129 349/3674/3129 310/3694/3148
f 293/3689/3142 352/3675/3132 351/3678/3132 294/3690/3143
f 320/198/145 354/3696/3150 353/3699/3150 321/199/146
f 314/3735/139 356/3700/3151 355/3703/3151 315/3733/140
f 339/3736/3154 358/3707/3154 357/3710/3154 337/3737/3154
f 325/203/3156 360/3711/3156 359/3714/3156 326/204/3156
f 346/224/3166 362/3725/3160 361/3726/3160 347/225/3166
f 336/3734/3167 364/3727/3162 363/3730/3162 334/3738/3167
f 396/3739/3112 366/228/167 365/227/166 395/3740/3112
f 394/3741/3168 375/237/3169 374/236/3169 393/3742/3168
f 401/251/3170 427/273/3170 426/272/3170 402/252/3170
f 385/247/3171 372/234/3171 371/233/3171 383/245/3171
f 375/237/3172 387/249/3172 386/248/3172 376/238/3172
f 412/3743/3173 418/264/3173 417/263/3173 410/3744/3173
f 392/3745/3174 385/247/3175 384/246/3175 391/3746/3174
f 390/3747/3176 381/243/178 380/242/177 389/3748/3176
f 370/232/171 394/3741/3168 393/3742/3168 368/230/169
f 366/228/3177 378/240/3177 377/239/3177 367/229/3177
f 381/243/3178 370/232/3178 369/231/3178 382/244/3178
f 387/249/3179 390/3747/3176 389/3748/3176 388/250/3179
f 372/234/3180 396/3739/3112 395/3740/3112 373/235/3180
f 378/240/175 392/3745/3174 391/3746/3174 379/241/176
f 454/3749/3181 415/3750/3182 416/3751/3183 453/3752/3181
f 456/3753/3184 399/3754/3185 400/3755/3186 455/3756/3184
f 422/268/3187 407/257/3187 409/259/3187 420/266/3187
f 428/274/3188 432/3757/3188 434/3758/3188 426/272/3188
f 406/3759/3189 411/261/3189 410/260/3189 404/3760/3189
f 408/3761/3190 403/3762/3190 402/3763/3190 409/3764/3190
f 425/3765/3191 405/255/3191 404/254/3191 423/3766/3191
f 415/3750/3182 380/242/177 382/244/179 416/3751/3183
f 368/230/169 397/3767/3192 398/3768/3193 369/231/170
f 367/229/168 400/3755/3186 399/3754/3185 365/227/166
f 403/253/184 371/233/3194 373/235/3194 401/251/182
f 376/238/3195 406/256/187 405/255/186 374/236/3195
f 379/241/176 413/3769/3196 414/3770/3197 377/239/174
f 388/250/3198 412/262/193 411/261/192 386/248/3198
f 407/3771/188 384/246/3198 383/245/3198 408/3761/189
f 458/3772/3199 428/3773/205 427/3774/204 457/3775/3199
f 460/3776/3200 422/3777/199 421/3778/198 459/3779/3200
f 431/3780/208 434/3758/3201 433/3781/3201 429/3782/206
f 437/283/212 439/285/3202 438/284/3202 435/281/210
f 462/3783/3203 436/3784/3204 435/3785/3204 461/3786/3203
f 444/290/3205 442/288/215 441/287/214 445/291/3205
f 464/3787/3206 447/3788/3206 449/3789/3206 463/3790/3206
f 448/3791/3207 437/3792/3207 436/3793/3207 449/3794/3207
f 442/3795/3208 431/3796/3208 430/3797/3208 443/3798/3208
f 452/3799/3209 448/294/219 447/293/218 450/3800/3209
f 466/3801/3210 433/279/3211 432/278/3211 465/3802/3210
f 468/3803/3212 446/3804/3213 445/3805/3213 467/3806/3212
f 420/266/3214 444/290/3214 446/292/3214 421/267/3214
f 439/3807/3215 417/3808/3215 419/3809/3215 440/3810/3215
f 451/297/3215 424/270/3215 423/269/3215 452/298/3215
f 413/3769/3196 454/3749/3181 453/3752/3181 414/3770/3197
f 397/3767/3192 456/3753/3184 455/3756/3184 398/3768/3193
f 424/270/201 458/3772/3199 457/3775/3199 425/271/202
f 418/3811/195 460/3776/3200 459/3779/3200 419/3809/196
f 443/3812/3216 462/3783/3203 461/3786/3203 441/3813/3216
f 429/275/3206 464/3787/3206 463/3790/3206 430/276/3206
f 450/296/3217 466/3801/3210 465/3802/3210 451/297/3217
f 440/3810/3218 468/3803/3212 467/3806/3212 438/3814/3218
f 500/3815/3219 470/300/223 469/299/222 499/3816/3219
f 498/3817/3220 479/309/3221 478/308/3221 497/3818/3220
f 505/323/3222 531/345/3222 530/344/3222 506/324/3222
f 489/319/3223 476/306/3223 475/305/3223 487/317/3223
f 479/309/3224 491/321/3224 490/320/3224 480/310/3224
f 516/3819/3225 522/336/3225 521/335/3225 514/3820/3225
f 496/3821/3226 489/319/3227 488/318/3227 495/3822/3226
f 494/3823/3228 485/315/234 484/314/233 493/3824/3228
f 474/304/227 498/3817/3220 497/3818/3220 472/302/225
f 470/300/3229 482/312/3229 481/311/3229 471/301/3229
f 485/315/3230 474/304/3230 473/303/3230 486/316/3230
f 491/321/3231 494/3823/3228 493/3824/3228 492/322/3231
f 476/306/3232 500/3815/3219 499/3816/3219 477/307/3232
f 482/312/231 496/3821/3226 495/3822/3226 483/313/232
f 558/3825/3233 519/3826/3234 520/3827/3235 557/3828/3233
f 560/3829/3236 503/3830/3237 504/3831/3238 559/3832/3236
f 526/340/3239 511/329/3239 513/331/3239 524/338/3239
f 532/346/3240 536/3833/3240 538/3834/3240 530/344/3240
f 510/3835/3241 515/333/3241 514/332/3241 508/3836/3241
f 512/3837/3242 507/3838/3242 506/3839/3242 513/3840/3242
f 529/3841/3243 509/327/3243 508/326/3243 527/3842/3243
f 519/3826/3234 484/314/233 486/316/235 520/3827/3235
f 472/302/225 501/3843/3244 502/3844/3245 473/303/226
f 471/301/224 504/3831/3238 503/3830/3237 469/299/222
f 507/325/240 475/305/3246 477/307/3246 505/323/238
f 480/310/3246 510/328/243 509/327/242 478/308/3246
f 483/313/232 517/3845/3247 518/3846/3248 481/311/230
f 492/322/3249 516/334/249 515/333/248 490/320/3249
f 511/3847/244 488/318/3250 487/317/3250 512/3837/245
f 562/3848/3251 532/3849/261 531/3850/260 561/3851/3251
f 564/3852/3252 526/3853/255 525/3854/254 563/3855/3252
f 535/3856/264 538/3834/3253 537/3857/3253 533/3858/262
f 541/355/268 543/357/3254 542/356/3254 539/353/266
f 566/3859/3255 540/3860/3255 539/3861/3255 565/3862/3255
f 548/362/3256 546/360/271 545/359/270 549/363/3256
f 568/3863/3257 551/3864/3258 553/3865/3258 567/3866/3257
f 552/3867/3259 541/3868/3259 540/3869/3259 553/3870/3259
f 546/3871/3260 535/3872/3260 534/3873/3260 547/3874/3260
f 556/3875/3261 552/366/275 551/365/274 554/3876/3261
f 570/3877/3262 537/351/3263 536/350/3263 569/3878/3262
f 572/3879/3264 550/3880/3265 549/3881/3265 571/3882/3264
f 524/338/3266 548/362/3266 550/364/3266 525/339/3266
f 543/3883/3267 521/3884/3267 523/3885/3267 544/3886/3267
f 555/369/3268 528/342/3268 527/341/3268 556/370/3268
f 517/3845/3247 558/3825/3233 557/3828/3233 518/3846/3248
f 501/3843/3244 560/3829/3236 559/3832/3236 502/3844/3245
f 528/342/257 562/3848/3251 561/3851/3251 529/343/258
f 522/3887/251 564/3852/3252 563/3855/3252 523/3885/252
f 547/3888/3255 566/3859/3255 565/3862/3255 545/3889/3255
f 533/347/3269 568/3863/3257 567/3866/3257 534/348/3269
f 554/368/3270 570/3877/3262 569/3878/3262 555/369/3270
f 544/3886/3271 572/3879/3264 571/3882/3264 542/3890/3271
f 604/3891/3272 574/372/3273 573/371/3273 603/3892/3272
f 602/3893/3274 583/381/3275 582/380/3275 601/3894/3274
f 609/395/3276 635/417/3276 634/416/3276 610/396/3276
f 593/391/3277 580/378/3277 579/377/3277 591/389/3277
f 583/381/3278 595/393/3278 594/392/3278 584/382/3278
f 620/3895/3279 626/408/3279 625/407/3279 618/3896/3279
f 600/3897/3280 593/391/3281 592/390/3281 599/3898/3280
f 598/3899/3282 589/387/3283 588/386/3283 597/3900/3282
f 578/376/3284 602/3893/3274 601/3894/3274 576/374/3284
f 574/372/3285 586/384/3285 585/383/3285 575/373/3285
f 589/387/3286 578/376/3286 577/375/3286 590/388/3286
f 595/393/3287 598/3899/3282 597/3900/3282 596/394/3287
f 580/378/3288 604/3891/3272 603/3892/3272 581/379/3288
f 586/384/3289 600/3897/3280 599/3898/3280 587/385/3289
f 662/3901/3290 623/3902/3291 624/3903/3292 661/3904/3290
f 664/3905/3293 607/3906/3294 608/3907/3295 663/3908/3293
f 630/3909/3296 615/401/3296 617/403/3296 628/3910/3296
f 636/3911/3297 640/422/3297 642/424/3297 634/3912/3297
f 614/3913/3298 619/405/3298 618/404/3298 612/3914/3298
f 616/3915/3299 611/3916/3299 610/3917/3299 617/3918/3299
f 633/415/3300 613/399/3300 612/398/3300 631/413/3300
f 623/3902/3291 588/386/3301 590/388/3301 624/3903/3292
f 576/374/3302 605/3919/3303 606/3920/3304 577/375/3302
f 575/373/3305 608/3907/3295 607/3906/3294 573/371/3305
f 611/397/3306 579/377/3306 581/379/3306 609/395/3306
f 584/382/3306 614/400/3306 613/399/3306 582/380/3306
f 587/385/3307 621/3921/3308 622/3922/3309 585/383/3307
f 596/394/3246 620/406/3246 619/405/3246 594/392/3246
f 615/3923/3246 592/390/3246 591/389/3246 616/3915/3246
f 666/3924/3310 636/3911/301 635/3925/300 665/3926/3310
f 668/3927/3246 630/412/295 629/411/294 667/3928/3246
f 639/3929/304 642/3930/3311 641/3931/3311 637/3932/302
f 645/427/308 647/429/3312 646/428/3312 643/425/306
f 670/3933/3313 644/3934/3314 643/3935/3314 669/3936/3313
f 652/434/3315 650/432/311 649/431/310 653/435/3315
f 672/3937/3316 655/3938/3316 657/3939/3316 671/3940/3316
f 656/3941/3317 645/3942/3317 644/3943/3317 657/3944/3317
f 650/3945/3318 639/3946/3318 638/3947/3318 651/3948/3318
f 660/3949/3319 656/438/315 655/437/314 658/3950/3319
f 674/3951/3320 641/423/3321 640/422/3321 673/3952/3320
f 676/3953/3322 654/3954/3323 653/3955/3323 675/3956/3322
f 628/410/3324 652/3957/3324 654/3954/3324 629/411/3324
f 647/429/3325 625/407/3325 627/409/3325 648/430/3325
f 659/3958/3326 632/414/3326 631/413/3326 660/3949/3326
f 621/3921/3308 662/3901/3290 661/3904/3290 622/3922/3309
f 605/3919/3303 664/3905/3293 663/3908/3293 606/3920/3304
f 632/3959/297 666/3924/3310 665/3926/3310 633/3960/298
f 626/3961/291 668/3927/3246 667/3928/3246 627/3962/292
f 651/3963/3327 670/3933/3313 669/3936/3313 649/3964/3327
f 637/419/3316 672/3937/3316 671/3940/3316 638/420/3316
f 658/440/3328 674/3951/3320 673/3952/3320 659/441/3328
f 648/3965/3329 676/3953/3322 675/3956/3322 646/3966/3329
f 708/3967/3330 678/444/3331 677/443/3331 707/3968/3330
f 706/3969/3332 687/453/3333 686/452/3333 705/3970/3332
f 713/467/3334 739/489/3334 738/488/3334 714/468/3334
f 697/463/3335 684/450/3335 683/449/3335 695/461/3335
f 687/453/3336 699/465/3336 698/464/3336 688/454/3336
f 724/3971/3337 730/480/3337 729/479/3337 722/3972/3337
f 704/3973/3338 697/463/3339 696/462/3339 703/3974/3338
f 702/3975/3340 693/459/3272 692/458/3272 701/3976/3340
f 682/448/3341 706/3969/3332 705/3970/3332 680/446/3341
f 678/444/3342 690/456/3342 689/455/3342 679/445/3342
f 693/459/3343 682/448/3343 681/447/3343 694/460/3343
f 699/465/3288 702/3975/3340 701/3976/3340 700/466/3288
f 684/450/3344 708/3967/3330 707/3968/3330 685/451/3344
f 690/456/3345 704/3973/3338 703/3974/3338 691/457/3345
f 766/3977/3346 727/3978/3347 728/3979/3348 765/3980/3346
f 768/3981/3349 711/3982/3350 712/3983/3351 767/3984/3349
f 734/484/3352 719/473/3352 721/475/3352 732/482/3352
f 740/490/3353 744/3985/3353 746/3986/3353 738/488/3353
f 718/3987/3354 723/477/3354 722/476/3354 716/3988/3354
f 720/3989/3355 715/3990/3355 714/3991/3355 721/3992/3355
f 737/3993/3356 717/471/3356 716/470/3356 735/3994/3356
f 727/3978/3347 692/458/3357 694/460/3357 728/3979/3348
f 680/446/3358 709/3995/3359 710/3996/3360 681/447/3358
f 679/445/3361 712/3983/3351 711/3982/3350 677/443/3361
f 715/469/328 683/449/3362 685/451/3362 713/467/326
f 688/454/3362 718/472/331 717/471/330 686/452/3362
f 691/457/3363 725/3997/3364 726/3998/3365 689/455/3363
f 700/466/3366 724/478/337 723/477/336 698/464/3366
f 719/3999/332 696/462/3367 695/461/3367 720/3989/333
f 770/4000/3368 740/4001/349 739/4002/348 769/4003/3368
f 772/4004/3369 734/4005/343 733/4006/342 771/4007/3369
f 743/4008/352 746/3986/3370 745/4009/3370 741/4010/350
f 749/499/356 751/501/3371 750/500/3371 747/497/354
f 774/4011/3255 748/4012/3255 747/4013/3255 773/4014/3255
f 756/506/3372 754/504/359 753/503/358 757/507/3372
f 776/4015/3373 759/4016/3374 761/4017/3374 775/4018/3373
f 760/4019/3375 749/4020/3375 748/4021/3375 761/4022/3375
f 754/4023/3376 743/4024/3376 742/4025/3376 755/4026/3376
f 764/4027/3377 760/510/363 759/509/362 762/4028/3377
f 778/4029/3378 745/495/3379 744/494/3379 777/4030/3378
f 780/4031/3380 758/4032/3381 757/4033/3381 779/4034/3380
f 732/482/3382 756/506/3382 758/508/3382 733/483/3382
f 751/4035/3383 729/4036/3383 731/4037/3383 752/4038/3383
f 763/513/3384 736/486/3384 735/485/3384 764/514/3384
f 725/3997/3364 766/3977/3346 765/3980/3346 726/3998/3365
f 709/3995/3359 768/3981/3349 767/3984/3349 710/3996/3360
f 736/486/345 770/4000/3368 769/4003/3368 737/487/346
f 730/4039/339 772/4004/3369 771/4007/3369 731/4037/340
f 755/4040/3255 774/4011/3255 773/4014/3255 753/4041/3255
f 741/491/3023 776/4015/3373 775/4018/3373 742/492/3023
f 762/512/3385 778/4029/3378 777/4030/3378 763/513/3385
f 752/4038/3386 780/4031/3380 779/4034/3380 750/4042/3386
f 812/4043/3387 782/516/367 781/515/366 811/4044/3387
f 810/4045/3388 791/525/3389 790/524/3389 809/4046/3388
f 817/539/3390 843/561/3390 842/560/3390 818/540/3390
f 801/535/3391 788/522/3391 787/521/3391 799/533/3391
f 791/525/3392 803/537/3392 802/536/3392 792/526/3392
f 828/4047/3393 834/552/3393 833/551/3393 826/4048/3393
f 808/4049/3394 801/535/3395 800/534/3395 807/4050/3394
f 806/4051/3396 797/531/378 796/530/377 805/4052/3396
f 786/520/371 810/4045/3388 809/4046/3388 784/518/369
f 782/516/3397 794/528/3397 793/527/3397 783/517/3397
f 797/531/3398 786/520/3398 785/519/3398 798/532/3398
f 803/537/3399 806/4051/3396 805/4052/3396 804/538/3399
f 788/522/3400 812/4043/3387 811/4044/3387 789/523/3400
f 794/528/375 808/4049/3394 807/4050/3394 795/529/376
f 870/4053/3401 831/4054/3402 832/4055/3403 869/4056/3401
f 872/4057/3404 815/4058/3405 816/4059/3406 871/4060/3404
f 838/556/3407 823/545/3407 825/547/3407 836/554/3407
f 844/562/3408 848/4061/3408 850/4062/3408 842/560/3408
f 822/4063/3409 827/549/3409 826/548/3409 820/4064/3409
f 824/4065/3410 819/4066/3410 818/4067/3410 825/4068/3410
f 841/4069/3411 821/543/3411 820/542/3411 839/4070/3411
f 831/4054/3402 796/530/377 798/532/379 832/4055/3403
f 784/518/369 813/4071/3412 814/4072/3413 785/519/370
f 783/517/368 816/4059/3406 815/4058/3405 781/515/366
f 819/4066/384 787/521/3414 789/523/3414 817/4073/382
f 792/526/3414 822/544/387 821/543/386 790/524/3414
f 795/529/376 829/4074/3415 830/4075/3416 793/527/374
f 804/538/3417 828/550/393 827/549/392 802/536/3417
f 823/545/388 800/534/3418 799/533/3418 824/546/389
f 874/4076/3419 844/4077/405 843/4078/404 873/4079/3419
f 876/4080/3420 838/4081/399 837/4082/398 875/4083/3420
f 847/4084/408 850/4062/3421 849/4085/3421 845/4086/406
f 853/571/412 855/573/3422 854/572/3422 851/569/410
f 878/4087/3423 852/4088/3423 851/4089/3423 877/4090/3423
f 860/578/3424 858/576/415 857/575/414 861/579/3424
f 880/4091/3425 863/4092/3426 865/4093/3426 879/4094/3425
f 864/4095/3427 853/4096/3427 852/4097/3427 865/4098/3427
f 858/4099/3428 847/4100/3428 846/4101/3428 859/4102/3428
f 868/4103/3429 864/582/419 863/581/418 866/4104/3429
f 882/4105/3430 849/567/3431 848/566/3431 881/4106/3430
f 884/4107/3432 862/4108/3433 861/4109/3433 883/4110/3432
f 836/554/3434 860/578/3434 862/580/3434 837/555/3434
f 855/4111/3435 833/4112/3435 835/4113/3435 856/4114/3435
f 867/585/3436 840/558/3436 839/557/3436 868/586/3436
f 829/4074/3415 870/4053/3401 869/4056/3401 830/4075/3416
f 813/4071/3412 872/4057/3404 871/4060/3404 814/4072/3413
f 840/558/401 874/4076/3419 873/4079/3419 841/559/402
f 834/4115/395 876/4080/3420 875/4083/3420 835/4113/396
f 859/4116/3423 878/4087/3423 877/4090/3423 857/4117/3423
f 845/563/3437 880/4091/3425 879/4094/3425 846/564/3437
f 866/584/3438 882/4105/3430 881/4106/3430 867/585/3438
f 856/4114/3439 884/4107/3432 883/4110/3432 854/4118/3439
f 916/4119/3440 886/588/3441 885/587/3441 915/4120/3440
f 914/4121/3442 895/597/3443 894/596/3443 913/4122/3442
f 921/611/3444 947/633/3444 946/632/3444 922/612/3444
f 905/607/3445 892/594/3445 891/593/3445 903/605/3445
f 895/597/3446 907/609/3446 906/608/3446 896/598/3446
f 932/4123/3447 938/624/3447 937/623/3447 930/4124/3447
f 912/4125/3448 905/607/3449 904/606/3449 911/4126/3448
f 910/4127/3450 901/603/3451 900/602/3451 909/4128/3450
f 890/592/3452 914/4121/3442 913/4122/3442 888/590/3452
f 886/588/3453 898/600/3453 897/599/3453 887/589/3453
f 901/603/3454 890/592/3454 889/591/3454 902/604/3454
f 907/609/3455 910/4127/3450 909/4128/3450 908/610/3455
f 892/594/3456 916/4119/3440 915/4120/3440 893/595/3456
f 898/600/3457 912/4125/3448 911/4126/3448 899/601/3457
f 974/4129/3458 935/4130/3459 936/4131/3460 973/4132/3458
f 976/4133/3461 919/4134/3462 920/4135/3463 975/4136/3461
f 942/4137/3464 927/617/3464 929/619/3464 940/4138/3464
f 948/4139/3465 952/638/3465 954/640/3465 946/4140/3465
f 926/4141/3466 931/621/3466 930/620/3466 924/4142/3466
f 928/4143/3467 923/4144/3467 922/4145/3467 929/4146/3467
f 945/631/3468 925/615/3468 924/614/3468 943/629/3468
f 935/4130/3459 900/602/3469 902/604/3469 936/4131/3460
f 888/590/3470 917/4147/3471 918/4148/3472 889/591/3470
f 887/589/3473 920/4135/3463 919/4134/3462 885/587/3473
f 923/613/3474 891/593/3474 893/595/3474 921/611/3474
f 896/598/3474 926/616/3474 925/615/3474 894/596/3474
f 899/601/3475 933/4149/3476 934/4150/3477 897/599/3475
f 908/610/3478 932/622/3478 931/621/3478 906/608/3478
f 927/4151/3478 904/606/3478 903/605/3478 928/4143/3478
f 978/4152/3479 948/4139/445 947/4153/444 977/4154/3479
f 980/4155/3480 942/628/439 941/627/438 979/4156/3480
f 951/4157/448 954/4158/3481 953/4159/3481 949/4160/446
f 957/643/452 959/645/3482 958/644/3482 955/641/450
f 982/4161/3480 956/4162/3480 955/4163/3480 981/4164/3480
f 964/650/3483 962/648/455 961/647/454 965/651/3483
f 984/4165/3484 967/4166/3484 969/4167/3484 983/4168/3484
f 968/4169/3485 957/4170/3485 956/4171/3485 969/4172/3485
f 962/4173/3486 951/4174/3486 950/4175/3486 963/4176/3486
f 972/4177/3487 968/654/459 967/653/458 970/4178/3487
f 986/4179/3488 953/639/3489 952/638/3489 985/4180/3488
f 988/4181/3490 966/4182/3491 965/4183/3491 987/4184/3490
f 940/626/3492 964/4185/3492 966/4182/3492 941/627/3492
f 959/645/3493 937/623/3493 939/625/3493 960/646/3493
f 971/4186/3494 944/630/3494 943/629/3494 972/4177/3494
f 933/4149/3476 974/4129/3458 973/4132/3458 934/4150/3477
f 917/4147/3471 976/4133/3461 975/4136/3461 918/4148/3472
f 944/4187/441 978/4152/3479 977/4154/3479 945/4188/442
f 938/4189/435 980/4155/3480 979/4156/3480 939/4190/436
f 963/4191/3480 982/4161/3480 981/4164/3480 961/4192/3480
f 949/635/3484 984/4165/3484 983/4168/3484 950/636/3484
f 970/656/3495 986/4179/3488 985/4180/3488 971/657/3495
f 960/4193/3496 988/4181/3490 987/4184/3490 958/4194/3496
f 1020/4195/3450 990/660/3451 989/659/3451 1019/4196/3450
f 1018/4197/3497 999/669/3498 998/668/3498 1017/4198/3497
f 1025/683/3499 1051/705/3499 1050/704/3499 1026/684/3499
f 1009/679/3500 996/666/3500 995/665/3500 1007/677/3500
f 999/669/3501 1011/681/3501 1010/680/3501 1000/670/3501
f 1036/4199/3502 1042/696/3502 1041/695/3502 1034/4200/3502
f 1016/4201/3503 1009/679/3504 1008/678/3504 1015/4202/3503
f 1014/4203/3505 1005/675/3506 1004/674/3506 1013/4204/3505
f 994/664/3507 1018/4197/3497 1017/4198/3497 992/662/3507
f 990/660/3508 1002/672/3508 1001/671/3508 991/661/3508
f 1005/675/3509 994/664/3509 993/663/3509 1006/676/3509
f 1011/681/3510 1014/4203/3505 1013/4204/3505 1012/682/3510
f 996/666/3511 1020/4195/3450 1019/4196/3450 997/667/3511
f 1002/672/3443 1016/4201/3503 1015/4202/3503 1003/673/3443
f 1078/4205/3512 1039/4206/3513 1040/4207/3514 1077/4208/3512
f 1080/4209/3515 1023/4210/3516 1024/4211/3517 1079/4212/3515
f 1046/700/3518 1031/689/3518 1033/691/3518 1044/698/3518
f 1052/706/3519 1056/4213/3519 1058/4214/3519 1050/704/3519
f 1030/4215/3520 1035/693/3520 1034/692/3520 1028/4216/3520
f 1032/4217/3521 1027/4218/3521 1026/4219/3521 1033/4220/3521
f 1049/4221/3522 1029/687/3522 1028/686/3522 1047/4222/3522
f 1039/4206/3513 1004/674/3523 1006/676/3523 1040/4207/3514
f 992/662/3524 1021/4223/3525 1022/4224/3526 993/663/3524
f 991/661/3527 1024/4211/3517 1023/4210/3516 989/659/3527
f 1027/4218/472 995/665/3528 997/667/3528 1025/4225/470
f 1000/670/3528 1030/4215/475 1029/4226/474 998/668/3528
f 1003/673/3529 1037/4227/3530 1038/4228/3531 1001/671/3529
f 1012/682/3532 1036/4199/481 1035/4229/480 1010/680/3532
f 1031/689/476 1008/678/3532 1007/677/3532 1032/690/477
f 1082/4230/3533 1052/4231/493 1051/4232/492 1081/4233/3533
f 1084/4234/3534 1046/4235/487 1045/4236/486 1083/4237/3534
f 1055/4238/496 1058/4214/3535 1057/4239/3535 1053/4240/494
f 1061/715/500 1063/717/3536 1062/716/3536 1059/713/498
f 1086/4241/3537 1060/4242/3537 1059/4243/3537 1085/4244/3537
f 1068/722/3538 1066/720/503 1065/719/502 1069/723/3538
f 1088/4245/3539 1071/4246/3540 1073/4247/3540 1087/4248/3539
f 1072/4249/3541 1061/4250/3541 1060/4251/3541 1073/4252/3541
f 1066/4253/3542 1055/4254/3542 1054/4255/3542 1067/4256/3542
f 1076/4257/3543 1072/726/507 1071/725/506 1074/4258/3543
f 1090/4259/3544 1057/711/3545 1056/710/3545 1089/4260/3544
f 1092/4261/3546 1070/4262/3547 1069/4263/3547 1091/4264/3546
f 1044/698/3548 1068/722/3548 1070/724/3548 1045/699/3548
f 1063/4265/3549 1041/4266/3549 1043/4267/3549 1064/4268/3549
f 1075/729/3550 1048/702/3550 1047/701/3550 1076/730/3550
f 1037/4227/3530 1078/4205/3512 1077/4208/3512 1038/4228/3531
f 1021/4223/3525 1080/4209/3515 1079/4212/3515 1022/4224/3526
f 1048/702/489 1082/4230/3533 1081/4233/3533 1049/703/490
f 1042/4269/483 1084/4234/3534 1083/4237/3534 1043/4267/484
f 1067/4270/3537 1086/4241/3537 1085/4244/3537 1065/4271/3537
f 1053/707/3551 1088/4245/3539 1087/4248/3539 1054/708/3551
f 1074/728/3552 1090/4259/3544 1089/4260/3544 1075/729/3552
f 1064/4268/3553 1092/4261/3546 1091/4264/3546 1062/4272/3553
f 1124/4273/3554 1094/732/511 1093/731/510 1123/4274/3554
f 1122/4275/3555 1103/741/3556 1102/740/3556 1121/4276/3555
f 1129/755/3557 1155/777/3557 1154/776/3557 1130/756/3557
f 1113/751/3558 1100/738/3558 1099/737/3558 1111/749/3558
f 1103/741/3559 1115/753/3559 1114/752/3559 1104/742/3559
f 1140/4277/3560 1146/768/3560 1145/767/3560 1138/4278/3560
f 1120/4279/3561 1113/751/3562 1112/750/3562 1119/4280/3561
f 1118/4281/3563 1109/747/522 1108/746/521 1117/4282/3563
f 1098/736/515 1122/4275/3555 1121/4276/3555 1096/734/513
f 1094/732/3564 1106/744/3564 1105/743/3564 1095/733/3564
f 1109/747/3565 1098/736/3565 1097/735/3565 1110/748/3565
f 1115/753/3566 1118/4281/3563 1117/4282/3563 1116/754/3566
f 1100/738/3567 1124/4273/3554 1123/4274/3554 1101/739/3567
f 1106/744/519 1120/4279/3561 1119/4280/3561 1107/745/520
f 1182/4283/3568 1143/4284/3569 1144/4285/3570 1181/4286/3568
f 1184/4287/3571 1127/4288/3572 1128/4289/3573 1183/4290/3571
f 1150/772/3574 1135/761/3574 1137/763/3574 1148/770/3574
f 1156/778/3575 1160/4291/3575 1162/4292/3575 1154/776/3575
f 1134/4293/3576 1139/765/3576 1138/764/3576 1132/4294/3576
f 1136/4295/3577 1131/4296/3577 1130/4297/3577 1137/4298/3577
f 1153/4299/3578 1133/759/3578 1132/758/3578 1151/4300/3578
f 1143/4284/3569 1108/746/521 1110/748/523 1144/4285/3570
f 1096/734/513 1125/4301/3579 1126/4302/3580 1097/735/514
f 1095/733/512 1128/4289/3573 1127/4288/3572 1093/731/510
f 1131/4296/528 1099/737/3581 1101/739/3581 1129/4303/526
f 1104/742/3581 1134/4293/531 1133/4304/530 1102/740/3581
f 1107/745/520 1141/4305/3582 1142/4306/3583 1105/743/518
f 1116/754/3584 1140/4277/537 1139/4307/536 1114/752/3584
f 1135/761/532 1112/750/3584 1111/749/3584 1136/762/533
f 1186/4308/3585 1156/4309/549 1155/4310/548 1185/4311/3585
f 1188/4312/3586 1150/4313/543 1149/4314/542 1187/4315/3586
f 1159/4316/552 1162/4292/3587 1161/4317/3587 1157/4318/550
f 1165/787/556 1167/789/3588 1166/788/3588 1163/785/554
f 1190/4319/3589 1164/4320/3589 1163/4321/3589 1189/4322/3589
f 1172/794/3590 1170/792/559 1169/791/558 1173/795/3590
f 1192/4323/3591 1175/4324/3591 1177/4325/3591 1191/4326/3591
f 1176/4327/3592 1165/4328/3592 1164/4329/3592 1177/4330/3592
f 1170/4331/3593 1159/4332/3593 1158/4333/3593 1171/4334/3593
f 1180/4335/3594 1176/798/563 1175/797/562 1178/4336/3594
f 1194/4337/3595 1161/783/3596 1160/782/3596 1193/4338/3595
f 1196/4339/3597 1174/4340/3598 1173/4341/3598 1195/4342/3597
f 1148/770/3599 1172/794/3599 1174/796/3599 1149/771/3599
f 1167/4343/3600 1145/4344/3600 1147/4345/3600 1168/4346/3600
f 1179/801/3601 1152/774/3601 1151/773/3601 1180/802/3601
f 1141/4305/3582 1182/4283/3568 1181/4286/3568 1142/4306/3583
f 1125/4301/3579 1184/4287/3571 1183/4290/3571 1126/4302/3580
f 1152/774/545 1186/4308/3585 1185/4311/3585 1153/775/546
f 1146/4347/539 1188/4312/3586 1187/4315/3586 1147/4345/540
f 1171/4348/3589 1190/4319/3589 1189/4322/3589 1169/4349/3589
f 1157/779/3591 1192/4323/3591 1191/4326/3591 1158/780/3591
f 1178/800/3602 1194/4337/3595 1193/4338/3595 1179/801/3602
f 1168/4346/3603 1196/4339/3597 1195/4342/3597 1166/4350/3603
f 1228/4351/3604 1198/804/567 1197/803/566 1227/4352/3604
f 1226/4353/3605 1207/813/3606 1206/812/3606 1225/4354/3605
f 1233/826/3607 1259/273/3607 1258/841/3607 1234/827/3607
f 1217/823/3608 1204/810/3608 1203/809/3608 1215/821/3608
f 1207/813/3609 1219/824/3609 1218/248/3609 1208/814/3609
f 1244/4355/3610 1250/834/3610 1249/833/3610 1242/4356/3610
f 1224/4357/3611 1217/823/3612 1216/822/3612 1223/3746/3611
f 1222/4358/3613 1213/819/578 1212/818/577 1221/3748/3613
f 1202/808/571 1226/4353/3605 1225/4354/3605 1200/806/569
f 1198/804/3614 1210/816/3614 1209/815/3614 1199/805/3614
f 1213/819/3615 1202/808/3615 1201/807/3615 1214/820/3615
f 1219/824/3616 1222/4358/3613 1221/3748/3613 1220/825/3616
f 1204/810/3617 1228/4351/3604 1227/4352/3604 1205/811/3617
f 1210/816/575 1224/4357/3611 1223/3746/3611 1211/817/576
f 1286/4359/3618 1247/4360/3619 1248/4361/3620 1285/4362/3618
f 1288/4363/3621 1231/3754/3622 1232/4364/3623 1287/4365/3621
f 1254/837/3624 1239/257/3624 1241/831/3624 1252/836/3624
f 1260/842/3625 1264/4366/3625 1266/4367/3625 1258/841/3625
f 1238/4368/3626 1243/261/3626 1242/832/3626 1236/4369/3626
f 1240/4370/3627 1235/4371/3627 1234/4372/3627 1241/3764/3627
f 1257/4373/3628 1237/829/3628 1236/828/3628 1255/4374/3628
f 1247/4360/3619 1212/818/577 1214/820/579 1248/4361/3620
f 1200/806/569 1229/4375/3629 1230/4376/3630 1201/807/570
f 1199/805/568 1232/4364/3623 1231/3754/3622 1197/803/566
f 1235/4371/584 1203/809/3631 1205/811/3631 1233/4377/582
f 1208/814/3631 1238/830/587 1237/829/586 1206/812/3631
f 1211/817/576 1245/4378/3632 1246/4379/3633 1209/815/574
f 1220/825/3634 1244/262/593 1243/261/592 1218/248/3634
f 1239/3771/588 1216/822/3634 1215/821/3634 1240/4370/589
f 1290/4380/3635 1260/4381/605 1259/4382/604 1289/4383/3635
f 1292/4384/3636 1254/3777/599 1253/4385/598 1291/4386/3636
f 1263/4387/608 1266/4367/3637 1265/3781/3637 1261/3782/606
f 1269/846/612 1271/848/3638 1270/847/3638 1267/281/610
f 1294/4388/3639 1268/3784/3640 1267/4389/3640 1293/4390/3639
f 1276/852/3641 1274/851/615 1273/850/614 1277/853/3641
f 1296/4391/3642 1279/3788/3642 1281/4392/3642 1295/4393/3642
f 1280/4394/3643 1269/4395/3643 1268/4396/3643 1281/3794/3643
f 1274/4397/3644 1263/4398/3644 1262/4399/3644 1275/3798/3644
f 1284/4400/3645 1280/856/619 1279/855/618 1282/4401/3645
f 1298/4402/3646 1265/279/3647 1264/844/3647 1297/4403/3646
f 1300/4404/3648 1278/4405/3649 1277/4406/3649 1299/4407/3648
f 1252/836/3650 1276/852/3650 1278/854/3650 1253/267/3650
f 1271/4408/3651 1249/3808/3651 1251/4409/3651 1272/4410/3651
f 1283/858/3652 1256/839/3652 1255/838/3652 1284/859/3652
f 1245/4378/3632 1286/4359/3618 1285/4362/3618 1246/4379/3633
f 1229/4375/3629 1288/4363/3621 1287/4365/3621 1230/4376/3630
f 1256/839/601 1290/4380/3635 1289/4383/3635 1257/840/602
f 1250/4411/595 1292/4384/3636 1291/4386/3636 1251/4409/596
f 1275/4412/3653 1294/4388/3639 1293/4390/3639 1273/4413/3653
f 1261/275/3642 1296/4391/3642 1295/4393/3642 1262/843/3642
f 1282/857/3654 1298/4402/3646 1297/4403/3646 1283/858/3654
f 1272/4410/3655 1300/4404/3648 1299/4407/3648 1270/3814/3655
f 1332/4414/3656 1302/861/623 1301/860/622 1331/4415/3656
f 1330/4416/3657 1311/869/3658 1310/868/3658 1329/4417/3657
f 1337/882/3659 1363/904/3659 1362/903/3659 1338/883/3659
f 1321/878/3660 1308/866/3660 1307/865/3660 1319/876/3660
f 1311/869/3661 1323/880/3661 1322/879/3661 1312/870/3661
f 1348/3819/3662 1354/895/3662 1353/894/3662 1346/4418/3662
f 1328/4419/3663 1321/878/3664 1320/877/3664 1327/4420/3663
f 1326/3823/3665 1317/874/634 1316/873/633 1325/4421/3665
f 1306/864/627 1330/4416/3657 1329/4417/3657 1304/302/625
f 1302/861/3666 1314/871/3666 1313/311/3666 1303/862/3666
f 1317/874/3667 1306/864/3667 1305/863/3667 1318/875/3667
f 1323/880/3668 1326/3823/3665 1325/4421/3665 1324/881/3668
f 1308/866/3669 1332/4414/3656 1331/4415/3656 1309/867/3669
f 1314/871/631 1328/4419/3663 1327/4420/3663 1315/872/632
f 1390/4422/3670 1351/3826/3671 1352/4423/3672 1389/4424/3670
f 1392/4425/3673 1335/4426/3674 1336/4427/3675 1391/3832/3673
f 1358/899/3676 1343/888/3676 1345/890/3676 1356/897/3676
f 1364/905/3677 1368/4428/3677 1370/4429/3677 1362/903/3677
f 1342/4430/3678 1347/892/3678 1346/891/3678 1340/4431/3678
f 1344/4432/3679 1339/4433/3679 1338/4434/3679 1345/4435/3679
f 1361/4436/3680 1341/886/3680 1340/885/3680 1359/4437/3680
f 1351/3826/3671 1316/873/633 1318/875/635 1352/4423/3672
f 1304/302/625 1333/4438/3681 1334/3844/3682 1305/863/626
f 1303/862/624 1336/4427/3675 1335/4426/3674 1301/860/622
f 1339/4433/640 1307/865/3683 1309/867/3683 1337/4439/638
f 1312/870/3684 1342/4430/643 1341/4440/642 1310/868/3684
f 1315/872/632 1349/4441/3685 1350/4442/3686 1313/311/630
f 1324/881/3687 1348/3819/649 1347/4443/648 1322/879/3687
f 1343/888/644 1320/877/3687 1319/876/3687 1344/889/645
f 1394/4444/3688 1364/4445/661 1363/4446/660 1393/4447/3688
f 1396/4448/3689 1358/3853/655 1357/4449/654 1395/4450/3689
f 1367/4451/664 1370/4429/3690 1369/4452/3690 1365/3858/662
f 1373/911/668 1375/912/3691 1374/356/3691 1371/910/666
f 1398/4453/3692 1372/4454/3693 1371/4455/3693 1397/4456/3692
f 1380/915/3694 1378/914/671 1377/913/670 1381/916/3694
f 1400/3863/3695 1383/4457/3696 1385/4458/3696 1399/3866/3695
f 1384/4459/3697 1373/4460/3697 1372/4461/3697 1385/4462/3697
f 1378/4463/3698 1367/4464/3698 1366/4465/3698 1379/4466/3698
f 1388/4467/3699 1384/919/675 1383/918/674 1386/3876/3699
f 1402/3877/3700 1369/909/3701 1368/908/3701 1401/4468/3700
f 1404/4469/3702 1382/4470/3703 1381/4471/3703 1403/4472/3702
f 1356/897/3704 1380/915/3704 1382/917/3704 1357/898/3704
f 1375/4473/3705 1353/4474/3705 1355/4475/3705 1376/4476/3705
f 1387/921/3706 1360/901/3706 1359/900/3706 1388/922/3706
f 1349/4441/3685 1390/4422/3670 1389/4424/3670 1350/4442/3686
f 1333/4438/3681 1392/4425/3673 1391/3832/3673 1334/3844/3682
f 1360/901/657 1394/4444/3688 1393/4447/3688 1361/902/658
f 1354/4477/651 1396/4448/3689 1395/4450/3689 1355/4475/652
f 1379/4478/3707 1398/4453/3692 1397/4456/3692 1377/4479/3707
f 1365/906/3708 1400/3863/3695 1399/3866/3695 1366/907/3708
f 1386/920/3709 1402/3877/3700 1401/4468/3700 1387/921/3709
f 1376/4476/3710 1404/4469/3702 1403/4472/3702 1374/4480/3710
f 1436/4481/3711 1406/924/3712 1405/923/3712 1435/4482/3711
f 1434/4483/3713 1415/931/3714 1414/930/3714 1433/4484/3713
f 1441/944/3715 1467/965/3715 1466/964/3715 1442/945/3715
f 1425/940/3716 1412/378/3716 1411/928/3716 1423/938/3716
f 1415/931/3717 1427/942/3717 1426/941/3717 1416/932/3717
f 1452/4485/3718 1458/957/3718 1457/956/3718 1450/4486/3718
f 1432/4487/3719 1425/940/3720 1424/939/3720 1431/4488/3719
f 1430/4489/3721 1421/936/3722 1420/935/3722 1429/4490/3721
f 1410/376/3723 1434/4483/3713 1433/4484/3713 1408/926/3723
f 1406/924/3724 1418/933/3724 1417/383/3724 1407/925/3724
f 1421/936/3725 1410/376/3725 1409/927/3725 1422/937/3725
f 1427/942/3726 1430/4489/3721 1429/4490/3721 1428/943/3726
f 1412/378/3727 1436/4481/3711 1435/4482/3711 1413/929/3727
f 1418/933/3728 1432/4487/3719 1431/4488/3719 1419/934/3728
f 1494/4491/3729 1455/4492/3730 1456/4493/3731 1493/4494/3729
f 1496/4495/3732 1439/3906/3733 1440/4496/3734 1495/4497/3732
f 1462/4498/3735 1447/950/3735 1449/952/3735 1460/4499/3735
f 1468/4500/3736 1472/969/3736 1474/424/3736 1466/4501/3736
f 1446/4502/3737 1451/954/3737 1450/953/3737 1444/4503/3737
f 1448/4504/3738 1443/4505/3738 1442/3917/3738 1449/4506/3738
f 1465/963/3739 1445/948/3739 1444/947/3739 1463/961/3739
f 1455/4492/3730 1420/935/3740 1422/937/3740 1456/4493/3731
f 1408/926/3741 1437/4507/3742 1438/4508/3743 1409/927/3741
f 1407/925/3744 1440/4496/3734 1439/3906/3733 1405/923/3744
f 1443/946/3745 1411/928/3745 1413/929/3745 1441/944/3745
f 1416/932/3745 1446/949/3745 1445/948/3745 1414/930/3745
f 1419/934/3746 1453/4509/3747 1454/4510/3748 1417/383/3746
f 1428/943/3749 1452/955/3749 1451/954/3749 1426/941/3749
f 1447/4511/3750 1424/939/3750 1423/938/3750 1448/4504/3750
f 1498/4512/3751 1468/4500/701 1467/4513/700 1497/4514/3751
f 1500/4515/3752 1462/960/695 1461/959/694 1499/4516/3752
f 1471/4517/704 1474/4518/3753 1473/4519/3753 1469/3932/702
f 1477/972/708 1479/974/3754 1478/973/3754 1475/971/706
f 1502/4520/3755 1476/4521/3750 1475/4522/3750 1501/4523/3755
f 1484/977/3756 1482/432/711 1481/976/710 1485/978/3756
f 1504/4524/3757 1487/4525/3758 1489/4526/3758 1503/3940/3757
f 1488/4527/3759 1477/3942/3759 1476/3943/3759 1489/3944/3759
f 1482/3945/3760 1471/4528/3760 1470/3947/3760 1483/3948/3760
f 1492/4529/3761 1488/980/715 1487/979/714 1490/4530/3761
f 1506/4531/3762 1473/970/3763 1472/969/3763 1505/4532/3762
f 1508/4533/3764 1486/4534/3765 1485/4535/3765 1507/4536/3764
f 1460/958/3766 1484/3957/3766 1486/4534/3766 1461/959/3766
f 1479/974/3767 1457/956/3767 1459/409/3767 1480/975/3767
f 1491/3958/3767 1464/962/3767 1463/961/3767 1492/4529/3767
f 1453/4509/3747 1494/4491/3729 1493/4494/3729 1454/4510/3748
f 1437/4507/3742 1496/4495/3732 1495/4497/3732 1438/4508/3743
f 1464/4537/697 1498/4512/3751 1497/4514/3751 1465/4538/698
f 1458/4539/691 1500/4515/3752 1499/4516/3752 1459/4540/692
f 1483/4541/3755 1502/4520/3755 1501/4523/3755 1481/4542/3755
f 1469/967/3768 1504/4524/3757 1503/3940/3757 1470/968/3768
f 1490/981/3769 1506/4531/3762 1505/4532/3762 1491/982/3769
f 1480/4543/3770 1508/4533/3764 1507/4536/3764 1478/4544/3770
f 1540/4545/3771 1510/985/3772 1509/984/3772 1539/4546/3771
f 1538/4547/3773 1519/993/3774 1518/992/3774 1537/4548/3773
f 1545/1006/3775 1571/1023/3775 1570/1022/3775 1546/1007/3775
f 1529/1002/3776 1516/991/3776 1515/990/3776 1527/1000/3776
f 1519/993/3777 1531/1004/3777 1530/1003/3777 1520/994/3777
f 1556/4549/3778 1562/1016/3778 1561/1015/3778 1554/4550/3778
f 1536/3973/3779 1529/1002/3780 1528/1001/3780 1535/3974/3779
f 1534/4551/3781 1525/998/3782 1524/997/3782 1533/4552/3781
f 1514/989/3783 1538/4547/3773 1537/4548/3773 1512/987/3783
f 1510/985/3784 1522/996/3784 1521/995/3784 1511/986/3784
f 1525/998/3785 1514/989/3785 1513/988/3785 1526/999/3785
f 1531/1004/3786 1534/4551/3781 1533/4552/3781 1532/1005/3786
f 1516/991/3787 1540/4545/3771 1539/4546/3771 1517/451/3787
f 1522/996/3788 1536/3973/3779 1535/3974/3779 1523/457/3788
f 1598/3977/3789 1559/4553/3790 1560/4554/3791 1597/3980/3789
f 1600/4555/3792 1543/4556/3793 1544/3983/3794 1599/4557/3792
f 1566/1018/3795 1551/1010/3795 1553/1011/3795 1564/1017/3795
f 1572/1024/3796 1576/4558/3796 1578/4559/3796 1570/1022/3796
f 1550/4560/3797 1555/1013/3797 1554/1012/3797 1548/4561/3797
f 1552/4562/3798 1547/4563/3798 1546/4564/3798 1553/4565/3798
f 1569/4566/3799 1549/1009/3799 1548/1008/3799 1567/4567/3799
f 1559/4553/3790 1524/997/3800 1526/999/3800 1560/4554/3791
f 1512/987/3801 1541/4568/3802 1542/4569/3803 1513/988/3801
f 1511/986/3804 1544/3983/3794 1543/4556/3793 1509/984/3804
f 1547/4563/728 1515/990/3805 1517/451/3805 1545/4570/726
f 1520/994/3805 1550/472/731 1549/1009/730 1518/992/3805
f 1523/457/3806 1557/3997/3807 1558/4571/3808 1521/995/3806
f 1532/1005/3809 1556/4549/737 1555/4572/736 1530/1003/3809
f 1551/3999/732 1528/1001/3532 1527/1000/3532 1552/4562/733
f 1602/4573/3810 1572/4574/749 1571/4575/748 1601/4576/3810
f 1604/4004/3811 1566/4577/743 1565/4578/742 1603/4579/3811
f 1575/4580/752 1578/4559/3812 1577/4009/3812 1573/4010/750
f 1581/1031/756 1583/1033/3813 1582/1032/3813 1579/1030/754
f 1606/4581/3814 1580/4582/3814 1579/4583/3814 1605/4584/3814
f 1588/506/3815 1586/1036/759 1585/1035/758 1589/507/3815
f 1608/4585/3816 1591/4586/3816 1593/4587/3816 1607/4588/3816
f 1592/4589/3817 1581/4590/3817 1580/4591/3817 1593/4022/3817
f 1586/4592/3818 1575/4593/3818 1574/4594/3818 1587/4026/3818
f 1596/4595/3819 1592/1037/763 1591/509/762 1594/4596/3819
f 1610/4597/3820 1577/1028/3821 1576/1027/3821 1609/4598/3820
f 1612/4599/3822 1590/4600/3823 1589/4601/3823 1611/4602/3822
f 1564/1017/3796 1588/506/3796 1590/508/3796 1565/483/3796
f 1583/4603/3824 1561/4036/3824 1563/4604/3824 1584/4605/3824
f 1595/1039/3824 1568/1020/3824 1567/1019/3824 1596/1040/3824
f 1557/3997/3807 1598/3977/3789 1597/3980/3789 1558/4571/3808
f 1541/4568/3802 1600/4555/3792 1599/4557/3792 1542/4569/3803
f 1568/1020/745 1602/4573/3810 1601/4576/3810 1569/1021/746
f 1562/4606/739 1604/4004/3811 1603/4579/3811 1563/4604/740
f 1587/4607/3814 1606/4581/3814 1605/4584/3814 1585/4041/3814
f 1573/1025/3816 1608/4585/3816 1607/4588/3816 1574/1026/3816
f 1594/1038/3825 1610/4597/3820 1609/4598/3820 1595/1039/3825
f 1584/4605/3826 1612/4599/3822 1611/4602/3822 1582/4608/3826
f 1632/4609/3827 1614/1042/3828 1613/1041/3828 1631/4610/3827
f 1626/4611/3829 1623/1051/3829 1622/1050/3829 1625/4612/3829
f 1618/1046/3830 1629/4613/3831 1630/4614/3831 1616/1044/3830
f 1614/1042/3832 1620/1048/3832 1619/1047/3832 1615/1043/3832
f 1623/1051/3833 1618/1046/3833 1617/1045/3833 1624/1052/3833
f 1620/1048/3834 1627/4615/3834 1628/4616/3834 1621/1049/3834
f 1678/4617/3835 1639/4618/3836 1640/4619/3837 1677/4620/3838
f 1680/4621/3839 1635/4622/3840 1636/4623/3841 1679/4624/3842
f 1652/4625/3843 1656/1068/3843 1658/1070/3843 1650/4626/3843
f 1639/4618/3836 1622/1050/3844 1624/1052/3844 1640/4619/3837
f 1616/1044/3845 1633/4627/3846 1634/4628/3847 1617/1045/3845
f 1615/1043/3848 1636/4623/3841 1635/4622/3840 1613/1041/3848
f 1621/1049/3849 1637/4629/3850 1638/4630/3851 1619/1047/3849
f 1682/4631/3852 1652/4625/781 1651/4632/780 1681/4633/3853
f 1684/4634/3854 1645/1057/774 1644/1056/773 1683/4635/3855
f 1655/1067/784 1658/4636/3856 1657/4637/3856 1653/1065/782
f 1661/1073/788 1663/1075/3857 1662/1074/3857 1659/1071/786
f 1686/4638/3858 1660/4639/3859 1659/4640/3859 1685/4641/3858
f 1668/1080/3860 1665/4642/790 1667/4643/792 1669/1081/3860
f 1688/4644/3861 1671/4645/3862 1673/4646/3862 1687/4647/3861
f 1672/4648/3863 1661/4649/3863 1660/4650/3863 1673/4651/3863
f 1665/1077/3864 1655/4652/3864 1654/4653/3864 1666/1078/3864
f 1676/4654/3865 1672/1084/795 1671/1083/794 1674/4655/3865
f 1690/4656/3866 1657/1069/3867 1656/1068/3867 1689/4657/3868
f 1692/4658/3869 1670/4659/3870 1669/4660/3870 1691/4661/3871
f 1646/1058/3872 1668/4662/3872 1670/4659/3872 1644/1056/3872
f 1663/1075/3873 1641/1053/3873 1643/1055/3873 1664/1076/3873
f 1675/4663/3874 1648/1060/3874 1647/1059/3874 1676/4654/3874
f 1637/4629/3850 1678/4617/3835 1677/4620/3838 1638/4630/3851
f 1633/4627/3846 1680/4621/3839 1679/4624/3842 1634/4628/3847
f 1648/4664/777 1682/4631/3852 1681/4633/3853 1649/4665/778
f 1642/4666/771 1684/4634/3854 1683/4635/3855 1643/4667/772
f 1666/4668/3875 1686/4638/3858 1685/4641/3858 1667/4669/3875
f 1653/4670/3876 1688/4644/3861 1687/4647/3861 1654/4671/3876
f 1674/1086/3877 1690/4656/3866 1689/4657/3868 1675/1087/3877
f 1664/4672/3878 1692/4658/3869 1691/4661/3871 1662/4673/3878
f 1730/4674/3879 1733/4675/810 1735/4676/812 1729/4677/3880
f 1734/4678/811 1736/4679/3881 1737/4680/3882 1735/4681/812
f 1736/4679/3881 1731/4682/3883 1732/4683/3884 1737/4680/3882
f 1739/4684/3885 1742/4685/3886 1743/4686/3887 1738/4687/3888
f 1742/4685/3886 1744/4688/813 1746/4689/815 1743/4686/3887
f 1745/1105/814 1740/4690/3889 1741/4691/3890 1746/1106/815
f 1748/4692/3891 1751/4693/3892 1752/3231/3893 1747/4694/3894
f 1751/4695/3892 1753/1107/816 1755/1109/818 1752/4696/3893
f 1754/1108/817 1749/4697/3895 1750/4698/3896 1755/1109/818
f 1757/4699/3897 1760/1110/819 1762/1112/821 1756/4700/3898
f 1761/1111/820 1763/4701/3899 1764/4702/3900 1762/1112/821
f 1763/4703/3899 1758/4704/3901 1759/4705/3902 1764/4706/3900
f 1695/4707/3903 1699/1089/798 1701/1091/800 1696/4708/3904
f 1700/1090/3905 1734/1102/811 1733/1101/810 1701/1091/3906
f 1699/1089/798 1697/4709/3907 1698/4710/3908 1700/1090/799
f 1697/4709/3907 1693/4711/3909 1694/4712/3910 1698/4710/3908
f 1706/1092/801 1702/4713/3911 1703/4714/3912 1707/1093/802
f 1744/1104/813 1708/1094/3913 1707/1093/3914 1745/1105/814
f 1709/4715/3915 1706/1092/801 1708/1094/803 1710/4716/3916
f 1704/4717/3917 1709/4715/3915 1710/4716/3916 1705/4718/3918
f 1724/4719/3919 1720/4720/3920 1721/4721/3921 1725/4722/3922
f 1726/1098/807 1724/4719/3919 1725/4722/3922 1727/1099/808
f 1760/1110/819 1728/1100/3923 1727/1099/3924 1761/1111/820
f 1722/4723/3925 1726/1098/807 1728/1100/809 1723/4724/3926
f 1713/4725/3927 1718/4726/3928 1719/4727/3929 1714/4728/3930
f 1718/4726/3928 1715/1095/804 1717/1097/806 1719/4727/3929
f 1716/1096/3923 1754/1108/817 1753/1107/816 1717/1097/3924
f 1715/1095/804 1711/4729/3931 1712/4730/3932 1716/1096/805
f 1711/4729/3931 1695/4707/3903 1696/4708/3904 1712/4730/3932
f 1729/4731/3880 1750/4698/3896 1749/4697/3895 1730/4732/3879
f 1631/4610/3827 1694/4712/3910 1693/4711/3909 1632/4609/3827
f 1714/4728/3930 1628/4616/3834 1627/4615/3834 1713/4725/3927
f 1650/1062/3933 1732/4683/3884 1731/4682/3883 1651/1063/3933
f 1738/4687/3888 1647/1059/3934 1649/1061/3934 1739/4684/3885
f 1629/4613/3831 1704/4717/3917 1705/4718/3918 1630/4614/3831
f 1625/4612/3829 1721/4721/3921 1720/4720/3920 1626/4611/3829
f 1723/4724/3926 1703/4714/3912 1702/4713/3911 1722/4723/3925
f 1756/4700/3898 1741/4691/3890 1740/4690/3889 1757/4699/3897
f 1747/4694/3894 1646/4733/3935 1645/4734/3935 1748/4692/3891
f 1641/1053/3936 1759/4705/3902 1758/4704/3901 1642/1054/3936
f 1796/4735/3937 1766/1114/823 1765/1113/822 1795/4736/3937
f 1794/4737/3938 1775/1123/3939 1774/1122/3939 1793/4738/3938
f 1801/1137/3940 1827/1159/3940 1826/1158/3940 1802/1138/3940
f 1785/1133/3941 1772/1120/3941 1771/1119/3941 1783/1131/3941
f 1775/1123/3942 1787/1135/3942 1786/1134/3942 1776/1124/3942
f 1812/4739/3943 1818/1150/3943 1817/1149/3943 1810/4740/3943
f 1792/4741/3829 1785/1133/3829 1784/1132/3829 1791/4742/3829
f 1790/4743/3834 1781/1129/834 1780/1128/833 1789/4744/3834
f 1770/1118/827 1794/4737/3938 1793/4738/3938 1768/1116/825
f 1766/1114/3944 1778/1126/3944 1777/1125/3944 1767/1115/3944
f 1781/1129/3945 1770/1118/3945 1769/1117/3945 1782/1130/3945
f 1787/1135/3834 1790/4743/3834 1789/4744/3834 1788/1136/3834
f 1772/1120/3946 1796/4735/3937 1795/4736/3937 1773/1121/3946
f 1778/1126/831 1792/4741/3829 1791/4742/3829 1779/1127/832
f 1854/4745/3947 1815/4746/3948 1816/4747/3949 1853/4748/3950
f 1856/4749/3951 1799/4750/3952 1800/4751/3953 1855/4752/3954
f 1822/1154/3955 1807/1143/3955 1809/1145/3955 1820/1152/3955
f 1828/1160/3956 1832/4753/3956 1834/4754/3956 1826/1158/3956
f 1806/4755/3957 1811/1147/3957 1810/1146/3957 1804/4756/3957
f 1808/4757/3958 1803/4758/3958 1802/4759/3958 1809/4760/3958
f 1825/4761/3959 1805/1141/3959 1804/1140/3959 1823/2200/3959
f 1815/4746/3948 1780/1128/833 1782/1130/835 1816/4747/3949
f 1768/1116/825 1797/4762/3960 1798/4763/3961 1769/1117/826
f 1767/1115/824 1800/4751/3953 1799/4750/3952 1765/1113/822
f 1803/4758/840 1771/1119/3962 1773/1121/3962 1801/4764/838
f 1776/1124/3963 1806/4755/843 1805/4765/842 1774/1122/3963
f 1779/1127/832 1813/4766/3964 1814/4767/3965 1777/1125/830
f 1788/1136/3966 1812/4739/849 1811/4768/848 1786/1134/3966
f 1807/1143/844 1784/1132/3967 1783/1131/3967 1808/1144/845
f 1858/4769/3968 1828/4770/861 1827/4771/860 1857/4772/3969
f 1860/4773/3970 1822/4774/855 1821/4775/854 1859/4776/3971
f 1831/4777/864 1834/4754/3972 1833/4778/3972 1829/4779/862
f 1837/1169/868 1839/1171/3973 1838/1170/3973 1835/1167/866
f 1862/4780/3974 1836/4781/3975 1835/4782/3975 1861/4783/3974
f 1844/1176/3976 1842/1174/871 1841/1173/870 1845/1177/3976
f 1864/4784/3977 1847/4785/3978 1849/4786/3978 1863/4787/3977
f 1848/4788/3979 1837/4789/3979 1836/4790/3979 1849/4791/3979
f 1842/4792/3980 1831/4793/3980 1830/4794/3980 1843/4795/3980
f 1852/4796/3981 1848/1180/875 1847/1179/874 1850/4797/3981
f 1866/4798/3982 1833/1165/3983 1832/1164/3983 1865/4799/3984
f 1868/4800/3985 1846/4801/3986 1845/4802/3986 1867/4803/3987
f 1820/1152/3988 1844/1176/3988 1846/1178/3988 1821/1153/3988
f 1839/4804/3989 1817/4805/3989 1819/4806/3989 1840/4807/3989
f 1851/1183/3989 1824/1156/3989 1823/1155/3989 1852/1184/3989
f 1813/4766/3964 1854/4745/3947 1853/4748/3950 1814/4767/3965
f 1797/4762/3960 1856/4749/3951 1855/4752/3954 1798/4763/3961
f 1824/1156/857 1858/4769/3968 1857/4772/3969 1825/1157/858
f 1818/4808/851 1860/4773/3970 1859/4776/3971 1819/4806/852
f 1843/4809/3990 1862/4780/3974 1861/4783/3974 1841/4810/3990
f 1829/1161/3991 1864/4784/3977 1863/4787/3977 1830/1162/3991
f 1850/1182/3992 1866/4798/3982 1865/4799/3984 1851/1183/3992
f 1840/4807/3993 1868/4800/3985 1867/4803/3987 1838/4811/3993
f 1900/4812/3014 1870/1186/3994 1869/1185/3994 1899/4813/3014
f 1898/4814/3013 1879/1195/3024 1878/1194/3024 1897/4815/3013
f 1905/1209/3995 1931/1231/3995 1930/1230/3995 1906/1210/3995
f 1889/1205/3996 1876/1192/3996 1875/1191/3996 1887/1203/3996
f 1879/1195/3997 1891/1207/3997 1890/1206/3997 1880/1196/3997
f 1916/4816/3998 1922/1222/3998 1921/1221/3998 1914/4817/3998
f 1896/4818/3021 1889/1205/3021 1888/1204/3021 1895/4819/3021
f 1894/4820/3020 1885/1201/3020 1884/1200/3020 1893/4821/3020
f 1874/1190/3999 1898/4814/3013 1897/4815/3013 1872/1188/3999
f 1870/1186/4000 1882/1198/4000 1881/1197/4000 1871/1187/4000
f 1885/1201/4001 1874/1190/4001 1873/1189/4001 1886/1202/4001
f 1891/1207/3020 1894/4820/3020 1893/4821/3020 1892/1208/3020
f 1876/1192/3015 1900/4812/3014 1899/4813/3014 1877/1193/3015
f 1882/1198/3021 1896/4818/3021 1895/4819/3021 1883/1199/3021
f 1958/4822/4002 1919/4823/4003 1920/4824/4004 1957/4825/4002
f 1960/4826/4005 1903/4827/4006 1904/4828/4007 1959/4829/4005
f 1926/1226/4008 1911/1215/4008 1913/1217/4008 1924/1224/4008
f 1932/1232/4009 1936/4830/4009 1938/4831/4009 1930/1230/4009
f 1910/4832/4010 1915/1219/4010 1914/1218/4010 1908/4833/4010
f 1912/4834/4011 1907/4835/4011 1906/4836/4011 1913/4837/4011
f 1929/4838/4012 1909/1213/4012 1908/1212/4012 1927/4839/4012
f 1919/4823/4003 1884/1200/4013 1886/1202/4013 1920/4824/4004
f 1872/1188/4014 1901/4840/4015 1902/4841/4016 1873/1189/4014
f 1871/1187/4017 1904/4828/4007 1903/4827/4006 1869/1185/4017
f 1907/4835/4018 1875/1191/4018 1877/1193/4018 1905/4842/4018
f 1880/1196/4018 1910/4832/4018 1909/4843/4018 1878/1194/4018
f 1883/1199/4019 1917/4844/4020 1918/4845/4021 1881/1197/4019
f 1892/1208/4022 1916/4816/4022 1915/4846/4022 1890/1206/4022
f 1911/1215/4022 1888/1204/4022 1887/1203/4022 1912/1216/4022
f 1962/4847/4023 1932/4848/901 1931/4849/900 1961/4850/4023
f 1964/4851/4024 1926/4852/895 1925/1523/894 1963/4853/4024
f 1935/4854/904 1938/4831/4025 1937/4855/4025 1933/4856/902
f 1941/1241/908 1943/1243/4026 1942/1242/4026 1939/1239/906
f 1966/4857/4027 1940/4858/4027 1939/4859/4027 1965/4860/4027
f 1948/1248/4028 1946/1246/911 1945/1245/910 1949/1249/4028
f 1968/4861/4029 1951/4862/4029 1953/4863/4029 1967/4864/4029
f 1952/4865/4030 1941/4866/4030 1940/4867/4030 1953/4868/4030
f 1946/4869/4031 1935/4870/4031 1934/4871/4031 1947/4872/4031
f 1956/4873/4032 1952/1252/915 1951/1251/914 1954/4874/4032
f 1970/4875/4033 1937/1237/4034 1936/1236/4034 1969/4876/4033
f 1972/4877/4027 1950/4878/4035 1949/4879/4035 1971/4880/4027
f 1924/1224/4036 1948/1248/4036 1950/1250/4036 1925/1225/4036
f 1943/4881/4037 1921/4882/4037 1923/4883/4037 1944/4884/4037
f 1955/1255/4038 1928/1228/4038 1927/1227/4038 1956/1256/4038
f 1917/4844/4020 1958/4822/4002 1957/4825/4002 1918/4845/4021
f 1901/4840/4015 1960/4826/4005 1959/4829/4005 1902/4841/4016
f 1928/1228/897 1962/4847/4023 1961/4850/4023 1929/1229/898
f 1922/4885/891 1964/4851/4024 1963/4853/4024 1923/4883/892
f 1947/4886/4027 1966/4857/4027 1965/4860/4027 1945/4887/4027
f 1933/1233/4029 1968/4861/4029 1967/4864/4029 1934/1234/4029
f 1954/1254/4039 1970/4875/4033 1969/4876/4033 1955/1255/4039
f 1944/4884/4040 1972/4877/4027 1971/4880/4027 1942/4888/4040
f 2004/3519/3014 1974/1257/919 1973/11/918 2003/4889/3014
f 2002/4890/3013 1983/1265/3024 1982/1264/3024 2001/4891/3013
f 2009/35/3035 2035/1295/3035 2034/1294/3035 2010/1277/3035
f 1993/31/4041 1980/18/4041 1979/1262/4041 1991/1273/4041
f 1983/1265/3091 1995/1275/3091 1994/1274/3091 1984/1266/3091
f 2020/4892/3031 2026/1286/3031 2025/1285/3031 2018/4893/3031
f 2000/4894/3021 1993/31/3021 1992/30/3021 1999/4895/3021
f 1998/4896/3020 1989/1271/928 1988/1270/927 1997/4897/3020
f 1978/1261/923 2002/4890/3013 2001/4891/3013 1976/1259/921
f 1974/1257/4042 1986/1268/4042 1985/1267/4042 1975/1258/4042
f 1989/1271/4043 1978/1261/4043 1977/1260/4043 1990/1272/4043
f 1995/1275/3020 1998/4896/3020 1997/4897/3020 1996/1276/3020
f 1980/18/3015 2004/3519/3014 2003/4889/3014 1981/1263/3015
f 1986/1268/925 2000/4894/3021 1999/4895/3021 1987/1269/926
f 2062/4898/4044 2023/4899/4045 2024/4900/4046 2061/4901/4044
f 2064/4902/4047 2007/4903/4048 2008/4904/4049 2063/4905/4047
f 2030/1290/3019 2015/1281/3019 2017/43/3019 2028/1288/3019
f 2036/58/4050 2040/4906/4050 2042/4907/4050 2034/1294/4050
f 2014/3548/4051 2019/1283/4051 2018/44/4051 2012/4908/4051
f 2016/4909/4052 2011/4910/4052 2010/4911/4052 2017/4912/4052
f 2033/4913/3016 2013/1280/3016 2012/1279/3016 2031/2286/3016
f 2023/4899/4045 1988/1270/927 1990/1272/929 2024/4900/4046
f 1976/1259/921 2005/4914/4053 2006/4915/4054 1977/1260/922
f 1975/1258/920 2008/4904/4049 2007/4903/4048 1973/11/918
f 2011/4910/932 1979/1262/4055 1981/1263/4055 2009/3558/930
f 1984/1266/4055 2014/3548/935 2013/3559/934 1982/1264/4055
f 1987/1269/926 2021/4916/4056 2022/4917/4057 1985/1267/924
f 1996/1276/4058 2020/4892/941 2019/3562/940 1994/1274/4058
f 2015/1281/936 1992/30/4058 1991/1273/4058 2016/1282/937
f 2066/4918/4059 2036/4919/953 2035/4920/952 2065/4921/4059
f 2068/4922/4060 2030/52/947 2029/1477/946 2067/4923/4060
f 2039/4924/956 2042/4907/4061 2041/4925/4061 2037/4926/954
f 2045/1302/960 2047/1304/4062 2046/1303/4062 2043/1300/958
f 2070/4927/4063 2044/4928/4063 2043/4929/4063 2069/4930/4063
f 2052/1309/4064 2050/1307/963 2049/1306/962 2053/1310/4064
f 2072/4931/4065 2055/4932/4065 2057/4933/4065 2071/4934/4065
f 2056/4935/4066 2045/4936/4066 2044/4937/4066 2057/4938/4066
f 2050/4939/4067 2039/4940/4067 2038/4941/4067 2051/4942/4067
f 2060/4943/4068 2056/1313/967 2055/1312/966 2058/4944/4068
f 2074/4945/4069 2041/1298/4070 2040/1297/4070 2073/4946/4069
f 2076/4947/4071 2054/4948/4072 2053/4949/4072 2075/4950/4071
f 2028/1288/4050 2052/1309/4050 2054/1311/4050 2029/1289/4050
f 2047/4951/4073 2025/4952/4073 2027/4953/4073 2048/4954/4073
f 2059/1316/4074 2032/1292/4074 2031/1291/4074 2060/1317/4074
f 2021/4916/4056 2062/4898/4044 2061/4901/4044 2022/4917/4057
f 2005/4914/4053 2064/4902/4047 2063/4905/4047 2006/4915/4054
f 2032/1292/949 2066/4918/4059 2065/4921/4059 2033/1293/950
f 2026/4955/943 2068/4922/4060 2067/4923/4060 2027/4953/944
f 2051/4956/4063 2070/4927/4063 2069/4930/4063 2049/4957/4063
f 2037/1296/4065 2072/4931/4065 2071/4934/4065 2038/60/4065
f 2058/1315/4075 2074/4945/4069 2073/4946/4069 2059/1316/4075
f 2048/4954/4076 2076/4947/4071 2075/4950/4071 2046/4958/4076
f 2108/4959/4077 2078/1319/971 2077/1318/970 2107/4960/4077
f 2106/4961/4078 2087/1328/4079 2086/1327/4079 2105/4962/4078
f 2113/1342/4080 2139/1364/4080 2138/1363/4080 2114/1343/4080
f 2097/1338/4081 2084/1325/4081 2083/1324/4081 2095/1336/4081
f 2087/1328/4082 2099/1340/4082 2098/1339/4082 2088/1329/4082
f 2124/4963/4083 2130/1355/4083 2129/1354/4083 2122/4964/4083
f 2104/4965/4084 2097/1338/4085 2096/1337/4085 2103/4966/4084
f 2102/4967/4086 2093/1334/982 2092/1333/981 2101/4968/4086
f 2082/1323/975 2106/4961/4078 2105/4962/4078 2080/1321/973
f 2078/1319/4087 2090/1331/4087 2089/1330/4087 2079/1320/4087
f 2093/1334/4088 2082/1323/4088 2081/1322/4088 2094/1335/4088
f 2099/1340/4086 2102/4967/4086 2101/4968/4086 2100/1341/4086
f 2084/1325/4089 2108/4959/4077 2107/4960/4077 2085/1326/4089
f 2090/1331/979 2104/4965/4084 2103/4966/4084 2091/1332/980
f 2166/4969/4090 2127/4970/4091 2128/4971/4092 2165/4972/4093
f 2168/4973/4094 2111/4974/4095 2112/4975/4096 2167/4976/4097
f 2134/1359/4098 2119/1348/4098 2121/1350/4098 2132/1357/4098
f 2140/1365/4099 2144/4977/4099 2146/4978/4099 2138/1363/4099
f 2118/4979/4100 2123/1352/4100 2122/1351/4100 2116/4980/4100
f 2120/4981/4101 2115/4982/4101 2114/4983/4101 2121/4984/4101
f 2137/4985/4102 2117/1346/4102 2116/1345/4102 2135/4986/4102
f 2127/4970/4091 2092/1333/981 2094/1335/983 2128/4971/4092
f 2080/1321/973 2109/4987/4103 2110/4988/4104 2081/1322/974
f 2079/1320/972 2112/4975/4096 2111/4974/4095 2077/1318/970
f 2115/4982/988 2083/1324/4105 2085/1326/4105 2113/4989/986
f 2088/1329/4106 2118/4979/991 2117/4990/990 2086/1327/4106
f 2091/1332/980 2125/4991/4107 2126/4992/4108 2089/1330/978
f 2100/1341/4109 2124/4963/997 2123/4993/996 2098/1339/4109
f 2119/1348/992 2096/1337/4110 2095/1336/4110 2120/1349/993
f 2170/4994/4111 2140/4995/1009 2139/4996/1008 2169/4997/4112
f 2172/4998/4113 2134/4999/1003 2133/5000/1002 2171/5001/4114
f 2143/5002/1012 2146/4978/4115 2145/5003/4115 2141/5004/1010
f 2149/1374/1016 2151/1376/4116 2150/1375/4116 2147/1372/1014
f 2174/5005/4117 2148/5006/4118 2147/5007/4118 2173/5008/4117
f 2156/1381/4119 2154/1379/1019 2153/1378/1018 2157/1382/4119
f 2176/5009/4120 2159/5010/4121 2161/5011/4121 2175/5012/4120
f 2160/5013/4122 2149/5014/4122 2148/5015/4122 2161/5016/4122
f 2154/5017/4123 2143/5018/4123 2142/5019/4123 2155/5020/4123
f 2164/5021/4124 2160/1385/1023 2159/1384/1022 2162/5022/4124
f 2178/5023/4125 2145/1370/4126 2144/1369/4126 2177/5024/4125
f 2180/5025/4127 2158/5026/4128 2157/5027/4128 2179/5028/4127
f 2132/1357/4099 2156/1381/4099 2158/1383/4099 2133/1358/4099
f 2151/5029/4129 2129/5030/4129 2131/5031/4129 2152/5032/4129
f 2163/1388/4130 2136/1361/4130 2135/1360/4130 2164/1389/4130
f 2125/4991/4107 2166/4969/4090 2165/4972/4093 2126/4992/4108
f 2109/4987/4103 2168/4973/4094 2167/4976/4097 2110/4988/4104
f 2136/1361/1005 2170/4994/4111 2169/4997/4112 2137/1362/1006
f 2130/5033/999 2172/4998/4113 2171/5001/4114 2131/5031/1000
f 2155/5034/4131 2174/5005/4117 2173/5008/4117 2153/5035/4131
f 2141/1366/4132 2176/5009/4120 2175/5012/4120 2142/1367/4132
f 2162/1387/4133 2178/5023/4125 2177/5024/4125 2163/1388/4133
f 2152/5032/4134 2180/5025/4127 2179/5028/4127 2150/5036/4134
f 2212/5037/3013 2182/1186/3999 2181/1390/3999 2211/5038/3013
f 2210/5039/3014 2191/1195/3015 2190/1397/3015 2209/4815/3014
f 2217/1409/4135 2243/1429/4135 2242/1428/4135 2218/1410/4135
f 2201/1406/4136 2188/1395/4136 2187/1191/4136 2199/1405/4136
f 2191/1195/4137 2203/1207/4137 2202/1407/4137 2192/1398/4137
f 2228/5040/4008 2234/1420/4008 2233/1419/4008 2226/4817/4008
f 2208/4818/3020 2201/1406/3020 2200/1204/3020 2207/5041/3020
f 2206/5042/3021 2197/1403/3021 2196/1402/3021 2205/5043/3021
f 2186/1394/3994 2210/5039/3014 2209/4815/3014 2184/1392/3994
f 2182/1186/4138 2194/1400/4138 2193/1399/4138 2183/1391/4138
f 2197/1403/4139 2186/1394/4139 2185/1393/4139 2198/1404/4139
f 2203/1207/3021 2206/5042/3021 2205/5043/3021 2204/1408/3021
f 2188/1395/3024 2212/5037/3013 2211/5038/3013 2189/1396/3024
f 2194/1400/3020 2208/4818/3020 2207/5041/3020 2195/1401/3020
f 2270/5044/4140 2231/5045/4141 2232/5046/4142 2269/5047/4140
f 2272/4826/4143 2215/4827/4144 2216/5048/4145 2271/5049/4143
f 2238/2057/3998 2223/1414/3998 2225/1416/3998 2236/1224/3998
f 2244/5050/4146 2248/1433/4146 2250/1435/4146 2242/5051/4146
f 2222/5052/4147 2227/1417/4147 2226/1218/4147 2220/5053/4147
f 2224/5054/4148 2219/5055/4148 2218/5056/4148 2225/5057/4148
f 2241/1427/4149 2221/1413/4149 2220/1412/4149 2239/1425/4149
f 2231/5045/4141 2196/1402/4150 2198/1404/4150 2232/5046/4142
f 2184/1392/4151 2213/5058/4152 2214/5059/4153 2185/1393/4151
f 2183/1391/4154 2216/5048/4145 2215/4827/4144 2181/1390/4154
f 2219/5055/4155 2187/1191/4155 2189/1396/4155 2217/4842/4155
f 2192/1398/4156 2222/5052/4156 2221/4843/4156 2190/1397/4156
f 2195/1401/4157 2229/4844/4158 2230/5060/4159 2193/1399/4157
f 2204/1408/4160 2228/5040/4160 2227/4846/4160 2202/1407/4160
f 2223/1414/4160 2200/1204/4160 2199/1405/4160 2224/1415/4160
f 2274/5061/4161 2244/5050/1049 2243/4849/1048 2273/5062/4161
f 2276/5063/4162 2238/1424/1043 2237/1423/1042 2275/5064/4162
f 2247/5065/1052 2250/5066/4163 2249/4855/4163 2245/4856/1050
f 2253/1437/1056 2255/1438/4164 2254/1242/4164 2251/1436/1054
f 2278/5067/4165 2252/5068/4165 2251/5069/4165 2277/5070/4165
f 2260/1441/4166 2258/1440/1059 2257/1439/1058 2261/1442/4166
f 2280/5071/4167 2263/5072/4167 2265/5073/4167 2279/5074/4167
f 2264/5075/4168 2253/5076/4168 2252/4867/4168 2265/4868/4168
f 2258/5077/4169 2247/5078/4169 2246/4871/4169 2259/4872/4169
f 2268/4873/4170 2264/1445/1063 2263/1444/1062 2266/4874/4170
f 2282/5079/4171 2249/1434/4172 2248/1433/4172 2281/5080/4171
f 2284/5081/4173 2262/5082/4174 2261/5083/4174 2283/5084/4173
f 2236/1422/4175 2260/5085/4175 2262/5082/4175 2237/1423/4175
f 2255/1438/4176 2233/1419/4176 2235/1421/4176 2256/1244/4176
f 2267/5086/4177 2240/1426/4177 2239/1425/4177 2268/4873/4177
f 2229/4844/4158 2270/5044/4140 2269/5047/4140 2230/5060/4159
f 2213/5058/4152 2272/4826/4143 2271/5049/4143 2214/5059/4153
f 2240/5087/1045 2274/5061/4161 2273/5062/4161 2241/5088/1046
f 2234/5089/1039 2276/5063/4162 2275/5064/4162 2235/5090/1040
f 2259/5091/4165 2278/5067/4165 2277/5070/4165 2257/5092/4165
f 2245/1431/4167 2280/5071/4167 2279/5074/4167 2246/1432/4167
f 2266/1446/4178 2282/5079/4171 2281/5080/4171 2267/1447/4178
f 2256/5093/4179 2284/5081/4173 2283/5084/4173 2254/4888/4179
f 2316/5094/3013 2286/12/1067 2285/11/1066 2315/4889/3013
f 2314/5095/3014 2295/1454/3015 2294/1453/3015 2313/5096/3014
f 2321/1465/4180 2347/1483/4180 2346/1482/4180 2322/1466/4180
f 2305/1462/3017 2292/18/3017 2291/1262/3017 2303/1273/3017
f 2295/1454/3018 2307/1464/3018 2306/1463/3018 2296/1455/3018
f 2332/5097/3019 2338/48/3019 2337/1474/3019 2330/4893/3019
f 2312/5098/3020 2305/1462/3020 2304/1461/3020 2311/4895/3020
f 2310/5099/3021 2301/27/1078 2300/1459/1077 2309/5100/3021
f 2290/1451/1071 2314/5095/3014 2313/5096/3014 2288/1450/1069
f 2286/12/3022 2298/1457/3022 2297/1456/3022 2287/1449/3022
f 2301/27/4181 2290/1451/4181 2289/1260/4181 2302/1460/4181
f 2307/1464/3021 2310/5099/3021 2309/5100/3021 2308/1276/3021
f 2292/18/3024 2316/5094/3013 2315/4889/3013 2293/1452/3024
f 2298/1457/1075 2312/5098/3020 2311/4895/3020 2299/1458/1076
f 2374/5101/3025 2335/5102/3026 2336/5103/3027 2373/5104/3025
f 2376/5105/3028 2319/5106/4182 2320/4904/4183 2375/5107/3028
f 2342/3543/3031 2327/1468/3031 2329/1470/3031 2340/2619/3031
f 2348/5108/3032 2352/1297/3032 2354/1487/3032 2346/3547/3032
f 2326/5109/3033 2331/1472/3033 2330/1471/3033 2324/5110/3033
f 2328/5111/4184 2323/5112/4184 2322/5113/4184 2329/5114/4184
f 2345/1481/4185 2325/1467/4185 2324/1279/4185 2343/1479/4185
f 2335/5102/3026 2300/1459/1077 2302/1460/1079 2336/5103/3027
f 2288/1450/1069 2317/5115/4186 2318/5116/4187 2289/1260/1070
f 2287/1449/1068 2320/4904/4183 2319/5106/4182 2285/11/1066
f 2323/5112/1083 2291/1262/4188 2293/1452/4188 2321/3558/1081
f 2296/1455/4188 2326/5109/1086 2325/3559/1085 2294/1453/4188
f 2299/1458/1076 2333/5117/3039 2334/5118/3040 2297/1456/1074
f 2308/1276/4189 2332/5097/1092 2331/3562/1091 2306/1463/4189
f 2327/1468/1087 2304/1461/4189 2303/1273/4189 2328/1469/1088
f 2378/3563/3042 2348/5108/1104 2347/5119/1103 2377/5120/3042
f 2380/4922/3043 2342/1478/1098 2341/1477/1097 2379/4923/3043
f 2351/5121/1107 2354/5122/4190 2353/4925/4190 2349/4926/1105
f 2357/1489/1111 2359/1491/3045 2358/1490/3045 2355/1488/1109
f 2382/5123/3046 2356/5124/3046 2355/5125/3046 2381/5126/3046
f 2364/1493/3047 2362/1307/1114 2361/1306/1113 2365/1494/3047
f 2384/5127/3048 2367/5128/3048 2369/5129/3048 2383/3571/3048
f 2368/5130/4191 2357/5131/4191 2356/5132/4191 2369/4938/4191
f 2362/5133/4192 2351/5134/4192 2350/5135/4192 2363/4942/4192
f 2372/5136/4193 2368/1497/1118 2367/1496/1117 2370/5137/4193
f 2386/5138/3052 2353/1486/4194 2352/1297/4194 2385/5139/3052
f 2388/5140/3054 2366/3577/3055 2365/5141/3055 2387/5142/3054
f 2340/1476/3032 2364/3576/3032 2366/3577/3032 2341/1477/3032
f 2359/1491/4195 2337/1474/4195 2339/1475/4195 2360/1492/4195
f 2371/3579/4195 2344/1480/4195 2343/1479/4195 2372/5136/4195
f 2333/5117/3039 2374/5101/3025 2373/5104/3025 2334/5118/3040
f 2317/5115/4186 2376/5105/3028 2375/5107/3028 2318/5116/4187
f 2344/5143/1100 2378/3563/3042 2377/5120/3042 2345/5144/1101
f 2338/5145/1094 2380/4922/3043 2379/4923/3043 2339/5146/1095
f 2363/5147/3046 2382/5123/3046 2381/5126/3046 2361/5148/3046
f 2349/1484/3048 2384/5127/3048 2383/3571/3048 2350/1485/3048
f 2370/1498/4196 2386/5138/3052 2385/5139/3052 2371/1499/4196
f 2360/5149/3059 2388/5140/3054 2387/5142/3054 2358/5150/3059
f 2420/4812/3013 2390/1501/3999 2389/1390/3999 2419/4813/3013
f 2418/4814/3014 2399/1509/3015 2398/1508/3015 2417/5151/3014
f 2425/1409/4012 2451/1529/4012 2450/1528/4012 2426/1410/4012
f 2409/1406/4197 2396/1506/4197 2395/1505/4197 2407/1203/4197
f 2399/1509/4198 2411/1207/4198 2410/1407/4198 2400/1510/4198
f 2436/5152/4008 2442/1520/4008 2441/1519/4008 2434/4817/4008
f 2416/4818/3020 2409/1406/3020 2408/1204/3020 2415/5153/3020
f 2414/5154/3021 2405/1515/3021 2404/1514/3021 2413/5155/3021
f 2394/1504/3994 2418/4814/3014 2417/5151/3014 2392/1503/3994
f 2390/1501/4199 2402/1512/4199 2401/1511/4199 2391/1502/4199
f 2405/1515/4200 2394/1504/4200 2393/1393/4200 2406/1516/4200
f 2411/1207/3021 2414/5154/3021 2413/5155/3021 2412/1208/3021
f 2396/1506/3024 2420/4812/3013 2419/4813/3013 2397/1507/3024
f 2402/1512/3020 2416/4818/3020 2415/5153/3020 2403/1513/3020
f 2478/5156/4201 2439/5157/4202 2440/5158/4203 2477/5159/4201
f 2480/5160/4204 2423/5161/4205 2424/4828/4206 2479/4829/4204
f 2446/5162/3998 2431/1518/3998 2433/1217/3998 2444/5163/3998
f 2452/5164/3423 2456/1530/3423 2458/1531/3423 2450/5165/3423
f 2430/5052/4207 2435/1417/4207 2434/1218/4207 2428/5166/4207
f 2432/5167/4208 2427/4835/4208 2426/5168/4208 2433/5169/4208
f 2449/1527/4149 2429/1517/4149 2428/1412/4149 2447/1525/4149
f 2439/5157/4202 2404/1514/4209 2406/1516/4209 2440/5158/4203
f 2392/1503/4210 2421/5170/4211 2422/5171/4212 2393/1393/4210
f 2391/1502/4213 2424/4828/4206 2423/5161/4205 2389/1390/4213
f 2427/4835/4156 2395/1505/4156 2397/1507/4156 2425/4842/4156
f 2400/1510/4156 2430/5052/4156 2429/5172/4156 2398/1508/4156
f 2403/1513/4214 2437/5173/4215 2438/5174/4216 2401/1511/4214
f 2412/1208/4160 2436/5152/4160 2435/5175/4160 2410/1407/4160
f 2431/1518/4160 2408/1204/4160 2407/1203/4160 2432/1216/4160
f 2482/5061/4217 2452/5164/1143 2451/5176/1142 2481/5177/4217
f 2484/4851/4218 2446/1524/1137 2445/1523/1136 2483/5178/4218
f 2455/5179/1146 2458/5180/4163 2457/4855/4163 2453/4856/1144
f 2461/1532/1150 2463/1534/4164 2462/1533/4164 2459/1239/1148
f 2486/5181/4219 2460/5182/4219 2459/5183/4219 2485/5184/4219
f 2468/1537/4220 2466/1536/1153 2465/1535/1152 2469/1538/4220
f 2488/5185/4221 2471/5072/4221 2473/5186/4221 2487/4864/4221
f 2472/5187/4222 2461/5188/4222 2460/4867/4222 2473/4868/4222
f 2466/5189/4223 2455/5190/4223 2454/4871/4223 2467/4872/4223
f 2476/4873/4224 2472/1540/1157 2471/1539/1156 2474/4874/4224
f 2490/5079/4225 2457/1434/4226 2456/1530/4226 2489/5080/4225
f 2492/5191/4227 2470/5192/4228 2469/4879/4228 2491/5193/4227
f 2444/1522/3423 2468/5194/3423 2470/5192/3423 2445/1523/3423
f 2463/1534/4229 2441/1519/4229 2443/1521/4229 2464/1244/4229
f 2475/5195/4230 2448/1526/4230 2447/1525/4230 2476/4873/4230
f 2437/5173/4215 2478/5156/4201 2477/5159/4201 2438/5174/4216
f 2421/5170/4211 2480/5160/4204 2479/4829/4204 2422/5171/4212
f 2448/5196/1139 2482/5061/4217 2481/5177/4217 2449/2368/1140
f 2442/5197/1133 2484/4851/4218 2483/5178/4218 2443/5198/1134
f 2467/5199/4219 2486/5181/4219 2485/5184/4219 2465/5200/4219
f 2453/1233/4221 2488/5185/4221 2487/4864/4221 2454/1234/4221
f 2474/1446/4178 2490/5079/4225 2489/5080/4225 2475/1541/4178
f 2464/5201/4179 2492/5191/4227 2491/5193/4227 2462/4888/4179
f 2524/5202/4231 2494/1544/1161 2493/1543/1160 2523/5203/4231
f 2522/5204/4232 2503/1552/3015 2502/1551/3015 2521/5096/4232
f 2529/1465/4180 2555/1584/4180 2554/1583/4180 2530/1566/4180
f 2513/1562/4233 2500/1550/4233 2499/1549/4233 2511/1560/4233
f 2503/1552/4234 2515/1564/4234 2514/1563/4234 2504/1553/4234
f 2540/4892/4235 2546/1576/4235 2545/1575/4235 2538/5205/4235
f 2520/5206/3020 2513/1562/3020 2512/1561/3020 2519/4895/3020
f 2518/5207/3021 2509/1558/1172 2508/1557/1171 2517/5208/3021
f 2498/5209/1165 2522/5204/4232 2521/5096/4232 2496/2270/1163
f 2494/5210/4236 2506/1555/4236 2505/1554/4236 2495/5211/4236
f 2509/5212/4237 2498/1548/4237 2497/1547/4237 2510/5213/4237
f 2515/1564/3021 2518/5207/3021 2517/5208/3021 2516/1565/3021
f 2500/1550/3024 2524/5202/4231 2523/5203/4231 2501/1452/3024
f 2506/5214/1169 2520/5206/3020 2519/4895/3020 2507/5215/1170
f 2582/5216/3025 2543/5217/4238 2544/5218/4239 2581/5219/3025
f 2584/5220/3028 2527/3540/4240 2528/5221/4241 2583/5222/3028
f 2550/5223/4242 2535/1571/4242 2537/1572/4242 2548/5224/4242
f 2556/5225/4243 2560/5226/4243 2562/5227/4243 2554/5228/4243
f 2534/5229/4244 2539/1574/4244 2538/1573/4244 2532/5230/4244
f 2536/5231/4245 2531/5232/4245 2530/5233/4245 2537/5234/4245
f 2553/1582/4185 2533/1569/4185 2532/1568/4185 2551/1580/4185
f 2543/5217/4238 2508/5235/1171 2510/5213/1173 2544/5218/4239
f 2496/1546/1163 2525/5236/4246 2526/5237/4247 2497/1547/1164
f 2495/5211/1162 2528/5221/4241 2527/3540/4240 2493/5238/1160
f 2531/5232/1177 2499/1549/4188 2501/1452/4188 2529/3558/1175
f 2504/1553/4248 2534/5229/1180 2533/5239/1179 2502/1551/4248
f 2507/1556/1170 2541/3560/4249 2542/5240/4250 2505/1554/1168
f 2516/1565/4251 2540/4892/1186 2539/5241/1185 2514/1563/4251
f 2535/1571/1181 2512/1561/4189 2511/1560/4189 2536/42/1182
f 2586/5242/3042 2556/5225/1198 2555/5119/1197 2585/5243/3042
f 2588/5244/3043 2550/52/1192 2549/1579/1191 2587/5245/3043
f 2559/1588/1201 2562/1591/4252 2561/1590/4252 2557/1586/1199
f 2565/1594/1205 2567/1596/4253 2566/1595/4253 2563/1592/1203
f 2590/5246/4254 2564/1593/4254 2563/1592/4254 2589/5247/4254
f 2572/1601/4255 2570/1599/1208 2569/1598/1207 2573/1602/4255
f 2592/4931/3052 2575/1604/3052 2577/1606/3052 2591/5248/3052
f 2576/1605/4256 2565/1594/4256 2564/1593/4256 2577/1606/4256
f 2570/1599/4257 2559/1588/4257 2558/1587/4257 2571/1600/4257
f 2580/1609/4258 2576/1605/1212 2575/1604/1211 2578/1607/4258
f 2594/5249/3052 2561/1590/4194 2560/1589/4194 2593/5250/3052
f 2596/5251/4254 2574/1603/4259 2573/1602/4259 2595/5252/4254
f 2548/1578/4243 2572/5253/4243 2574/5254/4243 2549/1579/4243
f 2567/5255/4260 2545/1575/4260 2547/1577/4260 2568/2441/4260
f 2579/5256/4261 2552/1581/4261 2551/1580/4261 2580/5257/4261
f 2541/3560/4249 2582/5216/3025 2581/5219/3025 2542/5240/4250
f 2525/5236/4246 2584/5220/3028 2583/5222/3028 2526/5237/4247
f 2552/5258/1194 2586/5242/3042 2585/5243/3042 2553/5259/1195
f 2546/3583/1188 2588/5244/3043 2587/5245/3043 2547/5260/1189
f 2571/1600/4254 2590/5246/4254 2589/5247/4254 2569/1598/4254
f 2557/1586/3052 2592/4931/3052 2591/5248/3052 2558/1587/3052
f 2578/1607/4196 2594/5249/3052 2593/5250/3052 2579/1608/4196
f 2568/1597/4262 2596/5251/4254 2595/5252/4254 2566/1595/4262
f 2628/5261/4263 2598/1611/1216 2597/1610/1215 2627/5262/4263
f 2626/5263/4264 2607/1620/4265 2606/1619/4265 2625/5264/4264
f 2633/1634/4266 2659/1656/4266 2658/1655/4266 2634/1635/4266
f 2617/1630/4267 2604/1617/4267 2603/1616/4267 2615/1628/4267
f 2607/1620/4268 2619/1632/4268 2618/1631/4268 2608/1621/4268
f 2644/5265/4269 2650/1647/4269 2649/1646/4269 2642/5266/4269
f 2624/5267/4270 2617/1630/4271 2616/1629/4271 2623/5268/4270
f 2622/5269/4272 2613/1626/1227 2612/1625/1226 2621/5270/4272
f 2602/1615/1220 2626/5263/4264 2625/5264/4264 2600/1613/1218
f 2598/1611/4273 2610/1623/4274 2609/1622/4275 2599/1612/4276
f 2613/1626/4277 2602/1615/4278 2601/1614/4279 2614/1627/4280
f 2619/1632/4281 2622/5269/4272 2621/5270/4272 2620/1633/4281
f 2604/1617/4282 2628/5261/4263 2627/5262/4263 2605/1618/4282
f 2610/1623/1224 2624/5267/4270 2623/5268/4270 2611/1624/1225
f 2686/5271/4283 2647/5272/4284 2648/4900/4285 2685/5273/4286
f 2688/5274/4287 2631/5275/4288 2632/5276/4289 2687/5277/4290
f 2654/5278/4291 2639/1640/4291 2641/1642/4291 2652/5279/4291
f 2660/5280/4292 2664/1660/4292 2666/1662/4292 2658/5281/4292
f 2638/5282/4293 2643/1644/4293 2642/1643/4293 2636/5283/4293
f 2640/5284/4294 2635/5285/4294 2634/5286/4294 2641/5287/4294
f 2657/1654/4295 2637/1638/4295 2636/1637/4295 2655/1652/4295
f 2647/5272/4284 2612/1625/1226 2614/1627/1228 2648/4900/4285
f 2600/1613/1218 2629/5288/4296 2630/5289/4297 2601/1614/1219
f 2599/1612/1217 2632/5276/4289 2631/5275/4288 2597/1610/1215
f 2635/5285/4298 2603/1616/4298 2605/1618/4298 2633/5290/4298
f 2608/1621/4298 2638/5282/4298 2637/5291/4298 2606/1619/4298
f 2611/1624/1225 2645/5292/4299 2646/5293/4300 2609/1622/1223
f 2620/1633/4301 2644/5265/4301 2643/5294/4301 2618/1631/4301
f 2639/1640/4302 2616/1629/4302 2615/1628/4302 2640/1641/4302
f 2690/5295/4303 2660/5280/1246 2659/5296/1245 2689/5297/4304
f 2692/3566/4305 2654/1651/1240 2653/1650/1239 2691/5298/4306
f 2663/5299/1249 2666/5300/4307 2665/5301/4307 2661/5302/1247
f 2669/1663/1253 2671/1665/4308 2670/1664/4308 2667/1488/1251
f 2694/5303/4309 2668/5304/4310 2667/5305/4310 2693/5306/4309
f 2676/1669/4311 2674/1668/1256 2673/1667/1255 2677/1670/4311
f 2696/5127/4312 2679/5307/4313 2681/5308/4313 2695/5309/4312
f 2680/5310/4314 2669/5311/4314 2668/5312/4314 2681/5313/4314
f 2674/5314/4315 2663/5315/4315 2662/5316/4315 2675/5317/4315
f 2684/5318/4316 2680/1672/4316 2679/1496/4316 2682/5319/4316
f 2698/5320/4317 2665/1661/4318 2664/1660/4318 2697/5321/4319
f 2700/5322/4320 2678/5323/4321 2677/5324/4321 2699/5325/4322
f 2652/1649/4292 2676/5326/4292 2678/5323/4292 2653/1650/4292
f 2671/1665/4323 2649/1646/4323 2651/1648/4323 2672/1666/4323
f 2683/5327/4324 2656/1653/4324 2655/1652/4324 2684/5318/4324
f 2645/5292/4299 2686/5271/4283 2685/5273/4286 2646/5293/4300
f 2629/5288/4296 2688/5274/4287 2687/5277/4290 2630/5289/4297
f 2656/5328/1242 2690/5295/4303 2689/5297/4304 2657/5329/1243
f 2650/5330/1236 2692/3566/4305 2691/5298/4306 2651/5331/1237
f 2675/5332/4325 2694/5303/4309 2693/5306/4309 2673/5333/4325
f 2661/1658/4326 2696/5127/4312 2695/5309/4312 2662/1659/4326
f 2682/1673/4327 2698/5320/4317 2697/5321/4319 2683/1674/4327
f 2672/5334/4328 2700/5322/4320 2699/5325/4322 2670/5335/4328
f 2732/5336/4329 2702/1677/1262 2701/1676/1261 2731/5337/4329
f 2730/5338/4330 2711/1685/4331 2710/1684/4331 2729/5339/4330
f 2737/826/4332 2763/273/4332 2762/272/4332 2738/1697/4332
f 2721/823/4333 2708/1682/4333 2707/1681/4333 2719/1693/4333
f 2711/1685/4334 2723/1696/4334 2722/1695/4334 2712/1686/4334
f 2748/5340/4335 2754/1703/4335 2753/1702/4335 2746/5341/4335
f 2728/5342/4336 2721/823/4337 2720/1694/4337 2727/5343/4336
f 2726/5344/4338 2717/1691/1273 2716/1690/1272 2725/3748/4338
f 2706/1680/1266 2730/5338/4330 2729/5339/4330 2704/230/1264
f 2702/1677/4339 2714/1688/4339 2713/1687/4339 2703/1678/4339
f 2717/1691/4340 2706/1680/4340 2705/1679/4340 2718/1692/4340
f 2723/1696/4341 2726/5344/4338 2725/3748/4338 2724/250/4341
f 2708/1682/4342 2732/5336/4329 2731/5337/4329 2709/1683/4342
f 2714/1688/1270 2728/5342/4336 2727/5343/4336 2715/1689/1271
f 2790/5345/4343 2751/5346/4344 2752/4361/4345 2789/3752/4343
f 2792/5347/4346 2735/5348/4347 2736/5349/4348 2791/5350/4346
f 2758/1706/4349 2743/257/4349 2745/1698/4349 2756/1704/4349
f 2764/1710/4350 2768/3757/4350 2770/5351/4350 2762/272/4350
f 2742/5352/4351 2747/1700/4351 2746/1699/4351 2740/5353/4351
f 2744/5354/4352 2739/5355/4352 2738/5356/4352 2745/5357/4352
f 2761/5358/4353 2741/829/4353 2740/828/4353 2759/5359/4353
f 2751/5346/4344 2716/1690/1272 2718/1692/1274 2752/4361/4345
f 2704/230/1264 2733/5360/4354 2734/5361/4355 2705/1679/1265
f 2703/1678/1263 2736/5349/4348 2735/5348/4347 2701/1676/1261
f 2739/5355/1279 2707/1681/4356 2709/1683/4356 2737/4377/1277
f 2712/1686/4357 2742/256/1282 2741/829/1281 2710/1684/4357
f 2715/1689/1271 2749/5362/4358 2750/5363/4359 2713/1687/1269
f 2724/250/4360 2748/1701/1288 2747/1700/1287 2722/1695/4360
f 2743/3771/1283 2720/1694/4360 2719/1693/4360 2744/5354/1284
f 2794/5364/4361 2764/5365/1300 2763/5366/1299 2793/5367/4361
f 2796/5368/4362 2758/5369/1294 2757/5370/1293 2795/5371/4362
f 2767/5372/1303 2770/5351/4363 2769/5373/4363 2765/3782/1301
f 2773/1716/1307 2775/1718/4364 2774/1717/4364 2771/1715/1305
f 2798/5374/4365 2772/5375/4366 2771/5376/4366 2797/5377/4365
f 2780/1721/4367 2778/1720/1310 2777/1719/1309 2781/1722/4367
f 2800/5378/4368 2783/5379/4368 2785/4392/4368 2799/5380/4368
f 2784/5381/4369 2773/5382/4369 2772/5383/4369 2785/3794/4369
f 2778/5384/4370 2767/5385/4370 2766/3797/4370 2779/3798/4370
f 2788/5386/4371 2784/1724/1314 2783/855/1313 2786/3800/4371
f 2802/3801/4372 2769/1713/4373 2768/1712/4373 2801/5387/4372
f 2804/4404/4374 2782/5388/4375 2781/4406/4375 2803/5389/4374
f 2756/1704/4376 2780/1721/4376 2782/1723/4376 2757/1705/4376
f 2775/3807/4377 2753/5390/4377 2755/5391/4377 2776/5392/4377
f 2787/1726/4378 2760/1708/4378 2759/1707/4378 2788/859/4378
f 2749/5362/4358 2790/5345/4343 2789/3752/4343 2750/5363/4359
f 2733/5360/4354 2792/5347/4346 2791/5350/4346 2734/5361/4355
f 2760/1708/1296 2794/5364/4361 2793/5367/4361 2761/1709/1297
f 2754/5393/1290 2796/5368/4362 2795/5371/4362 2755/5391/1291
f 2779/5394/4379 2798/5374/4365 2797/5377/4365 2777/5395/4379
f 2765/275/4368 2800/5378/4368 2799/5380/4368 2766/1711/4368
f 2786/1725/4380 2802/3801/4372 2801/5387/4372 2787/1726/4380
f 2776/5392/4381 2804/4404/4374 2803/5389/4374 2774/5396/4381
f 2836/5397/4382 2806/1727/1318 2805/299/1317 2835/5398/4382
f 2834/5399/4383 2815/1735/4384 2814/1734/4384 2833/5400/4383
f 2841/323/4385 2867/1768/4385 2866/1767/4385 2842/1749/4385
f 2825/1745/4386 2812/1732/4386 2811/1731/4386 2823/1743/4386
f 2815/1735/4387 2827/1747/4387 2826/1746/4387 2816/1736/4387
f 2852/3819/4388 2858/1760/4388 2857/1759/4388 2850/5401/4388
f 2832/3821/4389 2825/1745/4390 2824/1744/4390 2831/5402/4389
f 2830/5403/4391 2821/1741/1329 2820/1740/1328 2829/5404/4391
f 2810/1730/1322 2834/5399/4383 2833/5400/4383 2808/1728/1320
f 2806/1727/4392 2818/1738/4392 2817/1737/4392 2807/301/4392
f 2821/1741/4393 2810/1730/4393 2809/1729/4393 2822/1742/4393
f 2827/1747/4394 2830/5403/4391 2829/5404/4391 2828/1748/4394
f 2812/1732/4395 2836/5397/4382 2835/5398/4382 2813/1733/4395
f 2818/1738/1326 2832/3821/4389 2831/5402/4389 2819/1739/1327
f 2894/3825/4396 2855/5405/4397 2856/5406/4398 2893/4424/4396
f 2896/5407/4399 2839/5408/4400 2840/3831/4401 2895/3832/4399
f 2862/1763/4402 2847/1753/4402 2849/1755/4402 2860/897/4402
f 2868/1769/4403 2872/5409/4403 2874/5410/4403 2866/1767/4403
f 2846/5411/4404 2851/1757/4404 2850/1756/4404 2844/5412/4404
f 2848/5413/4405 2843/5414/4405 2842/5415/4405 2849/5416/4405
f 2865/5417/4406 2845/1751/4406 2844/1750/4406 2863/5418/4406
f 2855/5405/4397 2820/1740/1328 2822/1742/1330 2856/5406/4398
f 2808/1728/1320 2837/5419/4407 2838/3844/4408 2809/1729/1321
f 2807/301/1319 2840/3831/4401 2839/5408/4400 2805/299/1317
f 2843/5414/1335 2811/1731/4409 2813/1733/4409 2841/4439/1333
f 2816/1736/4409 2846/5411/1338 2845/4440/1337 2814/1734/4409
f 2819/1739/1327 2853/5420/4410 2854/3846/4411 2817/1737/1325
f 2828/1748/4412 2852/3819/1344 2851/4443/1343 2826/1746/4412
f 2847/1753/1339 2824/1744/4412 2823/1743/4412 2848/1754/1340
f 2898/5421/4413 2868/5422/1356 2867/5423/1355 2897/5424/4413
f 2900/5425/4414 2862/5426/1350 2861/5427/1349 2899/5428/4414
f 2871/5429/1359 2874/5410/4415 2873/5430/4415 2869/5431/1357
f 2877/1776/1363 2879/1778/4416 2878/1777/4416 2875/1775/1361
f 2902/4453/4417 2876/5432/4417 2875/4455/4417 2901/5433/4417
f 2884/1781/4418 2882/1780/1366 2881/1779/1365 2885/1782/4418
f 2904/5434/4419 2887/5435/4419 2889/5436/4419 2903/5437/4419
f 2888/5438/4420 2877/5439/4420 2876/3869/4420 2889/3870/4420
f 2882/5440/4421 2871/5441/4421 2870/5442/4421 2883/5443/4421
f 2892/5444/4422 2888/1785/1370 2887/1784/1369 2890/3876/4422
f 2906/5445/4423 2873/1773/4424 2872/1772/4424 2905/5446/4423
f 2908/5447/4425 2886/5448/4426 2885/5449/4426 2907/5450/4425
f 2860/897/4403 2884/1781/4403 2886/1783/4403 2861/1762/4403
f 2879/3883/4427 2857/3884/4427 2859/5451/4427 2880/5452/4427
f 2891/1787/4428 2864/1765/4428 2863/1764/4428 2892/1788/4428
f 2853/5420/4410 2894/3825/4396 2893/4424/4396 2854/3846/4411
f 2837/5419/4407 2896/5407/4399 2895/3832/4399 2838/3844/4408
f 2864/1765/1352 2898/5421/4413 2897/5424/4413 2865/1766/1353
f 2858/5453/1346 2900/5425/4414 2899/5428/4414 2859/5451/1347
f 2883/5454/4417 2902/4453/4417 2901/5433/4417 2881/5455/4417
f 2869/1770/4419 2904/5434/4419 2903/5437/4419 2870/1771/4419
f 2890/1786/4429 2906/5445/4423 2905/5446/4423 2891/1787/4429
f 2880/5452/4430 2908/5447/4425 2907/5450/4425 2878/4480/4430
f 2940/5456/4431 2910/924/4432 2909/1789/4432 2939/5457/4431
f 2938/5458/4433 2919/931/4434 2918/1796/4434 2937/5459/4433
f 2945/1808/4435 2971/1829/4435 2970/1828/4435 2946/1809/4435
f 2929/940/4436 2916/1794/4436 2915/1793/4436 2927/1804/4436
f 2919/931/4437 2931/942/4437 2930/1806/4437 2920/1797/4437
f 2956/5460/4438 2962/1820/4438 2961/1819/4438 2954/4486/4438
f 2936/5461/4439 2929/940/4440 2928/1805/4440 2935/5462/4439
f 2934/4489/4441 2925/1802/4442 2924/1801/4442 2933/5463/4441
f 2914/376/4443 2938/5458/4433 2937/5459/4433 2912/1791/4443
f 2910/924/4444 2922/1799/4444 2921/1798/4444 2911/1790/4444
f 2925/1802/4445 2914/376/4445 2913/1792/4445 2926/1803/4445
f 2931/942/4446 2934/4489/4441 2933/5463/4441 2932/1807/4446
f 2916/1794/4447 2940/5456/4431 2939/5457/4431 2917/1795/4447
f 2922/1799/4448 2936/5461/4439 2935/5462/4439 2923/1800/4448
f 2998/5464/4449 2959/5465/4450 2960/5466/4451 2997/5467/4449
f 3000/5468/4452 2943/5469/4453 2944/5470/4454 2999/5471/4452
f 2966/5472/4455 2951/1814/4455 2953/1815/4455 2964/3910/4455
f 2972/5473/4456 2976/1831/4456 2978/1833/4456 2970/5474/4456
f 2950/5475/4457 2955/1817/4457 2954/1816/4457 2948/5476/4457
f 2952/5477/4458 2947/5478/4458 2946/5479/4458 2953/5480/4458
f 2969/1827/4459 2949/1812/4459 2948/1811/4459 2967/1825/4459
f 2959/5465/4450 2924/1801/4460 2926/1803/4460 2960/5466/4451
f 2912/1791/4461 2941/5481/4462 2942/5482/4463 2913/1792/4461
f 2911/1790/4464 2944/5470/4454 2943/5469/4453 2909/1789/4464
f 2947/1810/4465 2915/1793/4465 2917/1795/4465 2945/1808/4465
f 2920/1797/4465 2950/1813/4465 2949/1812/4465 2918/1796/4465
f 2923/1800/4466 2957/3921/4467 2958/5483/4468 2921/1798/4466
f 2932/1807/4469 2956/1818/4469 2955/1817/4469 2930/1806/4469
f 2951/4511/4469 2928/1805/4469 2927/1804/4469 2952/5477/4469
f 3002/5484/4470 2972/5473/1396 2971/5485/1395 3001/5486/4470
f 3004/5487/4471 2966/1824/1390 2965/1823/1389 3003/5488/4471
f 2975/3929/1399 2978/5489/4472 2977/4519/4472 2973/5490/1397
f 2981/1835/1403 2983/1837/4473 2982/1836/4473 2979/1834/1401
f 3006/5491/4474 2980/5492/4474 2979/4522/4474 3005/5493/4474
f 2988/1840/4475 2986/1839/1406 2985/1838/1405 2989/1841/4475
f 3008/5494/4476 2991/5495/4476 2993/4526/4476 3007/5496/4476
f 2992/4527/4477 2981/5497/4477 2980/5498/4477 2993/3944/4477
f 2986/5499/4478 2975/4528/4478 2974/5500/4478 2987/3948/4478
f 2996/5501/4479 2992/1844/1410 2991/1843/1409 2994/5502/4479
f 3010/5503/4480 2977/1832/4481 2976/1831/4481 3009/5504/4480
f 3012/5505/4482 2990/5506/4483 2989/5507/4483 3011/5508/4482
f 2964/1822/4484 2988/5509/4484 2990/5506/4484 2965/1823/4484
f 2983/1837/4485 2961/1819/4485 2963/1821/4485 2984/430/4485
f 2995/5510/4486 2968/1826/4486 2967/1825/4486 2996/5501/4486
f 2957/3921/4467 2998/5464/4449 2997/5467/4449 2958/5483/4468
f 2941/5481/4462 3000/5468/4452 2999/5471/4452 2942/5482/4463
f 2968/5511/1392 3002/5484/4470 3001/5486/4470 2969/4538/1393
f 2962/5512/1386 3004/5487/4471 3003/5488/4471 2963/5513/1387
f 2987/4541/4474 3006/5491/4474 3005/5493/4474 2985/5514/4474
f 2973/1830/4476 3008/5494/4476 3007/5496/4476 2974/968/4476
f 2994/1845/4487 3010/5503/4480 3009/5504/4480 2995/982/4487
f 2984/5515/4488 3012/5505/4482 3011/5508/4482 2982/5516/4488
f 3044/5517/4489 3014/1848/4490 3013/1847/4490 3043/5518/4489
f 3042/5519/4491 3023/1856/4492 3022/1855/4492 3041/5520/4491
f 3049/1868/4493 3075/1886/4493 3074/1885/4493 3050/1869/4493
f 3033/1864/4494 3020/1853/4494 3019/1852/4494 3031/1862/4494
f 3023/1856/4495 3035/1866/4495 3034/1865/4495 3024/1857/4495
f 3060/5521/4496 3066/1880/4496 3065/1879/4496 3058/3972/4496
f 3040/5522/4497 3033/1864/4498 3032/1863/4498 3039/5523/4497
f 3038/4551/4499 3029/998/4500 3028/1860/4500 3037/5524/4499
f 3018/1851/4501 3042/5519/4491 3041/5520/4491 3016/987/4501
f 3014/1848/4502 3026/1859/4502 3025/1858/4502 3015/1849/4502
f 3029/998/4503 3018/1851/4503 3017/1850/4503 3030/1861/4503
f 3035/1866/4504 3038/4551/4499 3037/5524/4499 3036/1867/4504
f 3020/1853/4505 3044/5517/4489 3043/5518/4489 3021/1854/4505
f 3026/1859/4506 3040/5522/4497 3039/5523/4497 3027/457/4506
f 3102/5525/4507 3063/5526/4508 3064/5527/4509 3101/3980/4507
f 3104/5528/4510 3047/5529/4511 3048/5530/4512 3103/5531/4510
f 3070/1883/4513 3055/1873/4513 3057/1875/4513 3068/1881/4513
f 3076/1024/4514 3080/5532/4514 3082/5533/4514 3074/1885/4514
f 3054/5534/4515 3059/1877/4515 3058/1876/4515 3052/3988/4515
f 3056/5535/4516 3051/5536/4516 3050/5537/4516 3057/5538/4516
f 3073/5539/4517 3053/1871/4517 3052/1870/4517 3071/5540/4517
f 3063/5526/4508 3028/1860/4518 3030/1861/4518 3064/5527/4509
f 3016/987/4519 3045/5541/4520 3046/5542/4521 3017/1850/4519
f 3015/1849/4522 3048/5530/4512 3047/5529/4511 3013/1847/4522
f 3051/5536/1423 3019/1852/4523 3021/1854/4523 3049/5543/1421
f 3024/1857/4523 3054/5534/1426 3053/5544/1425 3022/1855/4523
f 3027/457/4524 3061/5545/4525 3062/4571/4526 3025/1858/4524
f 3036/1867/4527 3060/5521/1432 3059/4572/1431 3034/1865/4527
f 3055/1873/1427 3032/1863/4527 3031/1862/4527 3056/1874/1428
f 3106/5546/4528 3076/5547/1444 3075/5548/1443 3105/4003/4528
f 3108/5549/4529 3070/5550/1438 3069/4578/1437 3107/5551/4529
f 3079/5552/1447 3082/5533/4530 3081/5553/4530 3077/4010/1445
f 3085/499/1451 3087/1893/4531 3086/500/4531 3083/1892/1449
f 3110/5554/4532 3084/5555/4532 3083/5556/4532 3109/5557/4532
f 3092/1896/4533 3090/1895/1454 3089/1894/1453 3093/1897/4533
f 3112/4015/4534 3095/5558/4534 3097/5559/4534 3111/5560/4534
f 3096/5561/4535 3085/5562/4535 3084/4021/4535 3097/4022/4535
f 3090/5563/4536 3079/5564/4536 3078/5565/4536 3091/4026/4536
f 3100/5566/4537 3096/1900/1458 3095/1899/1457 3098/4596/4537
f 3114/5567/4538 3081/1890/4539 3080/1889/4539 3113/4030/4538
f 3116/5568/4540 3094/5569/4541 3093/4601/4541 3115/5570/4540
f 3068/1881/4542 3092/1896/4542 3094/1898/4542 3069/1882/4542
f 3087/5571/4543 3065/5572/4543 3067/5573/4543 3088/5574/4543
f 3099/1902/4544 3072/1020/4544 3071/485/4544 3100/1903/4544
f 3061/5545/4525 3102/5525/4507 3101/3980/4507 3062/4571/4526
f 3045/5541/4520 3104/5528/4510 3103/5531/4510 3046/5542/4521
f 3072/1020/1440 3106/5546/4528 3105/4003/4528 3073/1884/1441
f 3066/4606/1434 3108/5549/4529 3107/5551/4529 3067/5573/1435
f 3091/5575/4532 3110/5554/4532 3109/5557/4532 3089/5576/4532
f 3077/1887/4534 3112/4015/4534 3111/5560/4534 3078/1888/4534
f 3098/1901/4545 3114/5567/4538 3113/4030/4538 3099/1902/4545
f 3088/5574/4546 3116/5568/4540 3115/5570/4540 3086/5577/4546
f 3136/5578/4547 3118/1905/4548 3117/1904/4548 3135/5579/4547
f 3130/5580/4549 3127/1914/4549 3126/1913/4549 3129/5581/4549
f 3122/1909/4550 3133/5582/4551 3134/5583/4551 3120/1907/4550
f 3118/1905/4552 3124/1911/4552 3123/1910/4552 3119/1906/4552
f 3127/1914/4553 3122/1909/4553 3121/1908/4553 3128/1915/4553
f 3124/1911/4554 3131/4615/4554 3132/5584/4554 3125/1912/4554
f 3182/5585/4555 3143/5586/4556 3144/5587/4557 3181/5588/4558
f 3184/5589/4559 3139/5590/4560 3140/5591/4561 3183/4624/4562
f 3156/4625/4563 3160/1929/4563 3162/1931/4563 3154/5592/4563
f 3143/5586/4556 3126/1913/4564 3128/1915/4564 3144/5587/4557
f 3120/1907/4565 3137/5593/4566 3138/4628/4567 3121/1908/4565
f 3119/1906/4568 3140/5591/4561 3139/5590/4560 3117/1904/4568
f 3125/1912/4569 3141/4629/4570 3142/5594/4571 3123/1910/4569
f 3186/5595/4572 3156/4625/1476 3155/5596/1475 3185/5597/4573
f 3188/5598/4574 3149/1057/1469 3148/1919/1468 3187/5599/4575
f 3159/1928/1479 3162/5600/4576 3161/5601/4576 3157/1927/1477
f 3165/1933/1483 3167/1935/4577 3166/1934/4577 3163/1932/1481
f 3190/4638/4578 3164/5602/4579 3163/5603/4579 3189/5604/4578
f 3172/1080/4580 3169/4642/1485 3171/4643/1487 3173/1939/4580
f 3192/5605/4581 3175/5606/4581 3177/5607/4581 3191/4647/4581
f 3176/5608/4582 3165/5609/4582 3164/4650/4582 3177/5610/4582
f 3169/1937/4583 3159/5611/4583 3158/5612/4583 3170/1938/4583
f 3180/5613/4584 3176/1941/1490 3175/1940/1489 3178/4655/4584
f 3194/4656/4585 3161/1930/4586 3160/1929/4586 3193/5614/4587
f 3196/5615/4588 3174/5616/4589 3173/5617/4589 3195/5618/4588
f 3150/1920/4590 3172/5619/4590 3174/5616/4590 3148/1919/4590
f 3167/1935/4591 3145/1916/4591 3147/1918/4591 3168/1936/4591
f 3179/5620/4592 3152/1922/4592 3151/1921/4592 3180/5613/4592
f 3141/4629/4570 3182/5585/4555 3181/5588/4558 3142/5594/4571
f 3137/5593/4566 3184/5589/4559 3183/4624/4562 3138/4628/4567
f 3152/5621/1472 3186/5595/4572 3185/5597/4573 3153/5622/1473
f 3146/5623/1466 3188/5598/4574 3187/5599/4575 3147/5624/1467
f 3170/5625/4593 3190/4638/4578 3189/5604/4578 3171/5626/4593
f 3157/5627/4581 3192/5605/4581 3191/4647/4581 3158/5628/4581
f 3178/1942/4594 3194/4656/4585 3193/5614/4587 3179/1943/4594
f 3168/5629/4595 3196/5615/4588 3195/5618/4588 3166/5630/4595
f 3234/4674/4596 3237/4675/1505 3239/5631/1507 3233/5632/4597
f 3238/5633/1506 3240/5634/4598 3241/5635/4599 3239/4681/1507
f 3240/5634/4598 3235/5636/4600 3236/5637/4601 3241/5635/4599
f 3243/5638/4602 3246/5639/4603 3247/5640/4604 3242/5641/4605
f 3246/5639/4603 3248/5642/1508 3250/5643/1510 3247/5640/4604
f 3249/1960/1509 3244/5644/4606 3245/5645/4607 3250/1961/1510
f 3252/4692/4608 3255/5646/4609 3256/3231/4610 3251/5647/4611
f 3255/4695/4609 3257/1962/1511 3259/1964/1513 3256/4696/4610
f 3258/1963/1512 3253/5648/4612 3254/5649/4613 3259/1964/1513
f 3261/5650/4614 3264/1965/1514 3266/1967/1516 3260/5651/4615
f 3265/1966/1515 3267/5652/4616 3268/5653/4617 3266/1967/1516
f 3267/5654/4616 3262/5655/4618 3263/4705/4619 3268/4706/4617
f 3199/5656/4620 3203/1945/1493 3205/1947/1495 3200/4708/4621
f 3204/1946/4622 3238/1957/1506 3237/1956/1505 3205/1947/4623
f 3203/1945/1493 3201/5657/4624 3202/5658/4625 3204/1946/1494
f 3201/5657/4624 3197/5659/4626 3198/5660/4627 3202/5658/4625
f 3210/1948/1496 3206/4713/4628 3207/5661/4629 3211/1949/1497
f 3248/1959/1508 3212/1950/4630 3211/1949/4631 3249/1960/1509
f 3213/5662/4632 3210/1948/1496 3212/1950/1498 3214/5663/4633
f 3208/5664/4634 3213/5662/4632 3214/5663/4633 3209/5665/4635
f 3228/5666/4636 3224/5667/4637 3225/5668/4638 3229/5669/4639
f 3230/1098/1502 3228/5666/4636 3229/5669/4639 3231/1954/1503
f 3264/1965/1514 3232/1955/4640 3231/1954/4641 3265/1966/1515
f 3226/5670/4642 3230/1098/1502 3232/1955/1504 3227/5671/4643
f 3217/5672/4644 3222/5673/4645 3223/5674/4646 3218/5675/4647
f 3222/5673/4645 3219/1951/1499 3221/1953/1501 3223/5674/4646
f 3220/1952/4648 3258/1963/1512 3257/1962/1511 3221/1953/4649
f 3219/1951/1499 3215/5676/4650 3216/5677/4651 3220/1952/1500
f 3215/5676/4650 3199/5656/4620 3200/4708/4621 3216/5677/4651
f 3233/4731/4597 3254/5649/4613 3253/5648/4612 3234/5678/4596
f 3135/5579/4547 3198/5660/4627 3197/5659/4626 3136/5578/4547
f 3218/5675/4647 3132/5584/4554 3131/4615/4554 3217/5672/4644
f 3154/1924/4652 3236/5637/4601 3235/5636/4600 3155/1925/4652
f 3242/5641/4605 3151/1921/4653 3153/1923/4653 3243/5638/4602
f 3133/5582/4551 3208/5664/4634 3209/5665/4635 3134/5583/4551
f 3129/5581/4549 3225/5668/4638 3224/5667/4637 3130/5580/4549
f 3227/5671/4643 3207/5661/4629 3206/4713/4628 3226/5670/4642
f 3260/5651/4615 3245/5645/4607 3244/5644/4606 3261/5650/4614
f 3251/5647/4611 3150/5679/4654 3149/4734/4654 3252/4692/4608
f 3145/1916/4655 3263/4705/4619 3262/5655/4618 3146/1917/4655
f 3300/5680/4656 3270/1969/1518 3269/1968/1517 3299/5681/4656
f 3298/5682/4657 3279/1123/4658 3278/1977/4658 3297/5683/4657
f 3305/1990/4659 3331/2010/4659 3330/2009/4659 3306/1991/4659
f 3289/1986/4660 3276/1975/4660 3275/1974/4660 3287/1984/4660
f 3279/1123/4661 3291/1988/4661 3290/1987/4661 3280/1978/4661
f 3316/5684/4662 3322/2002/4662 3321/2001/4662 3314/5685/4662
f 3296/5686/4663 3289/1986/4549 3288/1985/4549 3295/5687/4663
f 3294/5688/4664 3285/1983/1529 3284/1982/1528 3293/5689/4664
f 3274/1973/1522 3298/5682/4657 3297/5683/4657 3272/1971/1520
f 3270/1969/4665 3282/1980/4665 3281/1979/4665 3271/1970/4665
f 3285/1983/4666 3274/1973/4666 3273/1972/4666 3286/1130/4666
f 3291/1988/4667 3294/5688/4664 3293/5689/4664 3292/1989/4667
f 3276/1975/4668 3300/5680/4656 3299/5681/4656 3277/1976/4668
f 3282/1980/1526 3296/5686/4663 3295/5687/4663 3283/1981/1527
f 3358/4745/4669 3319/5690/4670 3320/5691/4671 3357/4748/4672
f 3360/4749/4673 3303/4750/4674 3304/5692/4675 3359/5693/4676
f 3326/2005/4677 3311/1996/4677 3313/1998/4677 3324/2003/4677
f 3332/2011/4678 3336/4753/4678 3338/5694/4678 3330/2009/4678
f 3310/5695/4679 3315/1147/4679 3314/1999/4679 3308/5696/4679
f 3312/5697/4680 3307/5698/4680 3306/5699/4680 3313/5700/4680
f 3329/5701/4681 3309/1994/4681 3308/1993/4681 3327/5702/4681
f 3319/5690/4670 3284/1982/1528 3286/1130/1530 3320/5691/4671
f 3272/1971/1520 3301/5703/4682 3302/5704/4683 3273/1972/1521
f 3271/1970/1519 3304/5692/4675 3303/4750/4674 3269/1968/1517
f 3307/5698/1535 3275/1974/4684 3277/1976/4684 3305/4764/1533
f 3280/1978/4685 3310/5695/1538 3309/4765/1537 3278/1977/4685
f 3283/1981/1527 3317/5705/4686 3318/5706/4687 3281/1979/1525
f 3292/1989/4688 3316/5684/1544 3315/5707/1543 3290/1987/4688
f 3311/1996/1539 3288/1985/4689 3287/1984/4689 3312/1997/1540
f 3362/5708/4690 3332/5709/1556 3331/5710/1555 3361/5711/4691
f 3364/5712/4692 3326/5713/1550 3325/5714/1549 3363/5715/4693
f 3335/4777/1559 3338/5694/4694 3337/4778/4694 3333/4779/1557
f 3341/2018/1563 3343/2019/4695 3342/1170/4695 3339/2017/1561
f 3366/5716/4696 3340/5717/4697 3339/5718/4697 3365/4783/4696
f 3348/2023/4698 3346/2022/1566 3345/2021/1565 3349/2024/4698
f 3368/5719/4699 3351/5720/4700 3353/5721/4700 3367/5722/4699
f 3352/5723/4701 3341/5724/4701 3340/5725/4701 3353/5726/4701
f 3346/5727/4702 3335/5728/4702 3334/5729/4702 3347/5730/4702
f 3356/5731/4703 3352/2027/1570 3351/2026/1569 3354/4797/4703
f 3370/5732/4704 3337/2015/4705 3336/2014/4705 3369/5733/4706
f 3372/5734/4707 3350/5735/4708 3349/5736/4708 3371/5737/4707
f 3324/2003/4678 3348/2023/4678 3350/2025/4678 3325/2004/4678
f 3343/5738/4709 3321/5739/4709 3323/4806/4709 3344/5740/4709
f 3355/2029/4710 3328/2007/4710 3327/2006/4710 3356/2030/4710
f 3317/5705/4686 3358/4745/4669 3357/4748/4672 3318/5706/4687
f 3301/5703/4682 3360/4749/4673 3359/5693/4676 3302/5704/4683
f 3328/2007/1552 3362/5708/4690 3361/5711/4691 3329/2008/1553
f 3322/5741/1546 3364/5712/4692 3363/5715/4693 3323/4806/1547
f 3347/5742/4711 3366/5716/4696 3365/4783/4696 3345/5743/4711
f 3333/2012/4712 3368/5719/4699 3367/5722/4699 3334/2013/4712
f 3354/2028/4713 3370/5732/4704 3369/5733/4706 3355/2029/4713
f 3344/5740/4714 3372/5734/4707 3371/5737/4707 3342/5744/4714
f 3404/5745/3014 3374/2032/3994 3373/2031/3994 3403/5038/3014
f 3402/4814/3013 3383/2038/3024 3382/2037/3024 3401/5746/3013
f 3409/2049/3995 3435/1231/3995 3434/1528/3995 3410/2050/3995
f 3393/2045/4715 3380/1506/4715 3379/2036/4715 3391/1405/4715
f 3383/2038/3097 3395/2047/3097 3394/2046/3097 3384/2039/3097
f 3420/5152/3998 3426/1222/3998 3425/1221/3998 3418/4817/3998
f 3400/4818/3021 3393/2045/3021 3392/2044/3021 3399/5041/3021
f 3398/5154/3020 3389/1201/3020 3388/2042/3020 3397/5155/3020
f 3378/1504/3999 3402/4814/3013 3401/5746/3013 3376/2034/3999
f 3374/2032/4716 3386/1512/4716 3385/2040/4716 3375/2033/4716
f 3389/1201/4717 3378/1504/4717 3377/2035/4717 3390/2043/4717
f 3395/2047/3020 3398/5154/3020 3397/5155/3020 3396/2048/3020
f 3380/1506/3015 3404/5745/3014 3403/5038/3014 3381/1193/3015
f 3386/1512/3021 3400/4818/3021 3399/5041/3021 3387/2041/3021
f 3462/4822/4002 3423/5747/4718 3424/5158/4719 3461/5047/4002
f 3464/5160/4005 3407/4827/4720 3408/5748/4721 3463/5749/4005
f 3430/2057/4008 3415/2052/4008 3417/2053/4008 3428/2056/4008
f 3436/1430/4722 3440/4830/4722 3442/5750/4722 3434/1528/4722
f 3414/5052/4723 3419/2055/4723 3418/2054/4723 3412/5751/4723
f 3416/5752/4011 3411/5753/4011 3410/4836/4011 3417/5169/4011
f 3433/4838/4012 3413/2051/4012 3412/1212/4012 3431/4839/4012
f 3423/5747/4718 3388/2042/4724 3390/2043/4724 3424/5158/4719
f 3376/2034/4725 3405/5754/4726 3406/5059/4727 3377/2035/4725
f 3375/2033/4728 3408/5748/4721 3407/4827/4720 3373/2031/4728
f 3411/5753/4729 3379/2036/4729 3381/1193/4729 3409/4842/4729
f 3384/2039/4729 3414/5052/4729 3413/4843/4729 3382/2037/4729
f 3387/2041/4730 3421/5755/4731 3422/5756/4732 3385/2040/4730
f 3396/2048/4733 3420/5152/4733 3419/4846/4733 3394/2046/4733
f 3415/2052/4733 3392/2044/4733 3391/1405/4733 3416/1216/4733
f 3466/5061/4734 3436/5757/1596 3435/5176/1595 3465/5758/4734
f 3468/4851/4735 3430/5759/1590 3429/5760/1589 3467/4853/4735
f 3439/5179/1599 3442/5750/4025 3441/4855/4025 3437/4856/1597
f 3445/2063/1603 3447/1243/4026 3446/2064/4026 3443/1239/1601
f 3470/5181/4736 3444/4858/4736 3443/5761/4736 3469/5762/4736
f 3452/1441/4028 3450/1246/1606 3449/2065/1605 3453/2066/4028
f 3472/5763/4737 3455/5072/4737 3457/4863/4737 3471/4864/4737
f 3456/5764/4738 3445/4866/4738 3444/4867/4738 3457/4868/4738
f 3450/5765/4739 3439/5766/4739 3438/4871/4739 3451/4872/4739
f 3460/4873/4740 3456/1252/1610 3455/2068/1609 3458/4874/4740
f 3474/5767/4029 3441/2062/4034 3440/1433/4034 3473/4876/4029
f 3476/5768/4027 3454/5769/4035 3453/5770/4035 3475/4880/4027
f 3428/2056/4741 3452/1441/4741 3454/2067/4741 3429/1225/4741
f 3447/4881/4742 3425/5771/4742 3427/5772/4742 3448/5773/4742
f 3459/2070/4742 3432/2059/4742 3431/2058/4742 3460/2071/4742
f 3421/5755/4731 3462/4822/4002 3461/5047/4002 3422/5756/4732
f 3405/5754/4726 3464/5160/4005 3463/5749/4005 3406/5059/4727
f 3432/2059/1592 3466/5061/4734 3465/5758/4734 3433/2060/1593
f 3426/5774/1586 3468/4851/4735 3467/4853/4735 3427/5772/1587
f 3451/5091/4736 3470/5181/4736 3469/5762/4736 3449/4887/4736
f 3437/2061/4737 3472/5763/4737 3471/4864/4737 3438/1234/4737
f 3458/2069/4743 3474/5767/4029 3473/4876/4029 3459/2070/4743
f 3448/5773/4040 3476/5768/4027 3475/4880/4027 3446/5775/4040
f 3508/3519/3014 3478/2073/1614 3477/2072/1613 3507/5776/3014
f 3506/5095/3013 3487/2078/3024 3486/1453/3024 3505/5777/3013
f 3513/2089/3035 3539/57/3035 3538/56/3035 3514/1277/3035
f 3497/2085/4744 3484/18/4744 3483/1262/4744 3495/2084/4744
f 3487/2078/4745 3499/2087/4745 3498/2086/4745 3488/1455/4745
f 3524/5097/3031 3530/1286/3031 3529/47/3031 3522/4893/3031
f 3504/4894/3021 3497/2085/3021 3496/30/3021 3503/3526/3021
f 3502/3527/3020 3493/2082/1625 3492/26/1624 3501/5778/3020
f 3482/2077/1618 3506/5095/3013 3505/5777/3013 3480/2075/1616
f 3478/2073/4746 3490/2080/4746 3489/2079/4746 3479/2074/4746
f 3493/2082/4747 3482/2077/4747 3481/2076/4747 3494/2083/4747
f 3499/2087/3020 3502/3527/3020 3501/5778/3020 3500/2088/3020
f 3484/18/3015 3508/3519/3014 3507/5776/3014 3485/1452/3015
f 3490/2080/1622 3504/4894/3021 3503/3526/3021 3491/2081/1623
f 3566/5779/4044 3527/5102/4748 3528/5780/4749 3565/5781/4044
f 3568/5782/4750 3511/5783/4751 3512/5784/4752 3567/5785/4750
f 3534/2093/3019 3519/1281/3019 3521/43/3019 3532/1288/3019
f 3540/2097/4753 3544/4906/4753 3546/4907/4753 3538/56/4753
f 3518/5786/4754 3523/1283/4754 3522/2091/4754 3516/5110/4754
f 3520/5787/4052 3515/5788/4052 3514/5789/4052 3521/5790/4052
f 3537/1582/4180 3517/2090/4180 3516/1279/4180 3535/5791/4180
f 3527/5102/4748 3492/26/1624 3494/2083/1626 3528/5780/4749
f 3480/2075/1616 3509/5792/4755 3510/5793/4756 3481/2076/1617
f 3479/2074/1615 3512/5784/4752 3511/5783/4751 3477/2072/1613
f 3515/5788/1631 3483/1262/4055 3485/1452/4055 3513/3558/1629
f 3488/1455/4055 3518/5786/1634 3517/3559/1633 3486/1453/4055
f 3491/2081/1623 3525/5794/4056 3526/5118/4057 3489/2079/1621
f 3500/2088/4058 3524/5097/941 3523/3562/940 3498/2086/4058
f 3519/1281/1635 3496/30/4058 3495/2084/4058 3520/1469/1636
f 3570/3563/4757 3540/5795/1649 3539/3564/1648 3569/5243/4757
f 3572/5796/4758 3534/5797/1643 3533/5798/1642 3571/5799/4758
f 3543/4924/1652 3546/4907/4759 3545/4925/4759 3541/4926/1650
f 3549/1489/1656 3551/2103/4760 3550/2102/4760 3547/2101/1654
f 3574/5800/4761 3548/5124/4761 3547/5801/4761 3573/3569/4761
f 3556/2106/4762 3554/2105/1659 3553/2104/1658 3557/2107/4762
f 3576/5127/4763 3559/5802/4763 3561/5129/4763 3575/5803/4763
f 3560/4935/4764 3549/4936/4764 3548/5132/4764 3561/4938/4764
f 3554/5804/4765 3543/5805/4765 3542/4941/4765 3555/4942/4765
f 3564/5806/4068 3560/1497/1663 3559/2108/1662 3562/5137/4068
f 3578/5807/4766 3545/2100/4767 3544/2099/4767 3577/5808/4766
f 3580/5809/4768 3558/5810/4072 3557/5811/4072 3579/5812/4768
f 3532/1288/4753 3556/2106/4753 3558/1311/4753 3533/2092/4753
f 3551/4951/4769 3529/4952/4769 3531/5813/4769 3552/5814/4769
f 3563/2110/4770 3536/2095/4770 3535/2094/4770 3564/2111/4770
f 3525/5794/4056 3566/5779/4044 3565/5781/4044 3526/5118/4057
f 3509/5792/4755 3568/5782/4750 3567/5785/4750 3510/5793/4756
f 3536/2095/1645 3570/3563/4757 3569/5243/4757 3537/2096/1646
f 3530/3583/1639 3572/5796/4758 3571/5799/4758 3531/5813/1640
f 3555/5815/4761 3574/5800/4761 3573/3569/4761 3553/5816/4761
f 3541/2098/4763 3576/5127/4763 3575/5803/4763 3542/1485/4763
f 3562/2109/4771 3578/5807/4766 3577/5808/4766 3563/2110/4771
f 3552/5814/4772 3580/5809/4768 3579/5812/4768 3550/4958/4772
f 3600/5817/3827 3582/2113/3828 3581/2112/3828 3599/5579/3827
f 3594/5818/3829 3591/2121/3829 3590/2120/3829 3593/5819/3829
f 3586/2117/4773 3597/5820/4774 3598/5821/4774 3584/2115/4773
f 3582/2113/4775 3588/2119/4775 3587/2118/4775 3583/2114/4775
f 3591/2121/4776 3586/2117/4776 3585/2116/4776 3592/1915/4776
f 3588/2119/4777 3595/5822/3834 3596/5823/3834 3589/1049/4777
f 3646/5824/4778 3607/5825/4779 3608/5826/4780 3645/5827/4781
f 3648/5828/4782 3603/5829/4783 3604/5830/4784 3647/5831/4785
f 3620/5832/3872 3624/1068/3872 3626/2132/3872 3618/4626/3872
f 3607/5825/4779 3590/2120/3844 3592/1915/3844 3608/5826/4780
f 3584/2115/4786 3601/5833/4787 3602/5834/4788 3585/2116/4786
f 3583/2114/4789 3604/5830/4784 3603/5829/4783 3581/2112/4789
f 3589/1049/4790 3605/5835/4791 3606/5836/4792 3587/2118/4790
f 3650/5837/4793 3620/5832/1681 3619/5838/1680 3649/5597/4794
f 3652/5839/4795 3613/1057/1674 3612/1056/1673 3651/5840/4795
f 3623/2130/1684 3626/5841/4796 3625/5601/4796 3621/2129/1682
f 3629/2133/1688 3631/2134/4797 3630/1074/4797 3627/1071/1686
f 3654/4638/3875 3628/5842/3875 3627/4640/3875 3653/4641/3875
f 3636/2137/4798 3633/5843/1690 3635/4643/1692 3637/1939/4798
f 3656/5844/4799 3639/5845/4800 3641/5846/4800 3655/5847/4799
f 3640/5848/4801 3629/5849/4801 3628/4650/4801 3641/5850/4801
f 3633/1077/4802 3623/5851/4802 3622/5612/4802 3634/2136/4802
f 3644/4654/4803 3640/2139/1695 3639/2138/1694 3642/4655/4803
f 3658/5852/4804 3625/2131/4805 3624/1068/4805 3657/5853/4804
f 3660/5854/4806 3638/5855/4807 3637/5856/4807 3659/5857/4808
f 3614/1058/3872 3636/4662/3872 3638/5855/3872 3612/1056/3872
f 3631/2134/4809 3609/1916/4809 3611/2123/4809 3632/2135/4809
f 3643/5858/3873 3616/2125/3873 3615/2124/3873 3644/4654/3873
f 3605/5835/4791 3646/5824/4778 3645/5827/4781 3606/5836/4792
f 3601/5833/4787 3648/5828/4782 3647/5831/4785 3602/5834/4788
f 3616/5859/1677 3650/5837/4793 3649/5597/4794 3617/5860/1678
f 3610/5861/1671 3652/5839/4795 3651/5840/4795 3611/5862/1672
f 3634/5863/3875 3654/4638/3875 3653/4641/3875 3635/5864/3875
f 3621/5865/4810 3656/5844/4799 3655/5847/4799 3622/5866/4810
f 3642/2140/4811 3658/5852/4804 3657/5853/4804 3643/2141/4811
f 3632/5867/4812 3660/5854/4806 3659/5857/4808 3630/4673/4812
f 3698/4674/4813 3701/5868/1710 3703/5869/1712 3697/5870/4814
f 3702/5871/1711 3704/5872/4815 3705/4680/4816 3703/4681/1712
f 3704/5872/4815 3699/5873/4817 3700/5874/4818 3705/4680/4816
f 3707/5875/4819 3710/5876/4820 3711/5877/4821 3706/5878/4822
f 3710/5876/4820 3712/5879/1713 3714/4689/1715 3711/5877/4821
f 3713/2158/1714 3708/5880/4823 3709/5881/4824 3714/2159/1715
f 3716/5882/4825 3719/5883/4826 3720/3231/4827 3715/5884/4828
f 3719/5885/4826 3721/2160/1716 3723/1109/1718 3720/4696/4827
f 3722/2161/1717 3717/5648/4829 3718/5886/4830 3723/1109/1718
f 3725/5887/4831 3728/2162/1719 3730/2164/1721 3724/5888/4832
f 3729/2163/1720 3731/5652/4833 3732/5653/4834 3730/2164/1721
f 3731/5889/4833 3726/5890/4835 3727/4705/4836 3732/4706/4834
f 3663/5891/4837 3667/2143/1698 3669/2144/1700 3664/5892/4838
f 3668/1946/3905 3702/2155/1711 3701/2154/1710 3669/2144/3906
f 3667/2143/1698 3665/5893/4839 3666/5894/4840 3668/1946/1699
f 3665/5893/4839 3661/5895/4841 3662/5896/4842 3666/5894/4840
f 3674/2145/1701 3670/5897/4843 3671/5898/4844 3675/2146/1702
f 3712/2157/1713 3676/2147/4845 3675/2146/4846 3713/2158/1714
f 3677/5899/4847 3674/2145/1701 3676/2147/1703 3678/5900/4848
f 3672/5901/4849 3677/5899/4847 3678/5900/4848 3673/5902/4850
f 3692/5903/4851 3688/5904/4852 3689/4721/4853 3693/5905/4854
f 3694/2151/1707 3692/5903/4851 3693/5905/4854 3695/2152/1708
f 3728/2162/1719 3696/2153/4855 3695/2152/4856 3729/2163/1720
f 3690/5906/4857 3694/2151/1707 3696/2153/1709 3691/4724/4858
f 3681/5907/4859 3686/5908/4860 3687/4727/4861 3682/5909/4862
f 3686/5908/4860 3683/2148/1704 3685/2150/1706 3687/4727/4861
f 3684/2149/3923 3722/2161/1717 3721/2160/1716 3685/2150/3924
f 3683/2148/1704 3679/5910/4863 3680/5911/4864 3684/2149/1705
f 3679/5910/4863 3663/5891/4837 3664/5892/4838 3680/5911/4864
f 3697/5912/4814 3718/5886/4830 3717/5648/4829 3698/5913/4813
f 3599/5579/3827 3662/5896/4842 3661/5895/4841 3600/5817/3827
f 3682/5909/4862 3596/5823/3834 3595/5822/3834 3681/5907/4859
f 3618/2127/3933 3700/5874/4818 3699/5873/4817 3619/2128/3933
f 3706/5878/4822 3615/2124/3934 3617/2126/3934 3707/5875/4819
f 3597/5820/4774 3672/5901/4849 3673/5902/4850 3598/5821/4774
f 3593/5819/3829 3689/4721/4853 3688/5904/4852 3594/5818/3829
f 3691/4724/4858 3671/5898/4844 3670/5897/4843 3690/5906/4857
f 3724/5888/4832 3709/5881/4824 3708/5880/4823 3725/5887/4831
f 3715/5884/4828 3614/4733/3935 3613/5914/3935 3716/5882/4825
f 3609/1916/3936 3727/4705/4836 3726/5890/4835 3610/2122/3936
f 3764/5915/4865 3734/2166/1723 3733/2165/1722 3763/5916/4865
f 3762/5917/4866 3743/2172/4867 3742/2171/4867 3761/5918/4866
f 3769/2185/4868 3795/2204/4868 3794/2203/4868 3770/2186/4868
f 3753/2182/4869 3740/2169/4869 3739/1119/4869 3751/2180/4869
f 3743/2172/4870 3755/2183/4870 3754/1134/4870 3744/2173/4870
f 3780/5919/4871 3786/2195/4871 3785/2194/4871 3778/5920/4871
f 3760/5921/4872 3753/2182/4872 3752/2181/4872 3759/5687/4872
f 3758/5922/4873 3749/2178/1734 3748/2177/1733 3757/5923/4873
f 3738/1973/1727 3762/5917/4866 3761/5918/4866 3736/2168/1725
f 3734/2166/4874 3746/2175/4874 3745/2174/4874 3735/2167/4874
f 3749/2178/4875 3738/1973/4875 3737/1972/4875 3750/2179/4875
f 3755/2183/4873 3758/5922/4873 3757/5923/4873 3756/2184/4873
f 3740/2169/4876 3764/5915/4865 3763/5916/4865 3741/2170/4876
f 3746/2175/1731 3760/5921/4872 3759/5687/4872 3747/2176/1732
f 3822/5924/4877 3783/5925/4878 3784/4747/4879 3821/4748/4877
f 3824/5926/4880 3767/5927/4881 3768/5928/4882 3823/5693/4883
f 3790/5929/4884 3775/2189/4884 3777/2191/4884 3788/5930/4884
f 3796/5931/4885 3800/2208/4885 3802/2210/4885 3794/5932/4885
f 3774/5933/4886 3779/2192/4886 3778/1999/4886 3772/5934/4886
f 3776/5935/4887 3771/5936/4887 3770/5937/4887 3777/5938/4887
f 3793/2202/4888 3773/2188/4888 3772/2187/4888 3791/2200/4888
f 3783/5925/4878 3748/2177/1733 3750/2179/1735 3784/4747/4879
f 3736/2168/1725 3765/5939/4889 3766/5940/4890 3737/1972/1726
f 3735/2167/1724 3768/5928/4882 3767/5927/4881 3733/2165/1722
f 3771/5936/1740 3739/1119/4891 3741/2170/4891 3769/4764/1738
f 3744/2173/4892 3774/5933/1743 3773/4765/1742 3742/2171/4892
f 3747/2176/1732 3781/5941/4893 3782/5942/4894 3745/2174/1730
f 3756/2184/4895 3780/5919/1749 3779/4768/1748 3754/1134/4895
f 3775/2189/1744 3752/2181/4895 3751/2180/4895 3776/2190/1745
f 3826/5943/4896 3796/5931/1761 3795/5944/1760 3825/5945/4897
f 3828/5946/4898 3790/2199/1755 3789/2198/1754 3827/5947/4898
f 3799/4777/1764 3802/5948/4899 3801/4778/4899 3797/4779/1762
f 3805/2211/1768 3807/2213/4900 3806/2212/4900 3803/2017/1766
f 3830/5949/4901 3804/5950/4901 3803/5951/4901 3829/5952/4901
f 3812/2215/4902 3810/2214/1771 3809/1173/1770 3813/2216/4902
f 3832/5953/4903 3815/5954/4903 3817/5955/4903 3831/5956/4903
f 3816/4788/4904 3805/5724/4904 3804/5957/4904 3817/5958/4904
f 3810/4792/4905 3799/5959/4905 3798/5729/4905 3811/5960/4905
f 3820/5961/4906 3816/2217/1775 3815/1179/1774 3818/4797/4906
f 3834/5962/4907 3801/2209/4908 3800/2208/4908 3833/5963/4909
f 3836/5964/4910 3814/5965/4911 3813/5966/4911 3835/5737/4912
f 3788/2197/4913 3812/5967/4913 3814/5965/4913 3789/2198/4913
f 3807/2213/4914 3785/2194/4914 3787/2196/4914 3808/2020/4914
f 3819/5968/4915 3792/2201/4915 3791/2200/4915 3820/5961/4915
f 3781/5941/4893 3822/5924/4877 3821/4748/4877 3782/5942/4894
f 3765/5939/4889 3824/5926/4880 3823/5693/4883 3766/5940/4890
f 3792/5969/1757 3826/5943/4896 3825/5945/4897 3793/5970/1758
f 3786/5971/1751 3828/5946/4898 3827/5947/4898 3787/5972/1752
f 3811/5973/4901 3830/5949/4901 3829/5952/4901 3809/5974/4901
f 3797/2206/4903 3832/5953/4903 3831/5956/4903 3798/2207/4903
f 3818/2218/4916 3834/5962/4907 3833/5963/4909 3819/2219/4916
f 3808/5975/4917 3836/5964/4910 3835/5737/4912 3806/5976/4917
f 3868/4812/3013 3838/2222/3999 3837/2221/3999 3867/5038/3013
f 3866/4814/3014 3847/2229/3015 3846/1194/3015 3865/5977/3014
f 3873/1209/4012 3899/1231/4012 3898/1428/4012 3874/2240/4012
f 3857/2237/4197 3844/1192/4197 3843/2227/4197 3855/2235/4197
f 3847/2229/4137 3859/2238/4137 3858/1206/4137 3848/1196/4137
f 3884/5978/4008 3890/1520/4008 3889/2247/4008 3882/4817/4008
f 3864/4818/3020 3857/2237/3020 3856/2236/3020 3863/5979/3020
f 3862/5980/3021 3853/1403/3021 3852/2233/3021 3861/5981/3021
f 3842/2226/3994 3866/4814/3014 3865/5977/3014 3840/2224/3994
f 3838/2222/4918 3850/2231/4918 3849/2230/4918 3839/2223/4918
f 3853/1403/4919 3842/2226/4919 3841/2225/4919 3854/2234/4919
f 3859/2238/3021 3862/5980/3021 3861/5981/3021 3860/2239/3021
f 3844/1192/3024 3868/4812/3013 3867/5038/3013 3845/2228/3024
f 3850/2231/3020 3864/4818/3020 3863/5979/3020 3851/2232/3020
f 3926/5156/4920 3887/5982/4921 3888/4824/4922 3925/5159/4920
f 3928/5160/4923 3871/5983/4924 3872/4828/4925 3927/4829/4923
f 3894/2057/3998 3879/2243/3998 3881/2244/3998 3892/5984/3998
f 3900/5985/4926 3904/2256/4926 3906/2258/4926 3898/5165/4926
f 3878/5986/4927 3883/2246/4927 3882/2245/4927 3876/5987/4927
f 3880/4834/4148 3875/5055/4148 3874/5056/4148 3881/5988/4148
f 3897/2254/3995 3877/2242/3995 3876/2241/3995 3895/2252/3995
f 3887/5982/4921 3852/2233/4928 3854/2234/4928 3888/4824/4922
f 3840/2224/4929 3869/5989/4930 3870/5990/4931 3841/2225/4929
f 3839/2223/4932 3872/4828/4925 3871/5983/4924 3837/2221/4932
f 3875/5055/4156 3843/2227/4156 3845/2228/4156 3873/4842/4156
f 3848/1196/4156 3878/5986/4156 3877/4843/4156 3846/1194/4156
f 3851/2232/4933 3885/5755/4934 3886/5174/4935 3849/2230/4933
f 3860/2239/4160 3884/5978/4160 3883/4846/4160 3858/1206/4160
f 3879/2243/4160 3856/2236/4160 3855/2235/4160 3880/1216/4160
f 3930/4847/4936 3900/5985/1798 3899/5991/1797 3929/4850/4936
f 3932/5992/4165 3894/2251/1792 3893/2250/1791 3931/5993/4165
f 3903/5994/1801 3906/5995/4937 3905/4855/4937 3901/5996/1799
f 3909/2260/1805 3911/1243/4164 3910/2261/4164 3907/2259/1803
f 3934/5181/4219 3908/5182/4219 3907/5761/4219 3933/5997/4219
f 3916/2264/4166 3914/2263/1808 3913/2065/1807 3917/2265/4166
f 3936/5998/4221 3919/5072/4221 3921/5999/4221 3935/4864/4221
f 3920/6000/4938 3909/6001/4938 3908/4867/4938 3921/4868/4938
f 3914/6002/4939 3903/5078/4939 3902/4871/4939 3915/4872/4939
f 3924/6003/4170 3920/2266/1812 3919/2068/1811 3922/6004/4170
f 3938/4875/4225 3905/2257/4226 3904/2256/4226 3937/6005/4225
f 3940/6006/4227 3918/6007/4228 3917/4879/4228 3939/5084/4227
f 3892/2249/4940 3916/5085/4940 3918/6007/4940 3893/2250/4940
f 3911/1243/4230 3889/2247/4230 3891/2248/4230 3912/2262/4230
f 3923/5195/4229 3896/2253/4229 3895/2252/4229 3924/6003/4229
f 3885/5755/4934 3926/5156/4920 3925/5159/4920 3886/5174/4935
f 3869/5989/4930 3928/5160/4923 3927/4829/4923 3870/5990/4931
f 3896/2367/1794 3930/4847/4936 3929/4850/4936 3897/2060/1795
f 3890/6008/1788 3932/5992/4165 3931/5993/4165 3891/6009/1789
f 3915/5091/4219 3934/5181/4219 3933/5997/4219 3913/6010/4219
f 3901/1233/4221 3936/5998/4221 3935/4864/4221 3902/2255/4221
f 3922/2069/4178 3938/4875/4225 3937/6005/4225 3923/2267/4178
f 3912/6011/4179 3940/6006/4227 3939/5084/4227 3910/5775/4179
f 3972/3519/3013 3942/2268/1816 3941/2072/1815 3971/6012/3013
f 3970/3521/3014 3951/1265/3015 3950/2273/3015 3969/3522/3014
f 3977/2278/3016 4003/1295/3016 4002/1482/3016 3978/1277/3016
f 3961/2085/4941 3948/18/4941 3947/1262/4941 3959/2276/4941
f 3951/1265/4942 3963/33/4942 3962/1274/4942 3952/1266/4942
f 3988/3523/3019 3994/48/3019 3993/2282/3019 3986/4893/3019
f 3968/4894/3020 3961/2085/3020 3960/2277/3020 3967/3526/3020
f 3966/6013/3021 3957/2082/1822 3956/26/1171 3965/5100/3021
f 3946/2272/1820 3970/3521/3014 3969/3522/3014 3944/2270/1818
f 3942/2268/4943 3954/2274/4943 3953/1456/4943 3943/2269/4943
f 3957/2082/3023 3946/2272/3023 3945/2271/3023 3958/1460/3023
f 3963/33/3021 3966/6013/3021 3965/5100/3021 3964/34/3021
f 3948/18/3024 3972/3519/3013 3971/6012/3013 3949/1452/3024
f 3954/2274/1169 3968/4894/3020 3967/3526/3020 3955/2275/1170
f 4030/6014/3025 3991/6015/4238 3992/5103/4239 4029/6016/3025
f 4032/5105/4944 3975/4903/4945 3976/4904/4946 4031/6017/4944
f 3998/3543/3031 3983/1571/3031 3985/43/3031 3996/3544/3031
f 4004/6018/3032 4008/2289/3032 4010/1299/3032 4002/3547/3032
f 3982/6019/4947 3987/2281/4947 3986/2280/4947 3980/3549/4947
f 3984/6020/4948 3979/6021/4948 3978/5113/4948 3985/6022/4948
f 4001/55/3035 3981/2279/3035 3980/1279/3035 3999/2286/3035
f 3991/6015/4238 3956/26/1171 3958/1460/1173 3992/5103/4239
f 3944/2270/1818 3973/6023/4949 3974/5289/4950 3945/2271/1819
f 3943/2269/1817 3976/4904/4946 3975/4903/4945 3941/2072/1815
f 3979/6021/1825 3947/1262/3038 3949/1452/3038 3977/3558/1823
f 3952/1266/3038 3982/6019/1828 3981/3559/1827 3950/2273/3038
f 3955/2275/1170 3989/6024/4249 3990/5293/4250 3953/1456/1168
f 3964/34/4951 3988/3523/1834 3987/3562/1833 3962/1274/4951
f 3983/1571/1829 3960/2277/3041 3959/2276/3041 3984/1469/1830
f 4034/6025/4952 4004/6018/1846 4003/6026/1845 4033/3565/4952
f 4036/6027/4953 3998/52/1840 3997/2285/1839 4035/4923/4953
f 4007/4924/1849 4010/5122/4190 4009/4925/4190 4005/4926/1847
f 4013/2292/1853 4015/1491/3045 4014/2293/3045 4011/2291/1851
f 4038/6028/3046 4012/6029/3046 4011/6030/3046 4037/5126/3046
f 4020/2294/3047 4018/1307/1856 4017/1667/1855 4021/1494/3047
f 4040/6031/3048 4023/6032/3048 4025/6033/3048 4039/6034/3048
f 4024/5130/4954 4013/5131/4954 4012/4937/4954 4025/4938/4954
f 4018/6035/4955 4007/4940/4955 4006/4941/4955 4019/4942/4955
f 4028/5136/4193 4024/1313/1860 4023/2295/1859 4026/5137/4193
f 4042/6036/4956 4009/2290/4957 4008/2289/4957 4041/6037/4956
f 4044/6038/4958 4022/3577/4959 4021/5811/4959 4043/6039/4958
f 3996/2284/4960 4020/3576/4960 4022/3577/4960 3997/2285/4960
f 4015/1491/3057 3993/2282/3057 3995/2283/3057 4016/1305/3057
f 4027/3579/3057 4000/2287/3057 3999/2286/3057 4028/5136/3057
f 3989/6024/4249 4030/6014/3025 4029/6016/3025 3990/5293/4250
f 3973/6023/4949 4032/5105/4944 4031/6017/4944 3974/5289/4950
f 4000/1292/1842 4034/6025/4952 4033/3565/4952 4001/6040/1843
f 3994/6041/1836 4036/6027/4953 4035/4923/4953 3995/6042/1837
f 4019/6043/3046 4038/6028/3046 4037/5126/3046 4017/6044/3046
f 4005/2288/3048 4040/6031/3048 4039/6034/3048 4006/1485/3048
f 4026/2109/4961 4042/6036/4956 4041/6037/4956 4027/2296/4961
f 4016/6045/4962 4044/6038/4958 4043/6039/4958 4014/4958/4962
f 4076/6046/4963 4046/2298/1864 4045/2297/1863 4075/6047/4963
f 4074/6048/4964 4055/2306/4965 4054/1327/4965 4073/6049/4964
f 4081/2318/4966 4107/1364/4966 4106/2332/4966 4082/2319/4966
f 4065/2315/4967 4052/2304/4967 4051/2303/4967 4063/2313/4967
f 4055/2306/4968 4067/2316/4968 4066/1339/4968 4056/2307/4968
f 4092/6050/4969 4098/2327/4969 4097/2326/4969 4090/6051/4969
f 4072/4965/4970 4065/2315/4971 4064/2314/4971 4071/6052/4970
f 4070/6053/4972 4061/1334/1875 4060/2311/1874 4069/6054/4972
f 4050/2302/1868 4074/6048/4964 4073/6049/4964 4048/2300/1866
f 4046/2298/4973 4058/2309/4973 4057/2308/4973 4047/2299/4973
f 4061/1334/4974 4050/2302/4974 4049/2301/4974 4062/2312/4974
f 4067/2316/4975 4070/6053/4972 4069/6054/4972 4068/2317/4975
f 4052/2304/4976 4076/6046/4963 4075/6047/4963 4053/2305/4976
f 4058/2309/1872 4072/4965/4970 4071/6052/4970 4059/2310/1873
f 4134/6055/4977 4095/6056/4978 4096/6057/4979 4133/6058/4980
f 4136/6059/4981 4079/6060/4982 4080/6061/4983 4135/6062/4984
f 4102/2330/4985 4087/2322/4985 4089/2324/4985 4100/2328/4985
f 4108/2333/4986 4112/4977/4986 4114/6063/4986 4106/2332/4986
f 4086/6064/4987 4091/2325/4987 4090/1351/4987 4084/6065/4987
f 4088/6066/4988 4083/6067/4988 4082/6068/4988 4089/6069/4988
f 4105/6070/4989 4085/1346/4989 4084/2321/4989 4103/4986/4989
f 4095/6056/4978 4060/2311/1874 4062/2312/1876 4096/6057/4979
f 4048/2300/1866 4077/6071/4990 4078/6072/4991 4049/2301/1867
f 4047/2299/1865 4080/6061/4983 4079/6060/4982 4045/2297/1863
f 4083/6067/1881 4051/2303/4992 4053/2305/4992 4081/4989/1879
f 4056/2307/4992 4086/6064/1884 4085/4990/1883 4054/1327/4992
f 4059/2310/1873 4093/6073/4993 4094/4992/4994 4057/2308/1871
f 4068/2317/4995 4092/6050/1890 4091/4993/1889 4066/1339/4995
f 4087/2322/1885 4064/2314/4996 4063/2313/4996 4088/2323/1886
f 4138/6074/4997 4108/6075/1902 4107/6076/1901 4137/6077/4998
f 4140/6078/4999 4102/6079/1896 4101/6080/1895 4139/6081/5000
f 4111/6082/1905 4114/6063/5001 4113/6083/5001 4109/5004/1903
f 4117/2338/1909 4119/2339/5002 4118/1375/5002 4115/2337/1907
f 4142/6084/4999 4116/6085/5003 4115/6086/5003 4141/5008/4999
f 4124/2342/5004 4122/2341/1912 4121/2340/1911 4125/2343/5004
f 4144/5009/5005 4127/6087/5006 4129/5011/5006 4143/6088/5005
f 4128/6089/5007 4117/6090/5007 4116/6091/5007 4129/6092/5007
f 4122/6093/5008 4111/6094/5008 4110/6095/5008 4123/6096/5008
f 4132/6097/5009 4128/2346/1916 4127/2345/1915 4130/6098/5009
f 4146/6099/5010 4113/1370/5011 4112/2336/5011 4145/6100/5010
f 4148/6101/5012 4126/6102/5013 4125/5027/5013 4147/6103/5012
f 4100/2328/5014 4124/2342/5014 4126/2344/5014 4101/2329/5014
f 4119/5029/5015 4097/6104/5015 4099/6105/5015 4120/6106/5015
f 4131/2348/5016 4104/1361/5016 4103/1360/5016 4132/2349/5016
f 4093/6073/4993 4134/6055/4977 4133/6058/4980 4094/4992/4994
f 4077/6071/4990 4136/6059/4981 4135/6062/4984 4078/6072/4991
f 4104/1361/1898 4138/6074/4997 4137/6077/4998 4105/2331/1899
f 4098/6107/1892 4140/6078/4999 4139/6081/5000 4099/6105/1893
f 4123/6108/5017 4142/6084/4999 4141/5008/4999 4121/6109/5017
f 4109/2334/5018 4144/5009/5005 4143/6088/5005 4110/2335/5018
f 4130/2347/5019 4146/6099/5010 4145/6100/5010 4131/2348/5019
f 4120/6106/5020 4148/6101/5012 4147/6103/5012 4118/5036/5020
f 4180/5037/3014 4150/1501/3994 4149/2350/3994 4179/5038/3014
f 4178/6110/3013 4159/2352/3024 4158/1397/3024 4177/6111/3013
f 4185/2361/3995 4211/2370/3995 4210/2369/3995 4186/2362/3995
f 4169/2360/5021 4156/1395/5021 4155/1505/5021 4167/2358/5021
f 4159/2352/3997 4171/1207/3997 4170/2046/3997 4160/2353/3997
f 4196/5040/3998 4202/1420/3998 4201/1519/3998 4194/6112/3998
f 4176/6113/3021 4169/2360/3021 4168/2359/3021 4175/5979/3021
f 4174/5042/3020 4165/1515/3020 4164/2356/3020 4173/4821/3020
f 4154/1504/3999 4178/6110/3013 4177/6111/3013 4152/2351/3999
f 4150/1501/4000 4162/1198/4000 4161/2354/4000 4151/2223/4000
f 4165/1515/5022 4154/1504/5022 4153/2225/5022 4166/2357/5022
f 4171/1207/3020 4174/5042/3020 4173/4821/3020 4172/1208/3020
f 4156/1395/3015 4180/5037/3014 4179/5038/3014 4157/2228/3015
f 4162/1198/3021 4176/6113/3021 4175/5979/3021 4163/2355/3021
f 4238/6114/5023 4199/5747/5024 4200/6115/5025 4237/6116/5023
f 4240/6117/5026 4183/5983/5027 4184/5048/5028 4239/6118/5026
f 4206/1226/4008 4191/1414/4008 4193/1217/4008 4204/2364/4008
f 4212/2371/4009 4216/4830/4009 4218/6119/4009 4210/2369/4009
f 4190/6120/5029 4195/2055/5029 4194/2054/5029 4188/4833/5029
f 4192/6121/5030 4187/6122/5030 4186/5056/5030 4193/5988/5030
f 4209/4838/4012 4189/2363/4012 4188/1212/4012 4207/4839/4012
f 4199/5747/5024 4164/2356/5031 4166/2357/5031 4200/6115/5025
f 4152/2351/5032 4181/6123/5033 4182/6124/5034 4153/2225/5032
f 4151/2223/5035 4184/5048/5028 4183/5983/5027 4149/2350/5035
f 4187/6122/4729 4155/1505/4729 4157/2228/4729 4185/4842/4729
f 4160/2353/4729 4190/6120/4729 4189/4843/4729 4158/1397/4729
f 4163/2355/5036 4197/4844/5037 4198/6125/5038 4161/2354/5036
f 4172/1208/4733 4196/5040/4733 4195/4846/4733 4170/2046/4733
f 4191/1414/4733 4168/2359/4733 4167/2358/4733 4192/1415/4733
f 4242/5061/4734 4212/4848/1940 4211/6126/1939 4241/6127/4734
f 4244/5063/4735 4206/6128/1934 4205/6129/1933 4243/6130/4735
f 4215/6131/1943 4218/6119/5039 4217/4855/5039 4213/4856/1941
f 4221/2374/1947 4223/1243/4026 4222/1242/4026 4219/1239/1945
f 4246/5181/4027 4220/6132/4027 4219/6133/4027 4245/6134/4027
f 4228/2376/4028 4226/2375/1950 4225/1439/1949 4229/2066/4028
f 4248/6135/4029 4231/6136/4029 4233/5999/4029 4247/6137/4029
f 4232/5075/5040 4221/6138/5040 4220/4867/5040 4233/4868/5040
f 4226/6139/5041 4215/6140/5041 4214/4871/5041 4227/4872/5041
f 4236/4873/4032 4232/1252/1954 4231/1444/1953 4234/4874/4032
f 4250/6141/4029 4217/2062/4034 4216/2256/4034 4249/4876/4029
f 4252/6142/4027 4230/6143/4035 4229/4879/4035 4251/5084/4027
f 4204/2364/5042 4228/2376/5042 4230/1443/5042 4205/2365/5042
f 4223/4881/4037 4201/6144/4037 4203/6145/4037 4224/6146/4037
f 4235/2267/5043 4208/2367/5043 4207/2366/5043 4236/1542/5043
f 4197/4844/5037 4238/6114/5023 4237/6116/5023 4198/6125/5038
f 4181/6123/5033 4240/6117/5026 4239/6118/5026 4182/6124/5034
f 4208/2367/1936 4242/5061/4734 4241/6127/4734 4209/2368/1937
f 4202/6147/1930 4244/5063/4735 4243/6130/4735 4203/6145/1931
f 4227/5091/4027 4246/5181/4027 4245/6134/4027 4225/6148/4027
f 4213/2372/4029 4248/6135/4029 4247/6137/4029 4214/2373/4029
f 4234/2377/4743 4250/6141/4029 4249/4876/4029 4235/2267/4743
f 4224/6146/4040 4252/6142/4027 4251/5084/4027 4222/4888/4040
f 4284/5037/3014 4254/1186/3994 4253/1185/3994 4283/6149/3014
f 4282/4814/3013 4263/2381/3024 4262/1194/3024 4281/5151/3013
f 4289/1209/4149 4315/2391/4149 4314/1230/4149 4290/1410/4149
f 4273/2383/5044 4260/2380/5044 4259/1505/5044 4271/1405/5044
f 4263/2381/5045 4275/1207/5045 4274/1407/5045 4264/1510/5045
f 4300/6150/3998 4306/1420/3998 4305/1419/3998 4298/4817/3998
f 4280/6113/3021 4273/2383/3021 4272/2359/3021 4279/5979/3021
f 4278/5980/3020 4269/1515/3020 4268/2356/3020 4277/5155/3020
f 4258/1504/3999 4282/4814/3013 4281/5151/3013 4256/2378/3999
f 4254/1186/4000 4266/1198/4000 4265/2354/4000 4255/1502/4000
f 4269/1515/5046 4258/1504/5046 4257/2379/5046 4270/1202/5046
f 4275/1207/3020 4278/5980/3020 4277/5155/3020 4276/1208/3020
f 4260/2380/3015 4284/5037/3014 4283/6149/3014 4261/1396/3015
f 4266/1198/3021 4280/6113/3021 4279/5979/3021 4267/2382/3021
f 4342/6151/4002 4303/6152/4003 4304/6153/4004 4341/6116/4002
f 4344/6154/4005 4287/5161/5047 4288/6155/5048 4343/4829/4005
f 4310/2389/4008 4295/2385/4008 4297/1416/4008 4308/2387/4008
f 4316/1430/5049 4320/4830/5049 4322/5066/5049 4314/1230/5049
f 4294/6156/5050 4299/1417/5050 4298/2386/5050 4292/6157/5050
f 4296/6158/5051 4291/5055/5051 4290/5056/5051 4297/5988/5051
f 4313/1527/4135 4293/2384/4135 4292/1412/4135 4311/6159/4135
f 4303/6152/4003 4268/2356/4013 4270/1202/4013 4304/6153/4004
f 4256/2378/5052 4285/6160/5053 4286/5059/5054 4257/2379/5052
f 4255/1502/4017 4288/6155/5048 4287/5161/5047 4253/1185/4017
f 4291/5055/4729 4259/1505/4729 4261/1396/4729 4289/4842/4729
f 4264/1510/4729 4294/6156/4729 4293/4843/4729 4262/1194/4729
f 4267/2382/4019 4301/6161/4020 4302/6162/4021 4265/2354/4019
f 4276/1208/4733 4300/6150/4733 4299/4846/4733 4274/1407/4733
f 4295/2385/4733 4272/2359/4733 4271/1405/4733 4296/1216/4733
f 4346/6163/4734 4316/6164/1975 4315/6126/1974 4345/6165/4734
f 4348/6166/4735 4310/5759/1969 4309/6167/1968 4347/6168/4735
f 4319/5065/1599 4322/5066/4025 4321/4855/4025 4317/4856/1597
f 4325/2394/1603 4327/2395/4026 4326/2064/4026 4323/1239/1601
f 4350/6169/4027 4324/5068/4027 4323/6170/4027 4349/6171/4027
f 4332/1441/5055 4330/1440/1978 4329/2065/1605 4333/2066/5055
f 4352/5998/4029 4335/6172/4029 4337/5073/4029 4351/6137/4029
f 4336/6000/5056 4325/6173/5056 4324/4867/5056 4337/4868/5056
f 4330/6174/4031 4319/6140/4031 4318/4871/4031 4331/4872/4031
f 4340/6175/4032 4336/1445/1981 4335/1251/1980 4338/4874/4032
f 4354/5079/4029 4321/2393/4034 4320/1236/4034 4353/6005/4029
f 4356/5768/5057 4334/4878/4035 4333/6176/4035 4355/5084/5057
f 4308/2387/5058 4332/1441/5058 4334/1443/5058 4309/2388/5058
f 4327/4881/5059 4305/4882/5059 4307/6177/5059 4328/6178/5059
f 4339/2397/5043 4312/2390/5043 4311/1227/5043 4340/2071/5043
f 4301/6161/4020 4342/6151/4002 4341/6116/4002 4302/6162/4021
f 4285/6160/5053 4344/6154/4005 4343/4829/4005 4286/5059/5054
f 4312/2390/1971 4346/6163/4734 4345/6165/4734 4313/2060/1972
f 4306/5774/891 4348/6166/4735 4347/6168/4735 4307/6177/892
f 4331/4886/4027 4350/6169/4027 4349/6171/4027 4329/6179/4027
f 4317/2392/4029 4352/5998/4029 4351/6137/4029 4318/1234/4029
f 4338/2396/4743 4354/5079/4029 4353/6005/4029 4339/2397/4743
f 4328/6178/4040 4356/5768/5057 4355/5084/5057 4326/5775/4040
f 4388/6180/4232 4358/1544/1985 4357/2398/1984 4387/5776/4232
f 4386/6181/5060 4367/2406/3024 4366/2405/3024 4385/4891/5060
f 4393/1465/5061 4419/2431/5061 4418/2430/5061 4394/2417/5061
f 4377/2413/5062 4364/2403/5062 4363/2402/5062 4375/2412/5062
f 4367/2406/5063 4379/2415/5063 4378/2414/5063 4368/2407/5063
f 4404/6182/4242 4410/2424/4242 4409/2423/4242 4402/6183/4242
f 4384/5206/3021 4377/2413/3021 4376/2277/3021 4383/6184/3021
f 4382/6185/3020 4373/2410/1996 4372/26/1995 4381/5778/3020
f 4362/2401/1989 4386/6181/5060 4385/4891/5060 4360/1259/1987
f 4358/1544/5064 4370/2409/5064 4369/2408/5064 4359/2399/5064
f 4373/2410/5065 4362/2401/5065 4361/2400/5065 4374/2411/5065
f 4379/2415/3020 4382/6185/3020 4381/5778/3020 4380/2416/3020
f 4364/2403/3015 4388/6180/4232 4387/5776/4232 4365/2404/3015
f 4370/2409/1993 4384/5206/3021 4383/6184/3021 4371/1269/1994
f 4446/6186/4044 4407/6187/4045 4408/4900/4046 4445/5781/4044
f 4448/6188/4047 4391/6189/4751 4392/6190/4752 4447/5107/4047
f 4414/1290/4235 4399/1281/4235 4401/2419/4235 4412/2425/4235
f 4420/2432/5066 4424/6191/5066 4426/6192/5066 4418/2430/5066
f 4398/6193/5067 4403/2421/5067 4402/2420/5067 4396/6194/5067
f 4400/6195/5068 4395/6196/5068 4394/6197/5068 4401/6198/5068
f 4417/2621/5069 4397/1467/5069 4396/2418/5069 4415/6199/5069
f 4407/6187/4045 4372/26/1995 4374/2411/1997 4408/4900/4046
f 4360/1259/1987 4389/6200/5070 4390/5793/5071 4361/2400/1988
f 4359/2399/1986 4392/6190/4752 4391/6189/4751 4357/2398/1984
f 4395/6196/2000 4363/2402/4055 4365/2404/4055 4393/3558/1998
f 4368/2407/4055 4398/6193/2003 4397/3559/2002 4366/2405/4055
f 4371/1269/1994 4405/6201/4056 4406/5293/4057 4369/2408/1992
f 4380/2416/4058 4404/6182/2009 4403/3562/2008 4378/2414/4058
f 4399/1281/2004 4376/2277/4058 4375/2412/4058 4400/42/2005
f 4450/5242/5072 4420/6202/2021 4419/6026/2020 4449/6203/5072
f 4452/6204/5073 4414/6205/2015 4413/6206/2014 4451/6207/5073
f 4423/6208/2024 4426/6192/5074 4425/4925/5074 4421/4926/2022
f 4429/2439/2028 4431/2440/5075 4430/2293/5075 4427/2438/2026
f 4454/5246/5076 4428/6209/5076 4427/6210/5076 4453/6211/5076
f 4436/2444/5077 4434/2443/2031 4433/2442/2030 4437/1494/5077
f 4456/6212/5078 4439/6213/5078 4441/6214/5078 4455/5248/5078
f 4440/6215/5079 4429/6216/5079 4428/6217/5079 4441/6218/5079
f 4434/6219/5080 4423/6220/5080 4422/6221/5080 4435/6222/5080
f 4444/6223/5081 4440/2446/2035 4439/1496/2034 4442/5137/5081
f 4458/6224/5078 4425/2436/5082 4424/2435/5082 4457/6225/5078
f 4460/6226/5076 4438/6227/5083 4437/5811/5083 4459/6039/5076
f 4412/2425/5084 4436/2444/5084 4438/2445/5084 4413/2426/5084
f 4431/6228/5085 4409/6229/5085 4411/6230/5085 4432/6231/5085
f 4443/2448/5086 4416/2428/5086 4415/2427/5086 4444/2449/5086
f 4405/6201/4056 4446/6186/4044 4445/5781/4044 4406/5293/4057
f 4389/6200/5070 4448/6188/4047 4447/5107/4047 4390/5793/5071
f 4416/2428/2017 4450/5242/5072 4449/6203/5072 4417/2429/2018
f 4410/6232/2011 4452/6204/5073 4451/6207/5073 4411/6230/2012
f 4435/6233/5076 4454/5246/5076 4453/6211/5076 4433/6234/5076
f 4421/2433/5078 4456/6212/5078 4455/5248/5078 4422/2434/5078
f 4442/2447/4771 4458/6224/5078 4457/6225/5078 4443/2448/4771
f 4432/6231/5087 4460/6226/5076 4459/6039/5076 4430/4958/5087
f 4480/6235/5088 4462/2451/5089 4461/2450/5089 4479/6236/5088
f 4474/6237/5090 4471/2459/5091 4470/2120/5091 4473/6238/5090
f 4466/2455/5092 4477/6239/5093 4478/6240/5093 4464/2453/5092
f 4462/2451/5094 4468/2457/5094 4467/2456/5094 4463/2452/5094
f 4471/2459/5095 4466/2455/5095 4465/2454/5095 4472/2460/5095
f 4468/2457/5096 4475/5822/5097 4476/6241/5097 4469/2458/5096
f 4526/6242/5098 4487/6243/5099 4488/6244/5100 4525/6245/5101
f 4528/6246/5102 4483/6247/5103 4484/5830/5104 4527/5831/5105
f 4500/6248/5106 4504/2474/5106 4506/2476/5106 4498/5592/5106
f 4487/6243/5099 4470/2120/5107 4472/2460/5107 4488/6244/5100
f 4464/2453/5108 4481/6249/5109 4482/6250/5110 4465/2454/5108
f 4463/2452/5111 4484/5830/5104 4483/6247/5103 4461/2450/5111
f 4469/2458/5112 4485/6251/5113 4486/5594/5114 4467/2456/5112
f 4530/6252/5115 4500/6248/2053 4499/6253/2052 4529/6254/5116
f 4532/6255/5117 4493/2465/2046 4492/2464/2045 4531/6256/5118
f 4503/2473/2056 4506/6257/5119 4505/5601/5119 4501/2472/2054
f 4509/2478/2060 4511/2479/5120 4510/1074/5120 4507/2477/2058
f 4534/6258/5121 4508/6259/5122 4507/6260/5122 4533/6261/5121
f 4516/2483/5123 4513/6262/2062 4515/4643/2064 4517/2484/5123
f 4536/6263/5124 4519/6264/5125 4521/6265/5125 4535/5847/5124
f 4520/5608/5126 4509/6266/5126 4508/4650/5126 4521/5610/5126
f 4513/2481/5127 4503/5611/5127 4502/5612/5127 4514/2482/5127
f 4524/6267/5128 4520/2487/2067 4519/2486/2066 4522/4655/5128
f 4538/6268/5129 4505/2475/5130 4504/2474/5130 4537/6269/5129
f 4540/6270/5131 4518/6271/5132 4517/5856/5132 4539/5857/5133
f 4494/1058/5134 4516/5619/5134 4518/6271/5134 4492/2464/5134
f 4511/2479/5135 4489/2461/5135 4491/2463/5135 4512/2480/5135
f 4523/6272/5136 4496/2467/5136 4495/2466/5136 4524/6267/5136
f 4485/6251/5113 4526/6242/5098 4525/6245/5101 4486/5594/5114
f 4481/6249/5109 4528/6246/5102 4527/5831/5105 4482/6250/5110
f 4496/6273/2049 4530/6252/5115 4529/6254/5116 4497/5860/2050
f 4490/6274/2043 4532/6255/5117 4531/6256/5118 4491/6275/2044
f 4514/6276/5137 4534/6258/5121 4533/6261/5121 4515/6277/5137
f 4501/6278/5138 4536/6263/5124 4535/5847/5124 4502/6279/5138
f 4522/2488/5139 4538/6268/5129 4537/6269/5129 4523/2489/5139
f 4512/6280/5140 4540/6270/5131 4539/5857/5133 4510/4673/5140
f 4578/4674/5141 4581/4675/2082 4583/6281/2084 4577/6282/5142
f 4582/6283/2083 4584/6284/5143 4585/6285/5144 4583/4681/2084
f 4584/6284/5143 4579/6286/5145 4580/6287/5146 4585/6285/5144
f 4587/6288/5147 4590/6289/5148 4591/4686/5149 4586/6290/5150
f 4590/6289/5148 4592/6291/2085 4594/4689/2087 4591/4686/5149
f 4593/1960/2086 4588/6292/5151 4589/6293/5152 4594/2504/2087
f 4596/6294/5153 4599/6295/5154 4600/3231/5155 4595/6296/5156
f 4599/6297/5154 4601/2505/2088 4603/2507/2090 4600/4696/5155
f 4602/2506/2089 4597/5648/5157 4598/6298/5158 4603/2507/2090
f 4605/6299/5159 4608/2508/2091 4610/2164/2093 4604/6300/5160
f 4609/2509/2092 4611/6301/5161 4612/6302/5162 4610/2164/2093
f 4611/6303/5161 4606/6304/5163 4607/6305/5164 4612/4706/5162
f 4543/6306/5165 4547/2490/2070 4549/2492/2072 4544/5892/5166
f 4548/2491/5167 4582/2501/2083 4581/2500/2082 4549/2492/5168
f 4547/2490/2070 4545/6307/5169 4546/6308/5170 4548/2491/2071
f 4545/6307/5169 4541/6309/5171 4542/5660/5172 4546/6308/5170
f 4554/1948/2073 4550/6310/5173 4551/6311/5174 4555/2493/2074
f 4592/2503/2085 4556/2494/5175 4555/2493/5176 4593/1960/2086
f 4557/6312/5177 4554/1948/2073 4556/2494/2075 4558/6313/5178
f 4552/6314/5179 4557/6312/5177 4558/6313/5178 4553/4718/5180
f 4572/5666/5181 4568/6315/5182 4569/4721/5183 4573/6316/5184
f 4574/1098/2079 4572/5666/5181 4573/6316/5184 4575/2498/2080
f 4608/2508/2091 4576/2499/5185 4575/2498/5186 4609/2509/2092
f 4570/6317/5187 4574/1098/2079 4576/2499/2081 4571/5671/5188
f 4561/5907/5189 4566/6318/5190 4567/6319/5191 4562/6320/5192
f 4566/6318/5190 4563/2495/2076 4565/2497/2078 4567/6319/5191
f 4564/2496/5193 4602/2506/2089 4601/2505/2088 4565/2497/5194
f 4563/2495/2076 4559/6321/5195 4560/6322/5196 4564/2496/2077
f 4559/6321/5195 4543/6306/5165 4544/5892/5166 4560/6322/5196
f 4577/6323/5142 4598/6298/5158 4597/5648/5157 4578/5678/5141
f 4479/6236/5088 4542/5660/5172 4541/6309/5171 4480/6235/5088
f 4562/6320/5192 4476/6241/5097 4475/5822/5097 4561/5907/5189
f 4498/2469/5197 4580/6287/5146 4579/6286/5145 4499/2470/5197
f 4586/6290/5150 4495/2466/5198 4497/2468/5198 4587/6288/5147
f 4477/6239/5093 4552/6314/5179 4553/4718/5180 4478/6240/5093
f 4473/6238/5090 4569/4721/5183 4568/6315/5182 4474/6237/5090
f 4571/5671/5188 4551/6311/5174 4550/6310/5173 4570/6317/5187
f 4604/6300/5160 4589/6293/5152 4588/6292/5151 4605/6299/5159
f 4595/6296/5156 4494/6324/5199 4493/4734/5199 4596/6294/5153
f 4489/2461/5200 4607/6305/5164 4606/6304/5163 4490/2462/5200
f 4644/6325/5201 4614/2511/2095 4613/2510/2094 4643/6326/5201
f 4642/5917/5202 4623/1123/5203 4622/2517/5203 4641/6327/5202
f 4649/2529/5204 4675/2543/5204 4674/2542/5204 4650/2530/5204
f 4633/2525/5205 4620/2515/5205 4619/2514/5205 4631/1131/5205
f 4623/1123/5206 4635/2527/5206 4634/2526/5206 4624/2518/5206
f 4660/6328/5207 4666/2536/5207 4665/1149/5207 4658/5685/5207
f 4640/5921/5208 4633/2525/5209 4632/2181/5209 4639/4742/5208
f 4638/6329/5210 4629/2523/2106 4628/2522/2105 4637/6330/5210
f 4618/2513/2099 4642/5917/5202 4641/6327/5202 4616/2512/2097
f 4614/2511/5211 4626/2520/5211 4625/2519/5211 4615/1970/5211
f 4629/2523/5212 4618/2513/5212 4617/1972/5212 4630/2524/5212
f 4635/2527/5213 4638/6329/5210 4637/6330/5210 4636/2528/5213
f 4620/2515/5214 4644/6325/5201 4643/6326/5201 4621/2516/5214
f 4626/2520/2103 4640/5921/5208 4639/4742/5208 4627/2521/2104
f 4702/6331/5215 4663/6332/5216 4664/5691/5217 4701/6333/5218
f 4704/5926/5219 4647/6334/5220 4648/4751/5221 4703/6335/5222
f 4670/1154/5223 4655/2533/5223 4657/1998/5223 4668/2537/5223
f 4676/2011/5224 4680/6336/5224 4682/6337/5224 4674/2542/5224
f 4654/6338/5225 4659/1147/5225 4658/2535/5225 4652/6339/5225
f 4656/6340/5226 4651/6341/5226 4650/6342/5226 4657/6343/5226
f 4673/6344/5227 4653/2532/5227 4652/2531/5227 4671/5702/5227
f 4663/6332/5216 4628/2522/2105 4630/2524/2107 4664/5691/5217
f 4616/2512/2097 4645/6345/5228 4646/6346/5229 4617/1972/2098
f 4615/1970/2096 4648/4751/5221 4647/6334/5220 4613/2510/2094
f 4651/6341/2112 4619/2514/5230 4621/2516/5230 4649/4764/2110
f 4624/2518/5231 4654/6338/2115 4653/4765/2114 4622/2517/5231
f 4627/2521/2104 4661/6347/5232 4662/5942/5233 4625/2519/2102
f 4636/2528/5234 4660/6328/2121 4659/4768/2120 4634/2526/5234
f 4655/2533/2116 4632/2181/5235 4631/1131/5235 4656/2534/2117
f 4706/5708/5236 4676/5709/2133 4675/4771/2132 4705/4772/5237
f 4708/6348/5238 4670/2199/2127 4669/6349/2126 4707/6350/5239
f 4679/4777/2136 4682/6337/5240 4681/4778/5240 4677/4779/2134
f 4685/2550/2140 4687/2552/5241 4686/2551/5241 4683/2549/2138
f 4710/5716/5242 4684/6351/5243 4683/4782/5243 4709/4783/5242
f 4692/2555/5244 4690/2554/2143 4689/2553/2142 4693/2556/5244
f 4712/6352/5245 4695/6353/5246 4697/6354/5246 4711/6355/5245
f 4696/6356/5247 4685/6357/5247 4684/5725/5247 4697/4791/5247
f 4690/6358/5248 4679/6359/5248 4678/5729/5248 4691/5730/5248
f 4700/5961/5249 4696/2027/2147 4695/2558/2146 4698/6360/5249
f 4714/6361/5250 4681/2547/5251 4680/2546/5251 4713/6362/5250
f 4716/5734/5252 4694/6363/5253 4693/6364/5253 4715/5737/5254
f 4668/2537/5255 4692/2555/5255 4694/2557/5255 4669/2538/5255
f 4687/6365/5256 4665/4805/5256 4667/6366/5256 4688/6367/5256
f 4699/2560/5257 4672/2540/5257 4671/2539/5257 4700/2561/5257
f 4661/6347/5232 4702/6331/5215 4701/6333/5218 4662/5942/5233
f 4645/6345/5228 4704/5926/5219 4703/6335/5222 4646/6346/5229
f 4672/2540/2129 4706/5708/5236 4705/4772/5237 4673/2541/2130
f 4666/6368/2123 4708/6348/5238 4707/6350/5239 4667/6366/2124
f 4691/6369/5258 4710/5716/5242 4709/4783/5242 4689/6370/5258
f 4677/2544/5259 4712/6352/5245 4711/6355/5245 4678/2545/5259
f 4698/2559/5260 4714/6361/5250 4713/6362/5250 4699/2560/5260
f 4688/6367/5261 4716/5734/5252 4715/5737/5254 4686/6371/5261
f 4748/6372/5262 4718/2563/4217 4717/2562/4217 4747/6373/5262
f 4746/6110/5263 4727/2569/5264 4726/2037/5264 4745/6374/5263
f 4753/1209/5265 4779/2589/5265 4778/1528/5265 4754/1410/5265
f 4737/2577/5266 4724/2380/5266 4723/2567/5266 4735/1203/5266
f 4727/2569/5021 4739/2238/5021 4738/1206/5021 4728/2570/5021
f 4764/6375/5267 4770/2585/5267 4769/2584/5267 4762/6112/5267
f 4744/6376/5268 4737/2577/5269 4736/2359/5269 4743/6377/5268
f 4742/4820/5270 4733/2575/4735 4732/2574/4735 4741/6378/5270
f 4722/2566/4734 4746/6110/5263 4745/6374/5263 4720/2224/4734
f 4718/2563/5271 4730/2572/5271 4729/2571/5271 4719/2564/5271
f 4733/2575/5272 4722/2566/5272 4721/2565/5272 4734/2576/5272
f 4739/2238/5273 4742/4820/5270 4741/6378/5270 4740/2239/5273
f 4724/2380/5274 4748/6372/5262 4747/6373/5262 4725/2568/5274
f 4730/2572/4218 4744/6376/5268 4743/6377/5268 4731/2573/4218
f 4806/5044/5275 4767/6379/5276 4768/5158/5277 4805/6380/5275
f 4808/6381/5278 4751/6382/5279 4752/6383/5280 4807/6384/5278
f 4774/2057/5281 4759/2579/5281 4761/2581/5281 4772/2586/5281
f 4780/1232/5282 4784/4830/5282 4786/5995/5282 4778/1528/5282
f 4758/6385/5283 4763/2583/5283 4762/2582/5283 4756/5166/5283
f 4760/5752/5284 4755/6386/5284 4754/6387/5284 4761/5988/5284
f 4777/2588/5285 4757/2578/5285 4756/1212/5285 4775/1425/5285
f 4767/6379/5276 4732/2574/5286 4734/2576/5286 4768/5158/5277
f 4720/2224/5287 4749/6388/5288 4750/5171/5289 4721/2565/5287
f 4719/2564/5290 4752/6383/5280 4751/6382/5279 4717/2562/5290
f 4755/6386/5291 4723/2567/5291 4725/2568/5291 4753/4842/5291
f 4728/2570/5291 4758/6385/5291 4757/4843/5291 4726/2037/5291
f 4731/2573/5292 4765/6389/5293 4766/6162/5294 4729/2571/5292
f 4740/2239/3021 4764/6375/3021 4763/4846/3021 4738/1206/3021
f 4759/2579/3021 4736/2359/3021 4735/1203/3021 4760/2580/3021
f 4810/6390/5295 4780/5050/2171 4779/5176/2170 4809/4850/5295
f 4812/6391/5296 4774/6392/2165 4773/6393/2164 4811/6394/5296
f 4783/6395/2174 4786/5995/5297 4785/6396/5297 4781/4856/2172
f 4789/2591/2178 4791/2592/5298 4790/2261/5298 4787/2259/2176
f 4814/6397/5299 4788/4858/5299 4787/6398/5299 4813/5070/5299
f 4796/2595/5300 4794/2594/2181 4793/2065/2180 4797/1442/5300
f 4816/5998/5301 4799/6399/5301 4801/4863/5301 4815/6400/5301
f 4800/6000/5302 4789/6401/5302 4788/4867/5302 4801/4868/5302
f 4794/6139/5303 4783/5190/5303 4782/4871/5303 4795/4872/5303
f 4804/6402/5304 4800/2598/2185 4799/2597/2184 4802/4874/5304
f 4818/6403/5305 4785/2590/5306 4784/2256/5306 4817/6005/5305
f 4820/5768/5307 4798/5192/5308 4797/6176/5308 4819/6404/5307
f 4772/2586/5282 4796/2595/5282 4798/2596/5282 4773/2365/5282
f 4791/2592/5309 4769/2584/5309 4771/2248/5309 4792/2593/5309
f 4803/5195/5310 4776/2587/5310 4775/1425/5310 4804/6402/5310
f 4765/6389/5293 4806/5044/5275 4805/6380/5275 4766/6162/5294
f 4749/6388/5288 4808/6381/5278 4807/6384/5278 4750/5171/5289
f 4776/6405/2167 4810/6390/5295 4809/4850/5295 4777/6406/2168
f 4770/6407/2161 4812/6391/5296 4811/6394/5296 4771/6408/2162
f 4795/5091/5299 4814/6397/5299 4813/5070/5299 4793/4887/5299
f 4781/1431/5301 4816/5998/5301 4815/6400/5301 4782/1432/5301
f 4802/2069/5311 4818/6403/5305 4817/6005/5305 4803/1541/5311
f 4792/5201/5312 4820/5768/5307 4819/6404/5307 4790/5775/5312
f 4852/3519/5262 4822/2268/2189 4821/2599/2188 4851/4889/5262
f 4850/4890/5263 4831/21/5264 4830/20/5264 4849/5096/5263
f 4857/2610/5313 4883/2431/5313 4882/2622/5313 4858/2611/5313
f 4841/31/3018 4828/18/3018 4827/2600/3018 4839/2607/3018
f 4831/21/4041 4843/33/4041 4842/1463/4041 4832/1455/4041
f 4868/5097/5314 4874/2617/5314 4873/2616/5314 4866/4893/5314
f 4848/3525/5268 4841/31/5269 4840/2608/5269 4847/4895/5268
f 4846/6409/5270 4837/2605/2199 4836/2604/2198 4845/5208/5270
f 4826/2272/2193 4850/4890/5263 4849/5096/5263 4824/1450/2191
f 4822/2268/5315 4834/2602/5315 4833/2601/5315 4823/2269/5315
f 4837/2605/5316 4826/2272/5316 4825/1260/5316 4838/2606/5316
f 4843/33/5273 4846/6409/5270 4845/5208/5270 4844/2609/5273
f 4828/18/5274 4852/3519/5262 4851/4889/5262 4829/19/5274
f 4834/2602/2196 4848/3525/5268 4847/4895/5268 4835/2603/2197
f 4910/6410/5317 4871/6411/5318 4872/6412/5319 4909/5781/5317
f 4912/6413/5320 4855/5783/5321 4856/6414/5322 4911/6415/5320
f 4878/1290/5323 4863/2613/5323 4865/43/5323 4876/2619/5323
f 4884/58/5324 4888/4906/5324 4890/6416/5324 4882/2622/5324
f 4862/5109/5325 4867/2615/5325 4866/2614/5325 4860/6417/5325
f 4864/5787/5326 4859/6418/5326 4858/5789/5326 4865/5114/5326
f 4881/2621/5327 4861/2612/5327 4860/1279/5327 4879/53/5327
f 4871/6411/5318 4836/2604/2198 4838/2606/2200 4872/6412/5319
f 4824/1450/2191 4853/5792/5328 4854/6419/5329 4825/1260/2192
f 4823/2269/2190 4856/6414/5322 4855/5783/5321 4821/2599/2188
f 4859/6418/2204 4827/2600/5330 4829/19/5330 4857/3558/2202
f 4832/1455/5330 4862/5109/2207 4861/5239/2206 4830/20/5330
f 4835/2603/2197 4869/6420/5331 4870/6421/5332 4833/2601/2195
f 4844/2609/3021 4868/5097/2213 4867/5241/2212 4842/1463/3021
f 4863/2613/2208 4840/2608/3021 4839/2607/3021 4864/42/2209
f 4914/6422/5333 4884/5108/2225 4883/6026/2224 4913/6423/5333
f 4916/6424/5334 4878/6425/2219 4877/51/2218 4915/4923/5334
f 4887/6426/2228 4890/6416/5335 4889/4925/5335 4885/5302/2226
f 4893/2626/2232 4895/2627/5336 4894/1303/5336 4891/2101/2230
f 4918/6028/5337 4892/6427/5337 4891/6428/5337 4917/6429/5337
f 4900/2629/5338 4898/1307/2235 4897/2628/2234 4901/2107/5338
f 4920/6212/5339 4903/6430/5340 4905/4933/5340 4919/6034/5339
f 4904/6431/5341 4893/4936/5341 4892/5132/5341 4905/4938/5341
f 4898/5804/5342 4887/5805/5342 4886/6432/5342 4899/4942/5342
f 4908/6433/5343 4904/2631/2239 4903/2630/2238 4906/6434/5343
f 4922/6435/5344 4889/2100/5345 4888/2625/5345 4921/6436/5344
f 4924/6437/5346 4902/6438/5347 4901/5811/5347 4923/5142/5346
f 4876/2619/5324 4900/2629/5324 4902/1311/5324 4877/2092/5324
f 4895/2627/5348 4873/2616/5348 4875/2618/5348 4896/1305/5348
f 4907/3579/5349 4880/2620/5349 4879/53/5349 4908/6433/5349
f 4869/6420/5331 4910/6410/5317 4909/5781/5317 4870/6421/5332
f 4853/5792/5328 4912/6413/5320 4911/6415/5320 4854/6419/5329
f 4880/6439/2221 4914/6422/5333 4913/6423/5333 4881/6440/2222
f 4874/6441/2215 4916/6424/5334 4915/4923/5334 4875/6442/2216
f 4899/6443/5337 4918/6028/5337 4917/6429/5337 4897/6444/5337
f 4885/2623/5305 4920/6212/5339 4919/6034/5339 4886/2624/5305
f 4906/2109/5350 4922/6435/5344 4921/6436/5344 4907/2296/5350
f 4896/6445/5351 4924/6437/5346 4923/5142/5346 4894/4958/5351
f 4956/6446/5352 4926/2633/5353 4925/2632/5353 4955/3662/5352
f 4954/6447/5354 4935/2641/5354 4934/2640/5354 4953/6448/5354
f 4961/2655/5355 4987/2677/5355 4986/2676/5355 4962/2656/5355
f 4945/2651/5356 4932/2638/5356 4931/161/5356 4943/2649/5356
f 4935/2641/5357 4947/2653/5357 4946/2652/5357 4936/2642/5357
f 4972/6449/5358 4978/2668/5358 4977/2667/5358 4970/6450/5358
f 4952/3667/5359 4945/2651/5359 4944/2650/5359 4951/3668/5359
f 4950/6451/5360 4941/2647/5361 4940/2646/5361 4949/6452/5360
f 4930/2637/5354 4954/6447/5354 4953/6448/5354 4928/2635/5354
f 4926/2633/5362 4938/2644/5362 4937/2643/5362 4927/2634/5362
f 4941/2647/5363 4930/2637/5363 4929/2636/5363 4942/2648/5363
f 4947/2653/5364 4950/6451/5360 4949/6452/5360 4948/2654/5364
f 4932/2638/5365 4956/6446/5352 4955/3662/5352 4933/2639/5365
f 4938/2644/5366 4952/3667/5359 4951/3668/5359 4939/2645/5366
f 5014/6453/5367 4975/3672/5368 4976/6454/5369 5013/6455/5367
f 5016/6456/5370 4959/6457/5371 4960/6458/5372 5015/6459/5370
f 4982/2672/5373 4967/2661/5373 4969/2663/5373 4980/2670/5373
f 4988/202/5374 4992/3679/5374 4994/6460/5374 4986/2676/5374
f 4966/6461/5375 4971/2665/5375 4970/2664/5375 4964/6462/5375
f 4968/6463/5376 4963/6464/5376 4962/6465/5376 4969/6466/5376
f 4985/6467/5377 4965/2659/5377 4964/2658/5377 4983/6468/5377
f 4975/3672/5368 4940/2646/5378 4942/2648/5378 4976/6454/5369
f 4928/2635/5379 4957/6469/5380 4958/6470/5381 4929/2636/5379
f 4927/2634/5382 4960/6458/5372 4959/6457/5371 4925/2632/5382
f 4963/2657/5383 4931/161/5383 4933/2639/5383 4961/2655/5383
f 4936/2642/5383 4966/6461/5383 4965/3692/5383 4934/2640/5383
f 4939/2645/5384 4973/6471/5385 4974/6472/5386 4937/2643/5384
f 4948/2654/5387 4972/6449/5387 4971/6473/5387 4946/2652/5387
f 4967/2661/5388 4944/2650/5388 4943/2649/5388 4968/2662/5388
f 5018/6474/5389 4988/6475/2265 4987/6476/2264 5017/6477/5389
f 5020/6478/5390 4982/6479/2259 4981/6480/2258 5019/6481/5390
f 4991/6482/2268 4994/6460/5391 4993/6483/5391 4989/6484/2266
f 4997/2684/2272 4999/2686/5392 4998/2685/5392 4995/2683/2270
f 5022/6485/5393 4996/6486/5394 4995/6487/5394 5021/6488/5393
f 5004/2689/5395 5002/2688/2275 5001/215/2274 5005/2690/5395
f 5024/6489/5396 5007/6490/5396 5009/6491/5396 5023/6492/5396
f 5008/6493/5397 4997/6494/5397 4996/6495/5397 5009/6496/5397
f 5002/6497/5398 4991/6498/5398 4990/6499/5398 5003/6500/5398
f 5012/6501/5399 5008/2693/2279 5007/2692/2278 5010/6502/5399
f 5026/6503/5400 4993/2681/5401 4992/2680/5401 5025/6504/5400
f 5028/6505/5402 5006/6506/5403 5005/6507/5403 5027/6508/5402
f 4980/2670/5374 5004/2689/5374 5006/2691/5374 4981/2671/5374
f 4999/6509/5404 4977/3732/5404 4979/6510/5404 5000/6511/5404
f 5011/2695/5404 4984/2674/5404 4983/2673/5404 5012/2696/5404
f 4973/6471/5385 5014/6453/5367 5013/6455/5367 4974/6472/5386
f 4957/6469/5380 5016/6456/5370 5015/6459/5370 4958/6470/5381
f 4984/2674/2261 5018/6474/5389 5017/6477/5389 4985/2675/2262
f 4978/6512/2255 5020/6478/5390 5019/6481/5390 4979/6510/2256
f 5003/6513/5388 5022/6485/5393 5021/6488/5393 5001/6514/5388
f 4989/2678/5396 5024/6489/5396 5023/6492/5396 4990/2679/5396
f 5010/2694/5405 5026/6503/5400 5025/6504/5400 5011/2695/5405
f 5000/6511/5406 5028/6505/5402 5027/6508/5402 4998/6515/5406
f 5060/6516/5407 5030/2698/2283 5029/2697/2282 5059/6517/5407
f 5058/6518/5408 5039/2705/5409 5038/812/5409 5057/6519/5408
f 5065/2716/5410 5091/2733/5410 5090/2732/5410 5066/2717/5410
f 5049/823/5411 5036/810/5411 5035/2703/5411 5047/2712/5411
f 5039/2705/5412 5051/2714/5412 5050/2713/5412 5040/2706/5412
f 5076/6520/5413 5082/2725/5413 5081/2724/5413 5074/6521/5413
f 5056/6522/5414 5049/823/5415 5048/1694/5415 5055/6523/5414
f 5054/6524/5416 5045/2710/2294 5044/2709/2293 5053/3748/5416
f 5034/2702/2287 5058/6518/5408 5057/6519/5408 5032/2700/2285
f 5030/2698/5417 5042/1688/5417 5041/2707/5417 5031/2699/5417
f 5045/2710/5418 5034/2702/5418 5033/2701/5418 5046/2711/5418
f 5051/2714/5419 5054/6524/5416 5053/3748/5416 5052/2715/5419
f 5036/810/5420 5060/6516/5407 5059/6517/5407 5037/2704/5420
f 5042/1688/2291 5056/6522/5414 5055/6523/5414 5043/2708/2292
f 5118/6525/5421 5079/6526/5422 5080/6527/5423 5117/6528/5421
f 5120/6529/5424 5063/6530/5425 5064/6531/5426 5119/6532/5424
f 5086/837/5427 5071/2721/5427 5073/831/5427 5084/2727/5427
f 5092/2734/5428 5096/6533/5428 5098/6534/5428 5090/2732/5428
f 5070/6535/5429 5075/2723/5429 5074/2722/5429 5068/6536/5429
f 5072/6537/5430 5067/5355/5430 5066/6538/5430 5073/6539/5430
f 5089/6540/5431 5069/2719/5431 5068/2718/5431 5087/6541/5431
f 5079/6526/5422 5044/2709/2293 5046/2711/2295 5080/6527/5423
f 5032/2700/2285 5061/6542/5432 5062/6543/5433 5033/2701/2286
f 5031/2699/2284 5064/6531/5426 5063/6530/5425 5029/2697/2282
f 5067/253/2300 5035/2703/5434 5037/2704/5434 5065/2716/2298
f 5040/2706/5435 5070/2720/2303 5069/2719/2302 5038/812/5435
f 5043/2708/2292 5077/3769/5436 5078/6544/5437 5041/2707/2290
f 5052/2715/5438 5076/262/2309 5075/2723/2308 5050/2713/5438
f 5071/3771/2304 5048/1694/5438 5047/2712/5438 5072/6537/2305
f 5122/6545/5439 5092/6546/2321 5091/6547/2320 5121/6548/5439
f 5124/6549/5440 5086/6550/2315 5085/6551/2314 5123/6552/5440
f 5095/6553/2324 5098/6534/5441 5097/3781/5441 5093/3782/2322
f 5101/2740/2328 5103/2742/5442 5102/2741/5442 5099/2739/2326
f 5126/6554/5443 5100/3784/5443 5099/6555/5443 5125/6556/5443
f 5108/2745/5444 5106/2744/2331 5105/2743/2330 5109/2746/5444
f 5128/5378/5445 5111/6557/5446 5113/6558/5446 5127/6559/5445
f 5112/6560/5447 5101/6561/5447 5100/6562/5447 5113/6563/5447
f 5106/6564/5448 5095/6565/5448 5094/6566/5448 5107/3798/5448
f 5116/6567/5449 5112/2748/2335 5111/2747/2334 5114/6568/5449
f 5130/6569/5450 5097/2737/5451 5096/2736/5451 5129/6570/5450
f 5132/6571/5452 5110/6572/5453 5109/4406/5453 5131/6573/5452
f 5084/2727/5454 5108/2745/5454 5110/292/5454 5085/2728/5454
f 5103/3807/5455 5081/5390/5455 5083/6574/5455 5104/6575/5455
f 5115/2749/5456 5088/2730/5456 5087/2729/5456 5116/2750/5456
f 5077/3769/5436 5118/6525/5421 5117/6528/5421 5078/6544/5437
f 5061/6542/5432 5120/6529/5424 5119/6532/5424 5062/6543/5433
f 5088/2730/2317 5122/6545/5439 5121/6548/5439 5089/2731/2318
f 5082/6576/2311 5124/6549/5440 5123/6552/5440 5083/6574/2312
f 5107/6577/5443 5126/6554/5443 5125/6556/5443 5105/6578/5443
f 5093/2735/5457 5128/5378/5445 5127/6559/5445 5094/1711/5457
f 5114/296/5458 5130/6569/5450 5129/6570/5450 5115/2749/5458
f 5104/6575/5459 5132/6571/5452 5131/6573/5452 5102/6579/5459
f 5164/6580/5460 5134/2752/2339 5133/2751/2338 5163/5398/5460
f 5162/6581/5461 5143/309/5462 5142/2760/5462 5161/4417/5461
f 5169/2772/5463 5195/2787/5463 5194/2786/5463 5170/2773/5463
f 5153/2768/5464 5140/2758/5464 5139/2757/5464 5151/2766/5464
f 5143/309/5465 5155/2770/5465 5154/2769/5465 5144/2761/5465
f 5180/3819/5466 5186/1760/5466 5185/2779/5466 5178/6582/5466
f 5160/6583/5467 5153/2768/5468 5152/2767/5468 5159/6584/5467
f 5158/6585/5469 5149/874/2350 5148/1740/2349 5157/6586/5469
f 5138/2756/2343 5162/6581/5461 5161/4417/5461 5136/2754/2341
f 5134/2752/5470 5146/2763/5470 5145/2762/5470 5135/2753/5470
f 5149/874/5471 5138/2756/5471 5137/2755/5471 5150/2765/5471
f 5155/2770/5472 5158/6585/5469 5157/6586/5469 5156/2771/5472
f 5140/2758/5473 5164/6580/5460 5163/5398/5460 5141/2759/5473
f 5146/2763/2347 5160/6583/5467 5159/6584/5467 5147/2764/2348
f 5222/3825/5474 5183/6587/5475 5184/5406/5476 5221/6588/5474
f 5224/6589/5477 5167/6590/5478 5168/6591/5479 5223/6592/5477
f 5190/2783/5480 5175/888/5480 5177/2776/5480 5188/2781/5480
f 5196/2788/5481 5200/6593/5481 5202/6594/5481 5194/2786/5481
f 5174/6595/5482 5179/2777/5482 5178/1756/5482 5172/6596/5482
f 5176/6597/5483 5171/6598/5483 5170/6599/5483 5177/6600/5483
f 5193/6601/5484 5173/1751/5484 5172/2774/5484 5191/6602/5484
f 5183/6587/5475 5148/1740/2349 5150/2765/2351 5184/5406/5476
f 5136/2754/2341 5165/6603/5485 5166/6604/5486 5137/2755/2342
f 5135/2753/2340 5168/6591/5479 5167/6590/5478 5133/2751/2338
f 5171/6598/2356 5139/2757/5487 5141/2759/5487 5169/4439/2354
f 5144/2761/5488 5174/6595/2359 5173/6605/2358 5142/2760/5488
f 5147/2764/2348 5181/6606/5489 5182/6607/5490 5145/2762/2346
f 5156/2771/5491 5180/3819/2365 5179/4443/2364 5154/2769/5491
f 5175/6608/2360 5152/2767/5492 5151/2766/5492 5176/6597/2361
f 5226/6609/5493 5196/6610/2377 5195/3850/2376 5225/6611/5493
f 5228/3852/5494 5190/3853/2371 5189/3854/2370 5227/5428/5494
f 5199/6612/2380 5202/6594/5495 5201/3857/5495 5197/5431/2378
f 5205/911/2384 5207/2794/5496 5206/1777/5496 5203/2793/2382
f 5230/4453/5497 5204/6613/5497 5203/3861/5497 5229/3862/5497
f 5212/362/5498 5210/2797/2387 5209/2796/2386 5213/1782/5498
f 5232/6614/5499 5215/6615/5499 5217/5436/5499 5231/3866/5499
f 5216/6616/5500 5205/5439/5500 5204/3869/5500 5217/6617/5500
f 5210/5440/5501 5199/6618/5501 5198/6619/5501 5211/3874/5501
f 5220/6620/5502 5216/2799/2391 5215/2798/2390 5218/3876/5502
f 5234/6621/5503 5201/2792/5504 5200/2791/5504 5233/6622/5503
f 5236/6623/5505 5214/5448/5506 5213/6624/5506 5235/6625/5505
f 5188/2781/5481 5212/362/5481 5214/364/5481 5189/2782/5481
f 5207/6626/5507 5185/4474/5507 5187/6627/5507 5208/6628/5507
f 5219/2801/5507 5192/2784/5507 5191/341/5507 5220/2802/5507
f 5181/6606/5489 5222/3825/5474 5221/6588/5474 5182/6607/5490
f 5165/6603/5485 5224/6589/5477 5223/6592/5477 5166/6604/5486
f 5192/2784/2373 5226/6609/5493 5225/6611/5493 5193/2785/2374
f 5186/3887/2367 5228/3852/5494 5227/5428/5494 5187/6627/2368
f 5211/5454/5497 5230/4453/5497 5229/3862/5497 5209/3889/5497
f 5197/2789/5499 5232/6614/5499 5231/3866/5499 5198/2790/5499
f 5218/2800/5508 5234/6621/5503 5233/6622/5503 5219/2801/5508
f 5208/6628/5509 5236/6623/5505 5235/6625/5505 5206/4480/5509
f 5268/6629/5461 5238/2804/5461 5237/2803/5461 5267/6630/5461
f 5266/6631/5510 5247/2812/5473 5246/2811/5473 5265/3894/5510
f 5273/2826/5511 5299/2843/5511 5298/2842/5511 5274/2827/5511
f 5257/2822/5512 5244/1794/5512 5243/2809/5512 5255/2820/5512
f 5247/2812/5513 5259/2824/5513 5258/2823/5513 5248/2813/5513
f 5284/6632/5514 5290/2836/5514 5289/2835/5514 5282/6633/5514
f 5264/3897/5515 5257/2822/5472 5256/2821/5472 5263/6634/5515
f 5262/3899/5516 5253/2818/5517 5252/2817/5517 5261/6635/5516
f 5242/2808/5518 5266/6631/5510 5265/3894/5510 5240/2806/5518
f 5238/2804/5519 5250/2815/5519 5249/2814/5519 5239/2805/5519
f 5253/2818/5520 5242/2808/5520 5241/2807/5520 5254/2819/5520
f 5259/2824/5468 5262/3899/5516 5261/6635/5516 5260/2825/5468
f 5244/1794/5462 5268/6629/5461 5267/6630/5461 5245/2810/5462
f 5250/2815/5521 5264/3897/5515 5263/6634/5515 5251/2816/5521
f 5326/6636/5522 5287/6637/5523 5288/6638/5524 5325/6639/5522
f 5328/6640/5525 5271/6641/5526 5272/6642/5527 5327/6643/5525
f 5294/6644/5528 5279/2830/5528 5281/1815/5528 5292/6645/5528
f 5300/6646/5529 5304/2847/5529 5306/2849/5529 5298/4501/5529
f 5278/6647/5530 5283/2833/5530 5282/2832/5530 5276/6648/5530
f 5280/6649/5531 5275/6650/5531 5274/6651/5531 5281/5480/5531
f 5297/2841/5532 5277/2828/5532 5276/947/5532 5295/1825/5532
f 5287/6637/5523 5252/2817/5533 5254/2819/5533 5288/6638/5524
f 5240/2806/5534 5269/4507/5535 5270/6652/5536 5241/2807/5534
f 5239/2805/5537 5272/6642/5527 5271/6641/5526 5237/2803/5537
f 5275/397/5538 5243/2809/5538 5245/2810/5538 5273/2826/5538
f 5248/2813/5539 5278/2829/5539 5277/2828/5539 5246/2811/5539
f 5251/2816/5540 5285/6653/5541 5286/6654/5542 5249/2814/5540
f 5260/2825/5543 5284/2834/5543 5283/2833/5543 5258/2823/5543
f 5279/3923/5543 5256/2821/5543 5255/2820/5543 5280/6649/5543
f 5330/6655/5544 5300/6646/2417 5299/3925/2416 5329/6656/5544
f 5332/3927/5545 5294/2840/2411 5293/2839/2410 5331/6657/5545
f 5303/4517/2420 5306/6658/5546 5305/6659/5546 5301/5490/2418
f 5309/1835/2424 5311/974/5547 5310/2851/5547 5307/2850/2422
f 5334/6660/5548 5308/6661/5549 5307/6662/5549 5333/6663/5548
f 5316/2854/5550 5314/432/2427 5313/2853/2426 5317/2855/5550
f 5336/4524/5551 5319/6664/5552 5321/6665/5552 5335/6666/5551
f 5320/6667/5553 5309/6668/5553 5308/5498/5553 5321/3944/5553
f 5314/6669/5554 5303/6670/5554 5302/6671/5554 5315/3948/5554
f 5324/6672/5555 5320/2857/2431 5319/2856/2430 5322/3950/5555
f 5338/6673/5556 5305/2848/5557 5304/2847/5557 5337/6674/5556
f 5340/6675/5558 5318/6676/5559 5317/6677/5559 5339/6678/5558
f 5292/2838/5560 5316/3957/5560 5318/6676/5560 5293/2839/5560
f 5311/974/5561 5289/2835/5561 5291/2837/5561 5312/2852/5561
f 5323/3958/5562 5296/414/5562 5295/1825/5562 5324/6672/5562
f 5285/6653/5541 5326/6636/5522 5325/6639/5522 5286/6654/5542
f 5269/4507/5535 5328/6640/5525 5327/6643/5525 5270/6652/5536
f 5296/6679/2413 5330/6655/5544 5329/6656/5544 5297/6680/2414
f 5290/6681/2407 5332/3927/5545 5331/6657/5545 5291/6682/2408
f 5315/3963/5563 5334/6660/5548 5333/6663/5548 5313/6683/5563
f 5301/2845/5564 5336/4524/5551 5335/6666/5551 5302/2846/5564
f 5322/2858/5565 5338/6673/5556 5337/6674/5556 5323/2859/5565
f 5312/6684/5566 5340/6675/5558 5339/6678/5558 5310/6685/5566
f 5372/6686/5567 5342/2861/5516 5341/2860/5516 5371/6687/5567
f 5370/6688/5469 5351/2867/5472 5350/1855/5472 5369/4548/5469
f 5377/2878/5568 5403/2894/5568 5402/2893/5568 5378/2879/5568
f 5361/2874/5569 5348/2865/5569 5347/2864/5569 5359/461/5569
f 5351/2867/5570 5363/2876/5570 5362/2875/5570 5352/2868/5570
f 5388/6689/5571 5394/2887/5571 5393/2886/5571 5386/6690/5571
f 5368/3973/5473 5361/2874/5473 5360/2873/5473 5367/6691/5473
f 5366/6692/5462 5357/2872/5462 5356/2871/5462 5365/6693/5462
f 5346/2863/5515 5370/6688/5469 5369/4548/5469 5344/987/5515
f 5342/2861/5572 5354/2870/5572 5353/2869/5572 5343/1849/5572
f 5357/2872/5573 5346/2863/5573 5345/2862/5573 5358/460/5573
f 5363/2876/5462 5366/6692/5462 5365/6693/5462 5364/2877/5462
f 5348/2865/5468 5372/6686/5567 5371/6687/5567 5349/2866/5468
f 5354/2870/5574 5368/3973/5473 5367/6691/5473 5355/457/5574
f 5430/5525/5575 5391/6694/5576 5392/4554/5577 5429/6695/5575
f 5432/6696/5578 5375/6697/5579 5376/3983/5580 5431/6698/5578
f 5398/2890/5581 5383/2883/5581 5385/2884/5581 5396/1017/5581
f 5404/2895/5582 5408/6699/5582 5410/6700/5582 5402/2893/5582
f 5382/6701/5583 5387/1877/5583 5386/2885/5583 5380/6702/5583
f 5384/4562/5584 5379/6703/5584 5378/6704/5584 5385/3992/5584
f 5401/6705/5585 5381/2881/5585 5380/2880/5585 5399/6706/5585
f 5391/6694/5576 5356/2871/5586 5358/460/5586 5392/4554/5577
f 5344/987/5587 5373/6707/5588 5374/5542/5589 5345/2862/5587
f 5343/1849/5590 5376/3983/5580 5375/6697/5579 5341/2860/5590
f 5379/6703/2444 5347/2864/5543 5349/2866/5543 5377/5543/2442
f 5352/2868/5543 5382/6701/2447 5381/5544/2446 5350/1855/5543
f 5355/457/5591 5389/3997/5592 5390/4571/5593 5353/2869/5591
f 5364/2877/5594 5388/6689/2453 5387/4572/2452 5362/2875/5594
f 5383/3999/2448 5360/2873/5594 5359/461/5594 5384/4562/2449
f 5434/6708/5543 5404/6709/2465 5403/6710/2464 5433/6711/5543
f 5436/6712/5595 5398/6713/2459 5397/6714/2458 5435/6715/5595
f 5407/6716/2468 5410/6700/5596 5409/6717/5596 5405/4010/2466
f 5413/2902/2472 5415/2903/5597 5414/500/5597 5411/2901/2470
f 5438/4581/5598 5412/5555/5598 5411/6718/5598 5437/4014/5598
f 5420/2906/5599 5418/2905/2475 5417/2904/2474 5421/2907/5599
f 5440/6719/5600 5423/6720/5600 5425/6721/5600 5439/6722/5600
f 5424/4589/5601 5413/6723/5601 5412/6724/5601 5425/6725/5601
f 5418/6726/5602 5407/6727/5602 5406/6728/5602 5419/6729/5602
f 5428/6730/5603 5424/2908/2479 5423/509/2478 5426/6731/5603
f 5442/5567/5604 5409/2899/5605 5408/2898/5605 5441/4030/5604
f 5444/6732/5606 5422/5569/5607 5421/4601/5607 5443/4602/5606
f 5396/1017/5608 5420/2906/5608 5422/1898/5608 5397/2889/5608
f 5415/6733/5609 5393/5572/5609 5395/4037/5609 5416/6734/5609
f 5427/2910/5610 5400/2891/5610 5399/1019/5610 5428/1903/5610
f 5389/3997/5592 5430/5525/5575 5429/6695/5575 5390/4571/5593
f 5373/6707/5588 5432/6696/5578 5431/6698/5578 5374/5542/5589
f 5400/2891/2461 5434/6708/5543 5433/6711/5543 5401/2892/2462
f 5394/6735/2455 5436/6712/5595 5435/6715/5595 5395/4037/2456
f 5419/5575/5598 5438/4581/5598 5437/4014/5598 5417/6736/5598
f 5405/2896/5600 5440/6719/5600 5439/6722/5600 5406/2897/5600
f 5426/2909/5611 5442/5567/5604 5441/4030/5604 5427/2910/5611
f 5416/6734/5612 5444/6732/5606 5443/4602/5606 5414/4042/5612
f 5476/6737/5613 5446/2912/2483 5445/2911/2482 5475/6738/5613
f 5474/6739/5614 5455/2921/5614 5454/2920/5614 5473/6740/5614
f 5481/2933/5615 5507/2949/5615 5506/2948/5615 5482/2934/5615
f 5465/2929/5616 5452/2918/5616 5451/2917/5616 5463/2928/5616
f 5455/2921/5617 5467/2931/5617 5466/2930/5617 5456/2922/5617
f 5492/6741/5618 5498/2943/5618 5497/2942/5618 5490/4278/5618
f 5472/6742/5619 5465/2929/5620 5464/750/5620 5471/6743/5619
f 5470/6744/5621 5461/2926/2494 5460/2925/2493 5469/6745/5621
f 5450/2916/2487 5474/6739/5614 5473/6740/5614 5448/2914/2485
f 5446/2912/5622 5458/2923/5622 5457/743/5622 5447/2913/5622
f 5461/2926/5623 5450/2916/5623 5449/2915/5623 5462/2927/5623
f 5467/2931/5624 5470/6744/5621 5469/6745/5621 5468/2932/5624
f 5452/2918/5625 5476/6737/5613 5475/6738/5613 5453/2919/5625
f 5458/2923/2491 5472/6742/5619 5471/6743/5619 5459/2924/2492
f 5534/6746/5626 5495/6747/5627 5496/6748/5628 5533/4286/5626
f 5536/6749/5629 5479/6750/5630 5480/6751/5631 5535/6752/5629
f 5502/772/5632 5487/761/5632 5489/763/5632 5500/2945/5632
f 5508/2950/5633 5512/6753/5633 5514/6754/5633 5506/2948/5633
f 5486/6755/5634 5491/2940/5634 5490/2939/5634 5484/6756/5634
f 5488/6757/5635 5483/6758/5635 5482/6759/5635 5489/6760/5635
f 5505/6761/5636 5485/2936/5636 5484/2935/5636 5503/6762/5636
f 5495/6747/5627 5460/2925/2493 5462/2927/2495 5496/6748/5628
f 5448/2914/2485 5477/6763/5637 5478/6764/5638 5449/2915/2486
f 5447/2913/2484 5480/6751/5631 5479/6750/5630 5445/2911/2482
f 5483/6758/2500 5451/2917/5639 5453/2919/5639 5481/4303/2498
f 5456/2922/5639 5486/6755/2503 5485/6765/2502 5454/2920/5639
f 5459/2924/2492 5493/6766/5640 5494/6767/5641 5457/743/2490
f 5468/2932/5642 5492/6741/2509 5491/6768/2508 5466/2930/5642
f 5487/6769/2504 5464/750/5642 5463/2928/5642 5488/6757/2505
f 5538/6770/5643 5508/6771/2521 5507/6772/2520 5537/6773/5643
f 5540/6774/5644 5502/6775/2515 5501/6776/2514 5539/4315/5644
f 5511/6777/2524 5514/6754/5645 5513/6778/5645 5509/4318/2522
f 5517/2956/2528 5519/789/5646 5518/2957/5646 5515/2955/2526
f 5542/6779/5647 5516/6780/5648 5515/6781/5648 5541/4322/5647
f 5524/2959/5649 5522/2958/2531 5521/791/2530 5525/795/5649
f 5544/6782/5650 5527/4324/5651 5529/6783/5651 5543/6784/5650
f 5528/6785/5652 5517/6786/5652 5516/6787/5652 5529/4330/5652
f 5522/6788/5653 5511/6789/5653 5510/6790/5653 5523/6791/5653
f 5532/6792/5654 5528/2962/2535 5527/2961/2534 5530/6793/5654
f 5546/6794/5655 5513/2953/5656 5512/2952/5656 5545/6795/5655
f 5548/6796/5657 5526/6797/5658 5525/6798/5658 5547/6799/5657
f 5500/2945/5659 5524/2959/5659 5526/2960/5659 5501/771/5659
f 5519/6800/5660 5497/6801/5660 5499/6802/5660 5520/6803/5660
f 5531/801/5661 5504/2947/5661 5503/2946/5661 5532/2964/5661
f 5493/6766/5640 5534/6746/5626 5533/4286/5626 5494/6767/5641
f 5477/6763/5637 5536/6749/5629 5535/6752/5629 5478/6764/5638
f 5504/2947/2517 5538/6770/5643 5537/6773/5643 5505/775/2518
f 5498/6804/2511 5540/6774/5644 5539/4315/5644 5499/6802/2512
f 5523/6805/5662 5542/6779/5647 5541/4322/5647 5521/6806/5662
f 5509/779/5663 5544/6782/5650 5543/6784/5650 5510/2951/5663
f 5530/2963/5664 5546/6794/5655 5545/6795/5655 5531/801/5664
f 5520/6803/5665 5548/6796/5657 5547/6799/5657 5518/6807/5665
f 5580/6516/5666 5550/2966/2539 5549/2965/2538 5579/3740/5666
f 5578/6518/5667 5559/2974/5668 5558/2973/5668 5577/6808/5667
f 5585/2716/5669 5611/2998/5669 5610/2997/5669 5586/2983/5669
f 5569/2981/5670 5556/2971/5670 5555/1681/5670 5567/245/5670
f 5559/2974/5671 5571/2714/5671 5570/2982/5671 5560/2975/5671
f 5596/6809/5672 5602/2991/5672 5601/2990/5672 5594/5341/5672
f 5576/6810/5673 5569/2981/5674 5568/1694/5674 5575/5343/5673
f 5574/4358/5675 5565/2979/2550 5564/2978/2549 5573/6811/5675
f 5554/2970/2543 5578/6518/5667 5577/6808/5667 5552/2968/2541
f 5550/2966/5676 5562/2977/5676 5561/2976/5676 5551/2967/5676
f 5565/2979/5677 5554/2970/5677 5553/2969/5677 5566/2980/5677
f 5571/2714/5678 5574/4358/5675 5573/6811/5675 5572/825/5678
f 5556/2971/5679 5580/6516/5666 5579/3740/5666 5557/2972/5679
f 5562/2977/2547 5576/6810/5673 5575/5343/5673 5563/241/2548
f 5638/6812/5680 5599/6813/5681 5600/3751/5682 5637/6814/5680
f 5640/6815/5683 5583/6816/5684 5584/4364/5685 5639/6817/5683
f 5606/2993/5686 5591/2987/5686 5593/831/5686 5604/2992/5686
f 5612/2734/5687 5616/6818/5687 5618/6819/5687 5610/2997/5687
f 5590/6820/5688 5595/2988/5688 5594/832/5688 5588/6536/5688
f 5592/5354/5689 5587/3762/5689 5586/3763/5689 5593/6821/5689
f 5609/4373/5690 5589/2985/5690 5588/2984/5690 5607/6822/5690
f 5599/6813/5681 5564/2978/2549 5566/2980/2551 5600/3751/5682
f 5552/2968/2541 5581/6823/5691 5582/3768/5692 5553/2969/2542
f 5551/2967/2540 5584/4364/5685 5583/6816/5684 5549/2965/2538
f 5587/3762/2556 5555/1681/5693 5557/2972/5693 5585/4377/2554
f 5560/2975/5693 5590/6820/2559 5589/6824/2558 5558/2973/5693
f 5563/241/2548 5597/6825/5694 5598/5363/5695 5561/2976/2546
f 5572/825/5696 5596/2989/2565 5595/2988/2564 5570/2982/5696
f 5591/3771/2560 5568/1694/5696 5567/245/5696 5592/5354/2561
f 5642/6826/5697 5612/6827/2577 5611/6828/2576 5641/6829/5697
f 5644/6830/5698 5606/6831/2571 5605/6832/2570 5643/6833/5698
f 5615/3780/2580 5618/6819/5699 5617/6834/5699 5613/3782/2578
f 5621/3005/2584 5623/3006/5700 5622/284/5700 5619/3004/2582
f 5646/6835/5701 5620/6836/5701 5619/6837/5701 5645/3786/5701
f 5628/290/5702 5626/3008/2587 5625/3007/2586 5629/291/5702
f 5648/6838/5703 5631/3788/5703 5633/6839/5703 5647/3790/5703
f 5632/6840/5704 5621/6841/5704 5620/3793/5704 5633/6563/5704
f 5626/6842/5705 5615/6843/5705 5614/6844/5705 5627/3798/5705
f 5636/6845/5706 5632/3011/2591 5631/3010/2590 5634/6568/5706
f 5650/6846/5707 5617/3002/5708 5616/3001/5708 5649/6847/5707
f 5652/6848/5709 5630/6849/5710 5629/6850/5710 5651/6851/5709
f 5604/2992/5711 5628/290/5711 5630/3009/5711 5605/2728/5711
f 5623/6852/5712 5601/5390/5712 5603/6853/5712 5624/6575/5712
f 5635/3013/5713 5608/2995/5713 5607/2994/5713 5636/3014/5713
f 5597/6825/5694 5638/6812/5680 5637/6814/5680 5598/5363/5695
f 5581/6823/5691 5640/6815/5683 5639/6817/5683 5582/3768/5692
f 5608/2995/2573 5642/6826/5697 5641/6829/5697 5609/2996/2574
f 5602/6854/2567 5644/6830/5698 5643/6833/5698 5603/6853/2568
f 5627/6577/5701 5646/6835/5701 5645/3786/5701 5625/6578/5701
f 5613/2999/5703 5648/6838/5703 5647/3790/5703 5614/3000/5703
f 5634/3012/5714 5650/6846/5707 5649/6847/5707 5635/3013/5714
f 5624/6575/5715 5652/6848/5709 5651/6851/5709 5622/5396/5715
f 5684/6855/5716 5654/3016/2595 5653/3015/2594 5683/6856/5716
f 5682/6857/5717 5663/3024/5718 5662/308/5718 5681/6858/5717
f 5689/2772/5719 5715/1768/5719 5714/3048/5719 5690/3034/5719
f 5673/3031/5720 5660/3022/5720 5659/3021/5720 5671/1743/5720
f 5663/3024/5721 5675/3033/5721 5674/3032/5721 5664/3025/5721
f 5700/6859/5722 5706/3042/5722 5705/3041/5722 5698/6860/5722
f 5680/6861/5723 5673/3031/5724 5672/3030/5724 5679/4420/5723
f 5678/6862/5725 5669/3028/2606 5668/3027/2605 5677/6863/5725
f 5658/3020/2599 5682/6857/5717 5681/6858/5717 5656/3018/2597
f 5654/3016/5726 5666/3026/5726 5665/1737/5726 5655/3017/5726
f 5669/3028/5727 5658/3020/5727 5657/3019/5727 5670/3029/5727
f 5675/3033/5728 5678/6862/5725 5677/6863/5725 5676/1748/5728
f 5660/3022/5729 5684/6855/5716 5683/6856/5716 5661/3023/5729
f 5666/3026/2603 5680/6861/5723 5679/4420/5723 5667/872/2604
f 5742/6864/5730 5703/6865/5731 5704/5406/5732 5741/4424/5730
f 5744/6866/5733 5687/6867/5734 5688/6868/5735 5743/6869/5733
f 5710/340/5736 5695/329/5736 5697/3038/5736 5708/3044/5736
f 5716/3049/5737 5720/6870/5737 5722/6871/5737 5714/3048/5737
f 5694/6872/5738 5699/3040/5738 5698/3039/5738 5692/6873/5738
f 5696/6874/5739 5691/6875/5739 5690/6876/5739 5697/6877/5739
f 5713/4436/5740 5693/1751/5740 5692/3035/5740 5711/3842/5740
f 5703/6865/5731 5668/3027/2605 5670/3029/2607 5704/5406/5732
f 5656/3018/2597 5685/6878/5741 5686/3844/5742 5657/3019/2598
f 5655/3017/2596 5688/6868/5735 5687/6867/5734 5653/3015/2594
f 5691/6875/2612 5659/3021/5743 5661/3023/5743 5689/4439/2610
f 5664/3025/5743 5694/6872/2615 5693/4440/2614 5662/308/5743
f 5667/872/2604 5701/6879/5744 5702/6880/5745 5665/1737/2602
f 5676/1748/5746 5700/6859/2621 5699/4443/2620 5674/3032/5746
f 5695/329/2616 5672/3030/5746 5671/1743/5746 5696/3037/2617
f 5746/6881/5747 5716/6882/2633 5715/3850/2632 5745/6883/5747
f 5748/6884/5748 5710/6885/2627 5709/6886/2626 5747/6887/5748
f 5719/6888/2636 5722/6871/5749 5721/3857/5749 5717/5431/2634
f 5725/3053/2640 5727/2794/5750 5726/3054/5750 5723/3052/2638
f 5750/6889/5751 5724/6890/5751 5723/6891/5751 5749/6892/5751
f 5732/3057/5752 5730/3056/2643 5729/1779/2642 5733/916/5752
f 5752/6893/5753 5735/6615/5753 5737/3865/5753 5751/6894/5753
f 5736/6895/5754 5725/6896/5754 5724/6897/5754 5737/3870/5754
f 5730/5440/5755 5719/6898/5755 5718/4465/5755 5731/4466/5755
f 5740/6899/5756 5736/3059/2647 5735/3058/2646 5738/3876/5756
f 5754/6900/5757 5721/3051/5758 5720/3050/5758 5753/6901/5757
f 5756/6902/5759 5734/6903/5760 5733/5449/5760 5755/6904/5759
f 5708/3044/5737 5732/3057/5737 5734/1783/5737 5709/339/5737
f 5727/6905/5761 5705/6906/5761 5707/6907/5761 5728/6908/5761
f 5739/3061/5762 5712/3046/5762 5711/3045/5762 5740/2802/5762
f 5701/6879/5744 5742/6864/5730 5741/4424/5730 5702/6880/5745
f 5685/6878/5741 5744/6866/5733 5743/6869/5733 5686/3844/5742
f 5712/3046/2629 5746/6881/5747 5745/6883/5747 5713/3047/2630
f 5706/6909/2623 5748/6884/5748 5747/6887/5748 5707/6907/2624
f 5731/6910/5751 5750/6889/5751 5749/6892/5751 5729/6911/5751
f 5717/2789/5753 5752/6893/5753 5751/6894/5753 5718/1771/5753
f 5738/3060/5763 5754/6900/5757 5753/6901/5757 5739/3061/5763
f 5728/6908/5764 5756/6902/5759 5755/6904/5759 5726/4480/5764
f 5788/6912/5765 5758/3062/5766 5757/923/5766 5787/4482/5765
f 5786/6913/5767 5767/2812/5768 5766/3070/5768 5785/6914/5767
f 5793/944/5769 5819/3101/5769 5818/416/5769 5794/945/5769
f 5777/3080/5770 5764/3068/5770 5763/3067/5770 5775/3078/5770
f 5767/2812/5771 5779/3082/5771 5778/3081/5771 5768/3071/5771
f 5804/6915/5772 5810/1820/5772 5809/3093/5772 5802/6916/5772
f 5784/6917/5773 5777/3080/5774 5776/3079/5774 5783/6918/5773
f 5782/6919/5775 5773/3076/5776 5772/3075/5776 5781/6920/5775
f 5762/3066/5777 5786/6913/5767 5785/6914/5767 5760/3064/5777
f 5758/3062/5778 5770/3073/5778 5769/3072/5778 5759/3063/5778
f 5773/3076/5779 5762/3066/5779 5761/3065/5779 5774/3077/5779
f 5779/3082/5780 5782/6919/5775 5781/6920/5775 5780/3083/5780
f 5764/3068/5781 5788/6912/5765 5787/4482/5765 5765/3069/5781
f 5770/3073/5782 5784/6917/5773 5783/6918/5773 5771/3074/5782
f 5846/6921/5783 5807/6922/5784 5808/6923/5785 5845/4494/5783
f 5848/3905/5786 5791/6924/5787 5792/6925/5788 5847/5471/5786
f 5814/6926/5789 5799/3087/5789 5801/3089/5789 5812/6927/5789
f 5820/6928/5790 5824/3103/5790 5826/3105/5790 5818/5474/5790
f 5798/6929/5791 5803/3091/5791 5802/3090/5791 5796/6930/5791
f 5800/6931/5792 5795/6932/5792 5794/5479/5792 5801/6933/5792
f 5817/3100/5793 5797/948/5793 5796/3085/5793 5815/3098/5793
f 5807/6922/5784 5772/3075/5794 5774/3077/5794 5808/6923/5785
f 5760/3064/5795 5789/6934/5796 5790/4508/5797 5761/3065/5795
f 5759/3063/5798 5792/6925/5788 5791/6924/5787 5757/923/5798
f 5795/3084/5799 5763/3067/5799 5765/3069/5799 5793/944/5799
f 5768/3071/5799 5798/3086/5799 5797/948/5799 5766/3070/5799
f 5771/3074/5800 5805/6935/5801 5806/6936/5802 5769/3072/5800
f 5780/3083/5803 5804/3092/5803 5803/3091/5803 5778/3081/5803
f 5799/4511/5804 5776/3079/5804 5775/3078/5804 5800/6931/5804
f 5850/6655/5805 5820/6928/2673 5819/6937/2672 5849/4514/5805
f 5852/6938/5806 5814/3097/2667 5813/3096/2666 5851/6939/5806
f 5823/4517/2676 5826/6940/5807 5825/6941/5807 5821/5490/2674
f 5829/3107/2680 5831/3109/5808 5830/3108/5808 5827/3106/2678
f 5854/6942/5809 5828/6943/5809 5827/6944/5809 5853/6945/5809
f 5836/1840/5810 5834/3112/2683 5833/3111/2682 5837/1841/5810
f 5856/6946/5811 5839/6947/5812 5841/6948/5812 5855/6666/5811
f 5840/6949/5813 5829/6950/5813 5828/6951/5813 5841/6952/5813
f 5834/6953/5814 5823/3946/5814 5822/6954/5814 5835/6955/5814
f 5844/6956/5815 5840/3115/2687 5839/3114/2686 5842/5502/5815
f 5858/6957/5816 5825/3104/5817 5824/3103/5817 5857/6958/5816
f 5860/6959/5818 5838/6960/5819 5837/6961/5819 5859/6962/5818
f 5812/3095/5820 5836/6963/5820 5838/6960/5820 5813/3096/5820
f 5831/3109/5821 5809/3093/5821 5811/3094/5821 5832/3110/5821
f 5843/5510/5822 5816/3099/5822 5815/3098/5822 5844/6956/5822
f 5805/6935/5801 5846/6921/5783 5845/4494/5783 5806/6936/5802
f 5789/6934/5796 5848/3905/5786 5847/5471/5786 5790/4508/5797
f 5816/6964/2669 5850/6655/5805 5849/4514/5805 5817/6965/2670
f 5810/6966/2663 5852/6938/5806 5851/6939/5806 5811/6967/2664
f 5835/4541/5809 5854/6942/5809 5853/6945/5809 5833/6968/5809
f 5821/3102/5823 5856/6946/5811 5855/6666/5811 5822/968/5823
f 5842/1845/5824 5858/6957/5816 5857/6958/5816 5843/3116/5824
f 5832/6969/5825 5860/6959/5818 5859/6962/5818 5830/4544/5825
f 5892/6970/5826 5862/3117/5827 5861/1847/5827 5891/6971/5826
f 5890/6972/5828 5871/453/5829 5870/3125/5829 5889/6973/5828
f 5897/467/5830 5923/3155/5830 5922/3154/5830 5898/3138/5830
f 5881/3134/5831 5868/3123/5831 5867/3122/5831 5879/3132/5831
f 5871/453/5832 5883/3136/5832 5882/3135/5832 5872/3126/5832
f 5908/6974/5833 5914/1016/5833 5913/3147/5833 5906/6975/5833
f 5888/6976/5834 5881/3134/5835 5880/3133/5835 5887/6977/5834
f 5886/6978/5836 5877/3130/5837 5876/3129/5837 5885/6693/5836
f 5866/3121/5838 5890/6972/5828 5889/6973/5828 5864/3119/5838
f 5862/3117/5839 5874/3127/5839 5873/995/5839 5863/3118/5839
f 5877/3130/5840 5866/3121/5840 5865/3120/5840 5878/3131/5840
f 5883/3136/5841 5886/6978/5836 5885/6693/5836 5884/3137/5841
f 5868/3123/5842 5892/6970/5826 5891/6971/5826 5869/3124/5842
f 5874/3127/5843 5888/6976/5834 5887/6977/5834 5875/3128/5843
f 5950/6979/5844 5911/4553/5845 5912/3979/5846 5949/6980/5844
f 5952/6981/5847 5895/6982/5848 5896/6983/5849 5951/3984/5847
f 5918/3151/5850 5903/3143/5850 5905/3144/5850 5916/3149/5850
f 5924/3156/5851 5928/4558/5851 5930/6984/5851 5922/3154/5851
f 5902/6985/5852 5907/3146/5852 5906/3145/5852 5900/6986/5852
f 5904/4562/5853 5899/6987/5853 5898/6988/5853 5905/6989/5853
f 5921/6990/5854 5901/3141/5854 5900/3140/5854 5919/6991/5854
f 5911/4553/5845 5876/3129/5855 5878/3131/5855 5912/3979/5846
f 5864/3119/5856 5893/6992/5857 5894/6993/5858 5865/3120/5856
f 5863/3118/5859 5896/6983/5849 5895/6982/5848 5861/1847/5859
f 5899/3139/2700 5867/3122/5860 5869/3124/5860 5897/467/2698
f 5872/3126/5861 5902/3142/2703 5901/3141/2702 5870/3125/5861
f 5875/3128/5862 5909/6994/5863 5910/6995/5864 5873/995/5862
f 5884/3137/5865 5908/6974/2709 5907/4572/2708 5882/3135/5865
f 5903/3999/2704 5880/3133/5866 5879/3132/5866 5904/4562/2705
f 5954/6996/5867 5924/6997/2721 5923/6998/2720 5953/6999/5867
f 5956/7000/5868 5918/7001/2715 5917/7002/2714 5955/7003/5868
f 5927/7004/2724 5930/6984/5869 5929/4009/5869 5925/7005/2722
f 5933/1031/2728 5935/2903/5870 5934/3163/5870 5931/3162/2726
f 5958/5554/5871 5932/5555/5872 5931/7006/5872 5957/5557/5871
f 5940/3166/5873 5938/3165/2731 5937/3164/2730 5941/3167/5873
f 5960/7007/5861 5943/7008/5861 5945/7009/5861 5959/7010/5861
f 5944/7011/5874 5933/7012/5874 5932/7013/5874 5945/7014/5874
f 5938/7015/5875 5927/7016/5875 5926/4594/5875 5939/6729/5875
f 5948/7017/5876 5944/3170/2735 5943/3169/2734 5946/4596/5876
f 5962/4597/5877 5929/3160/5878 5928/3159/5878 5961/7018/5877
f 5964/7019/5879 5942/7020/5880 5941/4601/5880 5963/4034/5879
f 5916/3149/5881 5940/3166/5881 5942/3168/5881 5917/3150/5881
f 5935/5571/5882 5913/7021/5882 5915/7022/5882 5936/6734/5882
f 5947/3171/5883 5920/2891/5883 5919/3152/5883 5948/1903/5883
f 5909/6994/5863 5950/6979/5844 5949/6980/5844 5910/6995/5864
f 5893/6992/5857 5952/6981/5847 5951/3984/5847 5894/6993/5858
f 5920/2891/2717 5954/6996/5867 5953/6999/5867 5921/3153/2718
f 5914/7023/2711 5956/7000/5868 5955/7003/5868 5915/7022/2712
f 5939/7024/5884 5958/5554/5871 5957/5557/5871 5937/7025/5884
f 5925/3157/5861 5960/7007/5861 5959/7010/5861 5926/3158/5861
f 5946/2909/5885 5962/4597/5877 5961/7018/5877 5947/3171/5885
f 5936/6734/5886 5964/7019/5879 5963/4034/5879 5934/4608/5886
f 5984/7026/5887 5966/3173/5888 5965/3172/5888 5983/7027/5887
f 5978/7028/5889 5975/3182/5890 5974/3181/5890 5977/7029/5889
f 5970/3177/5891 5981/5820/5892 5982/6240/5892 5968/3175/5891
f 5966/3173/5893 5972/3179/5893 5971/3178/5893 5967/3174/5893
f 5975/3182/5894 5970/3177/5894 5969/3176/5894 5976/3183/5894
f 5972/3179/5895 5979/7030/5896 5980/7031/5896 5973/3180/5895
f 6030/7032/5897 5991/7033/5898 5992/5587/5899 6029/4620/5897
f 6032/7034/5900 5987/7035/5901 5988/7036/5902 6031/4624/5900
f 6004/7037/5903 6008/3196/5903 6010/3198/5903 6002/7038/5903
f 5991/7033/5898 5974/3181/5904 5976/3183/5904 5992/5587/5899
f 5968/3175/5905 5985/7039/5906 5986/7040/5907 5969/3176/5905
f 5967/3174/5908 5988/7036/5902 5987/7035/5901 5965/3172/5908
f 5973/3180/5909 5989/7041/5910 5990/5594/5911 5971/3178/5909
f 6034/4631/5912 6004/7037/2753 6003/7042/2752 6033/7043/5912
f 6036/7044/5913 5997/3187/2746 5996/3186/2745 6035/7045/5914
f 6007/3195/2756 6010/7046/5915 6009/7047/5915 6005/3194/2754
f 6013/3200/2760 6015/3202/5916 6014/3201/5916 6011/3199/2758
f 6038/4638/5917 6012/7048/5917 6011/7049/5917 6037/7050/5917
f 6020/3204/5918 6017/7051/2762 6019/7052/2764 6021/3205/5918
f 6040/7053/5919 6023/7054/5919 6025/7055/5919 6039/4647/5919
f 6024/7056/5920 6013/7057/5920 6012/7058/5920 6025/7059/5920
f 6017/3203/5921 6007/7060/5921 6006/5612/5921 6018/2482/5921
f 6028/7061/5922 6024/3207/2767 6023/3206/2766 6026/7062/5922
f 6042/7063/5923 6009/3197/5924 6008/3196/5924 6041/5853/5923
f 6044/7064/5925 6022/7065/5926 6021/7066/5926 6043/7067/5927
f 5998/3188/5928 6020/7068/5928 6022/7065/5928 5996/3186/5928
f 6015/3202/5929 5993/3184/5929 5995/2123/5929 6016/2135/5929
f 6027/7069/5930 6000/3190/5930 5999/3189/5930 6028/7061/5930
f 5989/7041/5910 6030/7032/5897 6029/4620/5897 5990/5594/5911
f 5985/7039/5906 6032/7034/5900 6031/4624/5900 5986/7040/5907
f 6000/7070/2749 6034/4631/5912 6033/7043/5912 6001/7071/2750
f 5994/7072/2743 6036/7044/5913 6035/7045/5914 5995/7073/2744
f 6018/4668/5917 6038/4638/5917 6037/7050/5917 6019/7074/5917
f 6005/7075/5919 6040/7053/5919 6039/4647/5919 6006/7076/5919
f 6026/3208/5931 6042/7063/5923 6041/5853/5923 6027/3209/5931
f 6016/7077/5932 6044/7064/5925 6043/7067/5927 6014/7078/5932
f 6082/4674/5933 6085/7079/5934 6086/7080/5935 6081/7081/5936
f 6085/7082/5934 6087/3223/2782 6089/3225/2784 6086/7083/5935
f 6088/3224/2783 6083/7084/5937 6084/7085/5938 6089/3225/2784
f 6091/7086/5939 6094/3226/2785 6096/3228/2787 6090/7087/5940
f 6095/3227/2786 6097/7088/5941 6098/7089/5942 6096/3228/2787
f 6097/7090/5941 6092/7091/5943 6093/7092/5944 6098/7093/5942
f 6100/7094/5945 6103/3229/2788 6105/3231/2790 6099/7095/5946
f 6104/7096/2789 6106/7097/5947 6107/7098/5948 6105/7099/2790
f 6106/7097/5947 6101/7100/5949 6102/7101/5950 6107/7098/5948
f 6109/7102/5951 6112/7103/5952 6113/7104/5953 6108/7105/5954
f 6112/7103/5952 6114/7106/2791 6116/7107/2793 6113/7104/5953
f 6115/3233/2792 6110/7108/5955 6111/7109/5956 6116/3234/2793
f 6047/7110/5957 6052/7111/5958 6053/7112/5959 6048/7113/5960
f 6052/7111/5958 6049/3211/2770 6051/3213/2772 6053/7112/5959
f 6050/3212/5961 6088/3224/5961 6087/3223/5962 6051/3213/5962
f 6049/3211/2770 6045/7114/5963 6046/7115/5964 6050/3212/2771
f 6058/7116/5965 6054/7117/5966 6055/7118/5967 6059/7119/5968
f 6060/3214/2773 6058/7116/5965 6059/7119/5968 6061/3215/2774
f 6094/3226/5961 6062/3216/5961 6061/3215/5962 6095/3227/5962
f 6056/7120/5969 6060/3214/2773 6062/3216/2775 6057/4718/5970
f 6076/3220/2779 6072/6315/5971 6073/7121/5972 6077/3221/2780
f 6114/3232/5973 6078/3222/5973 6077/3221/5974 6115/3233/5974
f 6079/7122/5975 6076/3220/2779 6078/3222/2781 6080/7123/5976
f 6074/7124/5977 6079/7122/5975 6080/7123/5976 6075/7125/5978
f 6065/7126/5979 6069/3217/2776 6071/3219/2778 6066/6320/5980
f 6070/3218/5981 6104/3230/5981 6103/3229/5982 6071/3219/5982
f 6069/3217/2776 6067/7127/5983 6068/7128/5984 6070/3218/2777
f 6067/7127/5983 6063/7129/5985 6064/7130/5986 6068/7128/5984
f 6063/7129/5985 6047/7110/5957 6048/7113/5960 6064/7130/5986
f 6081/7131/5936 6102/7101/5950 6101/7100/5949 6082/7132/5933
f 5983/7027/5887 6046/7115/5964 6045/7114/5963 5984/7026/5887
f 6066/6320/5980 5980/7031/5896 5979/7030/5896 6065/7126/5979
f 6002/3192/5987 6084/7085/5938 6083/7084/5937 6003/3193/5987
f 6090/7087/5940 5999/3189/5988 6001/3191/5988 6091/7086/5939
f 5981/5820/5892 6056/7120/5969 6057/4718/5970 5982/6240/5892
f 5977/7029/5889 6073/7121/5972 6072/6315/5971 5978/7028/5889
f 6075/7125/5978 6055/7118/5967 6054/7117/5966 6074/7124/5977
f 6108/7105/5954 6093/7092/5944 6092/7091/5943 6109/7102/5951
f 6099/7095/5946 5998/7133/5989 5997/7134/5989 6100/7094/5945
f 5993/3184/5990 6111/7109/5956 6110/7108/5955 5994/3185/5990
f 6148/7135/5891 6118/3236/2795 6117/3235/2794 6147/7136/5891
f 6146/7137/5991 6127/3245/5992 6126/3244/5992 6145/7138/5991
f 6153/3258/5993 6179/3276/5993 6178/3275/5993 6154/3259/5993
f 6137/3254/5994 6124/3242/5994 6123/3241/5994 6135/3252/5994
f 6127/3245/5995 6139/3256/5995 6138/3255/5995 6128/3246/5995
f 6164/7139/5996 6170/3270/5996 6169/3269/5996 6162/7140/5996
f 6144/7141/5997 6137/3254/5997 6136/3253/5997 6143/4742/5997
f 6142/6329/5998 6133/3250/2806 6132/3249/2805 6141/6330/5998
f 6122/3240/2799 6146/7137/5991 6145/7138/5991 6120/3238/2797
f 6118/3236/5999 6130/3247/5999 6129/1979/5999 6119/3237/5999
f 6133/3250/6000 6122/3240/6000 6121/3239/6000 6134/3251/6000
f 6139/3256/6001 6142/6329/5998 6141/6330/5998 6140/3257/6001
f 6124/3242/6002 6148/7135/5891 6147/7136/5891 6125/3243/6002
f 6130/3247/2803 6144/7141/5997 6143/4742/5997 6131/3248/2804
f 6206/7142/6003 6167/7143/6004 6168/7144/6005 6205/7145/6003
f 6208/7146/6006 6151/7147/6007 6152/5692/6008 6207/7148/6006
f 6174/3272/6009 6159/3264/6009 6161/3265/6009 6172/3271/6009
f 6180/3277/6010 6184/7149/6010 6186/7150/6010 6178/3275/6010
f 6158/7151/6011 6163/3267/6011 6162/3266/6011 6156/7152/6011
f 6160/7153/6012 6155/7154/6012 6154/7155/6012 6161/7156/6012
f 6177/7157/6013 6157/3262/6013 6156/3261/6013 6175/7158/6013
f 6167/7143/6004 6132/3249/2805 6134/3251/2807 6168/7144/6005
f 6120/3238/2797 6149/7159/6014 6150/7160/6015 6121/3239/2798
f 6119/3237/2796 6152/5692/6008 6151/7147/6007 6117/3235/2794
f 6155/7154/2812 6123/3241/6016 6125/3243/6016 6153/4764/2810
f 6128/3246/6016 6158/7151/2815 6157/4765/2814 6126/3244/6016
f 6131/3248/2804 6165/7161/6017 6166/5942/6018 6129/1979/2802
f 6140/3257/6019 6164/7139/2821 6163/4768/2820 6138/3255/6019
f 6159/3264/2816 6136/3253/6020 6135/3252/6020 6160/2190/2817
f 6210/7162/6021 6180/7163/2833 6179/7164/2832 6209/7165/6021
f 6212/7166/6022 6174/7167/2827 6173/7168/2826 6211/7169/6022
f 6183/7170/2836 6186/7150/6023 6185/7171/6023 6181/7172/2834
f 6189/3284/2840 6191/3286/6024 6190/3285/6024 6187/3283/2838
f 6214/7173/6025 6188/7174/6026 6187/7175/6026 6213/7176/6025
f 6196/3289/6027 6194/3288/2843 6193/3287/2842 6197/3290/6027
f 6216/7177/6028 6199/7178/6029 6201/7179/6029 6215/6355/6028
f 6200/7180/6030 6189/7181/6030 6188/7182/6030 6201/4791/6030
f 6194/7183/6031 6183/7184/6031 6182/5729/6031 6195/5730/6031
f 6204/7185/6032 6200/3293/2847 6199/3292/2846 6202/7186/6032
f 6218/7187/6033 6185/3281/6034 6184/3280/6034 6217/7188/6033
f 6220/7189/6035 6198/6363/6036 6197/7190/6036 6219/7191/6037
f 6172/3271/6038 6196/3289/6038 6198/3291/6038 6173/1153/6038
f 6191/7192/6039 6169/7193/6039 6171/7194/6039 6192/7195/6039
f 6203/3295/6040 6176/2540/6040 6175/3273/6040 6204/3296/6040
f 6165/7161/6017 6206/7142/6003 6205/7145/6003 6166/5942/6018
f 6149/7159/6014 6208/7146/6006 6207/7148/6006 6150/7160/6015
f 6176/2540/2829 6210/7162/6021 6209/7165/6021 6177/3274/2830
f 6170/7196/2823 6212/7166/6022 6211/7169/6022 6171/7194/2824
f 6195/7197/6041 6214/7173/6025 6213/7176/6025 6193/7198/6041
f 6181/3278/6042 6216/7177/6028 6215/6355/6028 6182/3279/6042
f 6202/3294/6043 6218/7187/6033 6217/7188/6033 6203/3295/6043
f 6192/7195/6044 6220/7189/6035 6219/7191/6037 6190/7199/6044
f 6252/5037/6045 6222/3298/6046 6221/3297/6046 6251/7200/6045
f 6250/7201/6047 6231/3305/6048 6230/3304/6048 6249/7202/6047
f 6257/3318/6049 6283/3335/6049 6282/3334/6049 6258/3319/6049
f 6241/3314/6050 6228/3302/6050 6227/3301/6050 6239/3312/6050
f 6231/3305/3018 6243/3316/3018 6242/3315/3018 6232/1196/3018
f 6268/7203/6051 6274/3328/6051 6273/3327/6051 6266/7204/6051
f 6248/6113/3020 6241/3314/3020 6240/3313/3020 6247/5041/3020
f 6246/5154/3021 6237/3310/3021 6236/3309/3021 6245/7205/3021
f 6226/3300/6052 6250/7201/6047 6249/7202/6047 6224/3299/6052
f 6222/3298/6053 6234/3307/6053 6233/3306/6053 6223/2223/6053
f 6237/3310/6054 6226/3300/6054 6225/2225/6054 6238/3311/6054
f 6243/3316/3021 6246/5154/3021 6245/7205/3021 6244/3317/3021
f 6228/3302/6055 6252/5037/6045 6251/7200/6045 6229/3303/6055
f 6234/3307/3020 6248/6113/3020 6247/5041/3020 6235/3308/3020
f 6310/7206/6056 6271/7207/6057 6272/7208/6058 6309/4825/6056
f 6312/7209/6059 6255/7210/6060 6256/7211/6061 6311/5049/6059
f 6278/7212/6062 6263/3324/6062 6265/3325/6062 6276/7213/6062
f 6284/7214/6063 6288/2256/6063 6290/3337/6063 6282/7215/6063
f 6262/6156/6064 6267/1417/6064 6266/3326/6064 6260/7216/6064
f 6264/5752/6065 6259/7217/6065 6258/7218/6065 6265/7219/6065
f 6281/3333/6066 6261/3322/6066 6260/3321/6066 6279/3331/6066
f 6271/7207/6057 6236/3309/6067 6238/3311/6067 6272/7208/6058
f 6224/3299/6068 6253/7220/6069 6254/5990/6070 6225/2225/6068
f 6223/2223/6071 6256/7211/6061 6255/7210/6060 6221/3297/6071
f 6259/7217/2860 6227/3301/4155 6229/3303/4155 6257/4842/2858
f 6232/1196/4155 6262/6156/2863 6261/4843/2862 6230/3304/4155
f 6235/3308/6072 6269/7221/6073 6270/5756/6074 6233/3306/6072
f 6244/3317/6075 6268/7203/2869 6267/4846/2868 6242/3315/6075
f 6263/3324/2864 6240/3313/6075 6239/3312/6075 6264/1216/2865
f 6314/7222/6076 6284/7214/2881 6283/7223/2880 6313/7224/6076
f 6316/7225/4218 6278/3330/2875 6277/1523/2874 6315/7226/4218
f 6287/4854/2884 6290/7227/6077 6289/7228/6077 6285/7229/2882
f 6293/3339/2888 6295/3341/6078 6294/3340/6078 6291/3338/2886
f 6318/5181/3046 6292/4858/6079 6291/7230/6079 6317/7231/3046
f 6300/3345/6080 6298/3344/2891 6297/3343/2890 6301/3346/6080
f 6320/7232/4167 6303/7233/4167 6305/5073/4167 6319/7234/4167
f 6304/7235/6081 6293/6138/6081 6292/4867/6081 6305/4868/6081
f 6298/7236/6082 6287/7237/6082 6286/4871/6082 6299/4872/6082
f 6308/7238/6083 6304/3348/2895 6303/3347/2894 6306/7239/6083
f 6322/5079/4167 6289/2062/6084 6288/2256/6084 6321/4876/4167
f 6324/7240/6085 6302/6143/6086 6301/7241/6086 6323/4880/6085
f 6276/3329/6063 6300/7242/6063 6302/6143/6063 6277/1523/6063
f 6295/3341/6087 6273/3327/6087 6275/1521/6087 6296/3342/6087
f 6307/5195/6088 6280/3332/6088 6279/3331/6088 6308/7238/6088
f 6269/7221/6073 6310/7206/6056 6309/4825/6056 6270/5756/6074
f 6253/7220/6069 6312/7209/6059 6311/5049/6059 6254/5990/6070
f 6280/7243/2877 6314/7222/6076 6313/7224/6076 6281/7244/2878
f 6274/7245/2871 6316/7225/4218 6315/7226/4218 6275/7246/2872
f 6299/5091/6089 6318/5181/3046 6317/7231/3046 6297/7247/6089
f 6285/3336/4167 6320/7232/4167 6319/7234/4167 6286/1432/4167
f 6306/3349/6090 6322/5079/4167 6321/4876/4167 6307/3350/6090
f 6296/7248/6091 6324/7240/6085 6323/4880/6085 6294/5775/6091
f 6356/3519/6045 6326/3353/2899 6325/3352/2898 6355/4889/6045
f 6354/3521/6047 6335/3361/6048 6334/3360/6048 6353/5096/6047
f 6361/3372/6092 6387/3390/6092 6386/3389/6092 6362/3373/6092
f 6345/3369/3017 6332/3358/3017 6331/2600/3017 6343/3367/3017
f 6335/3361/3018 6347/3370/3018 6346/32/3018 6336/22/3018
f 6372/7249/6093 6378/3383/6093 6377/3382/6093 6370/7250/6093
f 6352/7251/3020 6345/3369/3020 6344/3368/3020 6351/7252/3020
f 6350/7253/3021 6341/3366/2909 6340/3365/2908 6349/7254/3021
f 6330/3357/2903 6354/3521/6047 6353/5096/6047 6328/3355/2901
f 6326/3353/6094 6338/3363/6094 6337/3362/6094 6327/3354/6094
f 6341/3366/6095 6330/3357/6095 6329/3356/6095 6342/2083/6095
f 6347/3370/3021 6350/7253/3021 6349/7254/3021 6348/3371/3021
f 6332/3358/6055 6356/3519/6045 6355/4889/6045 6333/3359/6055
f 6338/3363/2906 6352/7251/3020 6351/7252/3020 6339/3364/2907
f 6414/7255/6096 6375/7256/6097 6376/4900/6098 6413/5781/6096
f 6416/7257/6099 6359/7258/6100 6360/7259/6101 6415/6415/6099
f 6382/7260/6102 6367/3378/6102 6369/3379/6102 6380/7261/6102
f 6388/7262/6103 6392/2289/6103 6394/3393/6103 6386/7263/6103
f 6366/3548/6104 6371/3381/6104 6370/3380/6104 6364/7264/6104
f 6368/7265/6105 6363/3551/6105 6362/7266/6105 6369/7267/6105
f 6385/3388/6106 6365/3376/6106 6364/3375/6106 6383/3387/6106
f 6375/7256/6097 6340/3365/2908 6342/2083/2910 6376/4900/6098
f 6328/3355/2901 6357/7268/6107 6358/4915/6108 6329/3356/2902
f 6327/3354/2900 6360/7259/6101 6359/7258/6100 6325/3352/2898
f 6363/3551/2913 6331/2600/3038 6333/3359/3038 6361/3558/2911
f 6336/22/3038 6366/3548/2916 6365/3559/2915 6334/3360/3038
f 6339/3364/2907 6373/7269/6109 6374/5293/6110 6337/3362/2905
f 6348/3371/3041 6372/7249/2922 6371/3562/2921 6346/32/3041
f 6367/3378/2917 6344/3368/3041 6343/3367/3041 6368/42/2918
f 6418/7270/4156 6388/7262/2934 6387/7271/2933 6417/7272/4156
f 6420/7273/4160 6382/3386/2928 6381/3385/2927 6419/7274/4160
f 6391/5121/2937 6394/7275/6111 6393/7276/6111 6389/7277/2935
f 6397/3395/2941 6399/3397/6112 6398/3396/6112 6395/3394/2939
f 6422/3568/6113 6396/6029/6113 6395/7278/6113 6421/7279/6113
f 6404/3400/6114 6402/3399/2944 6401/3398/2943 6405/3401/6114
f 6424/7280/3048 6407/7281/3048 6409/6033/3048 6423/6034/3048
f 6408/7282/6115 6397/7283/6115 6396/5132/6115 6409/4938/6115
f 6402/7284/6116 6391/7285/6116 6390/4941/6116 6403/4942/6116
f 6412/7286/6117 6408/3403/2948 6407/3402/2947 6410/7287/6117
f 6426/7288/6118 6393/3392/6119 6392/2289/6119 6425/5139/6118
f 6428/6038/6120 6406/7289/6121 6405/7290/6121 6427/5812/6120
f 6380/3384/6103 6404/7291/6103 6406/7289/6103 6381/3385/6103
f 6399/3397/6122 6377/3382/6122 6379/2618/6122 6400/1492/6122
f 6411/3579/6122 6384/1480/6122 6383/3387/6122 6412/7286/6122
f 6373/7269/6109 6414/7255/6096 6413/5781/6096 6374/5293/6110
f 6357/7268/6107 6416/7257/6099 6415/6415/6099 6358/4915/6108
f 6384/7292/2930 6418/7270/4156 6417/7272/4156 6385/7293/2931
f 6378/7294/2924 6420/7273/4160 6419/7274/4160 6379/3584/2925
f 6403/6443/6113 6422/3568/6113 6421/7279/6113 6401/7295/6113
f 6389/3391/3048 6424/7280/3048 6423/6034/3048 6390/60/3048
f 6410/3404/6123 6426/7288/6118 6425/5139/6118 6411/3405/6123
f 6400/7296/6124 6428/6038/6120 6427/5812/6120 6398/7297/6124
f 6432/3410/6125 6429/7298/6125 6431/7299/6125 6433/3411/6125
f 6439/3413/2953 6442/7300/2956 6444/7301/2958 6440/3414/2954
f 6445/3419/2959 6448/7302/2962 6450/7303/2964 6446/3420/2960
f 6451/3425/2965 6454/7304/2968 6456/7305/2970 6452/3426/2966
f 6457/3431/2971 6460/7306/2974 6462/7307/2976 6458/3432/2972
f 6441/7308/2955 6449/3423/2963 6448/3422/2962 6439/7309/2953
f 6447/7310/2961 6443/3417/2957 6442/3416/2956 6445/7311/2959
f 6459/7312/2973 6455/3429/2969 6454/3428/2968 6457/7313/2971
f 6453/7314/2967 6461/3435/2975 6460/3434/2974 6451/7315/2965
f 6455/7316/2969 6436/7317/6126 6435/7318/6127 6456/7305/2970
f 6436/7317/6126 6441/3415/2955 6440/3414/2954 6435/7318/6127
f 6437/7319/6128 6450/7303/2964 6449/7320/2963 6438/7321/6129
f 6438/7321/6129 6459/3433/2973 6458/3432/2972 6437/7319/6128
f 6503/7322/6130 6499/7323/6131 6500/7324/6132 6504/7325/6133
f 6477/7326/6134 6485/7327/6135 6486/7328/6136 6478/7329/6137
f 6505/7330/6138 6503/7322/6130 6504/7325/6133 6506/7331/6139
f 6485/7327/6135 6483/7332/6140 6484/7333/6141 6486/7328/6136
f 6507/7334/6142 6505/7330/6138 6506/7331/6139 6508/7335/6143
f 6483/7332/6140 6481/7336/6144 6482/7337/6145 6484/7333/6141
f 6509/7338/6146 6507/7334/6142 6508/7335/6143 6510/7339/6147
f 6481/7340/6144 6479/7341/6148 6480/7342/6149 6482/7343/6145
f 6501/7344/6150 6509/7338/6146 6510/7339/6147 6502/7345/6151
f 6479/7341/6148 6475/7346/6152 6476/7347/6153 6480/7342/6149
f 6467/7348/6154 6463/7349/6155 6464/7350/6156 6468/7351/6154
f 6489/7352/6157 6497/7353/6158 6498/7354/6158 6490/7355/6157
f 6469/7356/6159 6467/7348/6154 6468/7351/6154 6470/7357/6159
f 6497/7353/6158 6495/7358/6160 6496/7359/6161 6498/7354/6158
f 6471/7360/6162 6469/7356/6159 6470/7357/6159 6472/7361/6162
f 6495/7358/6160 6493/7362/6163 6494/7363/6164 6496/7359/6161
f 6473/7364/6165 6471/7365/6162 6472/7366/6162 6474/7367/6166
f 6493/7362/6163 6491/7368/6167 6492/7369/6168 6494/7363/6164
f 6465/7370/6169 6473/7364/6165 6474/7367/6166 6466/7371/6170
f 6491/7368/6167 6487/7372/6171 6488/7373/6171 6492/7369/6168
f 6551/7374/6172 6547/7375/6173 6548/7376/6173 6552/7377/6174
f 6525/7378/6175 6533/7379/6176 6534/7380/6177 6526/7381/6178
f 6553/7382/6179 6551/7374/6172 6552/7377/6174 6554/7383/6180
f 6533/7379/6176 6531/7384/6181 6532/7385/6182 6534/7380/6177
f 6555/7386/6183 6553/7382/6179 6554/7383/6180 6556/7387/6184
f 6531/7384/6181 6529/7388/6185 6530/7389/6186 6532/7385/6182
f 6557/7390/6187 6555/7386/6183 6556/7387/6184 6558/7391/6188
f 6529/7388/6185 6527/7392/6189 6528/7393/6190 6530/7389/6186
f 6549/7394/6191 6557/7390/6187 6558/7391/6188 6550/7395/6192
f 6527/7392/6189 6523/7396/6193 6524/7397/6194 6528/7393/6190
f 6515/7398/6195 6511/7399/6196 6512/7400/6197 6516/7401/6198
f 6537/7402/6199 6545/7403/6200 6546/7404/6200 6538/7405/6201
f 6517/7406/6202 6515/7398/6195 6516/7401/6198 6518/7407/6203
f 6545/7403/6200 6543/7408/6204 6544/7409/6205 6546/7404/6200
f 6519/7410/6206 6517/7406/6202 6518/7407/6203 6520/7411/6207
f 6543/7408/6204 6541/7412/6208 6542/7413/6209 6544/7409/6205
f 6521/7414/6210 6519/7415/6206 6520/7416/6207 6522/7417/6211
f 6541/7412/6208 6539/7418/6212 6540/7419/6212 6542/7413/6209
f 6513/7420/6213 6521/7414/6210 6522/7417/6211 6514/7421/6214
f 6539/7418/6212 6535/7422/6215 6536/7423/6216 6540/7419/6212
f 6478/7329/6137 6464/7350/6156 6463/7349/6155 6477/7326/6134
f 6466/7371/6170 6444/7424/6217 6443/7425/6217 6465/7370/6169
f 6446/3420/6218 6476/7347/6153 6475/7346/6152 6447/3421/6218
f 6499/7323/6131 6489/7352/6157 6490/7355/6157 6500/7324/6132
f 6487/7372/6171 6431/7299/6219 6430/7426/6219 6488/7373/6171
f 6433/3411/6220 6501/7344/6150 6502/7345/6151 6434/3412/6220
f 6511/7399/6196 6525/7378/6175 6526/7381/6178 6512/7400/6197
f 6547/7375/6173 6537/7402/6199 6538/7405/6201 6548/7376/6173
f 6535/7422/6215 6453/3427/2967 6452/3426/2966 6536/7423/6216
f 6429/3407/6221 6513/7420/6213 6514/7421/6214 6430/3408/6221
f 6434/7427/6222 6524/7397/6194 6523/7396/6193 6432/7428/6222
f 6461/7429/2975 6549/7394/6191 6550/7395/6192 6462/7307/2976
f 6565/3443/6223 6560/3438/6223 6559/3437/6223 6566/3444/6223
f 6585/3463/6224 6562/7430/6224 6564/7431/6224 6583/3461/6224
f 6563/7432/6225 6569/3447/6225 6568/3446/6225 6564/7431/6225
f 6588/3466/6226 6567/3445/6226 6566/3444/6226 6586/3464/6226
f 6577/3455/6227 6565/3443/6227 6567/3445/6227 6578/3456/6227
f 6569/3447/6228 6580/3458/6228 6582/3460/6228 6570/3448/6228
f 6591/3469/6229 6579/3457/6229 6578/3456/6229 6589/3467/6229
f 6571/3449/6230 6577/3455/6230 6579/3457/6230 6572/3450/6230
f 6580/3458/6231 6575/3453/6231 6574/3452/6231 6581/3459/6231
f 6594/7433/6232 6573/7434/6232 6572/7435/6232 6592/7436/6232
f 6560/7437/6233 6571/3449/6233 6573/3451/6233 6561/7438/6233
f 6575/3453/6234 6563/3441/6234 6562/3440/6234 6576/3454/6234
f 6561/3439/6235 6585/3463/6235 6584/3462/6235 6559/3437/6235
f 6570/3448/6236 6588/3466/6236 6587/3465/6236 6568/3446/6236
f 6590/7439/6237 6593/3471/6237 6592/3470/6237 6591/7440/6237
f 6583/3461/6238 6587/3465/6238 6586/3464/6238 6584/3462/6238
f 6595/3473/6239 6598/3476/6239 6600/3478/6239 6596/3474/6239
f 6596/3474/6240 6602/3480/6240 6601/3479/6240 6597/3475/6240
f 6599/3477/6241 6604/7441/6241 6606/7442/6241 6600/3478/6241
f 6602/3480/6242 6606/7442/6242 6605/7443/6242 6603/3481/6242
f 6581/3459/6243 6595/3473/6243 6597/3475/6243 6582/3460/6243
f 6603/3481/6244 6590/3468/6244 6589/3467/6244 6601/3479/6244
f 6576/3454/6245 6599/3477/6245 6598/3476/6245 6574/3452/6245
f 6604/3482/6246 6594/7444/6246 6593/7445/6246 6605/3483/6246
f 6607/7446/6247 6610/7447/6247 6609/7448/6248 6608/7449/6248
f 6617/3491/6249 6611/7450/6249 6613/7451/6249 6618/3492/6249
f 6633/1/2999 6614/7452/6250 6616/7453/6250 6631/3497/2997
f 6615/7454/6251 6620/7455/6251 6622/7456/6251 6616/7453/6251
f 6628/7457/6252 6619/3493/6253 6618/3492/6253 6627/7458/6252
f 6630/7459/6254 6623/6/6255 6624/7460/6255 6629/7461/6254
f 6636/3501/3002 6625/7/6256 6626/7462/6256 6634/3499/3000
f 6625/7/6256 6628/7457/6252 6627/7458/6252 6626/7462/6256
f 6612/7463/6257 6630/7459/6254 6629/7461/6254 6613/7451/6257
f 6623/6/6255 6633/1/2999 6632/3498/2998 6624/7460/6255
f 6621/7464/6258 6636/3501/3002 6635/3500/3001 6622/7456/6258
f 6631/3497/6259 6635/3500/6259 6634/3499/6260 6632/3498/6260
f 6645/3492/6261 6638/3503/6261 6637/3502/6261 6643/7465/6261
f 6659/3515/3009 6641/3506/6262 6640/3505/6262 6657/1/3007
f 6641/3506/6263 6647/3512/6263 6646/3511/6263 6642/3507/6263
f 6654/7466/6264 6645/3492/6265 6644/3493/6265 6653/7467/6264
f 6656/7468/6266 6649/7469/6267 6650/7470/6268 6655/7471/6266
f 6662/3518/3012 6651/7472/6269 6652/7473/6269 6660/3516/3010
f 6651/7472/6269 6654/7466/6264 6653/7467/6264 6652/7473/6269
f 6638/3503/6270 6656/7468/6266 6655/7471/6266 6639/3504/6270
f 6649/7469/6267 6658/3514/3008 6657/1/3007 6650/7470/6268
f 6647/3512/6271 6661/3517/3011 6660/3516/3010 6648/3513/6271
f 6658/3514/6272 6662/3518/6272 6661/3517/6273 6659/3515/6273
f 6611/3485/6274 6637/7474/6274 6639/7475/6274 6612/3486/6274
f 6614/3488/6275 6640/7476/6275 6642/7477/6275 6615/3489/6275
f 6619/7478/6276 6644/3509/6276 6643/3508/6276 6617/7479/6276
f 6620/3494/6277 6646/7480/6277 6648/7481/6277 6621/3495/6277
f 53/11/6278 87/4903/6278 115/3564/6278 83/3520/6278
f 84/3519/6279 80/3525/6279 66/3533/6279 54/12/6279
f 65/23/6280 102/3561/6281 88/3541/6281 55/3530/6280
f 78/3527/6282 82/3521/6282 58/2077/6282 69/27/6282
f 104/3537/6283 70/3532/6284 57/15/6284 86/3556/6283
f 85/7482/6278 56/1259/6278 81/3522/6278 113/3582/6278
f 59/17/6285 91/3551/6285 96/3550/6285 71/29/6285
f 60/18/6279 73/31/6279 80/3525/6279 84/3519/6279
f 83/3520/6278 115/57/6278 89/35/6278 61/19/6278
f 113/55/6278 81/3522/6278 62/20/6278 93/39/6278
f 75/33/6282 63/21/6282 82/3521/6282 78/3527/6282
f 94/3548/6285 64/22/6285 74/32/6285 99/45/6285
f 79/3526/6286 110/52/6286 101/7483/6286 67/3534/6286
f 106/3583/6286 77/3528/6286 68/26/6286 103/7484/6286
f 72/30/6286 95/41/6286 110/3543/6286 79/3526/6286
f 100/3523/6286 76/34/6286 77/3528/6286 106/48/6286
f 85/7482/6278 113/3582/6278 145/3565/6278 144/5105/6278
f 104/3537/6283 86/3556/6283 143/3542/6287 141/3538/6287
f 141/3538/6287 143/3542/6287 88/3541/6281 102/3561/6281
f 144/5105/6278 145/3565/6278 115/3564/6278 87/4903/6278
f 90/36/6282 114/56/6282 122/7485/6282 119/6426/6282
f 97/3553/6282 90/3552/6282 119/7486/6282 130/4939/6282
f 92/3549/6279 98/44/6279 125/4936/6279 136/4935/6279
f 111/53/6279 92/38/6279 136/1497/6279 140/3580/6279
f 108/3544/6282 97/43/6282 130/1307/6282 132/2106/6282
f 98/3524/6279 105/47/6279 127/3578/6279 125/1302/6279
f 148/3566/6286 142/6014/6286 101/7483/6286 110/52/6286
f 106/3583/6286 103/7484/6286 142/6014/6286 148/3566/6286
f 107/3584/6288 147/3567/6285 156/7487/6285 128/6045/6288
f 147/3567/6285 109/51/6289 134/3577/6289 156/7487/6285
f 146/3563/6285 112/3581/6288 139/2110/6288 153/6436/6285
f 116/3545/6289 146/3563/6285 153/6436/6285 120/3546/6289
f 151/3571/6285 150/3568/6285 131/73/6285 118/60/6285
f 154/3572/6290 152/3570/6290 117/59/6291 121/63/6291
f 123/65/6292 126/68/6292 155/3575/6293 149/3569/6293
f 137/79/6285 124/66/6285 150/3568/6285 151/3571/6285
f 149/3569/6293 155/3575/6293 133/75/6294 129/71/6294
f 138/80/6295 135/77/6295 152/3570/6290 154/3572/6290
f 157/83/6296 191/3600/6296 219/3620/6296 187/3586/6296
f 188/3585/6286 184/3591/6286 170/96/6286 158/84/6286
f 169/7488/6297 206/7489/6298 192/7490/6298 159/7491/6297
f 182/3593/6278 186/3587/6278 162/88/6278 173/99/6278
f 208/7492/6299 174/7493/6300 161/7494/6300 190/7495/6299
f 189/3613/6296 160/86/6296 185/3588/6296 217/127/6296
f 163/89/6301 195/3608/6301 200/3607/6301 175/101/6301
f 164/90/6286 177/103/6286 184/3591/6286 188/3585/6286
f 187/3586/6296 219/129/6296 193/107/6296 165/91/6296
f 217/3611/6296 185/3588/6296 166/92/6296 197/111/6296
f 179/105/6278 167/93/6278 186/3587/6278 182/3593/6278
f 198/3605/6301 168/94/6301 178/104/6301 203/117/6301
f 183/3592/6302 214/3623/6302 205/3615/6302 171/97/6302
f 210/3657/6302 181/3594/6302 172/98/6302 207/3596/6302
f 176/102/6302 199/113/6302 214/124/6302 183/3592/6302
f 204/3589/6302 180/106/6302 181/3594/6302 210/120/6302
f 189/3613/6296 217/127/6296 249/3621/6296 248/3599/6296
f 208/7492/6299 190/7495/6299 247/7496/6303 245/7497/6303
f 245/7497/6303 247/7496/6303 192/7490/6298 206/7489/6298
f 248/3599/6296 249/3621/6296 219/3620/6296 191/3600/6296
f 194/108/6278 218/128/6278 226/3604/6278 223/3626/6278
f 201/3610/6278 194/3609/6278 223/3642/6278 234/3641/6278
f 196/3606/6286 202/116/6286 229/3638/6286 240/3637/6286
f 215/3612/6286 196/110/6286 240/150/6286 244/3645/6286
f 212/122/6278 201/115/6278 234/144/6278 236/146/6278
f 202/3590/6286 209/119/6286 231/141/6286 229/139/6286
f 252/3622/6302 246/3595/6302 205/3615/6302 214/3623/6302
f 210/3657/6302 207/3596/6302 246/3595/6302 252/3622/6302
f 211/3655/6304 251/3625/6301 260/3649/6301 232/3656/6304
f 251/3625/6301 213/3624/6305 238/3650/6305 260/3649/6301
f 250/3618/6301 216/126/6304 243/153/6304 257/3648/6301
f 220/3619/6305 250/3618/6301 257/3648/6301 224/134/6305
f 255/3636/6301 254/3629/6301 235/3658/6301 222/132/6301
f 258/7498/6306 256/3633/6306 221/131/6307 225/7499/6307
f 227/3631/6308 230/7500/6308 259/7501/6309 253/3632/6309
f 241/3635/6301 228/3630/6301 254/3629/6301 255/3636/6301
f 253/3632/6309 259/7501/6309 237/7502/6310 233/3659/6310
f 242/7503/6311 239/3634/6311 256/3633/6306 258/7498/6306
f 261/155/6312 295/3676/6312 323/3698/6312 291/3662/6312
f 292/3661/6286 288/3667/6286 274/168/6286 262/156/6286
f 273/7504/6313 310/7505/6314 296/7506/6314 263/7507/6313
f 286/3669/6278 290/3663/6278 266/160/6278 277/171/6278
f 312/7508/6315 278/7509/6316 265/7510/6316 294/7511/6315
f 293/3689/6312 264/158/6312 289/3664/6312 321/199/6312
f 267/161/6317 299/3684/6317 304/3683/6317 279/173/6317
f 268/162/6286 281/175/6286 288/3667/6286 292/3661/6286
f 291/3662/6312 323/201/6312 297/179/6312 269/163/6312
f 321/3687/6312 289/3664/6312 270/164/6312 301/183/6312
f 283/177/6278 271/165/6278 290/3663/6278 286/3669/6278
f 302/3681/6317 272/166/6317 282/176/6317 307/189/6317
f 287/3668/6318 318/3701/6318 309/3693/6318 275/169/6318
f 314/3735/6318 285/3670/6318 276/170/6318 311/3672/6318
f 280/174/6318 303/185/6318 318/196/6318 287/3668/6318
f 308/3665/6318 284/178/6318 285/3670/6318 314/192/6318
f 293/3689/6312 321/199/6312 353/3699/6312 352/3675/6312
f 312/7508/6315 294/7511/6315 351/7512/6319 349/7513/6319
f 349/7513/6319 351/7512/6319 296/7506/6314 310/7505/6314
f 352/3675/6312 353/3699/6312 323/3698/6312 295/3676/6312
f 298/180/6278 322/200/6278 330/3680/6278 327/3704/6278
f 305/3686/6278 298/3685/6278 327/3720/6278 338/3719/6278
f 300/3682/6286 306/188/6286 333/3716/6286 344/3715/6286
f 319/3688/6286 300/182/6286 344/222/6286 348/3723/6286
f 316/194/6278 305/187/6278 338/216/6278 340/218/6278
f 306/3666/6286 313/191/6286 335/213/6286 333/211/6286
f 356/3700/6318 350/3671/6318 309/3693/6318 318/3701/6318
f 314/3735/6318 311/3672/6318 350/3671/6318 356/3700/6318
f 315/3733/6320 355/3703/6317 364/3727/6317 336/3734/6320
f 355/3703/6317 317/3702/6321 342/3728/6321 364/3727/6317
f 354/3696/6317 320/198/6320 347/225/6320 361/3726/6317
f 324/3697/6321 354/3696/6317 361/3726/6317 328/206/6321
f 359/3714/6317 358/3707/6317 339/3736/6317 326/204/6317
f 362/7514/6322 360/3711/6322 325/203/6323 329/7515/6323
f 331/3709/6324 334/7516/6324 363/7517/6325 357/3710/6325
f 345/3713/6317 332/3708/6317 358/3707/6317 359/3714/6317
f 357/3710/6325 363/7517/6325 341/7518/6326 337/3737/6326
f 346/7519/6327 343/3712/6327 360/3711/6322 362/7514/6322
f 365/227/6312 399/3754/6312 427/3774/6312 395/3740/6312
f 396/3739/6286 392/3745/6286 378/240/6286 366/228/6286
f 377/7520/6328 414/7521/6329 400/7522/6329 367/7523/6328
f 390/3747/6278 394/3741/6278 370/232/6278 381/243/6278
f 416/7524/6330 382/7525/6331 369/7526/6331 398/7527/6330
f 397/3767/6312 368/230/6312 393/3742/6312 425/271/6312
f 371/233/6317 403/3762/6317 408/3761/6317 383/245/6317
f 372/234/6286 385/247/6286 392/3745/6286 396/3739/6286
f 395/3740/6312 427/273/6312 401/251/6312 373/235/6312
f 425/3765/6312 393/3742/6312 374/236/6312 405/255/6312
f 387/249/6278 375/237/6278 394/3741/6278 390/3747/6278
f 406/3759/6317 376/238/6317 386/248/6317 411/261/6317
f 391/3746/6318 422/3777/6318 413/3769/6318 379/241/6318
f 418/3811/6318 389/3748/6318 380/242/6318 415/3750/6318
f 384/246/6318 407/257/6318 422/268/6318 391/3746/6318
f 412/3743/6318 388/250/6318 389/3748/6318 418/264/6318
f 397/3767/6312 425/271/6312 457/3775/6312 456/3753/6312
f 416/7524/6330 398/7527/6330 455/7528/6319 453/7529/6319
f 453/7529/6319 455/7528/6319 400/7522/6329 414/7521/6329
f 456/3753/6312 457/3775/6312 427/3774/6312 399/3754/6312
f 402/252/6278 426/272/6278 434/3758/6278 431/3780/6278
f 409/3764/6278 402/3763/6278 431/3796/6278 442/3795/6278
f 404/3760/6286 410/260/6286 437/3792/6286 448/3791/6286
f 423/3766/6286 404/254/6286 448/294/6286 452/3799/6286
f 420/266/6278 409/259/6278 442/288/6278 444/290/6278
f 410/3744/6286 417/263/6286 439/285/6286 437/283/6286
f 460/3776/6318 454/3749/6318 413/3769/6318 422/3777/6318
f 418/3811/6318 415/3750/6318 454/3749/6318 460/3776/6318
f 419/3809/6332 459/3779/6317 468/3803/6317 440/3810/6332
f 459/3779/6317 421/3778/6333 446/3804/6333 468/3803/6317
f 458/3772/6317 424/270/6334 451/297/6334 465/3802/6317
f 428/3773/6333 458/3772/6317 465/3802/6317 432/278/6333
f 463/3790/6317 462/3783/6317 443/3812/6317 430/276/6317
f 466/7530/6335 464/3787/6335 429/275/6336 433/7531/6336
f 435/3785/6337 438/7532/6337 467/7533/6338 461/3786/6338
f 449/3789/6317 436/3784/6317 462/3783/6317 463/3790/6317
f 461/3786/6338 467/7533/6338 445/7534/6339 441/3813/6339
f 450/7535/6340 447/3788/6340 464/3787/6335 466/7530/6335
f 469/299/6341 503/3830/6341 531/3850/6341 499/3816/6341
f 500/3815/6286 496/3821/6286 482/312/6286 470/300/6286
f 481/7536/6342 518/7537/6343 504/7538/6343 471/7539/6342
f 494/3823/6278 498/3817/6278 474/304/6278 485/315/6278
f 520/7540/6344 486/7541/6345 473/7542/6345 502/7543/6344
f 501/3843/6346 472/302/6341 497/3818/6341 529/343/6341
f 475/305/6347 507/3838/6347 512/3837/6347 487/317/6347
f 476/306/6286 489/319/6286 496/3821/6286 500/3815/6286
f 499/3816/6341 531/345/6341 505/323/6341 477/307/6341
f 529/3841/6341 497/3818/6341 478/308/6341 509/327/6341
f 491/321/6278 479/309/6278 498/3817/6278 494/3823/6278
f 510/3835/6347 480/310/6347 490/320/6347 515/333/6347
f 495/3822/6348 526/3853/6348 517/3845/6348 483/313/6348
f 522/3887/6348 493/3824/6348 484/314/6348 519/3826/6348
f 488/318/6348 511/329/6348 526/340/6348 495/3822/6348
f 516/3819/6348 492/322/6348 493/3824/6348 522/336/6348
f 501/3843/6346 529/343/6341 561/3851/6346 560/3829/6346
f 520/7540/6344 502/7543/6344 559/7544/6349 557/7545/6349
f 557/7545/6349 559/7544/6349 504/7538/6343 518/7537/6343
f 560/3829/6346 561/3851/6346 531/3850/6341 503/3830/6341
f 506/324/6278 530/344/6278 538/3834/6278 535/3856/6278
f 513/3840/6278 506/3839/6278 535/3872/6278 546/3871/6278
f 508/3836/6286 514/332/6286 541/3868/6286 552/3867/6286
f 527/3842/6286 508/326/6286 552/366/6286 556/3875/6286
f 524/338/6278 513/331/6278 546/360/6278 548/362/6278
f 514/3820/6286 521/335/6286 543/357/6286 541/355/6286
f 564/3852/6348 558/3825/6348 517/3845/6348 526/3853/6348
f 522/3887/6348 519/3826/6348 558/3825/6348 564/3852/6348
f 523/3885/6350 563/3855/6347 572/3879/6347 544/3886/6350
f 563/3855/6347 525/3854/6351 550/3880/6351 572/3879/6347
f 562/3848/6347 528/342/6350 555/369/6350 569/3878/6347
f 532/3849/6351 562/3848/6347 569/3878/6347 536/350/6351
f 567/3866/6347 566/3859/6347 547/3888/6347 534/348/6347
f 570/7546/6352 568/3863/6352 533/347/6353 537/7547/6353
f 539/3861/6354 542/7548/6354 571/7549/6355 565/3862/6355
f 553/3865/6347 540/3860/6347 566/3859/6347 567/3866/6347
f 565/3862/6355 571/7549/6355 549/7550/6356 545/3889/6356
f 554/7551/6357 551/3864/6357 568/3863/6352 570/7546/6352
f 573/371/6348 607/3906/6348 635/3925/6348 603/3892/6348
f 604/3891/6278 600/3897/6278 586/384/6278 574/372/6278
f 585/7552/6358 622/7553/6359 608/7554/6359 575/7555/6358
f 598/3899/6286 602/3893/6286 578/376/6286 589/387/6286
f 624/7556/6360 590/7557/6361 577/7558/6361 606/7559/6360
f 605/3919/6362 576/374/6362 601/3894/6362 633/3960/6362
f 579/377/6347 611/3916/6347 616/3915/6347 591/389/6347
f 580/378/6278 593/391/6278 600/3897/6278 604/3891/6278
f 603/3892/6348 635/417/6348 609/395/6348 581/379/6348
f 633/415/6362 601/3894/6362 582/380/6348 613/399/6348
f 595/393/6286 583/381/6286 602/3893/6286 598/3899/6286
f 614/3913/6347 584/382/6347 594/392/6347 619/405/6347
f 599/3898/6341 630/412/6341 621/3921/6341 587/385/6341
f 626/3961/6341 597/3900/6341 588/386/6341 623/3902/6341
f 592/390/6341 615/401/6341 630/3909/6341 599/3898/6341
f 620/3895/6341 596/394/6341 597/3900/6341 626/408/6341
f 605/3919/6362 633/3960/6362 665/3926/6348 664/3905/6348
f 624/7556/6360 606/7559/6360 663/7560/6349 661/7561/6349
f 661/7561/6349 663/7560/6349 608/7554/6359 622/7553/6359
f 664/3905/6348 665/3926/6348 635/3925/6348 607/3906/6348
f 610/396/6286 634/416/6286 642/3930/6286 639/3929/6286
f 617/3918/6286 610/3917/6286 639/3946/6286 650/3945/6286
f 612/3914/6278 618/404/6278 645/3942/6278 656/3941/6278
f 631/413/6278 612/398/6278 656/438/6278 660/3949/6278
f 628/3910/6286 617/403/6286 650/432/6286 652/434/6286
f 618/3896/6278 625/407/6278 647/429/6278 645/427/6278
f 668/3927/6341 662/3901/6341 621/3921/6341 630/412/6341
f 626/3961/6341 623/3902/6341 662/3901/6341 668/3927/6341
f 627/3962/6363 667/3928/6347 676/3953/6347 648/3965/6363
f 667/3928/6347 629/411/6364 654/3954/6364 676/3953/6347
f 666/3924/6347 632/3959/6363 659/441/6363 673/3952/6347
f 636/3911/6364 666/3924/6347 673/3952/6347 640/422/6364
f 671/3940/6347 670/3933/6347 651/3963/6347 638/420/6347
f 674/7562/6365 672/3937/6365 637/419/6366 641/7563/6366
f 643/3935/6367 646/7564/6367 675/7565/6368 669/3936/6368
f 657/3939/6347 644/3934/6347 670/3933/6347 671/3940/6347
f 669/3936/6368 675/7565/6368 653/7566/6369 649/3964/6369
f 658/7567/6370 655/3938/6370 672/3937/6365 674/7562/6365
f 677/443/6341 711/3982/6341 739/4002/6341 707/3968/6341
f 708/3967/6286 704/3973/6286 690/456/6286 678/444/6286
f 689/7568/6371 726/7569/6372 712/7570/6372 679/7571/6371
f 702/3975/6278 706/3969/6278 682/448/6278 693/459/6278
f 728/7572/6373 694/7573/6374 681/7574/6374 710/7575/6373
f 709/3995/6341 680/446/6341 705/3970/6341 737/487/6341
f 683/449/6347 715/3990/6347 720/3989/6347 695/461/6347
f 684/450/6286 697/463/6286 704/3973/6286 708/3967/6286
f 707/3968/6341 739/489/6341 713/467/6341 685/451/6341
f 737/3993/6341 705/3970/6341 686/452/6341 717/471/6341
f 699/465/6278 687/453/6278 706/3969/6278 702/3975/6278
f 718/3987/6347 688/454/6347 698/464/6347 723/477/6347
f 703/3974/6348 734/4005/6348 725/3997/6348 691/457/6348
f 730/4039/6348 701/3976/6348 692/458/6348 727/3978/6348
f 696/462/6348 719/473/6348 734/484/6348 703/3974/6348
f 724/3971/6348 700/466/6348 701/3976/6348 730/480/6348
f 709/3995/6341 737/487/6341 769/4003/6375 768/3981/6375
f 728/7572/6373 710/7575/6373 767/7576/6349 765/7577/6349
f 765/7577/6349 767/7576/6349 712/7570/6372 726/7569/6372
f 768/3981/6375 769/4003/6375 739/4002/6341 711/3982/6341
f 714/468/6278 738/488/6278 746/3986/6278 743/4008/6278
f 721/3992/6278 714/3991/6278 743/4024/6278 754/4023/6278
f 716/3988/6286 722/476/6286 749/4020/6286 760/4019/6286
f 735/3994/6286 716/470/6286 760/510/6286 764/4027/6286
f 732/482/6278 721/475/6278 754/504/6278 756/506/6278
f 722/3972/6286 729/479/6286 751/501/6286 749/499/6286
f 772/4004/6348 766/3977/6348 725/3997/6348 734/4005/6348
f 730/4039/6348 727/3978/6348 766/3977/6348 772/4004/6348
f 731/4037/6376 771/4007/6347 780/4031/6347 752/4038/6376
f 771/4007/6347 733/4006/6377 758/4032/6377 780/4031/6347
f 770/4000/6347 736/486/6376 763/513/6376 777/4030/6347
f 740/4001/6377 770/4000/6347 777/4030/6347 744/494/6377
f 775/4018/6347 774/4011/6347 755/4040/6347 742/492/6347
f 778/7578/6378 776/4015/6378 741/491/6379 745/7579/6379
f 747/4013/6380 750/7580/6380 779/7581/6381 773/4014/6381
f 761/4017/6347 748/4012/6347 774/4011/6347 775/4018/6347
f 773/4014/6381 779/7581/6381 757/7582/6382 753/4041/6382
f 762/7583/6383 759/4016/6383 776/4015/6378 778/7578/6378
f 781/515/6384 815/4058/6384 843/4078/6384 811/4044/6384
f 812/4043/6286 808/4049/6286 794/528/6286 782/516/6286
f 793/7584/6385 830/7585/6386 816/7586/6386 783/7587/6385
f 806/4051/6278 810/4045/6278 786/520/6278 797/531/6278
f 832/7588/6387 798/7589/6388 785/7590/6388 814/7591/6387
f 813/4071/6384 784/518/6384 809/4046/6384 841/559/6384
f 787/521/6389 819/4066/6389 824/4065/6389 799/533/6389
f 788/522/6286 801/535/6286 808/4049/6286 812/4043/6286
f 811/4044/6384 843/561/6384 817/539/6384 789/523/6384
f 841/4069/6384 809/4046/6384 790/524/6384 821/543/6384
f 803/537/6278 791/525/6278 810/4045/6278 806/4051/6278
f 822/4063/6389 792/526/6389 802/536/6389 827/549/6389
f 807/4050/6390 838/4081/6390 829/4074/6390 795/529/6390
f 834/4115/6390 805/4052/6390 796/530/6390 831/4054/6390
f 800/534/6390 823/545/6390 838/556/6390 807/4050/6390
f 828/4047/6390 804/538/6390 805/4052/6390 834/552/6390
f 813/4071/6384 841/559/6384 873/4079/6384 872/4057/6384
f 832/7588/6387 814/7591/6387 871/7592/6391 869/7593/6391
f 869/7593/6391 871/7592/6391 816/7586/6386 830/7585/6386
f 872/4057/6384 873/4079/6384 843/4078/6384 815/4058/6384
f 818/540/6278 842/560/6278 850/4062/6278 847/4084/6278
f 825/4068/6278 818/4067/6278 847/4100/6278 858/4099/6278
f 820/4064/6286 826/548/6286 853/4096/6286 864/4095/6286
f 839/4070/6286 820/542/6286 864/582/6286 868/4103/6286
f 836/554/6278 825/547/6278 858/576/6278 860/578/6278
f 826/4048/6286 833/551/6286 855/573/6286 853/571/6286
f 876/4080/6390 870/4053/6390 829/4074/6390 838/4081/6390
f 834/4115/6390 831/4054/6390 870/4053/6390 876/4080/6390
f 835/4113/6392 875/4083/6389 884/4107/6389 856/4114/6392
f 875/4083/6389 837/4082/6393 862/4108/6393 884/4107/6389
f 874/4076/6389 840/558/6392 867/585/6392 881/4106/6389
f 844/4077/6393 874/4076/6389 881/4106/6389 848/566/6393
f 879/4094/6389 878/4087/6389 859/4116/6389 846/564/6389
f 882/7594/6394 880/4091/6394 845/563/6395 849/7595/6395
f 851/4089/6396 854/7596/6396 883/7597/6397 877/4090/6397
f 865/4093/6389 852/4088/6389 878/4087/6389 879/4094/6389
f 877/4090/6397 883/7597/6397 861/7598/6398 857/4117/6398
f 866/7599/6399 863/4092/6399 880/4091/6394 882/7594/6394
f 885/587/6390 919/4134/6390 947/4153/6390 915/4120/6390
f 916/4119/6278 912/4125/6278 898/600/6278 886/588/6278
f 897/7600/6400 934/7601/6401 920/7602/6401 887/7603/6400
f 910/4127/6286 914/4121/6286 890/592/6286 901/603/6286
f 936/7604/6402 902/7605/6403 889/7606/6403 918/7607/6402
f 917/4147/6390 888/590/6390 913/4122/6390 945/4188/6390
f 891/593/6389 923/4144/6389 928/4143/6389 903/605/6389
f 892/594/6278 905/607/6278 912/4125/6278 916/4119/6278
f 915/4120/6390 947/633/6390 921/611/6390 893/595/6390
f 945/631/6390 913/4122/6390 894/596/6390 925/615/6390
f 907/609/6286 895/597/6286 914/4121/6286 910/4127/6286
f 926/4141/6389 896/598/6389 906/608/6389 931/621/6389
f 911/4126/6384 942/628/6384 933/4149/6384 899/601/6384
f 938/4189/6384 909/4128/6384 900/602/6384 935/4130/6384
f 904/606/6384 927/617/6384 942/4137/6384 911/4126/6384
f 932/4123/6384 908/610/6384 909/4128/6384 938/624/6384
f 917/4147/6390 945/4188/6390 977/4154/6390 976/4133/6390
f 936/7604/6402 918/7607/6402 975/7608/6391 973/7609/6391
f 973/7609/6391 975/7608/6391 920/7602/6401 934/7601/6401
f 976/4133/6390 977/4154/6390 947/4153/6390 919/4134/6390
f 922/612/6286 946/632/6286 954/4158/6286 951/4157/6286
f 929/4146/6286 922/4145/6286 951/4174/6286 962/4173/6286
f 924/4142/6278 930/620/6278 957/4170/6278 968/4169/6278
f 943/629/6278 924/614/6278 968/654/6278 972/4177/6278
f 940/4138/6286 929/619/6286 962/648/6286 964/650/6286
f 930/4124/6278 937/623/6278 959/645/6278 957/643/6278
f 980/4155/6384 974/4129/6384 933/4149/6384 942/628/6384
f 938/4189/6384 935/4130/6384 974/4129/6384 980/4155/6384
f 939/4190/6404 979/4156/6389 988/4181/6389 960/4193/6404
f 979/4156/6389 941/627/6405 966/4182/6405 988/4181/6389
f 978/4152/6389 944/4187/6404 971/657/6404 985/4180/6389
f 948/4139/6405 978/4152/6389 985/4180/6389 952/638/6405
f 983/4168/6389 982/4161/6389 963/4191/6389 950/636/6389
f 986/7610/6406 984/4165/6406 949/635/6407 953/7611/6407
f 955/4163/6408 958/7612/6408 987/7613/6409 981/4164/6409
f 969/4167/6389 956/4162/6389 982/4161/6389 983/4168/6389
f 981/4164/6409 987/7613/6409 965/7614/6410 961/4192/6410
f 970/7615/6411 967/4166/6411 984/4165/6406 986/7610/6406
f 989/659/6384 1023/4210/6384 1051/4232/6384 1019/4196/6384
f 1020/4195/6286 1016/4201/6286 1002/672/6286 990/660/6286
f 1001/7616/6412 1038/7617/6413 1024/7618/6413 991/7619/6412
f 1014/4203/6278 1018/4197/6278 994/664/6278 1005/675/6278
f 1040/7620/6414 1006/7621/6415 993/7622/6415 1022/7623/6414
f 1021/4223/6384 992/662/6384 1017/4198/6384 1049/703/6384
f 995/665/6389 1027/4218/6389 1032/4217/6389 1007/677/6389
f 996/666/6286 1009/679/6286 1016/4201/6286 1020/4195/6286
f 1019/4196/6384 1051/705/6384 1025/683/6384 997/667/6384
f 1049/4221/6384 1017/4198/6384 998/668/6384 1029/687/6384
f 1011/681/6278 999/669/6278 1018/4197/6278 1014/4203/6278
f 1030/4215/6389 1000/670/6389 1010/680/6389 1035/693/6389
f 1015/4202/6390 1046/4235/6390 1037/4227/6390 1003/673/6390
f 1042/4269/6390 1013/4204/6390 1004/674/6390 1039/4206/6390
f 1008/678/6390 1031/689/6390 1046/700/6390 1015/4202/6390
f 1036/4199/6390 1012/682/6390 1013/4204/6390 1042/696/6390
f 1021/4223/6384 1049/703/6384 1081/4233/6384 1080/4209/6384
f 1040/7620/6414 1022/7623/6414 1079/7624/6391 1077/7625/6391
f 1077/7625/6391 1079/7624/6391 1024/7618/6413 1038/7617/6413
f 1080/4209/6384 1081/4233/6384 1051/4232/6384 1023/4210/6384
f 1026/684/6278 1050/704/6278 1058/4214/6278 1055/4238/6278
f 1033/4220/6278 1026/4219/6278 1055/4254/6278 1066/4253/6278
f 1028/4216/6286 1034/692/6286 1061/4250/6286 1072/4249/6286
f 1047/4222/6286 1028/686/6286 1072/726/6286 1076/4257/6286
f 1044/698/6278 1033/691/6278 1066/720/6278 1068/722/6278
f 1034/4200/6286 1041/695/6286 1063/717/6286 1061/715/6286
f 1084/4234/6390 1078/4205/6390 1037/4227/6390 1046/4235/6390
f 1042/4269/6390 1039/4206/6390 1078/4205/6390 1084/4234/6390
f 1043/4267/6416 1083/4237/6389 1092/4261/6389 1064/4268/6416
f 1083/4237/6389 1045/4236/6417 1070/4262/6417 1092/4261/6389
f 1082/4230/6389 1048/702/6416 1075/729/6416 1089/4260/6389
f 1052/4231/6417 1082/4230/6389 1089/4260/6389 1056/710/6417
f 1087/4248/6389 1086/4241/6389 1067/4270/6389 1054/708/6389
f 1090/7626/6418 1088/4245/6418 1053/707/6419 1057/7627/6419
f 1059/4243/6420 1062/7628/6420 1091/7629/6421 1085/4244/6421
f 1073/4247/6389 1060/4242/6389 1086/4241/6389 1087/4248/6389
f 1085/4244/6421 1091/7629/6421 1069/7630/6422 1065/4271/6422
f 1074/7631/6423 1071/4246/6423 1088/4245/6418 1090/7626/6418
f 1093/731/6424 1127/4288/6424 1155/4310/6424 1123/4274/6424
f 1124/4273/6286 1120/4279/6286 1106/744/6286 1094/732/6286
f 1105/7632/6425 1142/7633/6426 1128/7634/6426 1095/7635/6425
f 1118/4281/6278 1122/4275/6278 1098/736/6278 1109/747/6278
f 1144/7636/6427 1110/7637/6428 1097/7638/6428 1126/7639/6427
f 1125/4301/6424 1096/734/6424 1121/4276/6424 1153/775/6424
f 1099/737/6429 1131/4296/6429 1136/4295/6429 1111/749/6429
f 1100/738/6286 1113/751/6286 1120/4279/6286 1124/4273/6286
f 1123/4274/6424 1155/777/6424 1129/755/6424 1101/739/6424
f 1153/4299/6424 1121/4276/6424 1102/740/6424 1133/759/6424
f 1115/753/6278 1103/741/6278 1122/4275/6278 1118/4281/6278
f 1134/4293/6429 1104/742/6429 1114/752/6429 1139/765/6429
f 1119/4280/6430 1150/4313/6430 1141/4305/6430 1107/745/6430
f 1146/4347/6430 1117/4282/6430 1108/746/6430 1143/4284/6430
f 1112/750/6430 1135/761/6430 1150/772/6430 1119/4280/6430
f 1140/4277/6430 1116/754/6430 1117/4282/6430 1146/768/6430
f 1125/4301/6424 1153/775/6424 1185/4311/6424 1184/4287/6424
f 1144/7636/6427 1126/7639/6427 1183/7640/6431 1181/7641/6431
f 1181/7641/6431 1183/7640/6431 1128/7634/6426 1142/7633/6426
f 1184/4287/6424 1185/4311/6424 1155/4310/6424 1127/4288/6424
f 1130/756/6278 1154/776/6278 1162/4292/6278 1159/4316/6278
f 1137/4298/6278 1130/4297/6278 1159/4332/6278 1170/4331/6278
f 1132/4294/6286 1138/764/6286 1165/4328/6286 1176/4327/6286
f 1151/4300/6286 1132/758/6286 1176/798/6286 1180/4335/6286
f 1148/770/6278 1137/763/6278 1170/792/6278 1172/794/6278
f 1138/4278/6286 1145/767/6286 1167/789/6286 1165/787/6286
f 1188/4312/6430 1182/4283/6430 1141/4305/6430 1150/4313/6430
f 1146/4347/6430 1143/4284/6430 1182/4283/6430 1188/4312/6430
f 1147/4345/6432 1187/4315/6429 1196/4339/6429 1168/4346/6432
f 1187/4315/6429 1149/4314/6433 1174/4340/6433 1196/4339/6429
f 1186/4308/6429 1152/774/6432 1179/801/6432 1193/4338/6429
f 1156/4309/6433 1186/4308/6429 1193/4338/6429 1160/782/6433
f 1191/4326/6429 1190/4319/6429 1171/4348/6429 1158/780/6429
f 1194/7642/6434 1192/4323/6434 1157/779/6435 1161/7643/6435
f 1163/4321/6436 1166/7644/6436 1195/7645/6437 1189/4322/6437
f 1177/4325/6429 1164/4320/6429 1190/4319/6429 1191/4326/6429
f 1189/4322/6437 1195/7645/6437 1173/7646/6438 1169/4349/6438
f 1178/7647/6439 1175/4324/6439 1192/4323/6434 1194/7642/6434
f 1197/803/6440 1231/3754/6441 1259/4382/6441 1227/4352/6441
f 1228/4351/6286 1224/4357/6286 1210/816/6286 1198/804/6286
f 1209/7648/6442 1246/7649/6443 1232/7650/6443 1199/7651/6442
f 1222/4358/6278 1226/4353/6278 1202/808/6278 1213/819/6278
f 1248/7652/6444 1214/7653/6445 1201/7654/6445 1230/7655/6444
f 1229/4375/6441 1200/806/6441 1225/4354/6441 1257/840/6441
f 1203/809/6446 1235/4371/6446 1240/4370/6446 1215/821/6446
f 1204/810/6286 1217/823/6286 1224/4357/6286 1228/4351/6286
f 1227/4352/6441 1259/273/6441 1233/826/6447 1205/811/6447
f 1257/4373/6441 1225/4354/6441 1206/812/6447 1237/829/6447
f 1219/824/6278 1207/813/6278 1226/4353/6278 1222/4358/6278
f 1238/4368/6446 1208/814/6446 1218/248/6446 1243/261/6446
f 1223/3746/6448 1254/3777/6449 1245/4378/6449 1211/817/6449
f 1250/4411/6448 1221/3748/6448 1212/818/6448 1247/4360/6449
f 1216/822/6448 1239/257/6448 1254/837/6449 1223/3746/6448
f 1244/4355/6448 1220/825/6448 1221/3748/6448 1250/834/6448
f 1229/4375/6441 1257/840/6441 1289/4383/6447 1288/4363/6447
f 1248/7652/6444 1230/7655/6444 1287/7656/6450 1285/7657/6450
f 1285/7657/6450 1287/7656/6450 1232/7650/6443 1246/7649/6443
f 1288/4363/6447 1289/4383/6447 1259/4382/6441 1231/3754/6441
f 1234/827/6278 1258/841/6278 1266/4367/6278 1263/4387/6278
f 1241/3764/6278 1234/4372/6278 1263/4398/6278 1274/4397/6278
f 1236/4369/6286 1242/832/6286 1269/4395/6286 1280/4394/6286
f 1255/4374/6286 1236/828/6286 1280/856/6286 1284/4400/6286
f 1252/836/6278 1241/831/6278 1274/851/6278 1276/852/6278
f 1242/4356/6286 1249/833/6286 1271/848/6286 1269/846/6286
f 1292/4384/6449 1286/4359/6449 1245/4378/6449 1254/3777/6449
f 1250/4411/6448 1247/4360/6449 1286/4359/6449 1292/4384/6449
f 1251/4409/6451 1291/4386/6452 1300/4404/6452 1272/4410/6451
f 1291/4386/6452 1253/4385/6453 1278/4405/6453 1300/4404/6452
f 1290/4380/6452 1256/839/6451 1283/858/6451 1297/4403/6452
f 1260/4381/6453 1290/4380/6452 1297/4403/6452 1264/844/6453
f 1295/4393/6446 1294/4388/6446 1275/4412/6446 1262/843/6446
f 1298/7658/6454 1296/4391/6454 1261/275/6455 1265/7531/6455
f 1267/4389/6456 1270/7659/6456 1299/7660/6457 1293/4390/6457
f 1281/4392/6446 1268/3784/6446 1294/4388/6446 1295/4393/6446
f 1293/4390/6457 1299/7660/6457 1277/7534/6458 1273/4413/6458
f 1282/7535/6459 1279/3788/6459 1296/4391/6454 1298/7658/6454
f 1301/860/6460 1335/4426/6460 1363/4446/6460 1331/4415/6460
f 1332/4414/6286 1328/4419/6286 1314/871/6286 1302/861/6286
f 1313/7661/6461 1350/7662/6462 1336/7663/6462 1303/7664/6461
f 1326/3823/6278 1330/4416/6278 1306/864/6278 1317/874/6278
f 1352/7665/6463 1318/7666/6464 1305/7667/6464 1334/7543/6463
f 1333/4438/6460 1304/302/6460 1329/4417/6460 1361/902/6460
f 1307/865/6465 1339/4433/6465 1344/4432/6465 1319/876/6465
f 1308/866/6286 1321/878/6286 1328/4419/6286 1332/4414/6286
f 1331/4415/6460 1363/904/6460 1337/882/6460 1309/867/6460
f 1361/4436/6460 1329/4417/6460 1310/868/6460 1341/886/6460
f 1323/880/6278 1311/869/6278 1330/4416/6278 1326/3823/6278
f 1342/4430/6465 1312/870/6465 1322/879/6465 1347/892/6465
f 1327/4420/6466 1358/3853/6466 1349/4441/6466 1315/872/6466
f 1354/4477/6466 1325/4421/6466 1316/873/6466 1351/3826/6466
f 1320/877/6466 1343/888/6466 1358/899/6466 1327/4420/6466
f 1348/3819/6466 1324/881/6466 1325/4421/6466 1354/895/6466
f 1333/4438/6460 1361/902/6460 1393/4447/6460 1392/4425/6460
f 1352/7665/6463 1334/7543/6463 1391/7668/6467 1389/7669/6467
f 1389/7669/6467 1391/7668/6467 1336/7663/6462 1350/7662/6462
f 1392/4425/6460 1393/4447/6460 1363/4446/6460 1335/4426/6460
f 1338/883/6278 1362/903/6278 1370/4429/6278 1367/4451/6278
f 1345/4435/6278 1338/4434/6278 1367/4464/6278 1378/4463/6278
f 1340/4431/6286 1346/891/6286 1373/4460/6286 1384/4459/6286
f 1359/4437/6286 1340/885/6286 1384/919/6286 1388/4467/6286
f 1356/897/6278 1345/890/6278 1378/914/6278 1380/915/6278
f 1346/4418/6286 1353/894/6286 1375/912/6286 1373/911/6286
f 1396/4448/6466 1390/4422/6466 1349/4441/6466 1358/3853/6466
f 1354/4477/6466 1351/3826/6466 1390/4422/6466 1396/4448/6466
f 1355/4475/6468 1395/4450/6465 1404/4469/6465 1376/4476/6468
f 1395/4450/6465 1357/4449/6469 1382/4470/6469 1404/4469/6465
f 1394/4444/6465 1360/901/6468 1387/921/6468 1401/4468/6465
f 1364/4445/6469 1394/4444/6465 1401/4468/6465 1368/908/6469
f 1399/3866/6465 1398/4453/6465 1379/4478/6465 1366/907/6465
f 1402/7670/6470 1400/3863/6470 1365/906/6471 1369/7671/6471
f 1371/4455/6472 1374/7672/6472 1403/7673/6473 1397/4456/6473
f 1385/4458/6465 1372/4454/6465 1398/4453/6465 1399/3866/6465
f 1397/4456/6473 1403/7673/6473 1381/7674/6474 1377/4479/6474
f 1386/7675/6475 1383/4457/6475 1400/3863/6470 1402/7670/6470
f 1405/923/6476 1439/3906/6476 1467/4513/6476 1435/4482/6476
f 1436/4481/6278 1432/4487/6278 1418/933/6278 1406/924/6278
f 1417/7676/6477 1454/7677/6478 1440/7554/6478 1407/7678/6477
f 1430/4489/6286 1434/4483/6286 1410/376/6286 1421/936/6286
f 1456/7679/6479 1422/7680/6480 1409/7681/6480 1438/7682/6479
f 1437/4507/6476 1408/926/6476 1433/4484/6476 1465/4538/6476
f 1411/928/6481 1443/4505/6481 1448/4504/6481 1423/938/6481
f 1412/378/6278 1425/940/6278 1432/4487/6278 1436/4481/6278
f 1435/4482/6476 1467/965/6476 1441/944/6476 1413/929/6476
f 1465/963/6476 1433/4484/6476 1414/930/6476 1445/948/6476
f 1427/942/6286 1415/931/6286 1434/4483/6286 1430/4489/6286
f 1446/4502/6481 1416/932/6481 1426/941/6481 1451/954/6481
f 1431/4488/6482 1462/960/6482 1453/4509/6482 1419/934/6482
f 1458/4539/6482 1429/4490/6482 1420/935/6482 1455/4492/6482
f 1424/939/6482 1447/950/6482 1462/4498/6482 1431/4488/6482
f 1452/4485/6482 1428/943/6482 1429/4490/6482 1458/957/6482
f 1437/4507/6476 1465/4538/6476 1497/4514/6476 1496/4495/6476
f 1456/7679/6479 1438/7682/6479 1495/7683/6483 1493/7561/6483
f 1493/7561/6483 1495/7683/6483 1440/7554/6478 1454/7677/6478
f 1496/4495/6476 1497/4514/6476 1467/4513/6476 1439/3906/6476
f 1442/945/6286 1466/964/6286 1474/4518/6286 1471/4517/6286
f 1449/4506/6286 1442/3917/6286 1471/4528/6286 1482/3945/6286
f 1444/4503/6278 1450/953/6278 1477/3942/6278 1488/4527/6278
f 1463/961/6278 1444/947/6278 1488/980/6278 1492/4529/6278
f 1460/4499/6286 1449/952/6286 1482/432/6286 1484/977/6286
f 1450/4486/6278 1457/956/6278 1479/974/6278 1477/972/6278
f 1500/4515/6482 1494/4491/6482 1453/4509/6482 1462/960/6482
f 1458/4539/6482 1455/4492/6482 1494/4491/6482 1500/4515/6482
f 1459/4540/6484 1499/4516/6481 1508/4533/6481 1480/4543/6484
f 1499/4516/6481 1461/959/6485 1486/4534/6485 1508/4533/6481
f 1498/4512/6481 1464/4537/6484 1491/982/6484 1505/4532/6481
f 1468/4500/6485 1498/4512/6481 1505/4532/6481 1472/969/6485
f 1503/3940/6481 1502/4520/6481 1483/4541/6481 1470/968/6481
f 1506/7684/6486 1504/4524/6486 1469/967/6487 1473/7685/6487
f 1475/4522/6488 1478/7686/6488 1507/7687/6489 1501/4523/6489
f 1489/4526/6481 1476/4521/6481 1502/4520/6481 1503/3940/6481
f 1501/4523/6489 1507/7687/6489 1485/7688/6490 1481/4542/6490
f 1490/7689/6491 1487/4525/6491 1504/4524/6486 1506/7684/6486
f 1509/984/6492 1543/4556/6492 1571/4575/6492 1539/4546/6492
f 1540/4545/6286 1536/3973/6286 1522/996/6286 1510/985/6286
f 1521/7690/6493 1558/7691/6494 1544/7692/6494 1511/7693/6493
f 1534/4551/6278 1538/4547/6278 1514/989/6278 1525/998/6278
f 1560/7694/6495 1526/7695/6496 1513/7696/6496 1542/7697/6495
f 1541/4568/6492 1512/987/6492 1537/4548/6492 1569/1021/6492
f 1515/990/6497 1547/4563/6497 1552/4562/6497 1527/1000/6497
f 1516/991/6286 1529/1002/6286 1536/3973/6286 1540/4545/6286
f 1539/4546/6492 1571/1023/6492 1545/1006/6492 1517/451/6492
f 1569/4566/6492 1537/4548/6492 1518/992/6492 1549/1009/6492
f 1531/1004/6278 1519/993/6278 1538/4547/6278 1534/4551/6278
f 1550/4560/6497 1520/994/6497 1530/1003/6497 1555/1013/6497
f 1535/3974/6498 1566/4577/6498 1557/3997/6498 1523/457/6498
f 1562/4606/6498 1533/4552/6498 1524/997/6498 1559/4553/6498
f 1528/1001/6498 1551/1010/6498 1566/1018/6498 1535/3974/6498
f 1556/4549/6498 1532/1005/6498 1533/4552/6498 1562/1016/6498
f 1541/4568/6492 1569/1021/6492 1601/4576/6492 1600/4555/6492
f 1560/7694/6495 1542/7697/6495 1599/7698/6499 1597/7699/6499
f 1597/7699/6499 1599/7698/6499 1544/7692/6494 1558/7691/6494
f 1600/4555/6492 1601/4576/6492 1571/4575/6492 1543/4556/6492
f 1546/1007/6278 1570/1022/6278 1578/4559/6278 1575/4580/6278
f 1553/4565/6278 1546/4564/6278 1575/4593/6278 1586/4592/6278
f 1548/4561/6286 1554/1012/6286 1581/4590/6286 1592/4589/6286
f 1567/4567/6286 1548/1008/6286 1592/1037/6286 1596/4595/6286
f 1564/1017/6278 1553/1011/6278 1586/1036/6278 1588/506/6278
f 1554/4550/6286 1561/1015/6286 1583/1033/6286 1581/1031/6286
f 1604/4004/6498 1598/3977/6498 1557/3997/6498 1566/4577/6498
f 1562/4606/6498 1559/4553/6498 1598/3977/6498 1604/4004/6498
f 1563/4604/6500 1603/4579/6497 1612/4599/6497 1584/4605/6500
f 1603/4579/6497 1565/4578/6501 1590/4600/6501 1612/4599/6497
f 1602/4573/6497 1568/1020/6500 1595/1039/6500 1609/4598/6497
f 1572/4574/6501 1602/4573/6497 1609/4598/6497 1576/1027/6501
f 1607/4588/6497 1606/4581/6497 1587/4607/6497 1574/1026/6497
f 1610/7700/6502 1608/4585/6502 1573/1025/6503 1577/7579/6503
f 1579/4583/6504 1582/7701/6504 1611/7702/6406 1605/4584/6406
f 1593/4587/6497 1580/4582/6497 1606/4581/6497 1607/4588/6497
f 1605/4584/6406 1611/7702/6406 1589/7582/6505 1585/4041/6505
f 1594/7583/6506 1591/4586/6506 1608/4585/6502 1610/7700/6502
f 1613/1041/6507 1635/4622/6507 1651/4632/6507 1631/4610/6507
f 1632/4609/6508 1627/4615/6508 1620/1048/6508 1614/1042/6508
f 1619/7703/6509 1638/7704/6510 1636/7705/6510 1615/7706/6509
f 1626/4611/6511 1629/4613/6511 1618/1046/6511 1623/1051/6511
f 1640/7707/6512 1624/7708/6513 1617/7709/6513 1634/7710/6512
f 1633/4627/6507 1616/1044/6507 1630/4614/6507 1649/4665/6507
f 1628/4616/6514 1645/1057/6514 1637/4629/6514 1621/1049/6514
f 1642/4666/6514 1625/4612/6514 1622/1050/6514 1639/4618/6514
f 1758/4704/6515 1721/4721/6515 1625/4612/6514 1642/1054/6514
f 1720/4720/6511 1724/4719/6511 1726/1098/6511 1722/4723/6511 1702/4713/6511 1706/1092/6511 1709/4715/6511 1704/4717/6511 1629/4613/6511 1626/4611/6511
f 1693/4711/6508 1697/4709/6508 1699/1089/6508 1695/4707/6508 1711/4729/6508 1715/1095/6508 1718/4726/6508 1713/4725/6508 1627/4615/6508 1632/4609/6508
f 1714/4728/6515 1748/4692/6515 1645/4734/6514 1628/4616/6514
f 1649/1061/6507 1630/4614/6507 1705/4718/6516 1739/4684/6516
f 1631/4610/6507 1651/1063/6507 1731/4682/6516 1694/4712/6516
f 1633/4627/6507 1649/4665/6507 1681/4633/6507 1680/4621/6507
f 1640/7707/6512 1634/7710/6512 1679/7711/6287 1677/7712/6287
f 1677/7712/6287 1679/7711/6287 1636/7705/6510 1638/7704/6510
f 1680/4621/6507 1681/4633/6507 1651/4632/6507 1635/4622/6507
f 1684/4634/6514 1678/4617/6514 1637/4629/6514 1645/1057/6514
f 1642/4666/6514 1639/4618/6514 1678/4617/6514 1684/4634/6514
f 4/7713/6508 1759/4705/6508 1641/1053/6508 1663/1075/6508 1661/1073/6508
f 1643/4667/6517 1683/4635/6285 1692/4658/6285 1664/4672/6517
f 1683/4635/6285 1644/1056/6518 1670/4659/6518 1692/4658/6285
f 1646/4733/6511 1747/4694/6511 3/7714/6511 1665/4642/6511 1668/1080/6511
f 1682/4631/6285 1648/4664/6517 1675/1087/6517 1689/4657/6285
f 1647/1059/6508 1738/4687/6508 2/7715/6508 1672/1084/6508 1676/4654/6508
f 1/7716/6511 1732/4683/6511 1650/1062/6511 1658/4636/6511 1655/1067/6511
f 1652/4625/6518 1682/4631/6285 1689/4657/6285 1656/1068/6518
f 1690/7717/6519 1688/4644/6519 1653/4670/6520 1657/7718/6520
f 3/7719/6511 1750/4698/6511 1729/4731/6511 1/7720/6511 1655/4652/6511 1665/1077/6511
f 1687/4647/6285 1686/4638/6285 1666/4668/6285 1654/4671/6285
f 1659/4640/6521 1662/7721/6521 1691/7722/6522 1685/4641/6522
f 1673/4646/6285 1660/4639/6285 1686/4638/6285 1687/4647/6285
f 2/7723/6508 1741/4691/6508 1756/4700/6508 4/7724/6508 1661/4649/6508 1672/4648/6508
f 1685/4641/6522 1691/7722/6522 1669/7725/6523 1667/4669/6523
f 1674/7726/6524 1671/4645/6524 1688/4644/6519 1690/7717/6519
f 1736/4679/6525 1698/4710/6525 1694/4712/6516 1731/4682/6516
f 1696/4708/6526 1730/4732/6526 1749/4697/6527 1712/4730/6527
f 1730/4732/6526 1696/4708/6526 1701/1091/3906 1733/1101/810
f 1734/4678/811 1700/1090/3905 1698/4710/6525 1736/4679/6525
f 1703/4714/6526 1740/4690/6526 1745/1105/814 1707/1093/3914
f 1740/4690/6526 1703/4714/6526 1723/4724/6527 1757/4699/6527
f 1710/4716/6525 1742/4685/6525 1739/4684/6516 1705/4718/6516
f 1708/1094/3913 1744/4688/813 1742/4685/6525 1710/4716/6525
f 1754/1108/817 1716/1096/3923 1712/4730/6527 1749/4697/6527
f 1748/4692/6515 1714/4728/6515 1719/4727/6528 1751/4693/6528
f 1751/4695/6528 1719/4727/6528 1717/1097/3924 1753/1107/816
f 1721/4721/6515 1758/4704/6515 1763/4703/6528 1725/4722/6528
f 1728/1100/3923 1760/1110/819 1757/4699/6527 1723/4724/6527
f 1725/4722/6528 1763/4701/6528 1761/1111/820 1727/1099/3924
f 1729/4677/6511 1735/4676/6511 1/7716/6511
f 1737/4680/6511 1732/4683/6511 1/7727/6511
f 1735/4676/6511 1737/4680/6511 1/7727/6511
f 1738/4687/6508 1743/4686/6508 2/7715/6508
f 1746/7728/6508 1741/7729/6508 2/7730/6508
f 1743/4686/6508 1746/7728/6508 2/7730/6508
f 1747/7731/6511 1752/7732/6511 3/7719/6511
f 1755/1109/6511 1750/4698/6511 3/7733/6511
f 1752/7732/6511 1755/1109/6511 3/7733/6511
f 1756/4700/6508 1762/1112/6508 4/7724/6508
f 1764/4702/6508 1759/7734/6508 4/7735/6508
f 1762/1112/6508 1764/4702/6508 4/7735/6508
f 1765/1113/6507 1799/4750/6507 1827/4771/6507 1795/4736/6507
f 1796/4735/6511 1792/4741/6511 1778/1126/6511 1766/1114/6511
f 1777/7736/6529 1814/7737/6530 1800/7738/6530 1767/7739/6529
f 1790/4743/6508 1794/4737/6508 1770/1118/6508 1781/1129/6508
f 1816/7740/6531 1782/7741/6532 1769/7742/6532 1798/7743/6531
f 1797/4762/6507 1768/1116/6507 1793/4738/6507 1825/1157/6507
f 1771/1119/6287 1803/4758/6287 1808/4757/6287 1783/1131/6287
f 1772/1120/6511 1785/1133/6511 1792/4741/6511 1796/4735/6511
f 1795/4736/6507 1827/1159/6507 1801/1137/6507 1773/1121/6507
f 1825/4761/6507 1793/4738/6507 1774/1122/6507 1805/1141/6507
f 1787/1135/6508 1775/1123/6508 1794/4737/6508 1790/4743/6508
f 1806/4755/6287 1776/1124/6287 1786/1134/6287 1811/1147/6287
f 1791/4742/6514 1822/4774/6514 1813/4766/6514 1779/1127/6514
f 1818/4808/6514 1789/4744/6514 1780/1128/6514 1815/4746/6514
f 1784/1132/6514 1807/1143/6514 1822/1154/6514 1791/4742/6514
f 1812/4739/6514 1788/1136/6514 1789/4744/6514 1818/1150/6514
f 1797/4762/6507 1825/1157/6507 1857/4772/6507 1856/4749/6507
f 1816/7740/6531 1798/7743/6531 1855/7744/6285 1853/7745/6285
f 1853/7745/6285 1855/7744/6285 1800/7738/6530 1814/7737/6530
f 1856/4749/6507 1857/4772/6507 1827/4771/6507 1799/4750/6507
f 1802/1138/6508 1826/1158/6508 1834/4754/6508 1831/4777/6508
f 1809/4760/6508 1802/4759/6508 1831/4793/6508 1842/4792/6508
f 1804/4756/6511 1810/1146/6511 1837/4789/6511 1848/4788/6511
f 1823/2200/6511 1804/1140/6511 1848/1180/6511 1852/4796/6511
f 1820/1152/6508 1809/1145/6508 1842/1174/6508 1844/1176/6508
f 1810/4740/6511 1817/1149/6511 1839/1171/6511 1837/1169/6511
f 1860/4773/6514 1854/4745/6514 1813/4766/6514 1822/4774/6514
f 1818/4808/6514 1815/4746/6514 1854/4745/6514 1860/4773/6514
f 1819/4806/6533 1859/4776/6287 1868/4800/6287 1840/4807/6533
f 1859/4776/6287 1821/4775/6534 1846/4801/6534 1868/4800/6287
f 1858/4769/6287 1824/1156/6533 1851/1183/6533 1865/4799/6287
f 1828/4770/6534 1858/4769/6287 1865/4799/6287 1832/1164/6534
f 1863/4787/6287 1862/4780/6287 1843/4809/6287 1830/1162/6287
f 1866/7746/6535 1864/4784/6535 1829/1161/6536 1833/7747/6536
f 1835/4782/6537 1838/7748/6537 1867/7749/6538 1861/4783/6538
f 1849/4786/6287 1836/4781/6287 1862/4780/6287 1863/4787/6287
f 1861/4783/6538 1867/7749/6538 1845/7750/6539 1841/4810/6539
f 1850/7751/6540 1847/4785/6540 1864/4784/6535 1866/7746/6535
f 1869/1185/6278 1903/4827/6278 1931/4849/6278 1899/4813/6278
f 1900/4812/6282 1896/4818/6282 1882/1198/6282 1870/1186/6282
f 1881/7752/6541 1918/7753/6542 1904/7754/6542 1871/7755/6541
f 1894/4820/6279 1898/4814/6279 1874/1190/6279 1885/1201/6279
f 1920/7756/6543 1886/7757/6544 1873/7758/6544 1902/7759/6543
f 1901/4840/6278 1872/1188/6278 1897/4815/6278 1929/1229/6278
f 1875/1191/6287 1907/4835/6287 1912/4834/6287 1887/1203/6287
f 1876/1192/6282 1889/1205/6282 1896/4818/6282 1900/4812/6282
f 1899/4813/6278 1931/1231/6278 1905/1209/6278 1877/1193/6278
f 1929/4838/6278 1897/4815/6278 1878/1194/6278 1909/1213/6278
f 1891/1207/6279 1879/1195/6279 1898/4814/6279 1894/4820/6279
f 1910/4832/6287 1880/1196/6287 1890/1206/6287 1915/1219/6287
f 1895/4819/6286 1926/4852/6286 1917/4844/6286 1883/1199/6286
f 1922/4885/6286 1893/4821/6286 1884/1200/6286 1919/4823/6286
f 1888/1204/6286 1911/1215/6286 1926/1226/6286 1895/4819/6286
f 1916/4816/6286 1892/1208/6286 1893/4821/6286 1922/1222/6286
f 1901/4840/6278 1929/1229/6278 1961/4850/6278 1960/4826/6278
f 1920/7756/6543 1902/7759/6543 1959/7760/6285 1957/7761/6285
f 1957/7761/6285 1959/7760/6285 1904/7754/6542 1918/7753/6542
f 1960/4826/6278 1961/4850/6278 1931/4849/6278 1903/4827/6278
f 1906/1210/6279 1930/1230/6279 1938/4831/6279 1935/4854/6279
f 1913/4837/6279 1906/4836/6279 1935/4870/6279 1946/4869/6279
f 1908/4833/6282 1914/1218/6282 1941/4866/6282 1952/4865/6282
f 1927/4839/6282 1908/1212/6282 1952/1252/6282 1956/4873/6282
f 1924/1224/6279 1913/1217/6279 1946/1246/6279 1948/1248/6279
f 1914/4817/6282 1921/1221/6282 1943/1243/6282 1941/1241/6282
f 1964/4851/6286 1958/4822/6286 1917/4844/6286 1926/4852/6286
f 1922/4885/6286 1919/4823/6286 1958/4822/6286 1964/4851/6286
f 1923/4883/6545 1963/4853/6287 1972/4877/6287 1944/4884/6545
f 1963/4853/6287 1925/1523/6546 1950/4878/6546 1972/4877/6287
f 1962/4847/6287 1928/1228/6545 1955/1255/6545 1969/4876/6287
f 1932/4848/6546 1962/4847/6287 1969/4876/6287 1936/1236/6546
f 1967/4864/6287 1966/4857/6287 1947/4886/6287 1934/1234/6287
f 1970/7762/6547 1968/4861/6547 1933/1233/6548 1937/7763/6548
f 1939/4859/6549 1942/7764/6549 1971/7765/6550 1965/4860/6550
f 1953/4863/6287 1940/4858/6287 1966/4857/6287 1967/4864/6287
f 1965/4860/6550 1971/7765/6550 1949/7766/6551 1945/4887/6551
f 1954/7767/6552 1951/4862/6552 1968/4861/6547 1970/7762/6547
f 1973/11/6278 2007/4903/6278 2035/4920/6278 2003/4889/6278
f 2004/3519/6282 2000/4894/6282 1986/1268/6282 1974/1257/6282
f 1985/7768/6553 2022/7769/6554 2008/7770/6554 1975/7771/6553
f 1998/4896/6279 2002/4890/6279 1978/1261/6279 1989/1271/6279
f 2024/7772/6555 1990/7773/6556 1977/7774/6556 2006/7775/6555
f 2005/4914/6278 1976/1259/6278 2001/4891/6278 2033/1293/6278
f 1979/1262/6287 2011/4910/6287 2016/4909/6287 1991/1273/6287
f 1980/18/6282 1993/31/6282 2000/4894/6282 2004/3519/6282
f 2003/4889/6278 2035/1295/6278 2009/35/6278 1981/1263/6278
f 2033/4913/6278 2001/4891/6278 1982/1264/6278 2013/1280/6278
f 1995/1275/6279 1983/1265/6279 2002/4890/6279 1998/4896/6279
f 2014/3548/6287 1984/1266/6287 1994/1274/6287 2019/1283/6287
f 1999/4895/6286 2030/52/6286 2021/4916/6286 1987/1269/6286
f 2026/4955/6286 1997/4897/6286 1988/1270/6286 2023/4899/6286
f 1992/30/6286 2015/1281/6286 2030/1290/6286 1999/4895/6286
f 2020/4892/6286 1996/1276/6286 1997/4897/6286 2026/1286/6286
f 2005/4914/6278 2033/1293/6278 2065/4921/6278 2064/4902/6278
f 2024/7772/6555 2006/7775/6555 2063/7776/6285 2061/7777/6285
f 2061/7777/6285 2063/7776/6285 2008/7770/6554 2022/7769/6554
f 2064/4902/6278 2065/4921/6278 2035/4920/6278 2007/4903/6278
f 2010/1277/6279 2034/1294/6279 2042/4907/6279 2039/4924/6279
f 2017/4912/6279 2010/4911/6279 2039/4940/6279 2050/4939/6279
f 2012/4908/6282 2018/44/6282 2045/4936/6282 2056/4935/6282
f 2031/2286/6282 2012/1279/6282 2056/1313/6282 2060/4943/6282
f 2028/1288/6279 2017/43/6279 2050/1307/6279 2052/1309/6279
f 2018/4893/6282 2025/1285/6282 2047/1304/6282 2045/1302/6282
f 2068/4922/6286 2062/4898/6286 2021/4916/6286 2030/52/6286
f 2026/4955/6286 2023/4899/6286 2062/4898/6286 2068/4922/6286
f 2027/4953/6557 2067/4923/6287 2076/4947/6287 2048/4954/6557
f 2067/4923/6287 2029/1477/6558 2054/4948/6558 2076/4947/6287
f 2066/4918/6287 2032/1292/6557 2059/1316/6557 2073/4946/6287
f 2036/4919/6558 2066/4918/6287 2073/4946/6287 2040/1297/6558
f 2071/4934/6287 2070/4927/6287 2051/4956/6287 2038/60/6287
f 2074/7778/6559 2072/4931/6559 2037/1296/6560 2041/7779/6560
f 2043/4929/6561 2046/7780/6561 2075/7781/6562 2069/4930/6562
f 2057/4933/6287 2044/4928/6287 2070/4927/6287 2071/4934/6287
f 2069/4930/6562 2075/7781/6562 2053/75/6563 2049/4957/6563
f 2058/7782/6564 2055/4932/6564 2072/4931/6559 2074/7778/6559
f 2077/1318/6565 2111/4974/6565 2139/4996/6565 2107/4960/6565
f 2108/4959/6566 2104/4965/6566 2090/1331/6566 2078/1319/6566
f 2089/7783/6567 2126/7784/6568 2112/7785/6568 2079/7786/6567
f 2102/4967/6569 2106/4961/6569 2082/1323/6569 2093/1334/6569
f 2128/7787/6570 2094/7788/6571 2081/7789/6571 2110/7790/6570
f 2109/4987/6565 2080/1321/6565 2105/4962/6565 2137/1362/6565
f 2083/1324/6285 2115/4982/6285 2120/4981/6285 2095/1336/6285
f 2084/1325/6566 2097/1338/6566 2104/4965/6566 2108/4959/6566
f 2107/4960/6565 2139/1364/6565 2113/1342/6565 2085/1326/6565
f 2137/4985/6565 2105/4962/6565 2086/1327/6565 2117/1346/6565
f 2099/1340/6569 2087/1328/6569 2106/4961/6569 2102/4967/6569
f 2118/4979/6285 2088/1329/6285 2098/1339/6285 2123/1352/6285
f 2103/4966/6572 2134/4999/6572 2125/4991/6572 2091/1332/6572
f 2130/5033/6572 2101/4968/6572 2092/1333/6572 2127/4970/6572
f 2096/1337/6572 2119/1348/6572 2134/1359/6572 2103/4966/6572
f 2124/4963/6572 2100/1341/6572 2101/4968/6572 2130/1355/6572
f 2109/4987/6565 2137/1362/6565 2169/4997/6565 2168/4973/6565
f 2128/7787/6570 2110/7790/6570 2167/7791/6287 2165/7792/6287
f 2165/7792/6287 2167/7791/6287 2112/7785/6568 2126/7784/6568
f 2168/4973/6565 2169/4997/6565 2139/4996/6565 2111/4974/6565
f 2114/1343/6569 2138/1363/6569 2146/4978/6569 2143/5002/6569
f 2121/4984/6569 2114/4983/6569 2143/5018/6569 2154/5017/6569
f 2116/4980/6566 2122/1351/6566 2149/5014/6566 2160/5013/6566
f 2135/4986/6566 2116/1345/6566 2160/1385/6566 2164/5021/6566
f 2132/1357/6569 2121/1350/6569 2154/1379/6569 2156/1381/6569
f 2122/4964/6566 2129/1354/6566 2151/1376/6566 2149/1374/6566
f 2172/4998/6572 2166/4969/6572 2125/4991/6572 2134/4999/6572
f 2130/5033/6572 2127/4970/6572 2166/4969/6572 2172/4998/6572
f 2131/5031/6573 2171/5001/6285 2180/5025/6285 2152/5032/6573
f 2171/5001/6285 2133/5000/6574 2158/5026/6574 2180/5025/6285
f 2170/4994/6285 2136/1361/6573 2163/1388/6573 2177/5024/6285
f 2140/4995/6575 2170/4994/6285 2177/5024/6285 2144/1369/6575
f 2175/5012/6285 2174/5005/6285 2155/5034/6285 2142/1367/6285
f 2178/7793/6576 2176/5009/6576 2141/1366/6577 2145/7794/6577
f 2147/5007/6578 2150/7795/6578 2179/7796/6579 2173/5008/6579
f 2161/5011/6285 2148/5006/6285 2174/5005/6285 2175/5012/6285
f 2173/5008/6579 2179/7796/6579 2157/7797/6580 2153/5035/6580
f 2162/7798/6581 2159/5010/6581 2176/5009/6576 2178/7793/6576
f 2181/1390/6278 2215/4827/6278 2243/4849/6278 2211/5038/6278
f 2212/5037/6279 2208/4818/6279 2194/1400/6279 2182/1186/6279
f 2193/7752/6582 2230/7799/6583 2216/7800/6583 2183/7755/6582
f 2206/5042/6282 2210/5039/6282 2186/1394/6282 2197/1403/6282
f 2232/7801/6584 2198/7802/6585 2185/7803/6585 2214/7804/6584
f 2213/5058/6278 2184/1392/6278 2209/4815/6278 2241/5088/6278
f 2187/1191/6285 2219/5055/6285 2224/5054/6285 2199/1405/6285
f 2188/1395/6279 2201/1406/6279 2208/4818/6279 2212/5037/6279
f 2211/5038/6278 2243/1429/6278 2217/1409/6278 2189/1396/6278
f 2241/1427/6278 2209/4815/6278 2190/1397/6278 2221/1413/6278
f 2203/1207/6282 2191/1195/6282 2210/5039/6282 2206/5042/6282
f 2222/5052/6285 2192/1398/6285 2202/1407/6285 2227/1417/6285
f 2207/5041/6286 2238/1424/6286 2229/4844/6286 2195/1401/6286
f 2234/5089/6286 2205/5043/6286 2196/1402/6286 2231/5045/6286
f 2200/1204/6286 2223/1414/6286 2238/2057/6286 2207/5041/6286
f 2228/5040/6286 2204/1408/6286 2205/5043/6286 2234/1420/6286
f 2213/5058/6278 2241/5088/6278 2273/5062/6278 2272/4826/6278
f 2232/7801/6584 2214/7804/6584 2271/7760/6287 2269/7805/6287
f 2269/7805/6287 2271/7760/6287 2216/7800/6583 2230/7799/6583
f 2272/4826/6278 2273/5062/6278 2243/4849/6278 2215/4827/6278
f 2218/1410/6282 2242/1428/6282 2250/5066/6282 2247/5065/6282
f 2225/5057/6282 2218/5056/6282 2247/5078/6282 2258/5077/6282
f 2220/5053/6279 2226/1218/6279 2253/5076/6279 2264/5075/6279
f 2239/1425/6279 2220/1412/6279 2264/1445/6279 2268/4873/6279
f 2236/1224/6282 2225/1416/6282 2258/1440/6282 2260/1441/6282
f 2226/4817/6279 2233/1419/6279 2255/1438/6279 2253/1437/6279
f 2276/5063/6286 2270/5044/6286 2229/4844/6286 2238/1424/6286
f 2234/5089/6286 2231/5045/6286 2270/5044/6286 2276/5063/6286
f 2235/5090/6586 2275/5064/6285 2284/5081/6285 2256/5093/6586
f 2275/5064/6285 2237/1423/6587 2262/5082/6587 2284/5081/6285
f 2274/5061/6285 2240/5087/6586 2267/1447/6586 2281/5080/6285
f 2244/5050/6587 2274/5061/6285 2281/5080/6285 2248/1433/6587
f 2279/5074/6285 2278/5067/6285 2259/5091/6285 2246/1432/6285
f 2282/7806/6588 2280/5071/6588 2245/1431/6589 2249/7807/6589
f 2251/5069/6590 2254/7808/6590 2283/7809/6591 2277/5070/6591
f 2265/5073/6285 2252/5068/6285 2278/5067/6285 2279/5074/6285
f 2277/5070/6591 2283/7809/6591 2261/7766/6592 2257/5092/6592
f 2266/7810/6593 2263/5072/6593 2280/5071/6588 2282/7806/6588
f 2285/11/6278 2319/5106/6278 2347/5119/6278 2315/4889/6278
f 2316/5094/6279 2312/5098/6279 2298/1457/6279 2286/12/6279
f 2297/7768/6280 2334/7811/6281 2320/7812/6281 2287/7813/6280
f 2310/5099/6282 2314/5095/6282 2290/1451/6282 2301/27/6282
f 2336/3537/6283 2302/7814/6284 2289/7815/6284 2318/3556/6283
f 2317/5115/6278 2288/1450/6278 2313/5096/6278 2345/5144/6278
f 2291/1262/6285 2323/5112/6285 2328/5111/6285 2303/1273/6285
f 2292/18/6279 2305/1462/6279 2312/5098/6279 2316/5094/6279
f 2315/4889/6278 2347/1483/6278 2321/1465/6278 2293/1452/6278
f 2345/1481/6278 2313/5096/6278 2294/1453/6278 2325/1467/6278
f 2307/1464/6282 2295/1454/6282 2314/5095/6282 2310/5099/6282
f 2326/5109/6285 2296/1455/6285 2306/1463/6285 2331/1472/6285
f 2311/4895/6286 2342/1478/6286 2333/5117/6286 2299/1458/6286
f 2338/5145/6286 2309/5100/6286 2300/1459/6286 2335/5102/6286
f 2304/1461/6286 2327/1468/6286 2342/3543/6286 2311/4895/6286
f 2332/5097/6286 2308/1276/6286 2309/5100/6286 2338/48/6286
f 2317/5115/6278 2345/5144/6278 2377/5120/6278 2376/5105/6278
f 2336/3537/6283 2318/3556/6283 2375/7816/6287 2373/7817/6287
f 2373/7817/6287 2375/7816/6287 2320/7812/6281 2334/7811/6281
f 2376/5105/6278 2377/5120/6278 2347/5119/6278 2319/5106/6278
f 2322/1466/6282 2346/1482/6282 2354/5122/6282 2351/5121/6282
f 2329/5114/6282 2322/5113/6282 2351/5134/6282 2362/5133/6282
f 2324/5110/6279 2330/1471/6279 2357/5131/6279 2368/5130/6279
f 2343/1479/6279 2324/1279/6279 2368/1497/6279 2372/5136/6279
f 2340/2619/6282 2329/1470/6282 2362/1307/6282 2364/1493/6282
f 2330/4893/6279 2337/1474/6279 2359/1491/6279 2357/1489/6279
f 2380/4922/6286 2374/5101/6286 2333/5117/6286 2342/1478/6286
f 2338/5145/6286 2335/5102/6286 2374/5101/6286 2380/4922/6286
f 2339/5146/6288 2379/4923/6285 2388/5140/6285 2360/5149/6288
f 2379/4923/6285 2341/1477/6289 2366/3577/6289 2388/5140/6285
f 2378/3563/6285 2344/5143/6288 2371/1499/6288 2385/5139/6285
f 2348/5108/6289 2378/3563/6285 2385/5139/6285 2352/1297/6289
f 2383/3571/6285 2382/5123/6285 2363/5147/6285 2350/1485/6285
f 2386/7818/6290 2384/5127/6290 2349/1484/6291 2353/7819/6291
f 2355/5125/6292 2358/7780/6292 2387/7820/6293 2381/5126/6293
f 2369/5129/6285 2356/5124/6285 2382/5123/6285 2383/3571/6285
f 2381/5126/6293 2387/7820/6293 2365/7821/6294 2361/5148/6294
f 2370/7782/6295 2367/5128/6295 2384/5127/6290 2386/7818/6290
f 2389/1390/6278 2423/5161/6278 2451/5176/6278 2419/4813/6278
f 2420/4812/6279 2416/4818/6279 2402/1512/6279 2390/1501/6279
f 2401/7822/6582 2438/7823/6583 2424/7800/6583 2391/7824/6582
f 2414/5154/6282 2418/4814/6282 2394/1504/6282 2405/1515/6282
f 2440/7825/6584 2406/7826/6585 2393/7827/6585 2422/7759/6584
f 2421/5170/6278 2392/1503/6278 2417/5151/6278 2449/2368/6278
f 2395/1505/6285 2427/4835/6285 2432/5167/6285 2407/1203/6285
f 2396/1506/6279 2409/1406/6279 2416/4818/6279 2420/4812/6279
f 2419/4813/6278 2451/1529/6278 2425/1409/6278 2397/1507/6278
f 2449/1527/6278 2417/5151/6278 2398/1508/6278 2429/1517/6278
f 2411/1207/6282 2399/1509/6282 2418/4814/6282 2414/5154/6282
f 2430/5052/6285 2400/1510/6285 2410/1407/6285 2435/1417/6285
f 2415/5153/6286 2446/1524/6286 2437/5173/6286 2403/1513/6286
f 2442/5197/6286 2413/5155/6286 2404/1514/6286 2439/5157/6286
f 2408/1204/6286 2431/1518/6286 2446/5162/6286 2415/5153/6286
f 2436/5152/6286 2412/1208/6286 2413/5155/6286 2442/1520/6286
f 2421/5170/6278 2449/2368/6278 2481/5177/6278 2480/5160/6278
f 2440/7825/6584 2422/7759/6584 2479/7828/6287 2477/7829/6287
f 2477/7829/6287 2479/7828/6287 2424/7800/6583 2438/7823/6583
f 2480/5160/6278 2481/5177/6278 2451/5176/6278 2423/5161/6278
f 2426/1410/6282 2450/1528/6282 2458/5180/6282 2455/5179/6282
f 2433/5169/6282 2426/5168/6282 2455/5190/6282 2466/5189/6282
f 2428/5166/6279 2434/1218/6279 2461/5188/6279 2472/5187/6279
f 2447/1525/6279 2428/1412/6279 2472/1540/6279 2476/4873/6279
f 2444/5163/6282 2433/1217/6282 2466/1536/6282 2468/1537/6282
f 2434/4817/6279 2441/1519/6279 2463/1534/6279 2461/1532/6279
f 2484/4851/6286 2478/5156/6286 2437/5173/6286 2446/1524/6286
f 2442/5197/6286 2439/5157/6286 2478/5156/6286 2484/4851/6286
f 2443/5198/6586 2483/5178/6285 2492/5191/6285 2464/5201/6586
f 2483/5178/6285 2445/1523/6587 2470/5192/6587 2492/5191/6285
f 2482/5061/6285 2448/5196/6586 2475/1541/6586 2489/5080/6285
f 2452/5164/6587 2482/5061/6285 2489/5080/6285 2456/1530/6587
f 2487/4864/6285 2486/5181/6285 2467/5199/6285 2454/1234/6285
f 2490/7830/6588 2488/5185/6588 2453/1233/6589 2457/7831/6589
f 2459/5183/6590 2462/7764/6590 2491/7832/6591 2485/5184/6591
f 2473/5186/6285 2460/5182/6285 2486/5181/6285 2487/4864/6285
f 2485/5184/6591 2491/7832/6591 2469/7833/6592 2465/5200/6592
f 2474/7767/6593 2471/5072/6593 2488/5185/6588 2490/7830/6588
f 2493/1543/6278 2527/4903/6278 2555/5119/6278 2523/5203/6278
f 2524/5202/6279 2520/5206/6279 2506/5214/6279 2494/1544/6279
f 2505/1554/6280 2542/5240/6281 2528/5221/6281 2495/5211/6280
f 2518/5207/6282 2522/5204/6282 2498/5209/6282 2509/1558/6282
f 2544/5218/6283 2510/5213/6284 2497/1547/6284 2526/5237/6283
f 2525/7834/6278 2496/2270/6278 2521/5096/6278 2553/5259/6278
f 2499/1549/6285 2531/5232/6285 2536/5231/6285 2511/1560/6285
f 2500/1550/6279 2513/1562/6279 2520/5206/6279 2524/5202/6279
f 2523/5203/6278 2555/1584/6278 2529/1465/6278 2501/1452/6278
f 2553/1582/6278 2521/5096/6278 2502/1551/6278 2533/1569/6278
f 2515/1564/6282 2503/1552/6282 2522/5204/6282 2518/5207/6282
f 2534/5229/6285 2504/1553/6285 2514/1563/6285 2539/1574/6285
f 2519/4895/6286 2550/52/6286 2541/7835/6286 2507/5215/6286
f 2546/3583/6286 2517/5208/6286 2508/1557/6286 2543/7836/6286
f 2512/1561/6286 2535/1571/6286 2550/5223/6286 2519/4895/6286
f 2540/4892/6286 2516/1565/6286 2517/5208/6286 2546/1576/6286
f 2525/7834/6278 2553/5259/6278 2585/5243/6278 2584/6188/6278
f 2544/5218/6283 2526/5237/6283 2583/5222/6287 2581/5219/6287
f 2581/5219/6287 2583/5222/6287 2528/5221/6281 2542/5240/6281
f 2584/6188/6278 2585/5243/6278 2555/5119/6278 2527/4903/6278
f 2530/1566/6282 2554/1583/6282 2562/6192/6282 2559/6208/6282
f 2537/5234/6282 2530/5233/6282 2559/7837/6282 2570/7838/6282
f 2532/5230/6279 2538/1573/6279 2565/6216/6279 2576/7839/6279
f 2551/1580/6279 2532/1568/6279 2576/2446/6279 2580/5257/6279
f 2548/5224/6282 2537/1572/6282 2570/7840/6282 2572/7841/6282
f 2538/5205/6279 2545/1575/6279 2567/5255/6279 2565/7842/6279
f 2588/5244/6286 2582/7843/6286 2541/7835/6286 2550/52/6286
f 2546/3583/6286 2543/7836/6286 2582/7843/6286 2588/5244/6286
f 2547/5260/6288 2587/5245/6285 2596/7844/6285 2568/7845/6288
f 2587/5245/6285 2549/1579/6289 2574/5254/6289 2596/7844/6285
f 2586/5242/6285 2552/5258/6288 2579/7846/6288 2593/7847/6285
f 2556/5225/6289 2586/5242/6285 2593/7847/6285 2560/5226/6289
f 2591/5248/6285 2590/5246/6285 2571/1600/6285 2558/1587/6285
f 2594/5249/6594 2592/4931/6594 2557/1586/6595 2561/1590/6595
f 2563/1592/6596 2566/1595/6596 2595/5252/6597 2589/5247/6597
f 2577/1606/6285 2564/1593/6285 2590/5246/6285 2591/5248/6285
f 2589/5247/6597 2595/5252/6597 2573/1602/6598 2569/1598/6598
f 2578/1607/6599 2575/1604/6599 2592/4931/6594 2594/5249/6594
f 2597/1610/6600 2631/5275/6600 2659/5296/6600 2627/5262/6600
f 2628/5261/6601 2624/5267/6601 2610/1623/4274 2598/1611/4273
f 2609/7848/4275 2646/7849/6602 2632/7850/6602 2599/7851/4276
f 2622/5269/6603 2626/5263/6603 2602/1615/4278 2613/1626/4277
f 2648/7852/6604 2614/7853/4280 2601/7854/4279 2630/7855/6604
f 2629/5288/6605 2600/1613/6605 2625/5264/6605 2657/5329/6605
f 2603/1616/6285 2635/5285/6285 2640/5284/6285 2615/1628/6285
f 2604/1617/6601 2617/1630/6601 2624/5267/6601 2628/5261/6601
f 2627/5262/6600 2659/1656/6600 2633/1634/6600 2605/1618/6600
f 2657/1654/6605 2625/5264/6605 2606/1619/6605 2637/1638/6605
f 2619/1632/6603 2607/1620/6603 2626/5263/6603 2622/5269/6603
f 2638/5282/6285 2608/1621/6285 2618/1631/6285 2643/1644/6285
f 2623/5268/6606 2654/1651/6606 2645/5292/6606 2611/1624/6606
f 2650/5330/6607 2621/5270/6607 2612/1625/6606 2647/5272/6606
f 2616/1629/6606 2639/1640/6606 2654/5278/6606 2623/5268/6606
f 2644/5265/6607 2620/1633/6607 2621/5270/6607 2650/1647/6607
f 2629/5288/6605 2657/5329/6605 2689/5297/6605 2688/5274/6605
f 2648/7852/6604 2630/7855/6604 2687/7856/6287 2685/7857/6287
f 2685/7857/6287 2687/7856/6287 2632/7850/6602 2646/7849/6602
f 2688/5274/6605 2689/5297/6605 2659/5296/6600 2631/5275/6600
f 2634/1635/6603 2658/1655/6603 2666/5300/6603 2663/5299/6603
f 2641/5287/6608 2634/5286/6603 2663/5315/6603 2674/5314/6608
f 2636/5283/6609 2642/1643/6601 2669/5311/6601 2680/5310/6609
f 2655/1652/6609 2636/1637/6609 2680/1672/6609 2684/5318/6609
f 2652/5279/6608 2641/1642/6608 2674/1668/6608 2676/1669/6608
f 2642/5266/6601 2649/1646/6601 2671/1665/6601 2669/1663/6601
f 2692/3566/6606 2686/5271/6606 2645/5292/6606 2654/1651/6606
f 2650/5330/6607 2647/5272/6606 2686/5271/6606 2692/3566/6606
f 2651/5331/6610 2691/5298/6285 2700/5322/6285 2672/5334/6610
f 2691/5298/6285 2653/1650/6611 2678/5323/6611 2700/5322/6285
f 2690/5295/6285 2656/5328/6610 2683/1674/6610 2697/5321/6285
f 2660/5280/6612 2690/5295/6285 2697/5321/6285 2664/1660/6612
f 2695/5309/6285 2694/5303/6285 2675/5332/6285 2662/1659/6285
f 2698/5249/6613 2696/5127/6613 2661/1658/6614 2665/7858/6614
f 2667/5305/6615 2670/7859/6615 2699/7860/6616 2693/5306/6616
f 2681/5308/6285 2668/5304/6285 2694/5303/6285 2695/5309/6285
f 2693/5306/6616 2699/7860/6616 2677/7861/6617 2673/5333/6617
f 2682/7862/6618 2679/5307/6618 2696/5127/6613 2698/5249/6613
f 2701/1676/6619 2735/5348/6619 2763/5366/6619 2731/5337/6619
f 2732/5336/6286 2728/5342/6286 2714/1688/6286 2702/1677/6286
f 2713/7863/6620 2750/7864/6621 2736/7865/6621 2703/7866/6620
f 2726/5344/6278 2730/5338/6278 2706/1680/6278 2717/1691/6278
f 2752/7867/6622 2718/7868/6623 2705/7869/6623 2734/7655/6622
f 2733/5360/6619 2704/230/6619 2729/5339/6619 2761/1709/6619
f 2707/1681/6624 2739/5355/6624 2744/5354/6624 2719/1693/6624
f 2708/1682/6286 2721/823/6286 2728/5342/6286 2732/5336/6286
f 2731/5337/6619 2763/273/6619 2737/826/6619 2709/1683/6619
f 2761/5358/6619 2729/5339/6619 2710/1684/6619 2741/829/6619
f 2723/1696/6278 2711/1685/6278 2730/5338/6278 2726/5344/6278
f 2742/5352/6624 2712/1686/6624 2722/1695/6624 2747/1700/6624
f 2727/5343/6625 2758/5369/6625 2749/5362/6625 2715/1689/6625
f 2754/5393/6625 2725/3748/6625 2716/1690/6625 2751/5346/6625
f 2720/1694/6625 2743/257/6625 2758/1706/6625 2727/5343/6625
f 2748/5340/6625 2724/250/6625 2725/3748/6625 2754/1703/6625
f 2733/5360/6619 2761/1709/6619 2793/5367/6619 2792/5347/6619
f 2752/7867/6622 2734/7655/6622 2791/7656/6626 2789/7657/6626
f 2789/7657/6626 2791/7656/6626 2736/7865/6621 2750/7864/6621
f 2792/5347/6619 2793/5367/6619 2763/5366/6619 2735/5348/6619
f 2738/1697/6278 2762/272/6278 2770/5351/6278 2767/5372/6278
f 2745/5357/6278 2738/5356/6278 2767/5385/6278 2778/5384/6278
f 2740/5353/6286 2746/1699/6286 2773/5382/6286 2784/5381/6286
f 2759/5359/6286 2740/828/6286 2784/1724/6286 2788/5386/6286
f 2756/1704/6278 2745/1698/6278 2778/1720/6278 2780/1721/6278
f 2746/5341/6286 2753/1702/6286 2775/1718/6286 2773/1716/6286
f 2796/5368/6625 2790/5345/6625 2749/5362/6625 2758/5369/6625
f 2754/5393/6625 2751/5346/6625 2790/5345/6625 2796/5368/6625
f 2755/5391/6627 2795/5371/6624 2804/4404/6624 2776/5392/6627
f 2795/5371/6624 2757/5370/6628 2782/5388/6628 2804/4404/6624
f 2794/5364/6624 2760/1708/6627 2787/1726/6627 2801/5387/6624
f 2764/5365/6628 2794/5364/6624 2801/5387/6624 2768/1712/6628
f 2799/5380/6624 2798/5374/6624 2779/5394/6624 2766/1711/6624
f 2802/7658/6629 2800/5378/6629 2765/275/6630 2769/7870/6630
f 2771/5376/6631 2774/7871/6631 2803/7660/6632 2797/5377/6632
f 2785/4392/6624 2772/5375/6624 2798/5374/6624 2799/5380/6624
f 2797/5377/6632 2803/7660/6632 2781/7872/6633 2777/5395/6633
f 2786/7535/6634 2783/5379/6634 2800/5378/6629 2802/7658/6629
f 2805/299/6635 2839/5408/6635 2867/5423/6635 2835/5398/6635
f 2836/5397/6286 2832/3821/6286 2818/1738/6286 2806/1727/6286
f 2817/7873/6636 2854/7537/6637 2840/7663/6637 2807/7874/6636
f 2830/5403/6278 2834/5399/6278 2810/1730/6278 2821/1741/6278
f 2856/7665/6638 2822/7875/6639 2809/7876/6639 2838/7877/6638
f 2837/5419/6635 2808/1728/6635 2833/5400/6635 2865/1766/6635
f 2811/1731/6640 2843/5414/6640 2848/5413/6640 2823/1743/6640
f 2812/1732/6286 2825/1745/6286 2832/3821/6286 2836/5397/6286
f 2835/5398/6635 2867/1768/6635 2841/323/6635 2813/1733/6635
f 2865/5417/6635 2833/5400/6635 2814/1734/6635 2845/1751/6635
f 2827/1747/6278 2815/1735/6278 2834/5399/6278 2830/5403/6278
f 2846/5411/6640 2816/1736/6640 2826/1746/6640 2851/1757/6640
f 2831/5402/6641 2862/5426/6641 2853/5420/6641 2819/1739/6641
f 2858/5453/6641 2829/5404/6641 2820/1740/6641 2855/5405/6641
f 2824/1744/6641 2847/1753/6641 2862/1763/6641 2831/5402/6641
f 2852/3819/6641 2828/1748/6641 2829/5404/6641 2858/1760/6641
f 2837/5419/6635 2865/1766/6635 2897/5424/6635 2896/5407/6635
f 2856/7665/6638 2838/7877/6638 2895/7878/6642 2893/7669/6642
f 2893/7669/6642 2895/7878/6642 2840/7663/6637 2854/7537/6637
f 2896/5407/6635 2897/5424/6635 2867/5423/6635 2839/5408/6635
f 2842/1749/6278 2866/1767/6278 2874/5410/6278 2871/5429/6278
f 2849/5416/6278 2842/5415/6278 2871/5441/6278 2882/5440/6278
f 2844/5412/6286 2850/1756/6286 2877/5439/6286 2888/5438/6286
f 2863/5418/6286 2844/1750/6286 2888/1785/6286 2892/5444/6286
f 2860/897/6278 2849/1755/6278 2882/1780/6278 2884/1781/6278
f 2850/5401/6286 2857/1759/6286 2879/1778/6286 2877/1776/6286
f 2900/5425/6641 2894/3825/6641 2853/5420/6641 2862/5426/6641
f 2858/5453/6641 2855/5405/6641 2894/3825/6641 2900/5425/6641
f 2859/5451/6643 2899/5428/6640 2908/5447/6640 2880/5452/6643
f 2899/5428/6640 2861/5427/6644 2886/5448/6644 2908/5447/6640
f 2898/5421/6640 2864/1765/6643 2891/1787/6643 2905/5446/6640
f 2868/5422/6644 2898/5421/6640 2905/5446/6640 2872/1772/6644
f 2903/5437/6640 2902/4453/6640 2883/5454/6640 2870/1771/6640
f 2906/7879/6645 2904/5434/6645 2869/1770/6646 2873/7671/6646
f 2875/4455/6647 2878/7672/6647 2907/7880/6648 2901/5433/6648
f 2889/5436/6640 2876/5432/6640 2902/4453/6640 2903/5437/6640
f 2901/5433/6648 2907/7880/6648 2885/7674/6649 2881/5455/6649
f 2890/7881/6650 2887/5435/6650 2904/5434/6645 2906/7879/6645
f 2909/1789/6651 2943/5469/6651 2971/5485/6651 2939/5457/6651
f 2940/5456/6278 2936/5461/6278 2922/1799/6278 2910/924/6278
f 2921/7882/6652 2958/7677/6653 2944/7883/6653 2911/7884/6652
f 2934/4489/6286 2938/5458/6286 2914/376/6286 2925/1802/6286
f 2960/7885/6654 2926/7886/6655 2913/7887/6655 2942/7888/6654
f 2941/5481/6651 2912/1791/6651 2937/5459/6651 2969/4538/6651
f 2915/1793/6656 2947/5478/6656 2952/5477/6656 2927/1804/6656
f 2916/1794/6278 2929/940/6278 2936/5461/6278 2940/5456/6278
f 2939/5457/6651 2971/1829/6651 2945/1808/6651 2917/1795/6651
f 2969/1827/6651 2937/5459/6651 2918/1796/6651 2949/1812/6651
f 2931/942/6286 2919/931/6286 2938/5458/6286 2934/4489/6286
f 2950/5475/6656 2920/1797/6656 2930/1806/6656 2955/1817/6656
f 2935/5462/6657 2966/1824/6657 2957/3921/6657 2923/1800/6657
f 2962/5512/6657 2933/5463/6657 2924/1801/6657 2959/5465/6657
f 2928/1805/6657 2951/1814/6657 2966/5472/6657 2935/5462/6657
f 2956/5460/6657 2932/1807/6657 2933/5463/6657 2962/1820/6657
f 2941/5481/6651 2969/4538/6651 3001/5486/6651 3000/5468/6651
f 2960/7885/6654 2942/7888/6654 2999/7889/6658 2997/7890/6658
f 2997/7890/6658 2999/7889/6658 2944/7883/6653 2958/7677/6653
f 3000/5468/6651 3001/5486/6651 2971/5485/6651 2943/5469/6651
f 2946/1809/6286 2970/1828/6286 2978/5489/6286 2975/3929/6286
f 2953/5480/6286 2946/5479/6286 2975/4528/6286 2986/5499/6286
f 2948/5476/6278 2954/1816/6278 2981/5497/6278 2992/4527/6278
f 2967/1825/6278 2948/1811/6278 2992/1844/6278 2996/5501/6278
f 2964/3910/6286 2953/1815/6286 2986/1839/6286 2988/1840/6286
f 2954/4486/6278 2961/1819/6278 2983/1837/6278 2981/1835/6278
f 3004/5487/6657 2998/5464/6657 2957/3921/6657 2966/1824/6657
f 2962/5512/6657 2959/5465/6657 2998/5464/6657 3004/5487/6657
f 2963/5513/6659 3003/5488/6660 3012/5505/6660 2984/5515/6659
f 3003/5488/6660 2965/1823/6661 2990/5506/6661 3012/5505/6660
f 3002/5484/6660 2968/5511/6659 2995/982/6659 3009/5504/6660
f 2972/5473/6661 3002/5484/6660 3009/5504/6660 2976/1831/6661
f 3007/5496/6656 3006/5491/6656 2987/4541/6656 2974/968/6656
f 3010/7684/6662 3008/5494/6662 2973/1830/6663 2977/7685/6663
f 2979/4522/6664 2982/7891/6664 3011/7892/6665 3005/5493/6665
f 2993/4526/6656 2980/5492/6656 3006/5491/6656 3007/5496/6656
f 3005/5493/6665 3011/7892/6665 2989/7893/6666 2985/5514/6666
f 2994/7894/6667 2991/5495/6667 3008/5494/6662 3010/7684/6662
f 3013/1847/6668 3047/5529/6668 3075/5548/6668 3043/5518/6668
f 3044/5517/6286 3040/5522/6286 3026/1859/6286 3014/1848/6286
f 3025/7895/6669 3062/7896/6670 3048/7897/6670 3015/7898/6669
f 3038/4551/6278 3042/5519/6278 3018/1851/6278 3029/998/6278
f 3064/7899/6671 3030/7900/6672 3017/7901/6672 3046/7902/6671
f 3045/5541/6668 3016/987/6668 3041/5520/6668 3073/1884/6668
f 3019/1852/6673 3051/5536/6673 3056/5535/6673 3031/1862/6673
f 3020/1853/6286 3033/1864/6286 3040/5522/6286 3044/5517/6286
f 3043/5518/6668 3075/1886/6668 3049/1868/6668 3021/1854/6668
f 3073/5539/6668 3041/5520/6668 3022/1855/6668 3053/1871/6668
f 3035/1866/6278 3023/1856/6278 3042/5519/6278 3038/4551/6278
f 3054/5534/6673 3024/1857/6673 3034/1865/6673 3059/1877/6673
f 3039/5523/6674 3070/5550/6674 3061/5545/6674 3027/457/6674
f 3066/4606/6674 3037/5524/6674 3028/1860/6674 3063/5526/6674
f 3032/1863/6674 3055/1873/6674 3070/1883/6674 3039/5523/6674
f 3060/5521/6674 3036/1867/6674 3037/5524/6674 3066/1880/6674
f 3045/5541/6668 3073/1884/6668 3105/4003/6668 3104/5528/6668
f 3064/7899/6671 3046/7902/6671 3103/7576/6675 3101/7903/6675
f 3101/7903/6675 3103/7576/6675 3048/7897/6670 3062/7896/6670
f 3104/5528/6668 3105/4003/6668 3075/5548/6668 3047/5529/6668
f 3050/1869/6278 3074/1885/6278 3082/5533/6278 3079/5552/6278
f 3057/5538/6278 3050/5537/6278 3079/5564/6278 3090/5563/6278
f 3052/3988/6286 3058/1876/6286 3085/5562/6286 3096/5561/6286
f 3071/5540/6286 3052/1870/6286 3096/1900/6286 3100/5566/6286
f 3068/1881/6278 3057/1875/6278 3090/1895/6278 3092/1896/6278
f 3058/3972/6286 3065/1879/6286 3087/1893/6286 3085/499/6286
f 3108/5549/6674 3102/5525/6674 3061/5545/6674 3070/5550/6674
f 3066/4606/6674 3063/5526/6674 3102/5525/6674 3108/5549/6674
f 3067/5573/6676 3107/5551/6673 3116/5568/6673 3088/5574/6676
f 3107/5551/6673 3069/4578/6677 3094/5569/6677 3116/5568/6673
f 3106/5546/6673 3072/1020/6676 3099/1902/6676 3113/4030/6673
f 3076/5547/6677 3106/5546/6673 3113/4030/6673 3080/1889/6677
f 3111/5560/6673 3110/5554/6673 3091/5575/6673 3078/1888/6673
f 3114/7904/6678 3112/4015/6678 3077/1887/6679 3081/7905/6679
f 3083/5556/6680 3086/7906/6680 3115/7907/6681 3109/5557/6681
f 3097/5559/6673 3084/5555/6673 3110/5554/6673 3111/5560/6673
f 3109/5557/6681 3115/7907/6681 3093/7582/6682 3089/5576/6682
f 3098/7908/6683 3095/5558/6683 3112/4015/6678 3114/7904/6678
f 3117/1904/6684 3139/5590/6684 3155/5596/6684 3135/5579/6684
f 3136/5578/6685 3131/4615/6685 3124/1911/6685 3118/1905/6685
f 3123/7909/6686 3142/7910/6687 3140/7911/6687 3119/7912/6686
f 3130/5580/6688 3133/5582/6688 3122/1909/6688 3127/1914/6688
f 3144/7913/6689 3128/7708/6690 3121/7914/6690 3138/7915/6689
f 3137/5593/6684 3120/1907/6684 3134/5583/6684 3153/5622/6684
f 3132/5584/6691 3149/1057/6691 3141/4629/6691 3125/1912/6691
f 3146/5623/6691 3129/5581/6691 3126/1913/6691 3143/5586/6691
f 3262/5655/6692 3225/5668/6692 3129/5581/6691 3146/1917/6691
f 3224/5667/6688 3228/5666/6688 3230/1098/6688 3226/5670/6688 3206/4713/6688 3210/1948/6688 3213/5662/6688 3208/5664/6688 3133/5582/6688 3130/5580/6688
f 3197/5659/6685 3201/5657/6685 3203/1945/6685 3199/5656/6685 3215/5676/6685 3219/1951/6685 3222/5673/6685 3217/5672/6685 3131/4615/6685 3136/5578/6685
f 3218/5675/6692 3252/4692/6692 3149/4734/6691 3132/5584/6691
f 3153/1923/6684 3134/5583/6684 3209/5665/6693 3243/5638/6693
f 3135/5579/6684 3155/1925/6684 3235/5636/6693 3198/5660/6693
f 3137/5593/6684 3153/5622/6684 3185/5597/6684 3184/5589/6684
f 3144/7913/6689 3138/7915/6689 3183/7916/6285 3181/7917/6285
f 3181/7917/6285 3183/7916/6285 3140/7911/6687 3142/7910/6687
f 3184/5589/6684 3185/5597/6684 3155/5596/6684 3139/5590/6684
f 3188/5598/6691 3182/5585/6691 3141/4629/6691 3149/1057/6691
f 3146/5623/6691 3143/5586/6691 3182/5585/6691 3188/5598/6691
f 8/7713/6685 3263/4705/6685 3145/1916/6685 3167/1935/6685 3165/1933/6685
f 3147/5624/6694 3187/5599/6287 3196/5615/6287 3168/5629/6694
f 3187/5599/6287 3148/1919/6695 3174/5616/6695 3196/5615/6287
f 3150/5679/6688 3251/5647/6688 7/7714/6688 3169/4642/6688 3172/1080/6688
f 3186/5595/6287 3152/5621/6694 3179/1943/6694 3193/5614/6287
f 3151/1921/6685 3242/5641/6685 6/7715/6685 3176/1941/6685 3180/5613/6685
f 5/7716/6688 3236/5637/6688 3154/1924/6688 3162/5600/6688 3159/1928/6688
f 3156/4625/6695 3186/5595/6287 3193/5614/6287 3160/1929/6695
f 3194/7918/6696 3192/5605/6696 3157/5627/6697 3161/7919/6697
f 7/7719/6688 3254/5649/6688 3233/4731/6688 5/7720/6688 3159/5611/6688 3169/1937/6688
f 3191/4647/6287 3190/4638/6287 3170/5625/6287 3158/5628/6287
f 3163/5603/6698 3166/7920/6698 3195/7921/6699 3189/5604/6699
f 3177/5607/6287 3164/5602/6287 3190/4638/6287 3191/4647/6287
f 6/7723/6685 3245/5645/6685 3260/5651/6685 8/7724/6685 3165/5609/6685 3176/5608/6685
f 3189/5604/6699 3195/7921/6699 3173/7922/6700 3171/5626/6700
f 3178/7923/6701 3175/5606/6701 3192/5605/6696 3194/7918/6696
f 3240/5634/6702 3202/5658/6702 3198/5660/6693 3235/5636/6693
f 3200/4708/6703 3234/5678/6703 3253/5648/6704 3216/5677/6704
f 3234/5678/6703 3200/4708/6703 3205/1947/4623 3237/1956/1505
f 3238/5633/1506 3204/1946/4622 3202/5658/6702 3240/5634/6702
f 3207/5661/6703 3244/5644/6703 3249/1960/1509 3211/1949/4631
f 3244/5644/6703 3207/5661/6703 3227/5671/6704 3261/5650/6704
f 3214/5663/6702 3246/5639/6702 3243/5638/6693 3209/5665/6693
f 3212/1950/4630 3248/5642/1508 3246/5639/6702 3214/5663/6702
f 3258/1963/1512 3220/1952/4648 3216/5677/6704 3253/5648/6704
f 3252/4692/6692 3218/5675/6692 3223/5674/6705 3255/5646/6705
f 3255/4695/6705 3223/5674/6705 3221/1953/4649 3257/1962/1511
f 3225/5668/6692 3262/5655/6692 3267/5654/6705 3229/5669/6705
f 3232/1955/4640 3264/1965/1514 3261/5650/6704 3227/5671/6704
f 3229/5669/6705 3267/5652/6705 3265/1966/1515 3231/1954/4641
f 3233/5632/6688 3239/5631/6688 5/7716/6688
f 3241/5635/6688 3236/5637/6688 5/7727/6688
f 3239/5631/6688 3241/5635/6688 5/7727/6688
f 3242/5641/6685 3247/5640/6685 6/7715/6685
f 3250/4689/6706 3245/7729/6685 6/7730/6685
f 3247/5640/6685 3250/4689/6706 6/7730/6685
f 3251/7924/6688 3256/7925/6707 7/7719/6688
f 3259/1964/6707 3254/5649/6688 7/7733/6688
f 3256/7925/6707 3259/1964/6707 7/7733/6688
f 3260/5651/6685 3266/1967/6685 8/7724/6685
f 3268/4702/6708 3263/7926/6685 8/7735/6685
f 3266/1967/6685 3268/4702/6708 8/7735/6685
f 3269/1968/6684 3303/4750/6684 3331/5710/6684 3299/5681/6684
f 3300/5680/6688 3296/5686/6688 3282/1980/6688 3270/1969/6688
f 3281/7927/6709 3318/7928/6710 3304/7929/6710 3271/7930/6709
f 3294/5688/6685 3298/5682/6685 3274/1973/6685 3285/1983/6685
f 3320/7931/6711 3286/7932/6712 3273/7933/6712 3302/7934/6711
f 3301/5703/6684 3272/1971/6684 3297/5683/6684 3329/2008/6684
f 3275/1974/6285 3307/5698/6285 3312/5697/6285 3287/1984/6285
f 3276/1975/6688 3289/1986/6688 3296/5686/6688 3300/5680/6688
f 3299/5681/6684 3331/2010/6684 3305/1990/6684 3277/1976/6684
f 3329/5701/6684 3297/5683/6684 3278/1977/6684 3309/1994/6684
f 3291/1988/6685 3279/1123/6685 3298/5682/6685 3294/5688/6685
f 3310/5695/6285 3280/1978/6285 3290/1987/6285 3315/1147/6285
f 3295/5687/6691 3326/5713/6691 3317/5705/6691 3283/1981/6691
f 3322/5741/6691 3293/5689/6691 3284/1982/6691 3319/5690/6691
f 3288/1985/6691 3311/1996/6691 3326/2005/6691 3295/5687/6691
f 3316/5684/6691 3292/1989/6691 3293/5689/6691 3322/2002/6691
f 3301/5703/6684 3329/2008/6684 3361/5711/6684 3360/4749/6684
f 3320/7931/6711 3302/7934/6711 3359/7935/6287 3357/7936/6287
f 3357/7936/6287 3359/7935/6287 3304/7929/6710 3318/7928/6710
f 3360/4749/6684 3361/5711/6684 3331/5710/6684 3303/4750/6684
f 3306/1991/6685 3330/2009/6685 3338/5694/6685 3335/4777/6685
f 3313/5700/6685 3306/5699/6685 3335/5728/6685 3346/5727/6685
f 3308/5696/6688 3314/1999/6688 3341/5724/6688 3352/5723/6688
f 3327/5702/6688 3308/1993/6688 3352/2027/6688 3356/5731/6688
f 3324/2003/6685 3313/1998/6685 3346/2022/6685 3348/2023/6685
f 3314/5685/6688 3321/2001/6688 3343/2019/6688 3341/2018/6688
f 3364/5712/6691 3358/4745/6691 3317/5705/6691 3326/5713/6691
f 3322/5741/6691 3319/5690/6691 3358/4745/6691 3364/5712/6691
f 3323/4806/6713 3363/5715/6285 3372/5734/6285 3344/5740/6713
f 3363/5715/6285 3325/5714/6714 3350/5735/6714 3372/5734/6285
f 3362/5708/6285 3328/2007/6713 3355/2029/6713 3369/5733/6285
f 3332/5709/6714 3362/5708/6285 3369/5733/6285 3336/2014/6714
f 3367/5722/6285 3366/5716/6285 3347/5742/6285 3334/2013/6285
f 3370/7746/6715 3368/5719/6715 3333/2012/6716 3337/7937/6716
f 3339/5718/6717 3342/7748/6717 3371/7938/6718 3365/4783/6718
f 3353/5721/6285 3340/5717/6285 3366/5716/6285 3367/5722/6285
f 3365/4783/6718 3371/7938/6718 3349/7939/6719 3345/5743/6719
f 3354/7940/6720 3351/5720/6720 3368/5719/6715 3370/7746/6715
f 3373/2031/6278 3407/4827/6278 3435/5176/6278 3403/5038/6278
f 3404/5745/6282 3400/4818/6282 3386/1512/6282 3374/2032/6282
f 3385/7822/6541 3422/7941/6542 3408/7942/6542 3375/7824/6541
f 3398/5154/6279 3402/4814/6279 3378/1504/6279 3389/1201/6279
f 3424/7801/6543 3390/7802/6544 3377/7803/6544 3406/7943/6543
f 3405/5754/6278 3376/2034/6278 3401/5746/6278 3433/2060/6278
f 3379/2036/6287 3411/5753/6287 3416/5752/6287 3391/1405/6287
f 3380/1506/6282 3393/2045/6282 3400/4818/6282 3404/5745/6282
f 3403/5038/6278 3435/1231/6278 3409/2049/6278 3381/1193/6278
f 3433/4838/6278 3401/5746/6278 3382/2037/6278 3413/2051/6278
f 3395/2047/6279 3383/2038/6279 3402/4814/6279 3398/5154/6279
f 3414/5052/6287 3384/2039/6287 3394/2046/6287 3419/2055/6287
f 3399/5041/6286 3430/5759/6286 3421/5755/6286 3387/2041/6286
f 3426/5774/6286 3397/5155/6286 3388/2042/6286 3423/5747/6286
f 3392/2044/6286 3415/2052/6286 3430/2057/6286 3399/5041/6286
f 3420/5152/6286 3396/2048/6286 3397/5155/6286 3426/1222/6286
f 3405/5754/6278 3433/2060/6278 3465/5758/6278 3464/5160/6278
f 3424/7801/6543 3406/7943/6543 3463/7944/6285 3461/7761/6285
f 3461/7761/6285 3463/7944/6285 3408/7942/6542 3422/7941/6542
f 3464/5160/6278 3465/5758/6278 3435/5176/6278 3407/4827/6278
f 3410/2050/6279 3434/1528/6279 3442/5750/6279 3439/5179/6279
f 3417/5169/6279 3410/4836/6279 3439/5766/6279 3450/5765/6279
f 3412/5751/6282 3418/2054/6282 3445/4866/6282 3456/5764/6282
f 3431/4839/6282 3412/1212/6282 3456/1252/6282 3460/4873/6282
f 3428/2056/6279 3417/2053/6279 3450/1246/6279 3452/1441/6279
f 3418/4817/6282 3425/1221/6282 3447/1243/6282 3445/2063/6282
f 3468/4851/6286 3462/4822/6286 3421/5755/6286 3430/5759/6286
f 3426/5774/6286 3423/5747/6286 3462/4822/6286 3468/4851/6286
f 3427/5772/6545 3467/4853/6287 3476/5768/6287 3448/5773/6545
f 3467/4853/6287 3429/5760/6546 3454/5769/6546 3476/5768/6287
f 3466/5061/6287 3432/2059/6545 3459/2070/6545 3473/4876/6287
f 3436/5757/6546 3466/5061/6287 3473/4876/6287 3440/1433/6546
f 3471/4864/6287 3470/5181/6287 3451/5091/6287 3438/1234/6287
f 3474/7945/6547 3472/5763/6547 3437/2061/6548 3441/7763/6548
f 3443/5761/6549 3446/7946/6549 3475/7947/6550 3469/5762/6550
f 3457/4863/6287 3444/4858/6287 3470/5181/6287 3471/4864/6287
f 3469/5762/6550 3475/7947/6550 3453/7948/6551 3449/4887/6551
f 3458/7949/6552 3455/5072/6552 3472/5763/6547 3474/7945/6547
f 3477/2072/6278 3511/5783/6278 3539/3564/6278 3507/5776/6278
f 3508/3519/6282 3504/4894/6282 3490/2080/6282 3478/2073/6282
f 3489/7950/6553 3526/7951/6554 3512/3541/6554 3479/7952/6553
f 3502/3527/6279 3506/5095/6279 3482/2077/6279 3493/2082/6279
f 3528/3537/6555 3494/7953/6556 3481/7774/6556 3510/3556/6555
f 3509/5792/6278 3480/2075/6278 3505/5777/6278 3537/2096/6278
f 3483/1262/6287 3515/5788/6287 3520/5787/6287 3495/2084/6287
f 3484/18/6282 3497/2085/6282 3504/4894/6282 3508/3519/6282
f 3507/5776/6278 3539/57/6278 3513/2089/6278 3485/1452/6278
f 3537/1582/6278 3505/5777/6278 3486/1453/6278 3517/2090/6278
f 3499/2087/6279 3487/2078/6279 3506/5095/6279 3502/3527/6279
f 3518/5786/6287 3488/1455/6287 3498/2086/6287 3523/1283/6287
f 3503/3526/6286 3534/5797/6286 3525/5794/6286 3491/2081/6286
f 3530/3583/6286 3501/5778/6286 3492/26/6286 3527/5102/6286
f 3496/30/6286 3519/1281/6286 3534/2093/6286 3503/3526/6286
f 3524/5097/6286 3500/2088/6286 3501/5778/6286 3530/1286/6286
f 3509/5792/6278 3537/2096/6278 3569/5243/6278 3568/5782/6278
f 3528/3537/6555 3510/3556/6555 3567/7816/6285 3565/7954/6285
f 3565/7954/6285 3567/7816/6285 3512/3541/6554 3526/7951/6554
f 3568/5782/6278 3569/5243/6278 3539/3564/6278 3511/5783/6278
f 3514/1277/6279 3538/56/6279 3546/4907/6279 3543/4924/6279
f 3521/5790/6279 3514/5789/6279 3543/5805/6279 3554/5804/6279
f 3516/5110/6282 3522/2091/6282 3549/4936/6282 3560/4935/6282
f 3535/5791/6282 3516/1279/6282 3560/1497/6282 3564/5806/6282
f 3532/1288/6279 3521/43/6279 3554/2105/6279 3556/2106/6279
f 3522/4893/6282 3529/47/6282 3551/2103/6282 3549/1489/6282
f 3572/5796/6286 3566/5779/6286 3525/5794/6286 3534/5797/6286
f 3530/3583/6286 3527/5102/6286 3566/5779/6286 3572/5796/6286
f 3531/5813/6557 3571/5799/6287 3580/5809/6287 3552/5814/6557
f 3571/5799/6287 3533/5798/6558 3558/5810/6558 3580/5809/6287
f 3570/3563/6287 3536/2095/6557 3563/2110/6557 3577/5808/6287
f 3540/5795/6558 3570/3563/6287 3577/5808/6287 3544/2099/6558
f 3575/5803/6287 3574/5800/6287 3555/5815/6287 3542/1485/6287
f 3578/7818/6559 3576/5127/6559 3541/2098/6560 3545/7955/6560
f 3547/5801/6561 3550/7956/6561 3579/7820/6562 3573/3569/6562
f 3561/5129/6287 3548/5124/6287 3574/5800/6287 3575/5803/6287
f 3573/3569/6562 3579/7820/6562 3557/7957/6563 3553/5816/6563
f 3562/7958/6564 3559/5802/6564 3576/5127/6559 3578/7818/6559
f 3581/2112/6507 3603/5829/6507 3619/5838/6507 3599/5579/6507
f 3600/5817/6508 3595/5822/6508 3588/2119/6508 3582/2113/6508
f 3587/7959/6509 3606/7960/6510 3604/7961/6510 3583/7962/6509
f 3594/5818/6511 3597/5820/6511 3586/2117/6511 3591/2121/6511
f 3608/7963/6512 3592/7964/6513 3585/7965/6513 3602/7966/6512
f 3601/5833/6507 3584/2115/6507 3598/5821/6507 3617/5860/6507
f 3596/5823/6514 3613/1057/6514 3605/5835/6514 3589/1049/6514
f 3610/5861/6514 3593/5819/6514 3590/2120/6514 3607/5825/6514
f 3726/5890/6515 3689/4721/6515 3593/5819/6514 3610/2122/6514
f 3688/5904/6511 3692/5903/6511 3694/2151/6511 3690/5906/6511 3670/5897/6511 3674/2145/6511 3677/5899/6511 3672/5901/6511 3597/5820/6511 3594/5818/6511
f 3661/5895/6508 3665/5893/6508 3667/2143/6508 3663/5891/6508 3679/5910/6508 3683/2148/6508 3686/5908/6508 3681/5907/6508 3595/5822/6508 3600/5817/6508
f 3682/5909/6515 3716/5882/6515 3613/5914/6514 3596/5823/6514
f 3617/2126/6507 3598/5821/6507 3673/5902/6516 3707/5875/6516
f 3599/5579/6507 3619/2128/6507 3699/5873/6516 3662/5896/6516
f 3601/5833/6507 3617/5860/6507 3649/5597/6507 3648/5828/6507
f 3608/7963/6512 3602/7966/6512 3647/7916/6287 3645/7917/6287
f 3645/7917/6287 3647/7916/6287 3604/7961/6510 3606/7960/6510
f 3648/5828/6507 3649/5597/6507 3619/5838/6507 3603/5829/6507
f 3652/5839/6514 3646/5824/6514 3605/5835/6514 3613/1057/6514
f 3610/5861/6514 3607/5825/6514 3646/5824/6514 3652/5839/6514
f 12/7713/6508 3727/4705/6508 3609/1916/6508 3631/2134/6508 3629/2133/6508
f 3611/5862/6517 3651/5840/6285 3660/5854/6285 3632/5867/6517
f 3651/5840/6285 3612/1056/6518 3638/5855/6518 3660/5854/6285
f 3614/4733/6511 3715/5884/6511 11/7714/6511 3633/5843/6511 3636/2137/6511
f 3650/5837/6285 3616/5859/6517 3643/2141/6517 3657/5853/6285
f 3615/2124/6508 3706/5878/6508 10/7715/6508 3640/2139/6508 3644/4654/6508
f 9/7716/6511 3700/5874/6511 3618/2127/6511 3626/5841/6511 3623/2130/6511
f 3620/5832/6518 3650/5837/6285 3657/5853/6285 3624/1068/6518
f 3658/7967/6519 3656/5844/6519 3621/5865/6520 3625/7968/6520
f 11/7719/6511 3718/5886/6511 3697/5912/6511 9/7720/6511 3623/5851/6511 3633/1077/6511
f 3655/5847/6285 3654/4638/6285 3634/5863/6285 3622/5866/6285
f 3627/4640/6521 3630/7969/6521 3659/7722/6522 3653/4641/6522
f 3641/5846/6285 3628/5842/6285 3654/4638/6285 3655/5847/6285
f 10/7723/6508 3709/5881/6508 3724/5888/6508 12/7724/6508 3629/5849/6508 3640/5848/6508
f 3653/4641/6522 3659/7722/6522 3637/7922/6523 3635/5864/6523
f 3642/7970/6524 3639/5845/6524 3656/5844/6519 3658/7967/6519
f 3704/5872/6525 3666/5894/6525 3662/5896/6516 3699/5873/6516
f 3664/5892/6526 3698/5913/6526 3717/5648/6527 3680/5911/6527
f 3698/5913/6526 3664/5892/6526 3669/2144/3906 3701/2154/1710
f 3702/5871/1711 3668/1946/3905 3666/5894/6525 3704/5872/6525
f 3671/5898/6526 3708/5880/6526 3713/2158/1714 3675/2146/4846
f 3708/5880/6526 3671/5898/6526 3691/4724/6527 3725/5887/6527
f 3678/5900/6525 3710/5876/6525 3707/5875/6516 3673/5902/6516
f 3676/2147/4845 3712/5879/1713 3710/5876/6525 3678/5900/6525
f 3722/2161/1717 3684/2149/3923 3680/5911/6527 3717/5648/6527
f 3716/5882/6515 3682/5909/6515 3687/4727/6528 3719/5883/6528
f 3719/5885/6528 3687/4727/6528 3685/2150/3924 3721/2160/1716
f 3689/4721/6515 3726/5890/6515 3731/5889/6528 3693/5905/6528
f 3696/2153/4855 3728/2162/1719 3725/5887/6527 3691/4724/6527
f 3693/5905/6528 3731/5652/6528 3729/2163/1720 3695/2152/4856
f 3697/5870/6511 3703/5869/6511 9/7716/6511
f 3705/4680/6511 3700/5874/6511 9/7727/6511
f 3703/5869/6511 3705/4680/6511 9/7727/6511
f 3706/5878/6508 3711/5877/6721 10/7715/6508
f 3714/7971/6508 3709/7972/6508 10/7730/6508
f 3711/5877/6721 3714/7971/6508 10/7730/6508
f 3715/7973/6511 3720/7974/6511 11/7719/6511
f 3723/1109/6511 3718/5886/6511 11/7733/6511
f 3720/7974/6511 3723/1109/6511 11/7733/6511
f 3724/5888/6508 3730/2164/6508 12/7724/6508
f 3732/6302/6508 3727/7734/6508 12/7735/6508
f 3730/2164/6508 3732/6302/6508 12/7735/6508
f 3733/2165/6722 3767/5927/6722 3795/5944/6722 3763/5916/6722
f 3764/5915/6723 3760/5921/6723 3746/2175/6723 3734/2166/6723
f 3745/7975/6724 3782/7976/6725 3768/7977/6725 3735/7978/6724
f 3758/5922/6726 3762/5917/6726 3738/1973/6726 3749/2178/6726
f 3784/7979/6727 3750/7980/6728 3737/7981/6728 3766/7982/6727
f 3765/5939/6722 3736/2168/6722 3761/5918/6722 3793/5970/6722
f 3739/1119/6285 3771/5936/6285 3776/5935/6285 3751/2180/6285
f 3740/2169/6723 3753/2182/6723 3760/5921/6723 3764/5915/6723
f 3763/5916/6722 3795/2204/6722 3769/2185/6722 3741/2170/6722
f 3793/2202/6722 3761/5918/6722 3742/2171/6722 3773/2188/6722
f 3755/2183/6726 3743/2172/6726 3762/5917/6726 3758/5922/6726
f 3774/5933/6285 3744/2173/6285 3754/1134/6285 3779/2192/6285
f 3759/5687/6729 3790/2199/6729 3781/5941/6729 3747/2176/6729
f 3786/5971/6729 3757/5923/6729 3748/2177/6729 3783/5925/6729
f 3752/2181/6729 3775/2189/6729 3790/5929/6729 3759/5687/6729
f 3780/5919/6729 3756/2184/6729 3757/5923/6729 3786/2195/6729
f 3765/5939/6722 3793/5970/6722 3825/5945/6722 3824/5926/6722
f 3784/7979/6727 3766/7982/6727 3823/7983/6287 3821/7984/6287
f 3821/7984/6287 3823/7983/6287 3768/7977/6725 3782/7976/6725
f 3824/5926/6722 3825/5945/6722 3795/5944/6722 3767/5927/6722
f 3770/2186/6726 3794/2203/6726 3802/5948/6726 3799/4777/6726
f 3777/5938/6726 3770/5937/6726 3799/5959/6726 3810/4792/6726
f 3772/5934/6723 3778/1999/6723 3805/5724/6723 3816/4788/6723
f 3791/2200/6723 3772/2187/6723 3816/2217/6723 3820/5961/6723
f 3788/5930/6726 3777/2191/6726 3810/2214/6726 3812/2215/6726
f 3778/5920/6723 3785/2194/6723 3807/2213/6723 3805/2211/6723
f 3828/5946/6729 3822/5924/6729 3781/5941/6729 3790/2199/6729
f 3786/5971/6729 3783/5925/6729 3822/5924/6729 3828/5946/6729
f 3787/5972/6730 3827/5947/6285 3836/5964/6285 3808/5975/6730
f 3827/5947/6285 3789/2198/6731 3814/5965/6731 3836/5964/6285
f 3826/5943/6285 3792/5969/6730 3819/2219/6730 3833/5963/6285
f 3796/5931/6731 3826/5943/6285 3833/5963/6285 3800/2208/6731
f 3831/5956/6285 3830/5949/6285 3811/5973/6285 3798/2207/6285
f 3834/7985/6732 3832/5953/6732 3797/2206/6733 3801/7986/6733
f 3803/5951/6734 3806/7987/6734 3835/7988/6735 3829/5952/6735
f 3817/5955/6285 3804/5950/6285 3830/5949/6285 3831/5956/6285
f 3829/5952/6735 3835/7988/6735 3813/7989/6736 3809/5974/6736
f 3818/7990/6737 3815/5954/6737 3832/5953/6732 3834/7985/6732
f 3837/2221/6278 3871/5983/6278 3899/5991/6278 3867/5038/6278
f 3868/4812/6279 3864/4818/6279 3850/2231/6279 3838/2222/6279
f 3849/7991/6582 3886/7992/6583 3872/7800/6583 3839/7824/6582
f 3862/5980/6282 3866/4814/6282 3842/2226/6282 3853/1403/6282
f 3888/7801/6584 3854/7802/6585 3841/7758/6585 3870/7759/6584
f 3869/5989/6278 3840/2224/6278 3865/5977/6278 3897/2060/6278
f 3843/2227/6285 3875/5055/6285 3880/4834/6285 3855/2235/6285
f 3844/1192/6279 3857/2237/6279 3864/4818/6279 3868/4812/6279
f 3867/5038/6278 3899/1231/6278 3873/1209/6278 3845/2228/6278
f 3897/2254/6278 3865/5977/6278 3846/1194/6278 3877/2242/6278
f 3859/2238/6282 3847/2229/6282 3866/4814/6282 3862/5980/6282
f 3878/5986/6285 3848/1196/6285 3858/1206/6285 3883/2246/6285
f 3863/5979/6286 3894/2251/6286 3885/5755/6286 3851/2232/6286
f 3890/6008/6286 3861/5981/6286 3852/2233/6286 3887/5982/6286
f 3856/2236/6286 3879/2243/6286 3894/2057/6286 3863/5979/6286
f 3884/5978/6286 3860/2239/6286 3861/5981/6286 3890/1520/6286
f 3869/5989/6278 3897/2060/6278 3929/4850/6278 3928/5160/6278
f 3888/7801/6584 3870/7759/6584 3927/7993/6287 3925/7994/6287
f 3925/7994/6287 3927/7993/6287 3872/7800/6583 3886/7992/6583
f 3928/5160/6278 3929/4850/6278 3899/5991/6278 3871/5983/6278
f 3874/2240/6282 3898/1428/6282 3906/5995/6282 3903/5994/6282
f 3881/5988/6282 3874/5056/6282 3903/5078/6282 3914/6002/6282
f 3876/5987/6279 3882/2245/6279 3909/6001/6279 3920/6000/6279
f 3895/2252/6279 3876/2241/6279 3920/2266/6279 3924/6003/6279
f 3892/5984/6282 3881/2244/6282 3914/2263/6282 3916/2264/6282
f 3882/4817/6279 3889/2247/6279 3911/1243/6279 3909/2260/6279
f 3932/5992/6286 3926/5156/6286 3885/5755/6286 3894/2251/6286
f 3890/6008/6286 3887/5982/6286 3926/5156/6286 3932/5992/6286
f 3891/6009/6586 3931/5993/6285 3940/6006/6285 3912/6011/6586
f 3931/5993/6285 3893/2250/6587 3918/6007/6587 3940/6006/6285
f 3930/4847/6285 3896/2367/6586 3923/2267/6586 3937/6005/6285
f 3900/5985/6587 3930/4847/6285 3937/6005/6285 3904/2256/6587
f 3935/4864/6285 3934/5181/6285 3915/5091/6285 3902/2255/6285
f 3938/7830/6588 3936/5998/6588 3901/1233/6589 3905/7995/6589
f 3907/5761/6590 3910/7996/6590 3939/7997/6591 3933/5997/6591
f 3921/5999/6285 3908/5182/6285 3934/5181/6285 3935/4864/6285
f 3933/5997/6591 3939/7997/6591 3917/7998/6592 3913/6010/6592
f 3922/7767/6593 3919/5072/6593 3936/5998/6588 3938/7830/6588
f 3941/2072/6278 3975/4903/6278 4003/6026/6278 3971/6012/6278
f 3972/3519/6279 3968/4894/6279 3954/2274/6279 3942/2268/6279
f 3953/7999/6280 3990/3561/6281 3976/3541/6281 3943/8000/6280
f 3966/6013/6282 3970/3521/6282 3946/2272/6282 3957/2082/6282
f 3992/8001/6283 3958/8002/6284 3945/8003/6284 3974/7775/6283
f 3973/6023/6278 3944/2270/6278 3969/3522/6278 4001/6040/6278
f 3947/1262/6285 3979/6021/6285 3984/6020/6285 3959/2276/6285
f 3948/18/6279 3961/2085/6279 3968/4894/6279 3972/3519/6279
f 3971/6012/6278 4003/1295/6278 3977/2278/6278 3949/1452/6278
f 4001/55/6278 3969/3522/6278 3950/2273/6278 3981/2279/6278
f 3963/33/6282 3951/1265/6282 3970/3521/6282 3966/6013/6282
f 3982/6019/6285 3952/1266/6285 3962/1274/6285 3987/2281/6285
f 3967/3526/6286 3998/52/6286 3989/6024/6286 3955/2275/6286
f 3994/6041/6286 3965/5100/6286 3956/26/6286 3991/6015/6286
f 3960/2277/6286 3983/1571/6286 3998/3543/6286 3967/3526/6286
f 3988/3523/6286 3964/34/6286 3965/5100/6286 3994/48/6286
f 3973/6023/6278 4001/6040/6278 4033/3565/6278 4032/5105/6278
f 3992/8001/6283 3974/7775/6283 4031/7776/6287 4029/3538/6287
f 4029/3538/6287 4031/7776/6287 3976/3541/6281 3990/3561/6281
f 4032/5105/6278 4033/3565/6278 4003/6026/6278 3975/4903/6278
f 3978/1277/6282 4002/1482/6282 4010/5122/6282 4007/4924/6282
f 3985/6022/6282 3978/5113/6282 4007/4940/6282 4018/6035/6282
f 3980/3549/6279 3986/2280/6279 4013/5131/6279 4024/5130/6279
f 3999/2286/6279 3980/1279/6279 4024/1313/6279 4028/5136/6279
f 3996/3544/6282 3985/43/6282 4018/1307/6282 4020/2294/6282
f 3986/4893/6279 3993/2282/6279 4015/1491/6279 4013/2292/6279
f 4036/6027/6286 4030/6014/6286 3989/6024/6286 3998/52/6286
f 3994/6041/6286 3991/6015/6286 4030/6014/6286 4036/6027/6286
f 3995/6042/6288 4035/4923/6285 4044/6038/6285 4016/6045/6288
f 4035/4923/6285 3997/2285/6289 4022/3577/6289 4044/6038/6285
f 4034/6025/6285 4000/1292/6288 4027/2296/6288 4041/6037/6285
f 4004/6018/6289 4034/6025/6285 4041/6037/6285 4008/2289/6289
f 4039/6034/6285 4038/6028/6285 4019/6043/6285 4006/1485/6285
f 4042/7818/6290 4040/6031/6290 4005/2288/6291 4009/8004/6291
f 4011/6030/6292 4014/8005/6292 4043/7781/6293 4037/5126/6293
f 4025/6033/6285 4012/6029/6285 4038/6028/6285 4039/6034/6285
f 4037/5126/6293 4043/7781/6293 4021/8006/6294 4017/6044/6294
f 4026/8007/6295 4023/6032/6295 4040/6031/6290 4042/7818/6290
f 4045/2297/6738 4079/6060/6738 4107/6076/6738 4075/6047/6738
f 4076/6046/6739 4072/4965/6739 4058/2309/6739 4046/2298/6739
f 4057/8008/6740 4094/8009/6741 4080/8010/6741 4047/8011/6740
f 4070/6053/6742 4074/6048/6742 4050/2302/6742 4061/1334/6742
f 4096/8012/6743 4062/8013/6744 4049/8014/6744 4078/8015/6743
f 4077/6071/6738 4048/2300/6738 4073/6049/6738 4105/2331/6738
f 4051/2303/6287 4083/6067/6287 4088/6066/6287 4063/2313/6287
f 4052/2304/6739 4065/2315/6739 4072/4965/6739 4076/6046/6739
f 4075/6047/6738 4107/1364/6738 4081/2318/6738 4053/2305/6738
f 4105/6070/6738 4073/6049/6738 4054/1327/6738 4085/1346/6738
f 4067/2316/6742 4055/2306/6742 4074/6048/6742 4070/6053/6742
f 4086/6064/6287 4056/2307/6287 4066/1339/6287 4091/2325/6287
f 4071/6052/6745 4102/6079/6745 4093/6073/6745 4059/2310/6745
f 4098/6107/6745 4069/6054/6745 4060/2311/6745 4095/6056/6745
f 4064/2314/6745 4087/2322/6745 4102/2330/6745 4071/6052/6745
f 4092/6050/6745 4068/2317/6745 4069/6054/6745 4098/2327/6745
f 4077/6071/6738 4105/2331/6738 4137/6077/6738 4136/6059/6738
f 4096/8012/6743 4078/8015/6743 4135/8016/6285 4133/8017/6285
f 4133/8017/6285 4135/8016/6285 4080/8010/6741 4094/8009/6741
f 4136/6059/6738 4137/6077/6738 4107/6076/6738 4079/6060/6738
f 4082/2319/6742 4106/2332/6742 4114/6063/6742 4111/6082/6742
f 4089/6069/6742 4082/6068/6742 4111/6094/6742 4122/6093/6742
f 4084/6065/6739 4090/1351/6739 4117/6090/6739 4128/6089/6739
f 4103/4986/6739 4084/2321/6739 4128/2346/6739 4132/6097/6739
f 4100/2328/6742 4089/2324/6742 4122/2341/6742 4124/2342/6742
f 4090/6051/6739 4097/2326/6739 4119/2339/6739 4117/2338/6739
f 4140/6078/6745 4134/6055/6745 4093/6073/6745 4102/6079/6745
f 4098/6107/6745 4095/6056/6745 4134/6055/6745 4140/6078/6745
f 4099/6105/6746 4139/6081/6287 4148/6101/6287 4120/6106/6746
f 4139/6081/6287 4101/6080/6747 4126/6102/6747 4148/6101/6287
f 4138/6074/6287 4104/1361/6748 4131/2348/6748 4145/6100/6287
f 4108/6075/6747 4138/6074/6287 4145/6100/6287 4112/2336/6747
f 4143/6088/6287 4142/6084/6287 4123/6108/6287 4110/2335/6287
f 4146/7793/6749 4144/5009/6749 4109/2334/6750 4113/8018/6750
f 4115/6086/6751 4118/8019/6751 4147/8020/6752 4141/5008/6752
f 4129/5011/6287 4116/6085/6287 4142/6084/6287 4143/6088/6287
f 4141/5008/6752 4147/8020/6752 4125/8021/6753 4121/6109/6753
f 4130/8022/6754 4127/6087/6754 4144/5009/6749 4146/7793/6749
f 4149/2350/6278 4183/5983/6278 4211/6126/6278 4179/5038/6278
f 4180/5037/6282 4176/6113/6282 4162/1198/6282 4150/1501/6282
f 4161/7752/6541 4198/7753/6542 4184/8023/6542 4151/7755/6541
f 4174/5042/6279 4178/6110/6279 4154/1504/6279 4165/1515/6279
f 4200/7825/6543 4166/7802/6544 4153/7803/6544 4182/7759/6543
f 4181/6123/6278 4152/2351/6278 4177/6111/6278 4209/2368/6278
f 4155/1505/6287 4187/6122/6287 4192/6121/6287 4167/2358/6287
f 4156/1395/6282 4169/2360/6282 4176/6113/6282 4180/5037/6282
f 4179/5038/6278 4211/2370/6278 4185/2361/6278 4157/2228/6278
f 4209/4838/6278 4177/6111/6278 4158/1397/6278 4189/2363/6278
f 4171/1207/6279 4159/2352/6279 4178/6110/6279 4174/5042/6279
f 4190/6120/6287 4160/2353/6287 4170/2046/6287 4195/2055/6287
f 4175/5979/6286 4206/6128/6286 4197/4844/6286 4163/2355/6286
f 4202/6147/6286 4173/4821/6286 4164/2356/6286 4199/5747/6286
f 4168/2359/6286 4191/1414/6286 4206/1226/6286 4175/5979/6286
f 4196/5040/6286 4172/1208/6286 4173/4821/6286 4202/1420/6286
f 4181/6123/6278 4209/2368/6278 4241/6127/6278 4240/6117/6278
f 4200/7825/6543 4182/7759/6543 4239/7760/6285 4237/7805/6285
f 4237/7805/6285 4239/7760/6285 4184/8023/6542 4198/7753/6542
f 4240/6117/6278 4241/6127/6278 4211/6126/6278 4183/5983/6278
f 4186/2362/6279 4210/2369/6279 4218/6119/6279 4215/6131/6279
f 4193/5988/6279 4186/5056/6279 4215/6140/6279 4226/6139/6279
f 4188/4833/6282 4194/2054/6282 4221/6138/6282 4232/5075/6282
f 4207/4839/6282 4188/1212/6282 4232/1252/6282 4236/4873/6282
f 4204/2364/6279 4193/1217/6279 4226/2375/6279 4228/2376/6279
f 4194/6112/6282 4201/1519/6282 4223/1243/6282 4221/2374/6282
f 4244/5063/6286 4238/6114/6286 4197/4844/6286 4206/6128/6286
f 4202/6147/6286 4199/5747/6286 4238/6114/6286 4244/5063/6286
f 4203/6145/6545 4243/6130/6287 4252/6142/6287 4224/6146/6545
f 4243/6130/6287 4205/6129/6546 4230/6143/6546 4252/6142/6287
f 4242/5061/6287 4208/2367/6545 4235/2267/6545 4249/4876/6287
f 4212/4848/6546 4242/5061/6287 4249/4876/6287 4216/2256/6546
f 4247/6137/6287 4246/5181/6287 4227/5091/6287 4214/2373/6287
f 4250/7806/6547 4248/6135/6547 4213/2372/6548 4217/7831/6548
f 4219/6133/6549 4222/7764/6549 4251/7832/6550 4245/6134/6550
f 4233/5999/6287 4220/6132/6287 4246/5181/6287 4247/6137/6287
f 4245/6134/6550 4251/7832/6550 4229/7766/6551 4225/6148/6551
f 4234/8024/6552 4231/6136/6552 4248/6135/6547 4250/7806/6547
f 4253/1185/6278 4287/5161/6278 4315/6126/6278 4283/6149/6278
f 4284/5037/6282 4280/6113/6282 4266/1198/6282 4254/1186/6282
f 4265/7752/6541 4302/7941/6542 4288/7800/6542 4255/7755/6541
f 4278/5980/6279 4282/4814/6279 4258/1504/6279 4269/1515/6279
f 4304/7801/6543 4270/7802/6544 4257/7803/6544 4286/8025/6543
f 4285/6160/6278 4256/2378/6278 4281/5151/6278 4313/2060/6278
f 4259/1505/6287 4291/5055/6287 4296/6158/6287 4271/1405/6287
f 4260/2380/6282 4273/2383/6282 4280/6113/6282 4284/5037/6282
f 4283/6149/6278 4315/2391/6278 4289/1209/6278 4261/1396/6278
f 4313/1527/6278 4281/5151/6278 4262/1194/6278 4293/2384/6278
f 4275/1207/6279 4263/2381/6279 4282/4814/6279 4278/5980/6279
f 4294/6156/6287 4264/1510/6287 4274/1407/6287 4299/1417/6287
f 4279/5979/6286 4310/5759/6286 4301/6161/6286 4267/2382/6286
f 4306/5774/6286 4277/5155/6286 4268/2356/6286 4303/6152/6286
f 4272/2359/6286 4295/2385/6286 4310/2389/6286 4279/5979/6286
f 4300/6150/6286 4276/1208/6286 4277/5155/6286 4306/1420/6286
f 4285/6160/6278 4313/2060/6278 4345/6165/6278 4344/6154/6278
f 4304/7801/6543 4286/8025/6543 4343/7944/6285 4341/7805/6285
f 4341/7805/6285 4343/7944/6285 4288/7800/6542 4302/7941/6542
f 4344/6154/6278 4345/6165/6278 4315/6126/6278 4287/5161/6278
f 4290/1410/6279 4314/1230/6279 4322/5066/6279 4319/5065/6279
f 4297/5988/6279 4290/5056/6279 4319/6140/6279 4330/6174/6279
f 4292/6157/6282 4298/2386/6282 4325/6173/6282 4336/6000/6282
f 4311/6159/6282 4292/1412/6282 4336/1445/6282 4340/6175/6282
f 4308/2387/6279 4297/1416/6279 4330/1440/6279 4332/1441/6279
f 4298/4817/6282 4305/1419/6282 4327/2395/6282 4325/2394/6282
f 4348/6166/6286 4342/6151/6286 4301/6161/6286 4310/5759/6286
f 4306/5774/6286 4303/6152/6286 4342/6151/6286 4348/6166/6286
f 4307/6177/6545 4347/6168/6287 4356/5768/6287 4328/6178/6545
f 4347/6168/6287 4309/6167/6546 4334/4878/6546 4356/5768/6287
f 4346/6163/6287 4312/2390/6545 4339/2397/6545 4353/6005/6287
f 4316/6164/6546 4346/6163/6287 4353/6005/6287 4320/1236/6546
f 4351/6137/6287 4350/6169/6287 4331/4886/6287 4318/1234/6287
f 4354/8026/6547 4352/5998/6547 4317/2392/6548 4321/8027/6548
f 4323/6170/6549 4326/7764/6549 4355/7947/6550 4349/6171/6550
f 4337/5073/6287 4324/5068/6287 4350/6169/6287 4351/6137/6287
f 4349/6171/6550 4355/7947/6550 4333/8028/6551 4329/6179/6551
f 4338/7949/6552 4335/6172/6552 4352/5998/6547 4354/8026/6547
f 4357/2398/6278 4391/6189/6278 4419/6026/6278 4387/5776/6278
f 4388/6180/6282 4384/5206/6282 4370/2409/6282 4358/1544/6282
f 4369/8029/6553 4406/8030/6554 4392/8031/6554 4359/8032/6553
f 4382/6185/6279 4386/6181/6279 4362/2401/6279 4373/2410/6279
f 4408/8033/6555 4374/8034/6556 4361/1547/6556 4390/8035/6555
f 4389/6200/6278 4360/1259/6278 4385/4891/6278 4417/2429/6278
f 4363/2402/6287 4395/6196/6287 4400/6195/6287 4375/2412/6287
f 4364/2403/6282 4377/2413/6282 4384/5206/6282 4388/6180/6282
f 4387/5776/6278 4419/2431/6278 4393/1465/6278 4365/2404/6278
f 4417/2621/6278 4385/4891/6278 4366/2405/6278 4397/1467/6278
f 4379/2415/6279 4367/2406/6279 4386/6181/6279 4382/6185/6279
f 4398/6193/6287 4368/2407/6287 4378/2414/6287 4403/2421/6287
f 4383/6184/6286 4414/6205/6286 4405/6201/6286 4371/1269/6286
f 4410/6232/6286 4381/5778/6286 4372/26/6286 4407/6187/6286
f 4376/2277/6286 4399/1281/6286 4414/1290/6286 4383/6184/6286
f 4404/6182/6286 4380/2416/6286 4381/5778/6286 4410/2424/6286
f 4389/6200/6278 4417/2429/6278 4449/6203/6278 4448/6188/6278
f 4408/8033/6555 4390/8035/6555 4447/8036/6285 4445/5219/6285
f 4445/5219/6285 4447/8036/6285 4392/8031/6554 4406/8030/6554
f 4448/6188/6278 4449/6203/6278 4419/6026/6278 4391/6189/6278
f 4394/2417/6279 4418/2430/6279 4426/6192/6279 4423/6208/6279
f 4401/6198/6279 4394/6197/6279 4423/6220/6279 4434/6219/6279
f 4396/6194/6282 4402/2420/6282 4429/6216/6282 4440/6215/6282
f 4415/6199/6282 4396/2418/6282 4440/2446/6282 4444/6223/6282
f 4412/2425/6279 4401/2419/6279 4434/2443/6279 4436/2444/6279
f 4402/6183/6282 4409/2423/6282 4431/2440/6282 4429/2439/6282
f 4452/6204/6286 4446/6186/6286 4405/6201/6286 4414/6205/6286
f 4410/6232/6286 4407/6187/6286 4446/6186/6286 4452/6204/6286
f 4411/6230/6557 4451/6207/6287 4460/6226/6287 4432/6231/6557
f 4451/6207/6287 4413/6206/6558 4438/6227/6558 4460/6226/6287
f 4450/5242/6287 4416/2428/6557 4443/2448/6557 4457/6225/6287
f 4420/6202/6558 4450/5242/6287 4457/6225/6287 4424/2435/6558
f 4455/5248/6287 4454/5246/6287 4435/6233/6287 4422/2434/6287
f 4458/8037/6755 4456/6212/6755 4421/2433/6756 4425/1590/6756
f 4427/6210/6757 4430/8005/6757 4459/7781/6758 4453/6211/6758
f 4441/6214/6287 4428/6209/6287 4454/5246/6287 4455/5248/6287
f 4453/6211/6758 4459/7781/6758 4437/8038/6759 4433/6234/6759
f 4442/8007/6760 4439/6213/6760 4456/6212/6755 4458/8037/6755
f 4461/2450/6761 4483/6247/6761 4499/6253/6761 4479/6236/6761
f 4480/6235/6762 4475/5822/6762 4468/2457/6762 4462/2451/6762
f 4467/8039/6763 4486/7704/6764 4484/8040/6764 4463/8041/6763
f 4474/6237/6765 4477/6239/6765 4466/2455/6765 4471/2459/6765
f 4488/7707/6766 4472/8042/6767 4465/8043/6767 4482/8044/6766
f 4481/6249/6761 4464/2453/6761 4478/6240/6761 4497/5860/6761
f 4476/6241/6768 4493/2465/6768 4485/6251/6768 4469/2458/6768
f 4490/6274/6768 4473/6238/6768 4470/2120/6768 4487/6243/6768
f 4606/6304/6769 4569/4721/6769 4473/6238/6768 4490/2462/6768
f 4568/6315/6765 4572/5666/6765 4574/1098/6765 4570/6317/6765 4550/6310/6765 4554/1948/6765 4557/6312/6765 4552/6314/6765 4477/6239/6765 4474/6237/6765
f 4541/6309/6762 4545/6307/6762 4547/2490/6762 4543/6306/6762 4559/6321/6762 4563/2495/6762 4566/6318/6762 4561/5907/6762 4475/5822/6762 4480/6235/6762
f 4562/6320/6769 4596/6294/6769 4493/4734/6768 4476/6241/6768
f 4497/2468/6761 4478/6240/6761 4553/4718/6770 4587/6288/6770
f 4479/6236/6761 4499/2470/6761 4579/6286/6770 4542/5660/6770
f 4481/6249/6761 4497/5860/6761 4529/6254/6761 4528/6246/6761
f 4488/7707/6766 4482/8044/6766 4527/8045/6279 4525/7712/6279
f 4525/7712/6279 4527/8045/6279 4484/8040/6764 4486/7704/6764
f 4528/6246/6761 4529/6254/6761 4499/6253/6761 4483/6247/6761
f 4532/6255/6768 4526/6242/6768 4485/6251/6768 4493/2465/6768
f 4490/6274/6768 4487/6243/6768 4526/6242/6768 4532/6255/6768
f 16/7713/6762 4607/6305/6762 4489/2461/6762 4511/2479/6762 4509/2478/6762
f 4491/6275/6771 4531/6256/6282 4540/6270/6282 4512/6280/6771
f 4531/6256/6282 4492/2464/6772 4518/6271/6772 4540/6270/6282
f 4494/6324/6773 4595/6296/6765 15/7714/6773 4513/6262/6765 4516/2483/6773
f 4530/6252/6282 4496/6273/6771 4523/2489/6771 4537/6269/6282
f 4495/2466/6762 4586/6290/6762 14/7715/6762 4520/2487/6762 4524/6267/6762
f 13/7716/6773 4580/6287/6773 4498/2469/6773 4506/6257/6773 4503/2473/6765
f 4500/6248/6772 4530/6252/6282 4537/6269/6282 4504/2474/6772
f 4538/7967/6774 4536/6263/6774 4501/6278/6775 4505/8046/6775
f 15/7719/6773 4598/6298/6765 4577/6323/6765 13/7720/6773 4503/5611/6765 4513/2481/6765
f 4535/5847/6282 4534/6258/6282 4514/6276/6282 4502/6279/6282
f 4507/6260/6776 4510/8047/6776 4539/8048/6777 4533/6261/6777
f 4521/6265/6282 4508/6259/6282 4534/6258/6282 4535/5847/6282
f 14/7723/6762 4589/6293/6762 4604/6300/6762 16/7724/6762 4509/6266/6762 4520/5608/6762
f 4533/6261/6777 4539/8048/6777 4517/7922/6778 4515/6277/6778
f 4522/8049/6779 4519/6264/6779 4536/6263/6774 4538/7967/6774
f 4584/6284/6780 4546/6308/6780 4542/5660/6770 4579/6286/6770
f 4544/5892/6781 4578/5678/6781 4597/5648/6782 4560/6322/6782
f 4578/5678/6781 4544/5892/6781 4549/2492/5168 4581/2500/2082
f 4582/6283/2083 4548/2491/5167 4546/6308/6780 4584/6284/6780
f 4551/6311/6781 4588/6292/6781 4593/1960/2086 4555/2493/5176
f 4588/6292/6781 4551/6311/6781 4571/5671/6782 4605/6299/6782
f 4558/6313/6780 4590/6289/6780 4587/6288/6770 4553/4718/6770
f 4556/2494/5175 4592/6291/2085 4590/6289/6780 4558/6313/6780
f 4602/2506/2089 4564/2496/5193 4560/6322/6782 4597/5648/6782
f 4596/6294/6769 4562/6320/6769 4567/6319/6783 4599/6295/6783
f 4599/6297/6783 4567/6319/6783 4565/2497/5194 4601/2505/2088
f 4569/4721/6769 4606/6304/6769 4611/6303/6783 4573/6316/6783
f 4576/2499/5185 4608/2508/2091 4605/6299/6782 4571/5671/6782
f 4573/6316/6783 4611/6301/6783 4609/2509/2092 4575/2498/5186
f 4577/6282/6765 4583/6281/6773 13/7716/6773
f 4585/6285/6773 4580/6287/6773 13/7727/6773
f 4583/6281/6773 4585/6285/6773 13/7727/6773
f 4586/6290/6762 4591/4686/6762 14/7715/6762
f 4594/7728/6762 4589/7729/6762 14/7730/6762
f 4591/4686/6762 4594/7728/6762 14/7730/6762
f 4595/7924/6765 4600/7925/6773 15/7719/6773
f 4603/2507/6773 4598/6298/6765 15/7733/6773
f 4600/7925/6773 4603/2507/6773 15/7733/6773
f 4604/6300/6762 4610/2164/6762 16/7724/6762
f 4612/5653/6762 4607/8050/6762 16/7735/6762
f 4610/2164/6762 4612/5653/6762 16/7735/6762
f 4613/2510/6761 4647/6334/6761 4675/4771/6761 4643/6326/6761
f 4644/6325/6765 4640/5921/6765 4626/2520/6765 4614/2511/6765
f 4625/7736/6784 4662/8051/6785 4648/8052/6785 4615/8053/6784
f 4638/6329/6762 4642/5917/6762 4618/2513/6762 4629/2523/6762
f 4664/8054/6786 4630/8055/6787 4617/8056/6787 4646/7982/6786
f 4645/6345/6761 4616/2512/6761 4641/6327/6761 4673/2541/6761
f 4619/2514/6279 4651/6341/6279 4656/6340/6279 4631/1131/6279
f 4620/2515/6765 4633/2525/6765 4640/5921/6765 4644/6325/6765
f 4643/6326/6761 4675/2543/6761 4649/2529/6761 4621/2516/6761
f 4673/6344/6761 4641/6327/6761 4622/2517/6761 4653/2532/6761
f 4635/2527/6762 4623/1123/6762 4642/5917/6762 4638/6329/6762
f 4654/6338/6279 4624/2518/6279 4634/2526/6279 4659/1147/6279
f 4639/4742/6768 4670/2199/6768 4661/6347/6768 4627/2521/6768
f 4666/6368/6768 4637/6330/6768 4628/2522/6768 4663/6332/6768
f 4632/2181/6768 4655/2533/6768 4670/1154/6768 4639/4742/6768
f 4660/6328/6768 4636/2528/6768 4637/6330/6768 4666/2536/6768
f 4645/6345/6761 4673/2541/6761 4705/4772/6761 4704/5926/6761
f 4664/8054/6786 4646/7982/6786 4703/8057/6282 4701/8058/6282
f 4701/8058/6282 4703/8057/6282 4648/8052/6785 4662/8051/6785
f 4704/5926/6761 4705/4772/6761 4675/4771/6761 4647/6334/6761
f 4650/2530/6762 4674/2542/6762 4682/6337/6762 4679/4777/6762
f 4657/6343/6762 4650/6342/6762 4679/6359/6762 4690/6358/6762
f 4652/6339/6765 4658/2535/6765 4685/6357/6765 4696/6356/6765
f 4671/5702/6765 4652/2531/6765 4696/2027/6765 4700/5961/6765
f 4668/2537/6762 4657/1998/6762 4690/2554/6762 4692/2555/6762
f 4658/5685/6765 4665/1149/6765 4687/2552/6765 4685/2550/6765
f 4708/6348/6768 4702/6331/6768 4661/6347/6768 4670/2199/6768
f 4666/6368/6768 4663/6332/6768 4702/6331/6768 4708/6348/6768
f 4667/6366/6788 4707/6350/6279 4716/5734/6279 4688/6367/6788
f 4707/6350/6279 4669/6349/6789 4694/6363/6789 4716/5734/6279
f 4706/5708/6279 4672/2540/6788 4699/2560/6788 4713/6362/6279
f 4676/5709/6789 4706/5708/6279 4713/6362/6279 4680/2546/6789
f 4711/6355/6279 4710/5716/6279 4691/6369/6279 4678/2545/6279
f 4714/7746/6790 4712/6352/6790 4677/2544/6791 4681/8059/6791
f 4683/4782/6792 4686/8060/6792 4715/7749/6793 4709/4783/6793
f 4697/6354/6279 4684/6351/6279 4710/5716/6279 4711/6355/6279
f 4709/4783/6793 4715/7749/6793 4693/7939/6794 4689/6370/6794
f 4698/7751/6795 4695/6353/6795 4712/6352/6790 4714/7746/6790
f 4717/2562/6278 4751/6382/6278 4779/5176/6278 4747/6373/6278
f 4748/6372/6285 4744/6376/6285 4730/2572/6285 4718/2563/6285
f 4729/7752/6796 4766/8061/6797 4752/8062/6797 4719/7755/6796
f 4742/4820/6287 4746/6110/6287 4722/2566/6287 4733/2575/6287
f 4768/7801/6798 4734/8063/6799 4721/7803/6799 4750/7943/6798
f 4749/6388/6278 4720/2224/6278 4745/6374/6278 4777/6406/6278
f 4723/2567/6282 4755/6386/6282 4760/5752/6282 4735/1203/6282
f 4724/2380/6285 4737/2577/6285 4744/6376/6285 4748/6372/6285
f 4747/6373/6278 4779/2589/6278 4753/1209/6278 4725/2568/6278
f 4777/2588/6278 4745/6374/6278 4726/2037/6278 4757/2578/6278
f 4739/2238/6287 4727/2569/6287 4746/6110/6287 4742/4820/6287
f 4758/6385/6282 4728/2570/6282 4738/1206/6282 4763/2583/6282
f 4743/6377/6286 4774/6392/6286 4765/6389/6286 4731/2573/6286
f 4770/6407/6286 4741/6378/6286 4732/2574/6286 4767/6379/6286
f 4736/2359/6286 4759/2579/6286 4774/2057/6286 4743/6377/6286
f 4764/6375/6286 4740/2239/6286 4741/6378/6286 4770/2585/6286
f 4749/6388/6278 4777/6406/6278 4809/4850/6278 4808/6381/6278
f 4768/7801/6798 4750/7943/6798 4807/8064/6279 4805/7761/6279
f 4805/7761/6279 4807/8064/6279 4752/8062/6797 4766/8061/6797
f 4808/6381/6278 4809/4850/6278 4779/5176/6278 4751/6382/6278
f 4754/1410/6287 4778/1528/6287 4786/5995/6287 4783/6395/6287
f 4761/5988/6287 4754/6387/6287 4783/5190/6287 4794/6139/6287
f 4756/5166/6285 4762/2582/6285 4789/6401/6285 4800/6000/6285
f 4775/1425/6285 4756/1212/6285 4800/2598/6285 4804/6402/6285
f 4772/2586/6287 4761/2581/6287 4794/2594/6287 4796/2595/6287
f 4762/6112/6285 4769/2584/6285 4791/2592/6285 4789/2591/6285
f 4812/6391/6286 4806/5044/6286 4765/6389/6286 4774/6392/6286
f 4770/6407/6286 4767/6379/6286 4806/5044/6286 4812/6391/6286
f 4771/6408/6800 4811/6394/6282 4820/5768/6282 4792/5201/6800
f 4811/6394/6282 4773/6393/6801 4798/5192/6801 4820/5768/6282
f 4810/6390/6282 4776/6405/6800 4803/1541/6800 4817/6005/6282
f 4780/5050/6801 4810/6390/6282 4817/6005/6282 4784/2256/6801
f 4815/6400/6282 4814/6397/6282 4795/5091/6282 4782/1432/6282
f 4818/7806/6802 4816/5998/6802 4781/1431/6803 4785/7995/6803
f 4787/6398/6804 4790/8065/6804 4819/8066/6805 4813/5070/6805
f 4801/4863/6282 4788/4858/6282 4814/6397/6282 4815/6400/6282
f 4813/5070/6805 4819/8066/6805 4797/7833/6806 4793/4887/6806
f 4802/8067/6807 4799/6399/6807 4816/5998/6802 4818/7806/6802
f 4821/2599/6278 4855/5783/6278 4883/6026/6278 4851/4889/6278
f 4852/3519/6285 4848/3525/6285 4834/2602/6285 4822/2268/6285
f 4833/8068/6808 4870/3561/6809 4856/3541/6809 4823/7813/6808
f 4846/6409/6287 4850/4890/6287 4826/2272/6287 4837/2605/6287
f 4872/3537/6810 4838/8002/6811 4825/8003/6811 4854/7775/6810
f 4853/5792/6278 4824/1450/6278 4849/5096/6278 4881/6440/6278
f 4827/2600/6282 4859/6418/6282 4864/5787/6282 4839/2607/6282
f 4828/18/6285 4841/31/6285 4848/3525/6285 4852/3519/6285
f 4851/4889/6278 4883/2431/6278 4857/2610/6278 4829/19/6278
f 4881/2621/6278 4849/5096/6278 4830/20/6278 4861/2612/6278
f 4843/33/6287 4831/21/6287 4850/4890/6287 4846/6409/6287
f 4862/5109/6282 4832/1455/6282 4842/1463/6282 4867/2615/6282
f 4847/4895/6286 4878/6425/6286 4869/6420/6286 4835/2603/6286
f 4874/6441/6286 4845/5208/6286 4836/2604/6286 4871/6411/6286
f 4840/2608/6286 4863/2613/6286 4878/1290/6286 4847/4895/6286
f 4868/5097/6286 4844/2609/6286 4845/5208/6286 4874/2617/6286
f 4853/5792/6278 4881/6440/6278 4913/6423/6278 4912/6413/6278
f 4872/3537/6810 4854/7775/6810 4911/7776/6279 4909/7777/6279
f 4909/7777/6279 4911/7776/6279 4856/3541/6809 4870/3561/6809
f 4912/6413/6278 4913/6423/6278 4883/6026/6278 4855/5783/6278
f 4858/2611/6287 4882/2622/6287 4890/6416/6287 4887/6426/6287
f 4865/5114/6287 4858/5789/6287 4887/5805/6287 4898/5804/6287
f 4860/6417/6285 4866/2614/6285 4893/4936/6285 4904/6431/6285
f 4879/53/6285 4860/1279/6285 4904/2631/6285 4908/6433/6285
f 4876/2619/6287 4865/43/6287 4898/1307/6287 4900/2629/6287
f 4866/4893/6285 4873/2616/6285 4895/2627/6285 4893/2626/6285
f 4916/6424/6286 4910/6410/6286 4869/6420/6286 4878/6425/6286
f 4874/6441/6286 4871/6411/6286 4910/6410/6286 4916/6424/6286
f 4875/6442/6812 4915/4923/6282 4924/6437/6282 4896/6445/6812
f 4915/4923/6282 4877/51/6813 4902/6438/6813 4924/6437/6282
f 4914/6422/6282 4880/6439/6812 4907/2296/6812 4921/6436/6282
f 4884/5108/6813 4914/6422/6282 4921/6436/6282 4888/2625/6813
f 4919/6034/6282 4918/6028/6282 4899/6443/6282 4886/2624/6282
f 4922/3572/6814 4920/6212/6814 4885/2623/6815 4889/63/6815
f 4891/6428/6816 4894/8069/6816 4923/8070/6817 4917/6429/6817
f 4905/4933/6282 4892/6427/6282 4918/6028/6282 4919/6034/6282
f 4917/6429/6817 4923/8070/6817 4901/8071/6818 4897/6444/6818
f 4906/8072/6819 4903/6430/6819 4920/6212/6814 4922/3572/6814
f 4925/2632/6820 4959/6457/6820 4987/6476/6820 4955/3662/6820
f 4956/6446/6286 4952/3667/6286 4938/2644/6286 4926/2633/6286
f 4937/8073/6821 4974/8074/6822 4960/8075/6822 4927/8076/6821
f 4950/6451/6278 4954/6447/6278 4930/2637/6278 4941/2647/6278
f 4976/8077/6823 4942/8078/6824 4929/8079/6824 4958/8080/6823
f 4957/6469/6820 4928/2635/6820 4953/6448/6820 4985/2675/6820
f 4931/161/6825 4963/6464/6825 4968/6463/6825 4943/2649/6825
f 4932/2638/6286 4945/2651/6286 4952/3667/6286 4956/6446/6286
f 4955/3662/6820 4987/2677/6820 4961/2655/6820 4933/2639/6820
f 4985/6467/6820 4953/6448/6820 4934/2640/6820 4965/2659/6820
f 4947/2653/6278 4935/2641/6278 4954/6447/6278 4950/6451/6278
f 4966/6461/6825 4936/2642/6825 4946/2652/6825 4971/2665/6825
f 4951/3668/6826 4982/6479/6826 4973/6471/6826 4939/2645/6826
f 4978/6512/6826 4949/6452/6826 4940/2646/6826 4975/3672/6826
f 4944/2650/6826 4967/2661/6826 4982/2672/6826 4951/3668/6826
f 4972/6449/6826 4948/2654/6826 4949/6452/6826 4978/2668/6826
f 4957/6469/6820 4985/2675/6820 5017/6477/6820 5016/6456/6820
f 4976/8077/6823 4958/8080/6823 5015/8081/6827 5013/8082/6827
f 5013/8082/6827 5015/8081/6827 4960/8075/6822 4974/8074/6822
f 5016/6456/6820 5017/6477/6820 4987/6476/6820 4959/6457/6820
f 4962/2656/6278 4986/2676/6278 4994/6460/6278 4991/6482/6278
f 4969/6466/6278 4962/6465/6278 4991/6498/6278 5002/6497/6278
f 4964/6462/6286 4970/2664/6286 4997/6494/6286 5008/6493/6286
f 4983/6468/6286 4964/2658/6286 5008/2693/6286 5012/6501/6286
f 4980/2670/6278 4969/2663/6278 5002/2688/6278 5004/2689/6278
f 4970/6450/6286 4977/2667/6286 4999/2686/6286 4997/2684/6286
f 5020/6478/6826 5014/6453/6826 4973/6471/6826 4982/6479/6826
f 4978/6512/6826 4975/3672/6826 5014/6453/6826 5020/6478/6826
f 4979/6510/6828 5019/6481/6825 5028/6505/6825 5000/6511/6828
f 5019/6481/6825 4981/6480/6829 5006/6506/6829 5028/6505/6825
f 5018/6474/6825 4984/2674/6828 5011/2695/6828 5025/6504/6825
f 4988/6475/6829 5018/6474/6825 5025/6504/6825 4992/2680/6829
f 5023/6492/6825 5022/6485/6825 5003/6513/6825 4990/2679/6825
f 5026/8083/6830 5024/6489/6830 4989/2678/6831 4993/8084/6831
f 4995/6487/6832 4998/8085/6832 5027/8086/6833 5021/6488/6833
f 5009/6491/6825 4996/6486/6825 5022/6485/6825 5023/6492/6825
f 5021/6488/6833 5027/8086/6833 5005/8087/6834 5001/6514/6834
f 5010/8088/6835 5007/6490/6835 5024/6489/6830 5026/8083/6830
f 5029/2697/6826 5063/6530/6826 5091/6547/6826 5059/6517/6826
f 5060/6516/6286 5056/6522/6286 5042/1688/6286 5030/2698/6286
f 5041/8089/6836 5078/8090/6837 5064/8091/6837 5031/8092/6836
f 5054/6524/6278 5058/6518/6278 5034/2702/6278 5045/2710/6278
f 5080/8093/6838 5046/8094/6839 5033/7654/6839 5062/7527/6838
f 5061/6542/6826 5032/2700/6826 5057/6519/6826 5089/2731/6826
f 5035/2703/6827 5067/5355/6827 5072/6537/6827 5047/2712/6827
f 5036/810/6286 5049/823/6286 5056/6522/6286 5060/6516/6286
f 5059/6517/6826 5091/2733/6826 5065/2716/6826 5037/2704/6826
f 5089/6540/6826 5057/6519/6826 5038/812/6826 5069/2719/6826
f 5051/2714/6278 5039/2705/6278 5058/6518/6278 5054/6524/6278
f 5070/6535/6827 5040/2706/6827 5050/2713/6827 5075/2723/6827
f 5055/6523/6820 5086/6550/6820 5077/3769/6820 5043/2708/6820
f 5082/6576/6820 5053/3748/6820 5044/2709/6820 5079/6526/6820
f 5048/1694/6820 5071/2721/6820 5086/837/6820 5055/6523/6820
f 5076/6520/6820 5052/2715/6820 5053/3748/6820 5082/2725/6820
f 5061/6542/6826 5089/2731/6826 5121/6548/6826 5120/6529/6826
f 5080/8093/6838 5062/7527/6838 5119/7528/6825 5117/8095/6825
f 5117/8095/6825 5119/7528/6825 5064/8091/6837 5078/8090/6837
f 5120/6529/6826 5121/6548/6826 5091/6547/6826 5063/6530/6826
f 5066/2717/6278 5090/2732/6278 5098/6534/6278 5095/6553/6278
f 5073/6539/6278 5066/6538/6278 5095/6565/6278 5106/6564/6278
f 5068/6536/6286 5074/2722/6286 5101/6561/6286 5112/6560/6286
f 5087/6541/6286 5068/2718/6286 5112/2748/6286 5116/6567/6286
f 5084/2727/6278 5073/831/6278 5106/2744/6278 5108/2745/6278
f 5074/6521/6286 5081/2724/6286 5103/2742/6286 5101/2740/6286
f 5124/6549/6820 5118/6525/6820 5077/3769/6820 5086/6550/6820
f 5082/6576/6820 5079/6526/6820 5118/6525/6820 5124/6549/6820
f 5083/6574/6840 5123/6552/6827 5132/6571/6827 5104/6575/6840
f 5123/6552/6827 5085/6551/6841 5110/6572/6841 5132/6571/6827
f 5122/6545/6827 5088/2730/6840 5115/2749/6840 5129/6570/6827
f 5092/6546/6841 5122/6545/6827 5129/6570/6827 5096/2736/6841
f 5127/6559/6827 5126/6554/6827 5107/6577/6827 5094/1711/6827
f 5130/7658/6842 5128/5378/6842 5093/2735/6843 5097/7531/6843
f 5099/6555/6844 5102/8096/6844 5131/7660/6845 5125/6556/6845
f 5113/6558/6827 5100/3784/6827 5126/6554/6827 5127/6559/6827
f 5125/6556/6845 5131/7660/6845 5109/8097/6846 5105/6578/6846
f 5114/8098/6847 5111/6557/6847 5128/5378/6842 5130/7658/6842
f 5133/2751/6848 5167/6590/6848 5195/3850/6848 5163/5398/6848
f 5164/6580/6286 5160/6583/6286 5146/2763/6286 5134/2752/6286
f 5145/8099/6849 5182/7537/6850 5168/7663/6850 5135/8100/6849
f 5158/6585/6278 5162/6581/6278 5138/2756/6278 5149/874/6278
f 5184/7540/6851 5150/7875/6852 5137/7667/6852 5166/8101/6851
f 5165/6603/6848 5136/2754/6848 5161/4417/6848 5193/2785/6848
f 5139/2757/6853 5171/6598/6853 5176/6597/6853 5151/2766/6853
f 5140/2758/6286 5153/2768/6286 5160/6583/6286 5164/6580/6286
f 5163/5398/6848 5195/2787/6848 5169/2772/6848 5141/2759/6848
f 5193/6601/6848 5161/4417/6848 5142/2760/6848 5173/1751/6848
f 5155/2770/6278 5143/309/6278 5162/6581/6278 5158/6585/6278
f 5174/6595/6853 5144/2761/6853 5154/2769/6853 5179/2777/6853
f 5159/6584/6854 5190/3853/6854 5181/6606/6854 5147/2764/6854
f 5186/3887/6854 5157/6586/6854 5148/1740/6854 5183/6587/6854
f 5152/2767/6854 5175/888/6854 5190/2783/6854 5159/6584/6854
f 5180/3819/6854 5156/2771/6854 5157/6586/6854 5186/1760/6854
f 5165/6603/6848 5193/2785/6848 5225/6611/6848 5224/6589/6848
f 5184/7540/6851 5166/8101/6851 5223/8102/6855 5221/7545/6855
f 5221/7545/6855 5223/8102/6855 5168/7663/6850 5182/7537/6850
f 5224/6589/6848 5225/6611/6848 5195/3850/6848 5167/6590/6848
f 5170/2773/6278 5194/2786/6278 5202/6594/6278 5199/6612/6278
f 5177/6600/6278 5170/6599/6278 5199/6618/6278 5210/5440/6278
f 5172/6596/6286 5178/1756/6286 5205/5439/6286 5216/6616/6286
f 5191/6602/6286 5172/2774/6286 5216/2799/6286 5220/6620/6286
f 5188/2781/6278 5177/2776/6278 5210/2797/6278 5212/362/6278
f 5178/6582/6286 5185/2779/6286 5207/2794/6286 5205/911/6286
f 5228/3852/6854 5222/3825/6854 5181/6606/6854 5190/3853/6854
f 5186/3887/6854 5183/6587/6854 5222/3825/6854 5228/3852/6854
f 5187/6627/6856 5227/5428/6853 5236/6623/6853 5208/6628/6856
f 5227/5428/6853 5189/3854/6857 5214/5448/6857 5236/6623/6853
f 5226/6609/6853 5192/2784/6856 5219/2801/6856 5233/6622/6853
f 5196/6610/6857 5226/6609/6853 5233/6622/6853 5200/2791/6857
f 5231/3866/6853 5230/4453/6853 5211/5454/6853 5198/2790/6853
f 5234/8103/6858 5232/6614/6858 5197/2789/6859 5201/8104/6859
f 5203/3861/6860 5206/8105/6860 5235/7549/6861 5229/3862/6861
f 5217/5436/6853 5204/6613/6853 5230/4453/6853 5231/3866/6853
f 5229/3862/6861 5235/7549/6861 5213/7674/6862 5209/3889/6862
f 5218/7551/6863 5215/6615/6863 5232/6614/6858 5234/8103/6858
f 5237/2803/6848 5271/6641/6848 5299/3925/6848 5267/6630/6848
f 5268/6629/6278 5264/3897/6278 5250/2815/6278 5238/2804/6278
f 5249/8106/6864 5286/7677/6865 5272/7883/6865 5239/8107/6864
f 5262/3899/6286 5266/6631/6286 5242/2808/6286 5253/2818/6286
f 5288/7556/6866 5254/8108/6867 5241/8109/6867 5270/7559/6866
f 5269/4507/6848 5240/2806/6848 5265/3894/6848 5297/6680/6848
f 5243/2809/6855 5275/6650/6855 5280/6649/6855 5255/2820/6855
f 5244/1794/6278 5257/2822/6278 5264/3897/6278 5268/6629/6278
f 5267/6630/6848 5299/2843/6848 5273/2826/6848 5245/2810/6848
f 5297/2841/6848 5265/3894/6848 5246/2811/6848 5277/2828/6848
f 5259/2824/6286 5247/2812/6286 5266/6631/6286 5262/3899/6286
f 5278/6647/6855 5248/2813/6855 5258/2823/6855 5283/2833/6855
f 5263/6634/6854 5294/2840/6854 5285/6653/6854 5251/2816/6854
f 5290/6681/6854 5261/6635/6854 5252/2817/6854 5287/6637/6854
f 5256/2821/6854 5279/2830/6854 5294/6644/6854 5263/6634/6854
f 5284/6632/6854 5260/2825/6854 5261/6635/6854 5290/2836/6854
f 5269/4507/6848 5297/6680/6848 5329/6656/6848 5328/6640/6848
f 5288/7556/6866 5270/7559/6866 5327/7683/6853 5325/8110/6853
f 5325/8110/6853 5327/7683/6853 5272/7883/6865 5286/7677/6865
f 5328/6640/6848 5329/6656/6848 5299/3925/6848 5271/6641/6848
f 5274/2827/6286 5298/2842/6286 5306/6658/6286 5303/4517/6286
f 5281/5480/6286 5274/6651/6286 5303/6670/6286 5314/6669/6286
f 5276/6648/6278 5282/2832/6278 5309/6668/6278 5320/6667/6278
f 5295/1825/6278 5276/947/6278 5320/2857/6278 5324/6672/6278
f 5292/6645/6286 5281/1815/6286 5314/432/6286 5316/2854/6286
f 5282/6633/6278 5289/2835/6278 5311/974/6278 5309/1835/6278
f 5332/3927/6854 5326/6636/6854 5285/6653/6854 5294/2840/6854
f 5290/6681/6854 5287/6637/6854 5326/6636/6854 5332/3927/6854
f 5291/6682/6868 5331/6657/6855 5340/6675/6855 5312/6684/6868
f 5331/6657/6855 5293/2839/6869 5318/6676/6869 5340/6675/6855
f 5330/6655/6855 5296/6679/6868 5323/2859/6868 5337/6674/6855
f 5300/6646/6869 5330/6655/6855 5337/6674/6855 5304/2847/6869
f 5335/6666/6855 5334/6660/6855 5315/3963/6855 5302/2846/6855
f 5338/8111/6870 5336/4524/6870 5301/2845/6871 5305/8112/6871
f 5307/6662/6872 5310/8113/6872 5339/8114/6873 5333/6663/6873
f 5321/6665/6855 5308/6661/6855 5334/6660/6855 5335/6666/6855
f 5333/6663/6873 5339/8114/6873 5317/7566/6874 5313/6683/6874
f 5322/7567/6875 5319/6664/6875 5336/4524/6870 5338/8111/6870
f 5341/2860/6854 5375/6697/6854 5403/6710/6854 5371/6687/6854
f 5372/6686/6286 5368/3973/6286 5354/2870/6286 5342/2861/6286
f 5353/7690/6876 5390/8115/6877 5376/7897/6877 5343/8116/6876
f 5366/6692/6278 5370/6688/6278 5346/2863/6278 5357/2872/6278
f 5392/8117/6878 5358/8118/6879 5345/8119/6879 5374/7575/6878
f 5373/6707/6854 5344/987/6854 5369/4548/6854 5401/2892/6854
f 5347/2864/6855 5379/6703/6855 5384/4562/6855 5359/461/6855
f 5348/2865/6286 5361/2874/6286 5368/3973/6286 5372/6686/6286
f 5371/6687/6854 5403/2894/6854 5377/2878/6854 5349/2866/6854
f 5401/6705/6854 5369/4548/6854 5350/1855/6854 5381/2881/6854
f 5363/2876/6278 5351/2867/6278 5370/6688/6278 5366/6692/6278
f 5382/6701/6855 5352/2868/6855 5362/2875/6855 5387/1877/6855
f 5367/6691/6848 5398/6713/6848 5389/3997/6848 5355/457/6848
f 5394/6735/6848 5365/6693/6848 5356/2871/6848 5391/6694/6848
f 5360/2873/6848 5383/2883/6848 5398/2890/6848 5367/6691/6848
f 5388/6689/6848 5364/2877/6848 5365/6693/6848 5394/2887/6848
f 5373/6707/6854 5401/2892/6854 5433/6711/6854 5432/6696/6854
f 5392/8117/6878 5374/7575/6878 5431/8120/6853 5429/8121/6853
f 5429/8121/6853 5431/8120/6853 5376/7897/6877 5390/8115/6877
f 5432/6696/6854 5433/6711/6854 5403/6710/6854 5375/6697/6854
f 5378/2879/6278 5402/2893/6278 5410/6700/6278 5407/6716/6278
f 5385/3992/6278 5378/6704/6278 5407/6727/6278 5418/6726/6278
f 5380/6702/6286 5386/2885/6286 5413/6723/6286 5424/4589/6286
f 5399/6706/6286 5380/2880/6286 5424/2908/6286 5428/6730/6286
f 5396/1017/6278 5385/2884/6278 5418/2905/6278 5420/2906/6278
f 5386/6690/6286 5393/2886/6286 5415/2903/6286 5413/2902/6286
f 5436/6712/6848 5430/5525/6848 5389/3997/6848 5398/6713/6848
f 5394/6735/6848 5391/6694/6848 5430/5525/6848 5436/6712/6848
f 5395/4037/6880 5435/6715/6855 5444/6732/6855 5416/6734/6880
f 5435/6715/6855 5397/6714/6881 5422/5569/6881 5444/6732/6855
f 5434/6708/6855 5400/2891/6880 5427/2910/6880 5441/4030/6855
f 5404/6709/6881 5434/6708/6855 5441/4030/6855 5408/2898/6881
f 5439/6722/6855 5438/4581/6855 5419/5575/6855 5406/2897/6855
f 5442/7578/6882 5440/6719/6882 5405/2896/6883 5409/7905/6883
f 5411/6718/6884 5414/7906/6884 5443/7907/6885 5437/4014/6885
f 5425/6721/6855 5412/5555/6855 5438/4581/6855 5439/6722/6855
f 5437/4014/6885 5443/7907/6885 5421/7582/6886 5417/6736/6886
f 5426/7908/6887 5423/6720/6887 5440/6719/6882 5442/7578/6882
f 5445/2911/6888 5479/6750/6888 5507/6772/6888 5475/6738/6888
f 5476/6737/6286 5472/6742/6286 5458/2923/6286 5446/2912/6286
f 5457/8122/6889 5494/7633/6890 5480/8123/6890 5447/8124/6889
f 5470/6744/6278 5474/6739/6278 5450/2916/6278 5461/2926/6278
f 5496/7636/6891 5462/7637/6892 5449/8125/6892 5478/7639/6891
f 5477/6763/6888 5448/2914/6888 5473/6740/6888 5505/775/6888
f 5451/2917/6893 5483/6758/6893 5488/6757/6893 5463/2928/6893
f 5452/2918/6286 5465/2929/6286 5472/6742/6286 5476/6737/6286
f 5475/6738/6888 5507/2949/6888 5481/2933/6888 5453/2919/6888
f 5505/6761/6888 5473/6740/6888 5454/2920/6888 5485/2936/6888
f 5467/2931/6278 5455/2921/6278 5474/6739/6278 5470/6744/6278
f 5486/6755/6893 5456/2922/6893 5466/2930/6893 5491/2940/6893
f 5471/6743/6894 5502/6775/6894 5493/6766/6894 5459/2924/6894
f 5498/6804/6894 5469/6745/6894 5460/2925/6894 5495/6747/6894
f 5464/750/6894 5487/761/6894 5502/772/6894 5471/6743/6894
f 5492/6741/6894 5468/2932/6894 5469/6745/6894 5498/2943/6894
f 5477/6763/6888 5505/775/6888 5537/6773/6888 5536/6749/6888
f 5496/7636/6891 5478/7639/6891 5535/8126/6895 5533/8127/6895
f 5533/8127/6895 5535/8126/6895 5480/8123/6890 5494/7633/6890
f 5536/6749/6888 5537/6773/6888 5507/6772/6888 5479/6750/6888
f 5482/2934/6278 5506/2948/6278 5514/6754/6278 5511/6777/6278
f 5489/6760/6278 5482/6759/6278 5511/6789/6278 5522/6788/6278
f 5484/6756/6286 5490/2939/6286 5517/6786/6286 5528/6785/6286
f 5503/6762/6286 5484/2935/6286 5528/2962/6286 5532/6792/6286
f 5500/2945/6278 5489/763/6278 5522/2958/6278 5524/2959/6278
f 5490/4278/6286 5497/2942/6286 5519/789/6286 5517/2956/6286
f 5540/6774/6894 5534/6746/6894 5493/6766/6894 5502/6775/6894
f 5498/6804/6894 5495/6747/6894 5534/6746/6894 5540/6774/6894
f 5499/6802/6896 5539/4315/6893 5548/6796/6893 5520/6803/6896
f 5539/4315/6893 5501/6776/6897 5526/6797/6897 5548/6796/6893
f 5538/6770/6893 5504/2947/6896 5531/801/6896 5545/6795/6893
f 5508/6771/6897 5538/6770/6893 5545/6795/6893 5512/2952/6897
f 5543/6784/6893 5542/6779/6893 5523/6805/6893 5510/2951/6893
f 5546/8128/6898 5544/6782/6898 5509/779/6899 5513/7643/6899
f 5515/6781/6900 5518/7644/6900 5547/8129/6901 5541/4322/6901
f 5529/6783/6893 5516/6780/6893 5542/6779/6893 5543/6784/6893
f 5541/4322/6901 5547/8129/6901 5525/8130/6902 5521/6806/6902
f 5530/7647/6903 5527/4324/6903 5544/6782/6898 5546/8128/6898
f 5549/2965/6904 5583/6816/6904 5611/6828/6904 5579/3740/6904
f 5580/6516/6286 5576/6810/6286 5562/2977/6286 5550/2966/6286
f 5561/8089/6905 5598/8131/6906 5584/7522/6906 5551/8132/6905
f 5574/4358/6278 5578/6518/6278 5554/2970/6278 5565/2979/6278
f 5600/8133/6907 5566/8134/6908 5553/7526/6908 5582/8135/6907
f 5581/6823/6904 5552/2968/6904 5577/6808/6904 5609/2996/6904
f 5555/1681/6909 5587/3762/6909 5592/5354/6909 5567/245/6909
f 5556/2971/6286 5569/2981/6286 5576/6810/6286 5580/6516/6286
f 5579/3740/6904 5611/2998/6904 5585/2716/6904 5557/2972/6904
f 5609/4373/6904 5577/6808/6904 5558/2973/6904 5589/2985/6904
f 5571/2714/6278 5559/2974/6278 5578/6518/6278 5574/4358/6278
f 5590/6820/6909 5560/2975/6909 5570/2982/6909 5595/2988/6909
f 5575/5343/6910 5606/6831/6910 5597/6825/6910 5563/241/6910
f 5602/6854/6910 5573/6811/6910 5564/2978/6910 5599/6813/6910
f 5568/1694/6910 5591/2987/6910 5606/2993/6910 5575/5343/6910
f 5596/6809/6910 5572/825/6910 5573/6811/6910 5602/2991/6910
f 5581/6823/6904 5609/2996/6904 5641/6829/6904 5640/6815/6904
f 5600/8133/6907 5582/8135/6907 5639/7656/6911 5637/8136/6911
f 5637/8136/6911 5639/7656/6911 5584/7522/6906 5598/8131/6906
f 5640/6815/6904 5641/6829/6904 5611/6828/6904 5583/6816/6904
f 5586/2983/6278 5610/2997/6278 5618/6819/6278 5615/3780/6278
f 5593/6821/6278 5586/3763/6278 5615/6843/6278 5626/6842/6278
f 5588/6536/6286 5594/832/6286 5621/6841/6286 5632/6840/6286
f 5607/6822/6286 5588/2984/6286 5632/3011/6286 5636/6845/6286
f 5604/2992/6278 5593/831/6278 5626/3008/6278 5628/290/6278
f 5594/5341/6286 5601/2990/6286 5623/3006/6286 5621/3005/6286
f 5644/6830/6910 5638/6812/6910 5597/6825/6910 5606/6831/6910
f 5602/6854/6910 5599/6813/6910 5638/6812/6910 5644/6830/6910
f 5603/6853/6912 5643/6833/6909 5652/6848/6909 5624/6575/6912
f 5643/6833/6909 5605/6832/6913 5630/6849/6913 5652/6848/6909
f 5642/6826/6909 5608/2995/6914 5635/3013/6914 5649/6847/6909
f 5612/6827/6915 5642/6826/6909 5649/6847/6909 5616/3001/6915
f 5647/3790/6909 5646/6835/6909 5627/6577/6909 5614/3000/6909
f 5650/7658/6916 5648/6838/6916 5613/2999/6917 5617/7870/6917
f 5619/6837/6918 5622/8137/6918 5651/8138/6919 5645/3786/6919
f 5633/6839/6909 5620/6836/6909 5646/6835/6909 5647/3790/6909
f 5645/3786/6919 5651/8138/6919 5629/7872/6920 5625/6578/6920
f 5634/8139/6921 5631/3788/6921 5648/6838/6916 5650/7658/6916
f 5653/3015/6922 5687/6867/6922 5715/3850/6922 5683/6856/6922
f 5684/6855/6286 5680/6861/6286 5666/3026/6286 5654/3016/6286
f 5665/8140/6923 5702/8141/6924 5688/8142/6924 5655/8143/6923
f 5678/6862/6278 5682/6857/6278 5658/3020/6278 5669/3028/6278
f 5704/7665/6925 5670/7666/6926 5657/8144/6926 5686/7877/6925
f 5685/6878/6922 5656/3018/6922 5681/6858/6922 5713/3047/6922
f 5659/3021/6927 5691/6875/6927 5696/6874/6927 5671/1743/6927
f 5660/3022/6286 5673/3031/6286 5680/6861/6286 5684/6855/6286
f 5683/6856/6922 5715/1768/6922 5689/2772/6922 5661/3023/6922
f 5713/4436/6922 5681/6858/6922 5662/308/6922 5693/1751/6922
f 5675/3033/6278 5663/3024/6278 5682/6857/6278 5678/6862/6278
f 5694/6872/6927 5664/3025/6927 5674/3032/6927 5699/3040/6927
f 5679/4420/6928 5710/6885/6928 5701/6879/6928 5667/872/6928
f 5706/6909/6928 5677/6863/6928 5668/3027/6928 5703/6865/6928
f 5672/3030/6928 5695/329/6928 5710/340/6928 5679/4420/6928
f 5700/6859/6928 5676/1748/6928 5677/6863/6928 5706/3042/6928
f 5685/6878/6922 5713/3047/6922 5745/6883/6922 5744/6866/6922
f 5704/7665/6925 5686/7877/6925 5743/7878/6929 5741/8145/6929
f 5741/8145/6929 5743/7878/6929 5688/8142/6924 5702/8141/6924
f 5744/6866/6922 5745/6883/6922 5715/3850/6922 5687/6867/6922
f 5690/3034/6278 5714/3048/6278 5722/6871/6278 5719/6888/6278
f 5697/6877/6278 5690/6876/6278 5719/6898/6278 5730/5440/6278
f 5692/6873/6286 5698/3039/6286 5725/6896/6286 5736/6895/6286
f 5711/3842/6286 5692/3035/6286 5736/3059/6286 5740/6899/6286
f 5708/3044/6278 5697/3038/6278 5730/3056/6278 5732/3057/6278
f 5698/6860/6286 5705/3041/6286 5727/2794/6286 5725/3053/6286
f 5748/6884/6928 5742/6864/6928 5701/6879/6928 5710/6885/6928
f 5706/6909/6928 5703/6865/6928 5742/6864/6928 5748/6884/6928
f 5707/6907/6930 5747/6887/6927 5756/6902/6927 5728/6908/6930
f 5747/6887/6927 5709/6886/6931 5734/6903/6931 5756/6902/6927
f 5746/6881/6927 5712/3046/6930 5739/3061/6930 5753/6901/6927
f 5716/6882/6931 5746/6881/6927 5753/6901/6927 5720/3050/6931
f 5751/6894/6927 5750/6889/6927 5731/6910/6927 5718/1771/6927
f 5754/8146/6932 5752/6893/6932 5717/2789/6933 5721/7547/6933
f 5723/6891/6934 5726/7672/6934 5755/8147/6935 5749/6892/6935
f 5737/3865/6927 5724/6890/6927 5750/6889/6927 5751/6894/6927
f 5749/6892/6935 5755/8147/6935 5733/7674/6936 5729/6911/6936
f 5738/7675/6937 5735/6615/6937 5752/6893/6932 5754/8146/6932
f 5757/923/6938 5791/6924/6938 5819/6937/6938 5787/4482/6938
f 5788/6912/6278 5784/6917/6278 5770/3073/6278 5758/3062/6278
f 5769/7882/6939 5806/7677/6940 5792/7554/6940 5759/8148/6939
f 5782/6919/6286 5786/6913/6286 5762/3066/6286 5773/3076/6286
f 5808/7556/6941 5774/7886/6942 5761/8149/6942 5790/8150/6941
f 5789/6934/6938 5760/3064/6938 5785/6914/6938 5817/6965/6938
f 5763/3067/6943 5795/6932/6943 5800/6931/6943 5775/3078/6943
f 5764/3068/6278 5777/3080/6278 5784/6917/6278 5788/6912/6278
f 5787/4482/6938 5819/3101/6938 5793/944/6938 5765/3069/6938
f 5817/3100/6938 5785/6914/6938 5766/3070/6938 5797/948/6938
f 5779/3082/6286 5767/2812/6286 5786/6913/6286 5782/6919/6286
f 5798/6929/6943 5768/3071/6943 5778/3081/6943 5803/3091/6943
f 5783/6918/6944 5814/3097/6944 5805/6935/6944 5771/3074/6944
f 5810/6966/6944 5781/6920/6944 5772/3075/6944 5807/6922/6944
f 5776/3079/6944 5799/3087/6944 5814/6926/6944 5783/6918/6944
f 5804/6915/6944 5780/3083/6944 5781/6920/6944 5810/1820/6944
f 5789/6934/6938 5817/6965/6938 5849/4514/6938 5848/3905/6938
f 5808/7556/6941 5790/8150/6941 5847/8151/6945 5845/8152/6945
f 5845/8152/6945 5847/8151/6945 5792/7554/6940 5806/7677/6940
f 5848/3905/6938 5849/4514/6938 5819/6937/6938 5791/6924/6938
f 5794/945/6286 5818/416/6286 5826/6940/6286 5823/4517/6286
f 5801/6933/6286 5794/5479/6286 5823/3946/6286 5834/6953/6286
f 5796/6930/6278 5802/3090/6278 5829/6950/6278 5840/6949/6278
f 5815/3098/6278 5796/3085/6278 5840/3115/6278 5844/6956/6278
f 5812/6927/6286 5801/3089/6286 5834/3112/6286 5836/1840/6286
f 5802/6916/6278 5809/3093/6278 5831/3109/6278 5829/3107/6278
f 5852/6938/6944 5846/6921/6944 5805/6935/6944 5814/3097/6944
f 5810/6966/6944 5807/6922/6944 5846/6921/6944 5852/6938/6944
f 5811/6967/6946 5851/6939/6943 5860/6959/6943 5832/6969/6946
f 5851/6939/6943 5813/3096/6947 5838/6960/6947 5860/6959/6943
f 5850/6655/6943 5816/6964/6946 5843/3116/6946 5857/6958/6943
f 5820/6928/6947 5850/6655/6943 5857/6958/6943 5824/3103/6947
f 5855/6666/6943 5854/6942/6943 5835/4541/6943 5822/968/6943
f 5858/7562/6948 5856/6946/6948 5821/3102/6949 5825/7685/6949
f 5827/6944/6950 5830/8153/6950 5859/7687/6951 5853/6945/6951
f 5841/6948/6943 5828/6943/6943 5854/6942/6943 5855/6666/6943
f 5853/6945/6951 5859/7687/6951 5837/8154/6952 5833/6968/6952
f 5842/8155/6953 5839/6947/6953 5856/6946/6948 5858/7562/6948
f 5861/1847/6954 5895/6982/6954 5923/6998/6954 5891/6971/6954
f 5892/6970/6286 5888/6976/6286 5874/3127/6286 5862/3117/6286
f 5873/7690/6955 5910/8156/6956 5896/8157/6956 5863/8116/6955
f 5886/6978/6278 5890/6972/6278 5866/3121/6278 5877/3130/6278
f 5912/8158/6957 5878/7573/6958 5865/8119/6958 5894/8159/6957
f 5893/6992/6954 5864/3119/6954 5889/6973/6954 5921/3153/6954
f 5867/3122/6959 5899/6987/6959 5904/4562/6959 5879/3132/6959
f 5868/3123/6286 5881/3134/6286 5888/6976/6286 5892/6970/6286
f 5891/6971/6954 5923/3155/6954 5897/467/6954 5869/3124/6954
f 5921/6990/6954 5889/6973/6954 5870/3125/6954 5901/3141/6954
f 5883/3136/6278 5871/453/6278 5890/6972/6278 5886/6978/6278
f 5902/6985/6959 5872/3126/6959 5882/3135/6959 5907/3146/6959
f 5887/6977/6960 5918/7001/6960 5909/6994/6960 5875/3128/6960
f 5914/7023/6960 5885/6693/6960 5876/3129/6960 5911/4553/6960
f 5880/3133/6960 5903/3143/6960 5918/3151/6960 5887/6977/6960
f 5908/6974/6960 5884/3137/6960 5885/6693/6960 5914/1016/6960
f 5893/6992/6954 5921/3153/6954 5953/6999/6954 5952/6981/6954
f 5912/8158/6957 5894/8159/6957 5951/8120/6961 5949/8160/6961
f 5949/8160/6961 5951/8120/6961 5896/8157/6956 5910/8156/6956
f 5952/6981/6954 5953/6999/6954 5923/6998/6954 5895/6982/6954
f 5898/3138/6278 5922/3154/6278 5930/6984/6278 5927/7004/6278
f 5905/6989/6278 5898/6988/6278 5927/7016/6278 5938/7015/6278
f 5900/6986/6286 5906/3145/6286 5933/7012/6286 5944/7011/6286
f 5919/6991/6286 5900/3140/6286 5944/3170/6286 5948/7017/6286
f 5916/3149/6278 5905/3144/6278 5938/3165/6278 5940/3166/6278
f 5906/6975/6286 5913/3147/6286 5935/2903/6286 5933/1031/6286
f 5956/7000/6960 5950/6979/6960 5909/6994/6960 5918/7001/6960
f 5914/7023/6960 5911/4553/6960 5950/6979/6960 5956/7000/6960
f 5915/7022/6962 5955/7003/6959 5964/7019/6959 5936/6734/6962
f 5955/7003/6959 5917/7002/6963 5942/7020/6963 5964/7019/6959
f 5954/6996/6959 5920/2891/6964 5947/3171/6964 5961/7018/6959
f 5924/6997/6965 5954/6996/6959 5961/7018/6959 5928/3159/6965
f 5959/7010/6959 5958/5554/6959 5939/7024/6959 5926/3158/6959
f 5962/8161/6966 5960/7007/6966 5925/3157/6967 5929/8162/6967
f 5931/7006/6968 5934/8163/6968 5963/8164/6969 5957/5557/6969
f 5945/7009/6959 5932/5555/6959 5958/5554/6959 5959/7010/6959
f 5957/5557/6969 5963/8164/6969 5941/7582/6970 5937/7025/6970
f 5946/7908/6971 5943/7008/6971 5960/7007/6966 5962/8161/6966
f 5965/3172/6507 5987/7035/6507 6003/7042/6507 5983/7027/6507
f 5984/7026/6508 5979/7030/6508 5972/3179/6508 5966/3173/6508
f 5971/8165/6972 5990/7910/6973 5988/8166/6973 5967/8167/6972
f 5978/7028/6511 5981/5820/6511 5970/3177/6511 5975/3182/6511
f 5992/8168/6974 5976/8169/6975 5969/8170/6975 5986/8171/6974
f 5985/7039/6507 5968/3175/6507 5982/6240/6507 6001/7071/6507
f 5980/7031/6514 5997/3187/6514 5989/7041/6514 5973/3180/6514
f 5994/7072/6514 5977/7029/6514 5974/3181/6514 5991/7033/6514
f 6110/7108/6976 6073/7121/6976 5977/7029/6514 5994/3185/6514
f 6072/6315/6511 6076/3220/6511 6079/7122/6511 6074/7124/6511 6054/7117/6511 6058/7116/6511 6060/3214/6511 6056/7120/6511 5981/5820/6511 5978/7028/6511
f 6045/7114/6508 6049/3211/6508 6052/7111/6508 6047/7110/6508 6063/7129/6508 6067/7127/6508 6069/3217/6508 6065/7126/6508 5979/7030/6508 5984/7026/6508
f 6066/6320/6976 6100/7094/6976 5997/7134/6514 5980/7031/6514
f 6001/3191/6507 5982/6240/6507 6057/4718/6977 6091/7086/6977
f 5983/7027/6507 6003/3193/6507 6083/7084/6977 6046/7115/6977
f 5985/7039/6507 6001/7071/6507 6033/7043/6507 6032/7034/6507
f 5992/8168/6974 5986/8171/6974 6031/8172/6287 6029/8173/6287
f 6029/8173/6287 6031/8172/6287 5988/8166/6973 5990/7910/6973
f 6032/7034/6507 6033/7043/6507 6003/7042/6507 5987/7035/6507
f 6036/7044/6514 6030/7032/6514 5989/7041/6514 5997/3187/6514
f 5994/7072/6514 5991/7033/6514 6030/7032/6514 6036/7044/6514
f 20/7713/6508 6111/7109/6508 5993/3184/6508 6015/3202/6508 6013/3200/6508
f 5995/7073/6978 6035/7045/6285 6044/7064/6285 6016/7077/6978
f 6035/7045/6285 5996/3186/6979 6022/7065/6979 6044/7064/6285
f 5998/7133/6511 6099/7095/6511 19/7714/6511 6017/7051/6511 6020/3204/6511
f 6034/4631/6285 6000/7070/6978 6027/3209/6978 6041/5853/6285
f 5999/3189/6508 6090/7087/6508 18/7715/6508 6024/3207/6508 6028/7061/6508
f 17/7716/6511 6084/7085/6511 6002/3192/6511 6010/7046/6511 6007/3195/6511
f 6004/7037/6980 6034/4631/6285 6041/5853/6285 6008/3196/6980
f 6042/8174/6981 6040/7053/6981 6005/7075/6982 6009/8175/6982
f 19/7719/6511 6102/7101/6511 6081/7131/6511 17/7720/6511 6007/7060/6511 6017/3203/6511
f 6039/4647/6285 6038/4638/6285 6018/4668/6285 6006/7076/6285
f 6011/7049/6983 6014/8176/6983 6043/8177/6984 6037/7050/6984
f 6025/7055/6285 6012/7048/6285 6038/4638/6285 6039/4647/6285
f 18/7723/6508 6093/7092/6508 6108/7105/6508 20/7724/6508 6013/7057/6508 6024/7056/6508
f 6037/7050/6984 6043/8177/6984 6021/8178/6985 6019/7074/6985
f 6026/8179/6986 6023/7054/6986 6040/7053/6981 6042/8174/6981
f 6088/3224/5961 6050/3212/5961 6046/7115/6977 6083/7084/6977
f 6048/7113/6987 6082/7132/6987 6101/7100/6988 6064/7130/6988
f 6082/7132/6987 6048/7113/6987 6053/7112/6989 6085/8180/6989
f 6085/7082/6989 6053/7112/6989 6051/3213/5962 6087/3223/5962
f 6055/7118/6987 6092/7091/6987 6097/7090/6989 6059/7119/6989
f 6092/7091/6987 6055/7118/6987 6075/7125/6988 6109/7102/6988
f 6062/3216/5961 6094/3226/5961 6091/7086/6977 6057/4718/6977
f 6059/7119/6989 6097/7088/6989 6095/3227/5962 6061/3215/5962
f 6106/7097/6990 6068/7128/6990 6064/7130/6988 6101/7100/6988
f 6100/7094/6976 6066/6320/6976 6071/3219/5982 6103/3229/5982
f 6104/7096/5981 6070/3218/5981 6068/7128/6990 6106/7097/6990
f 6073/7121/6976 6110/7108/6976 6115/3233/5974 6077/3221/5974
f 6080/7123/6990 6112/7103/6990 6109/7102/6988 6075/7125/6988
f 6078/3222/5973 6114/7106/5973 6112/7103/6990 6080/7123/6990
f 6081/7081/6511 6086/7080/6511 17/7716/6511
f 6089/3225/6511 6084/7085/6511 17/7727/6511
f 6086/7080/6511 6089/3225/6511 17/7727/6511
f 6090/7087/6508 6096/3228/6508 18/7715/6508
f 6098/8181/6508 6093/8182/6508 18/7730/6508
f 6096/3228/6508 6098/8181/6508 18/7730/6508
f 6099/8183/6511 6105/8184/6511 19/7719/6511
f 6107/7098/6511 6102/7101/6511 19/7733/6511
f 6105/8184/6511 6107/7098/6511 19/7733/6511
f 6108/7105/6508 6113/7104/6508 20/7724/6508
f 6116/8185/6508 6111/8186/6508 20/7735/6508
f 6113/7104/6508 6116/8185/6508 20/7735/6508
f 6117/3235/6507 6151/7147/6507 6179/7164/6507 6147/7136/6507
f 6148/7135/6511 6144/7141/6511 6130/3247/6511 6118/3236/6511
f 6129/8187/6991 6166/8188/6992 6152/8189/6992 6119/8190/6991
f 6142/6329/6508 6146/7137/6508 6122/3240/6508 6133/3250/6508
f 6168/7979/6993 6134/8191/6994 6121/8192/6994 6150/8193/6993
f 6149/7159/6507 6120/3238/6507 6145/7138/6507 6177/3274/6507
f 6123/3241/6287 6155/7154/6287 6160/7153/6287 6135/3252/6287
f 6124/3242/6511 6137/3254/6511 6144/7141/6511 6148/7135/6511
f 6147/7136/6507 6179/3276/6507 6153/3258/6507 6125/3243/6507
f 6177/7157/6507 6145/7138/6507 6126/3244/6507 6157/3262/6507
f 6139/3256/6508 6127/3245/6508 6146/7137/6508 6142/6329/6508
f 6158/7151/6287 6128/3246/6287 6138/3255/6287 6163/3267/6287
f 6143/4742/6514 6174/7167/6514 6165/7161/6514 6131/3248/6514
f 6170/7196/6514 6141/6330/6514 6132/3249/6514 6167/7143/6514
f 6136/3253/6514 6159/3264/6514 6174/3272/6514 6143/4742/6514
f 6164/7139/6514 6140/3257/6514 6141/6330/6514 6170/3270/6514
f 6149/7159/6507 6177/3274/6507 6209/7165/6507 6208/7146/6507
f 6168/7979/6993 6150/8193/6993 6207/8194/6285 6205/7936/6285
f 6205/7936/6285 6207/8194/6285 6152/8189/6992 6166/8188/6992
f 6208/7146/6507 6209/7165/6507 6179/7164/6507 6151/7147/6507
f 6154/3259/6508 6178/3275/6508 6186/7150/6508 6183/7170/6508
f 6161/7156/6508 6154/7155/6508 6183/7184/6508 6194/7183/6508
f 6156/7152/6511 6162/3266/6511 6189/7181/6511 6200/7180/6511
f 6175/7158/6511 6156/3261/6511 6200/3293/6511 6204/7185/6511
f 6172/3271/6508 6161/3265/6508 6194/3288/6508 6196/3289/6508
f 6162/7140/6511 6169/3269/6511 6191/3286/6511 6189/3284/6511
f 6212/7166/6514 6206/7142/6514 6165/7161/6514 6174/7167/6514
f 6170/7196/6514 6167/7143/6514 6206/7142/6514 6212/7166/6514
f 6171/7194/6995 6211/7169/6287 6220/7189/6287 6192/7195/6995
f 6211/7169/6287 6173/7168/6996 6198/6363/6996 6220/7189/6287
f 6210/7162/6287 6176/2540/6995 6203/3295/6995 6217/7188/6287
f 6180/7163/6996 6210/7162/6287 6217/7188/6287 6184/3280/6996
f 6215/6355/6287 6214/7173/6287 6195/7197/6287 6182/3279/6287
f 6218/8195/6997 6216/7177/6997 6181/3278/6998 6185/8196/6998
f 6187/7175/6999 6190/8197/6999 6219/8198/7000 6213/7176/7000
f 6201/7179/6287 6188/7174/6287 6214/7173/6287 6215/6355/6287
f 6213/7176/7000 6219/8198/7000 6197/8199/7001 6193/7198/7001
f 6202/8200/7002 6199/7178/7002 6216/7177/6997 6218/8195/6997
f 6221/3297/6278 6255/7210/6278 6283/7223/6278 6251/7200/6278
f 6252/5037/6279 6248/6113/6279 6234/3307/6279 6222/3298/6279
f 6233/8201/7003 6270/7992/7004 6256/7800/7004 6223/8202/7003
f 6246/5154/6282 6250/7201/6282 6226/3300/6282 6237/3310/6282
f 6272/7801/7005 6238/8203/7006 6225/8204/7006 6254/7943/7005
f 6253/7220/6278 6224/3299/6278 6249/7202/6278 6281/7244/6278
f 6227/3301/6285 6259/7217/6285 6264/5752/6285 6239/3312/6285
f 6228/3302/6279 6241/3314/6279 6248/6113/6279 6252/5037/6279
f 6251/7200/6278 6283/3335/6278 6257/3318/6278 6229/3303/6278
f 6281/3333/6278 6249/7202/6278 6230/3304/6278 6261/3322/6278
f 6243/3316/6282 6231/3305/6282 6250/7201/6282 6246/5154/6282
f 6262/6156/6285 6232/1196/6285 6242/3315/6285 6267/1417/6285
f 6247/5041/6286 6278/3330/6286 6269/7221/6286 6235/3308/6286
f 6274/7245/6286 6245/7205/6286 6236/3309/6286 6271/7207/6286
f 6240/3313/6286 6263/3324/6286 6278/7212/6286 6247/5041/6286
f 6268/7203/6286 6244/3317/6286 6245/7205/6286 6274/3328/6286
f 6253/7220/6278 6281/7244/6278 6313/7224/6278 6312/7209/6278
f 6272/7801/7005 6254/7943/7005 6311/8205/6287 6309/7994/6287
f 6309/7994/6287 6311/8205/6287 6256/7800/7004 6270/7992/7004
f 6312/7209/6278 6313/7224/6278 6283/7223/6278 6255/7210/6278
f 6258/3319/6282 6282/3334/6282 6290/7227/6282 6287/4854/6282
f 6265/7219/6282 6258/7218/6282 6287/7237/6282 6298/7236/6282
f 6260/7216/6279 6266/3326/6279 6293/6138/6279 6304/7235/6279
f 6279/3331/6279 6260/3321/6279 6304/3348/6279 6308/7238/6279
f 6276/7213/6282 6265/3325/6282 6298/3344/6282 6300/3345/6282
f 6266/7204/6279 6273/3327/6279 6295/3341/6279 6293/3339/6279
f 6316/7225/6286 6310/7206/6286 6269/7221/6286 6278/3330/6286
f 6274/7245/6286 6271/7207/6286 6310/7206/6286 6316/7225/6286
f 6275/7246/7007 6315/7226/6285 6324/7240/6285 6296/7248/7007
f 6315/7226/6285 6277/1523/7008 6302/6143/7008 6324/7240/6285
f 6314/7222/6285 6280/7243/7007 6307/3350/7007 6321/4876/6285
f 6284/7214/7008 6314/7222/6285 6321/4876/6285 6288/2256/7008
f 6319/7234/6285 6318/5181/6285 6299/5091/6285 6286/1432/6285
f 6322/8206/7009 6320/7232/7009 6285/3336/7010 6289/8207/7010
f 6291/7230/7011 6294/8208/7011 6323/8209/7012 6317/7231/7012
f 6305/5073/6285 6292/4858/6285 6318/5181/6285 6319/7234/6285
f 6317/7231/7012 6323/8209/7012 6301/8210/7013 6297/7247/7013
f 6306/8211/7014 6303/7233/7014 6320/7232/7009 6322/8206/7009
f 6325/3352/6278 6359/7258/6278 6387/7271/6278 6355/4889/6278
f 6356/3519/6279 6352/7251/6279 6338/3363/6279 6326/3353/6279
f 6337/8212/7015 6374/7769/7016 6360/7770/7016 6327/8213/7015
f 6350/7253/6282 6354/3521/6282 6330/3357/6282 6341/3366/6282
f 6376/8001/7017 6342/8214/7018 6329/8215/7018 6358/7775/7017
f 6357/7268/6278 6328/3355/6278 6353/5096/6278 6385/7293/6278
f 6331/2600/6285 6363/3551/6285 6368/7265/6285 6343/3367/6285
f 6332/3358/6279 6345/3369/6279 6352/7251/6279 6356/3519/6279
f 6355/4889/6278 6387/3390/6278 6361/3372/6278 6333/3359/6278
f 6385/3388/6278 6353/5096/6278 6334/3360/6278 6365/3376/6278
f 6347/3370/6282 6335/3361/6282 6354/3521/6282 6350/7253/6282
f 6366/3548/6285 6336/22/6285 6346/32/6285 6371/3381/6285
f 6351/7252/6286 6382/3386/6286 6373/7269/6286 6339/3364/6286
f 6378/7294/6286 6349/7254/6286 6340/3365/6286 6375/7256/6286
f 6344/3368/6286 6367/3378/6286 6382/7260/6286 6351/7252/6286
f 6372/7249/6286 6348/3371/6286 6349/7254/6286 6378/3383/6286
f 6357/7268/6278 6385/7293/6278 6417/7272/6278 6416/7257/6278
f 6376/8001/7017 6358/7775/7017 6415/7816/6287 6413/3538/6287
f 6413/3538/6287 6415/7816/6287 6360/7770/7016 6374/7769/7016
f 6416/7257/6278 6417/7272/6278 6387/7271/6278 6359/7258/6278
f 6362/3373/6282 6386/3389/6282 6394/7275/6282 6391/5121/6282
f 6369/7267/6282 6362/7266/6282 6391/7285/6282 6402/7284/6282
f 6364/7264/6279 6370/3380/6279 6397/7283/6279 6408/7282/6279
f 6383/3387/6279 6364/3375/6279 6408/3403/6279 6412/7286/6279
f 6380/7261/6282 6369/3379/6282 6402/3399/6282 6404/3400/6282
f 6370/7250/6279 6377/3382/6279 6399/3397/6279 6397/3395/6279
f 6420/7273/6286 6414/7255/6286 6373/7269/6286 6382/3386/6286
f 6378/7294/6286 6375/7256/6286 6414/7255/6286 6420/7273/6286
f 6379/3584/5748 6419/7274/6285 6428/6038/6285 6400/7296/5748
f 6419/7274/6285 6381/3385/7019 6406/7289/7019 6428/6038/6285
f 6418/7270/6285 6384/7292/5748 6411/3405/5748 6425/5139/6285
f 6388/7262/7019 6418/7270/6285 6425/5139/6285 6392/2289/7019
f 6423/6034/6285 6422/3568/6285 6403/6443/6285 6390/60/6285
f 6426/8216/7020 6424/7280/7020 6389/3391/7021 6393/8217/7021
f 6395/7278/7022 6398/8218/7022 6427/8219/7023 6421/7279/7023
f 6409/6033/6285 6396/6029/6285 6422/3568/6285 6423/6034/6285
f 6421/7279/7023 6427/8219/7023 6405/8220/7024 6401/7295/7024
f 6410/8221/7025 6407/7281/7025 6424/7280/7020 6426/8216/7020
f 6511/7399/7026 6515/7398/7026 6517/7406/7026 6519/7410/7026 6521/8222/7026 6513/8223/7026 6429/8224/7026 6432/7428/7026 6523/7396/7026 6527/7392/7026 6529/7388/7026 6531/7384/7026 6533/7379/7026 6525/7378/7026
f 6488/7373/7027 6430/7426/6285 21/8225/6285 6444/7424/6285 6466/7371/7027
f 6430/3408/6285 23/8226/6285 6456/7305/6285 6435/7318/6285 6440/3414/6285 21/8227/6285
f 6499/7323/7028 6503/7322/7028 6505/7330/7028 6507/7334/7028 6509/7338/7028 6501/7344/7028 6433/3411/7028 6431/7299/7028 6487/7372/7028 6491/7368/7028 6493/7362/7028 6495/7358/7028 6497/7353/7028 6489/7352/7028
f 6536/7423/7029 6452/3426/6285 23/8226/6285 6430/3408/6285 6514/7421/7030
f 6434/7427/6287 22/8228/6287 6450/7303/6287 6437/7319/6287 6458/3432/6287 24/8229/6287
f 6524/7397/7031 6434/7427/6287 24/8229/6287 6462/7307/6287 6550/7395/7032
f 6476/7347/7033 6446/3420/6287 22/8228/6287 6434/3412/6287 6502/7345/7033
f 6436/8230/6126 6455/3429/2969 6459/7312/2973 6438/8231/6129
f 6441/7308/2955 6436/8230/6126 6438/8231/6129 6449/3423/2963
f 6440/3414/6285 6444/7301/6285 21/8227/6285
f 6439/7309/2953 6448/3422/2962 6445/7311/2959 6442/3416/2956
f 6463/8232/7034 6467/8233/7034 6469/8234/7034 6471/8235/7034 6473/8236/7034 6465/8237/7034 6443/8238/2957 6447/8239/2961 6475/8240/7034 6479/8241/7034 6481/8242/7034 6483/8243/7034 6485/8244/7034 6477/8245/7034
f 6446/3420/6287 6450/7303/6287 22/8228/6287
f 6452/3426/6285 6456/7305/6285 23/8226/6285
f 6457/7313/2971 6454/3428/2968 6451/7315/2965 6460/3434/2974
f 6547/8246/7035 6551/8247/7035 6553/8248/7035 6555/8249/7035 6557/8250/7035 6549/8251/7035 6461/8252/2975 6453/8253/2967 6535/8254/7035 6539/8255/7035 6541/8256/7035 6543/8257/7035 6545/8258/7035 6537/8259/7035
f 6458/3432/6287 6462/7307/6287 24/8229/6287
f 6464/7350/7036 6490/7355/7036 6498/7354/7037 6468/7351/7037
f 6478/7329/7038 6500/7324/7038 6490/7355/7036 6464/7350/7036
f 6474/7367/7039 6492/7369/7040 6488/7373/7027 6466/7371/7027
f 6468/7351/7037 6498/7354/7037 6496/7359/7041 6470/7357/7041
f 6470/7357/7041 6496/7359/7041 6494/7363/7042 6472/7361/7043
f 6472/7366/7043 6494/7363/7042 6492/7369/7040 6474/7367/7039
f 6510/7339/7044 6480/7342/7045 6476/7347/7033 6502/7345/7033
f 6500/7324/7038 6478/7329/7038 6486/7328/7046 6504/7325/7046
f 6508/7335/7047 6482/7343/7048 6480/7342/7045 6510/7339/7044
f 6506/7331/7049 6484/7333/7049 6482/7337/7048 6508/7335/7047
f 6504/7325/7046 6486/7328/7046 6484/7333/7049 6506/7331/7049
f 6512/8260/7050 6538/7405/7051 6546/7404/7052 6516/8261/7052
f 6526/8262/7053 6548/7376/7053 6538/7405/7051 6512/8260/7050
f 6522/7417/7054 6540/7419/7055 6536/7423/7029 6514/7421/7030
f 6516/8261/7052 6546/7404/7052 6544/7409/7056 6518/8263/7057
f 6518/8263/7057 6544/7409/7056 6542/7413/7058 6520/8264/7059
f 6520/7416/7059 6542/7413/7058 6540/7419/7055 6522/7417/7054
f 6558/7391/7060 6528/7393/7061 6524/7397/7031 6550/7395/7032
f 6548/7376/7053 6526/8262/7053 6534/8265/7062 6552/7377/7062
f 6556/7387/7063 6530/7389/7064 6528/7393/7061 6558/7391/7060
f 6554/7383/7065 6532/8266/7066 6530/8267/7064 6556/7387/7063
f 6552/7377/7062 6534/8265/7062 6532/8266/7066 6554/7383/7065
f 6559/3437/7067 6584/3462/7067 6586/3464/7067 6566/3444/7067
f 6565/8268/7068 6577/3455/7068 6571/3449/7068 6560/7437/7068
f 6573/7434/6285 6594/7433/6285 6585/8269/6285 6561/8270/6285
f 6594/8271/6285 6576/8272/6285 6562/8273/6285 6585/8274/6285
f 6583/3461/7069 6564/7431/7069 6568/3446/7069 6587/3465/7069
f 6580/3458/7070 6569/8275/7070 6563/3441/7070 6575/3453/7070
f 6567/3445/6287 6588/3466/6287 6589/3467/6287 6578/3456/6287
f 6588/3466/6287 6570/3448/6287 6582/3460/6287 6589/3467/6287
f 6579/8276/7071 6591/7440/7071 6592/3470/7071 6572/8277/7071
f 6581/3459/7072 6574/3452/7072 6598/3476/7072 6595/3473/7072
f 6576/8278/6285 6594/8279/6285 6604/8280/6285 6599/8281/6285
f 6589/3467/6287 6582/3460/6287 6597/3475/6287 6601/3479/6287
f 6593/7445/7073 6590/8282/7073 6603/8283/7073 6605/3483/7073
f 6602/3480/7074 6596/3474/7074 6600/3478/7074 6606/7442/7074
f 6607/7446/6247 46/2/7075 48/3/7075 6610/7447/6247
f 49/6/12 6608/7449/6248 6609/7448/6248 50/7/12
f 6611/8284/7076 6617/7479/7076 6643/3508/7076 6637/8285/7076
f 6613/7451/7077 6629/7461/7078 6627/7458/7078 6618/3492/7077
f 6630/8286/6285 6612/3486/6285 6639/7475/6285 6655/8287/6285
f 6614/3488/6285 6633/8288/6285 6657/8289/6285 6640/7476/6285
f 6631/3497/6259 6616/7453/7079 6622/7456/7079 6635/3500/6259
f 6620/3494/7080 6615/3489/7080 6642/7477/7080 6646/7480/7080
f 6619/7478/6287 6628/8290/6287 6653/8291/6287 6644/3509/6287
f 6636/8292/6287 6621/3495/6287 6648/7481/6287 6660/8293/6287
f 6623/8294/6285 6630/8286/6285 6655/8287/6285 6650/8295/6285
f 6629/7461/7078 6624/7460/7081 6626/7462/7081 6627/7458/7078
f 6624/7460/7081 6632/3498/6260 6634/3499/6260 6626/7462/7081
f 6633/8288/6285 6623/8294/6285 6650/8295/6285 6657/8289/6285
f 6625/8296/6287 6636/8292/6287 6660/8293/6287 6652/8297/6287
f 6628/8290/6287 6625/8296/6287 6652/8297/6287 6653/8291/6287
f 6638/3503/7082 6645/3492/7082 6654/7466/7083 6656/7468/7083
f 6659/3515/6273 6661/3517/6273 6647/3512/7084 6641/3506/7084
f 6656/7468/7083 6654/7466/7083 6651/7472/7085 6649/7469/7085
f 6649/7469/7085 6651/7472/7085 6662/3518/6272 6658/3514/6272
