# Blender 4.5.0
# www.blender.org
o Grass
v 2.297237 -0.039885 2.588856
v 2.587606 -0.007732 2.551774
v 2.272038 0.248711 2.641772
v 2.562406 0.280865 2.604690
v -5.532395 -0.020378 1.714185
v -5.313544 -0.019426 1.724857
v -5.533877 0.198461 1.725047
v -5.315026 0.199413 1.735719
v -6.325603 -0.007782 0.998203
v -6.234653 -0.017165 1.007189
v -6.319795 0.078424 1.029435
v -6.228847 0.069040 1.038422
v -5.331513 -0.038857 1.738811
v -5.069614 -0.005946 1.773558
v -5.361456 0.224612 1.714954
v -5.099557 0.257523 1.749701
v -6.168441 -0.003312 1.095844
v -6.040174 -0.026756 1.127841
v -6.147822 0.128612 1.109849
v -6.019556 0.105169 1.141845
v -5.342360 -0.033946 1.561372
v -5.094647 -0.008963 1.562947
v -5.367379 0.212622 1.585182
v -5.119666 0.237604 1.586757
v -6.213381 -0.008207 1.463533
v -5.943639 -0.037693 1.414020
v -6.180275 0.265060 1.481154
v -5.910534 0.235574 1.431641
v -6.210531 -0.020167 1.038426
v -6.066050 -0.010917 1.017643
v -6.213985 0.120829 1.077165
v -6.069503 0.130079 1.056382
v -6.337529 -0.015316 0.690484
v -6.186737 -0.016423 0.685388
v -6.337624 0.131528 0.655812
v -6.186831 0.130421 0.650717
v -6.364926 -0.014720 1.463145
v -6.212534 -0.018073 1.498382
v -6.363238 0.141536 1.470719
v -6.210847 0.138183 1.505955
v -5.380506 0.010501 2.082899
v -5.154586 -0.051221 2.059580
v -5.318399 0.237516 2.083732
v -5.092480 0.175794 2.060413
v -6.381631 0.013048 1.089576
v -6.115200 -0.058063 1.085144
v -6.311238 0.278418 1.063404
v -6.044807 0.207307 1.058973
v -6.106176 0.007038 1.601295
v -6.016178 -0.032430 1.608006
v -6.067139 0.097217 1.608100
v -5.977139 0.057749 1.614811
v -5.335655 -0.006684 1.922053
v -5.141706 -0.030390 1.950049
v -5.315838 0.187788 1.949443
v -5.121889 0.164081 1.977439
v -5.686117 -0.001311 1.602566
v -5.482115 -0.038281 1.528399
v -5.648986 0.215644 1.596556
v -5.444983 0.178674 1.522389
v -5.685179 -0.023939 1.047984
v -5.461014 -0.016582 1.009792
v -5.687117 0.201302 1.079998
v -5.462952 0.208659 1.041807
v -5.285042 -0.007064 1.186079
v -5.208663 -0.016415 1.183042
v -5.277001 0.066034 1.163224
v -5.200623 0.056683 1.160187
v -5.709715 -0.038425 1.186253
v -5.503409 -0.000483 1.230615
v -5.744939 0.172421 1.169731
v -5.538632 0.210363 1.214092
v -6.021832 0.012826 1.212517
v -5.785681 -0.055584 1.278679
v -5.954878 0.258039 1.227093
v -5.718729 0.189628 1.293255
v -5.315791 -0.008124 1.320240
v -5.195880 -0.020275 1.325294
v -5.305079 0.108905 1.347466
v -5.185168 0.096754 1.352520
v -5.036747 -0.014269 2.009336
v -4.873667 -0.019070 2.010568
v -5.031815 0.146864 1.984204
v -4.868733 0.142063 1.985436
v -6.211556 -0.024956 0.680203
v -6.028127 -0.011360 0.724053
v -6.228992 0.162749 0.694939
v -6.045562 0.176344 0.738789
v -5.642570 0.012817 1.121178
v -5.440296 -0.050719 1.119244
v -5.579038 0.214678 1.134256
v -5.376765 0.151142 1.132322
v -5.862564 0.002806 0.937015
v -5.711871 -0.035903 0.987639
v -5.826262 0.161772 0.950505
v -5.675569 0.123062 1.001130
v -5.653318 -0.017034 1.455854
v -5.369403 -0.029317 1.501159
v -5.653596 0.260265 1.532776
v -5.369681 0.247982 1.578081
v -6.142133 -0.023269 0.958716
v -5.991793 -0.008907 0.943285
v -6.157499 0.127469 0.949302
v -6.007159 0.141831 0.933870
v -6.284861 -0.020749 1.407394
v -6.149882 -0.009505 1.405119
v -6.295655 0.112832 1.427157
v -6.160676 0.124076 1.424883
v -5.931944 -0.007366 1.057300
v -5.781350 -0.024666 1.041120
v -5.917603 0.142100 1.030957
v -5.767010 0.124800 1.014777
v -5.568502 -0.020967 1.838161
v -5.487584 -0.003370 1.842134
v -5.586345 0.059794 1.843862
v -5.505427 0.077391 1.847835
v -5.186919 -0.000045 1.670688
v -5.079376 -0.027128 1.663094
v -5.158940 0.106036 1.688590
v -5.051398 0.078953 1.680996
v -5.111799 0.001324 0.757733
v -4.927162 -0.038120 0.821447
v -5.063192 0.193312 0.735728
v -4.878554 0.153868 0.799442
v -5.657356 -0.007330 1.752136
v -5.473447 -0.028059 1.744132
v -5.638970 0.172097 1.709898
v -5.455061 0.151368 1.701894
v -5.158677 -0.047998 1.933417
v -4.886936 0.002000 1.969654
v -5.208377 0.226146 1.927862
v -4.936636 0.276144 1.964099
v -5.683043 0.002204 1.617206
v -5.590148 -0.027964 1.631845
v -5.655128 0.095668 1.632674
v -5.562233 0.065499 1.647313
v -5.908031 -0.013406 0.704217
v -5.768781 -0.017470 0.704959
v -5.903999 0.125735 0.709776
v -5.764750 0.121671 0.710517
v -5.140884 -0.015446 1.086829
v -4.999146 -0.015609 1.063973
v -5.136210 0.125292 1.114811
v -4.994472 0.125129 1.091954
v -5.269661 -0.013357 1.493201
v -5.031538 -0.028309 1.450404
v -5.245488 0.222111 1.545439
v -5.007363 0.207159 1.502641
v -6.106544 -0.015810 1.799432
v -5.942032 -0.017867 1.838220
v -6.095350 0.148336 1.760653
v -5.930838 0.146280 1.799442
v -6.253503 -0.015701 1.254902
v -6.111608 -0.015322 1.246741
v -6.255125 0.124753 1.233207
v -6.113231 0.125132 1.225046
v -5.408647 -0.032154 1.246213
v -5.256869 -0.000593 1.286208
v -5.443809 0.123687 1.256673
v -5.292031 0.155248 1.296668
v -5.799044 0.004062 1.007704
v -5.634696 -0.037747 1.005387
v -5.757174 0.168283 1.014178
v -5.592828 0.126474 1.011861
v -5.166739 0.015108 0.691509
v -4.945307 -0.055198 0.693501
v -5.096487 0.236511 0.696428
v -4.875055 0.166206 0.698421
v -5.545539 -0.033969 0.830439
v -5.350434 -0.003908 0.779295
v -5.573452 0.167678 0.842479
v -5.378346 0.197739 0.791334
v -5.795311 -0.010476 0.828618
v -5.669782 -0.018352 0.832968
v -5.788926 0.110376 0.863153
v -5.663397 0.102500 0.867504
v -5.261771 -0.023893 0.889709
v -5.018962 -0.018408 0.917631
v -5.262594 0.217246 0.849488
v -5.019784 0.222731 0.877411
v -6.196976 -0.022670 1.919729
v -5.903698 -0.025752 1.958158
v -6.193797 0.273113 1.919187
v -5.900518 0.270032 1.957615
v -5.085034 -0.018012 1.565543
v -4.930480 -0.014365 1.562036
v -5.088060 0.134524 1.590766
v -4.933506 0.138171 1.587259
v -5.496569 -0.016269 0.915319
v -5.226978 -0.029384 0.878697
v -5.486767 0.254794 0.890398
v -5.217177 0.241678 0.853776
v -6.271218 0.003328 0.773184
v -6.185707 -0.028216 0.761495
v -6.241685 0.089011 0.758013
v -6.156174 0.057467 0.746324
v -5.522053 -0.028407 1.311161
v -5.426497 0.002368 1.298392
v -5.553706 0.067549 1.305558
v -5.458151 0.098325 1.292788
v -6.280525 -0.012912 1.891738
v -6.103439 -0.022104 1.892979
v -6.271517 0.163185 1.910556
v -6.094431 0.153993 1.911797
v -6.011656 0.006045 1.923237
v -5.811482 -0.043514 1.921399
v -5.962918 0.204043 1.892419
v -5.762746 0.154485 1.890581
v -5.049924 -0.023255 0.987389
v -4.946081 -0.003716 0.977961
v -5.069408 0.081015 0.988872
v -4.965566 0.100554 0.979444
v -5.493206 -0.020310 1.447586
v -5.247111 -0.021999 1.446901
v -5.491415 0.220893 1.496418
v -5.245319 0.219204 1.495733
v -4.999128 -0.011545 0.838623
v -4.893534 -0.015351 0.840802
v -4.994972 0.092060 0.818174
v -4.889377 0.088254 0.820352
v -5.343688 -0.039108 0.785443
v -5.109729 -0.002858 0.830005
v -5.379923 0.199034 0.781964
v -5.145964 0.235284 0.826526
v -6.419904 0.003807 1.627092
v -6.128036 -0.051862 1.654152
v -6.366364 0.296317 1.651369
v -6.074496 0.240648 1.678429
v -5.124400 -0.007242 1.763972
v -4.859545 -0.037719 1.758135
v -5.093840 0.257643 1.767548
v -4.828986 0.227166 1.761712
v -5.774961 0.016575 1.449686
v -5.538710 -0.058106 1.448540
v -5.701066 0.250835 1.417206
v -5.464816 0.176154 1.416060
v -5.600462 -0.057468 1.185578
v -5.325924 0.011446 1.154383
v -5.672265 0.216887 1.159747
v -5.397727 0.285801 1.128551
v -5.982976 -0.004175 0.734698
v -5.906926 -0.019639 0.744582
v -5.969022 0.071913 0.746374
v -5.892972 0.056449 0.756259
v -5.195415 -0.000889 2.068769
v -5.001543 -0.037243 2.003369
v -5.155631 0.203026 2.073356
v -4.961759 0.166673 2.007956
v -5.392185 0.000603 1.518019
v -5.193010 -0.038041 1.504519
v -5.355895 0.198325 1.487433
v -5.156720 0.159681 1.473934
v -5.537180 -0.030969 1.899877
v -5.376375 -0.002348 1.893382
v -5.565844 0.129959 1.899359
v -5.405037 0.158580 1.892864
v -6.237069 -0.009214 1.676133
v -6.024494 -0.029665 1.676646
v -6.216880 0.201370 1.705346
v -6.004305 0.180919 1.705859
v -5.656870 -0.008917 0.720758
v -5.388482 -0.037369 0.808477
v -5.612819 0.267794 0.675732
v -5.344431 0.239341 0.763451
v -5.848376 -0.007805 1.534000
v -5.601060 -0.034361 1.528088
v -5.824079 0.232122 1.472757
v -5.576761 0.205566 1.466845
v -5.868961 -0.033087 1.469912
v -5.715371 0.000512 1.485282
v -5.901990 0.121222 1.462638
v -5.748400 0.154821 1.478008
v -5.445554 0.007577 1.885200
v -5.177754 -0.052791 1.873037
v -5.384418 0.274715 1.905426
v -5.116617 0.214347 1.893263
v -6.060682 -0.040877 0.938332
v -5.789477 -0.005276 0.875782
v -6.086102 0.234648 0.984940
v -5.814897 0.270249 0.922390
v -5.709490 -0.007727 1.801667
v -5.632472 -0.016007 1.789407
v -5.698422 0.067650 1.820277
v -5.621406 0.059369 1.808018
v -5.796247 -0.007915 0.712894
v -5.531786 -0.036978 0.780815
v -5.751839 0.256369 0.653071
v -5.487378 0.227306 0.720992
v -5.981667 -0.023010 1.728056
v -5.712299 -0.022114 1.730632
v -5.982167 0.243329 1.687689
v -5.712800 0.244226 1.690266
v -5.497030 -0.028861 1.815873
v -5.276426 -0.011125 1.816429
v -5.514775 0.191615 1.823366
v -5.294171 0.209351 1.823921
v -6.137065 -0.013379 1.146148
v -5.928690 -0.024493 1.160848
v -6.130222 0.188216 1.201574
v -5.921848 0.177102 1.216274
v -5.198611 -0.022280 1.811038
v -4.924739 -0.024756 1.893481
v -5.185152 0.261123 1.774838
v -4.911280 0.258647 1.857281
v -5.147674 0.010074 1.137021
v -4.929112 -0.050977 1.215720
v -5.076778 0.238729 1.117509
v -4.858215 0.177678 1.196208
v -5.247997 -0.009688 1.864590
v -5.086926 -0.023360 1.847690
v -5.238154 0.148846 1.830148
v -5.077083 0.135174 1.813248
v -5.852244 -0.034509 1.302270
v -5.661476 -0.002180 1.313933
v -5.884865 0.156523 1.306297
v -5.694096 0.188853 1.317960
v -5.486609 -0.005068 0.978106
v -5.378680 -0.022193 0.993434
v -5.473049 0.101800 1.002028
v -5.365120 0.084674 1.017356
v -6.139042 -0.010674 0.767983
v -6.032660 -0.017168 0.803181
v -6.132580 0.101376 0.769126
v -6.026198 0.094882 0.804324
v -6.195057 -0.038840 1.783772
v -5.989762 0.000187 1.742113
v -6.229194 0.169729 1.810938
v -6.023900 0.208757 1.769279
v -5.455747 -0.010287 1.085362
v -5.338522 -0.017984 1.070694
v -5.445395 0.105593 1.107287
v -5.328170 0.097896 1.092619
v -5.731149 -0.005778 1.905910
v -5.472593 -0.037751 1.937496
v -5.692426 0.246319 1.844118
v -5.433871 0.214347 1.875704
v -6.037699 -0.024014 1.570444
v -5.797339 -0.018083 1.593803
v -6.040418 0.215300 1.537655
v -5.800058 0.221231 1.561014
v -5.568770 -0.011843 1.997051
v -5.401850 -0.023233 2.055562
v -5.561098 0.164794 2.009549
v -5.394177 0.153404 2.068060
v -6.028683 -0.049320 1.214172
v -5.747943 0.003034 1.211137
v -6.079758 0.227394 1.263013
v -5.799019 0.279748 1.259978
v -5.816813 -0.003213 1.648994
v -5.737721 -0.020613 1.650547
v -5.800481 0.072992 1.671060
v -5.721389 0.055592 1.672612
v -5.235705 -0.014286 1.220867
v -4.976590 -0.031880 1.315154
v -5.216696 0.261356 1.220062
v -4.957580 0.243762 1.314348
v -5.606019 -0.020842 1.396267
v -5.486338 -0.007684 1.380245
v -5.615458 0.097313 1.422789
v -5.495778 0.110471 1.406767
v -6.199953 -0.015485 0.875009
v -6.111424 -0.009602 0.862778
v -6.208174 0.071978 0.857569
v -6.119645 0.077861 0.845338
v -5.814469 -0.033402 1.096403
v -5.541598 -0.012422 1.091779
v -5.835195 0.239183 1.110135
v -5.562323 0.260163 1.105510
v -5.060486 0.002059 1.385287
v -4.888206 -0.035983 1.367449
v -5.029229 0.168409 1.332409
v -4.856949 0.130368 1.314570
v -5.816347 -0.042252 1.361875
v -5.555197 -0.002289 1.352502
v -5.856613 0.218882 1.353360
v -5.595462 0.258845 1.343987
v -5.916059 -0.009598 1.554469
v -5.814129 -0.016953 1.553266
v -5.908608 0.090926 1.571349
v -5.806676 0.083572 1.570147
v -5.738224 -0.013480 0.651739
v -5.655609 -0.010761 0.664071
v -5.737198 0.066417 0.627244
v -5.654583 0.069136 0.639576
v -5.916602 -0.007881 1.849825
v -5.710585 -0.031254 1.783190
v -5.882475 0.204989 1.880666
v -5.676459 0.181616 1.814031
v -6.064732 -0.001962 1.070080
v -5.862987 -0.035612 1.087132
v -6.028572 0.196973 1.034848
v -5.826827 0.163323 1.051899
v -5.717052 -0.046057 0.842620
v -5.459711 0.002042 0.866845
v -5.761473 0.210384 0.805337
v -5.504131 0.258483 0.829563
v -6.050909 -0.007331 0.978377
v -5.944734 -0.020258 1.006466
v -6.039188 0.102456 0.984601
v -5.933014 0.089529 1.012690
v -5.975144 -0.007386 1.400451
v -5.687472 -0.040109 1.373995
v -5.940120 0.280125 1.425673
v -5.652448 0.247402 1.399218
v -5.307581 -0.023331 1.009911
v -5.114177 -0.013574 0.976853
v -5.311042 0.169631 1.046618
v -5.117636 0.179388 1.013560
v -5.903968 -0.013075 1.148077
v -5.738849 -0.020383 1.114632
v -5.888016 0.149116 1.191386
v -5.722898 0.141808 1.157941
v -5.367621 -0.007440 1.126281
v -5.268196 -0.018809 1.143530
v -5.352502 0.090385 1.103614
v -5.253078 0.079016 1.120863
v -5.278329 -0.009626 1.091511
v -5.075254 -0.028314 1.092958
v -5.259588 0.192583 1.072775
v -5.056513 0.173895 1.074222
v -5.178556 0.001471 0.908498
v -4.999834 -0.037273 0.862964
v -5.146832 0.184585 0.877211
v -4.968110 0.145841 0.831677
v -5.238486 -0.047768 1.303438
v -4.983512 0.003652 1.267628
v -5.290548 0.209576 1.302270
v -5.035574 0.260996 1.266460
v -5.961242 -0.014266 1.875119
v -5.803062 -0.018553 1.906194
v -5.964629 0.142212 1.913947
v -5.806450 0.137926 1.945023
v -5.550707 0.007129 1.682890
v -5.441641 -0.035172 1.648119
v -5.506738 0.120973 1.682310
v -5.397672 0.078672 1.647540
v -5.687803 0.013447 0.636162
v -5.431886 -0.058483 0.712435
v -5.610916 0.278997 0.628610
v -5.354999 0.207067 0.704883
v -5.538058 -0.015386 2.079532
v -5.291521 -0.026553 2.081817
v -5.527883 0.222513 2.144426
v -5.281347 0.211345 2.146711
v -5.849741 -0.010093 0.789517
v -5.756618 -0.015536 0.793132
v -5.843855 0.082207 0.776846
v -5.750732 0.076764 0.780460
v -5.776737 -0.041738 0.909525
v -5.506633 -0.003818 0.927850
v -5.815651 0.228458 0.923995
v -5.545548 0.266378 0.942320
v -5.704174 -0.009948 1.985299
v -5.549852 -0.022433 1.972216
v -5.689661 0.142620 2.010883
v -5.535340 0.130135 1.997800
v -5.430025 -0.006729 0.945137
v -5.137414 -0.040859 0.955892
v -5.394554 0.281609 0.895095
v -5.101943 0.247479 0.905850
v -6.358828 -0.046604 1.308033
v -6.142021 0.006725 1.343168
v -6.410283 0.172917 1.292356
v -6.193479 0.226246 1.327491
v -5.314004 0.004896 0.508505
v -5.117993 -0.042286 0.531929
v -5.267998 0.202188 0.520920
v -5.071987 0.155007 0.544345
v -5.293441 0.001476 0.141145
v -5.154756 -0.032366 0.155444
v -5.260508 0.140742 0.151327
v -5.121822 0.106900 0.165625
v -5.378323 -0.018319 0.657551
v -5.120046 -0.027530 0.569637
v -5.370592 0.254492 0.651682
v -5.112316 0.245282 0.563768
v -6.112259 -0.007225 0.612809
v -6.029045 -0.017523 0.596550
v -6.103702 0.077204 0.603141
v -6.020486 0.066907 0.586882
v -6.008033 -0.057941 0.011492
v -5.753276 0.014354 0.014384
v -6.080101 0.194680 0.045028
v -5.825345 0.266975 0.047920
v -5.572980 -0.015387 0.011564
v -5.401180 -0.019153 -0.021717
v -5.575636 0.156458 -0.021595
v -5.403836 0.152692 -0.054876
v -5.862917 -0.014813 0.298739
v -5.782166 -0.009494 0.303433
v -5.868667 0.065675 0.306471
v -5.787916 0.070994 0.311164
v -5.101293 -0.007867 0.297807
v -5.008639 -0.017339 0.296403
v -5.091830 0.080648 0.325231
v -4.999175 0.071176 0.323827
v -6.407219 -0.026205 0.405308
v -6.121187 -0.021022 0.406553
v -6.412287 0.258904 0.382287
v -6.126254 0.264087 0.383533
v -6.360641 0.017622 0.054313
v -6.140608 -0.057940 0.007829
v -6.292751 0.241059 0.012460
v -6.072719 0.165497 -0.034024
v -5.742531 -0.066573 0.331127
v -5.469406 0.020513 0.299844
v -5.830288 0.208121 0.329636
v -5.557162 0.295207 0.298352
v -5.325008 -0.006315 0.016321
v -5.227024 -0.019857 0.014262
v -5.311314 0.090828 0.029132
v -5.213331 0.077286 0.027073
v -6.040375 -0.007487 0.561532
v -5.820909 -0.032088 0.598209
v -6.008426 0.209309 0.515764
v -5.788960 0.184708 0.552440
v -5.208799 0.015173 0.140002
v -4.962565 -0.058110 0.076528
v -5.124028 0.261989 0.183899
v -4.877792 0.188705 0.120425
v -5.945500 -0.006550 0.160710
v -5.808801 -0.024644 0.203854
v -5.922417 0.135429 0.147119
v -5.785718 0.117334 0.190264
v -5.616198 -0.020609 0.360282
v -5.342071 -0.024039 0.328480
v -5.603005 0.241481 0.445740
v -5.328879 0.238051 0.413938
v -5.117107 -0.018487 -0.032646
v -4.868936 -0.024222 -0.022544
v -5.109746 0.226290 -0.074531
v -4.861575 0.220554 -0.064428
v -5.173401 -0.022159 -0.094430
v -4.952567 -0.018025 -0.068113
v -5.178502 0.200077 -0.086535
v -4.957667 0.204211 -0.060216
v -5.946709 -0.017569 0.623503
v -5.751418 -0.019956 0.575695
v -5.952028 0.180926 0.591864
v -5.756738 0.178540 0.544055
v -5.559084 -0.034079 -0.086978
v -5.358740 -0.003537 -0.069646
v -5.591572 0.165230 -0.062668
v -5.391228 0.195773 -0.045336
v -5.798141 -0.018932 0.499831
v -5.652089 -0.012731 0.473593
v -5.808681 0.127237 0.475712
v -5.662627 0.133438 0.449475
v -5.334004 -0.015124 0.191220
v -5.250882 -0.009663 0.212278
v -5.342412 0.069649 0.202421
v -5.259289 0.075110 0.223479
v -5.339488 -0.034402 0.070143
v -5.136733 -0.003676 0.046900
v -5.371787 0.169033 0.057322
v -5.169033 0.199760 0.034078
v -6.322599 -0.004025 0.341512
v -6.050224 -0.042709 0.262355
v -6.297290 0.276688 0.291414
v -6.024915 0.238004 0.212256
v -5.321671 0.009713 0.258801
v -5.198556 -0.039003 0.234401
v -5.276500 0.134689 0.237195
v -5.153385 0.085972 0.212796
v -5.456694 0.007129 0.506638
v -5.258616 -0.044663 0.491770
v -5.404678 0.205702 0.507896
v -5.206600 0.153910 0.493028
v -6.241854 0.013041 0.008025
v -5.977235 -0.058922 0.076265
v -6.169702 0.286144 0.016237
v -5.905082 0.214181 0.084477
v -5.919008 -0.005718 0.249072
v -5.657866 -0.038775 0.186606
v -5.902863 0.254984 0.178614
v -5.641719 0.221927 0.116148
v -5.090491 -0.022087 0.445951
v -4.946271 -0.009389 0.455798
v -5.103452 0.122404 0.449425
v -4.959231 0.135102 0.459271
v -6.289831 0.009274 0.184012
v -6.015033 -0.055263 0.240451
v -6.240433 0.283342 0.256888
v -5.965634 0.218805 0.313327
v -6.120351 -0.019289 0.628206
v -5.948722 -0.015527 0.660173
v -6.125828 0.155020 0.637094
v -5.954199 0.158782 0.669061
v -6.079182 0.008492 0.174721
v -5.838287 -0.050718 0.157680
v -6.018754 0.248960 0.193430
v -5.777859 0.189750 0.176389
v -5.086176 0.001356 0.064406
v -4.973241 -0.029283 0.075723
v -5.054585 0.114166 0.054553
v -4.941648 0.083528 0.065870
v -6.151863 0.007206 0.323518
v -5.941558 -0.045917 0.311165
v -6.097671 0.216290 0.346973
v -5.887365 0.163167 0.334619
v -5.633369 -0.013328 0.120779
v -5.413301 -0.027784 0.052159
v -5.619492 0.217192 0.116726
v -5.399422 0.202736 0.048106
v -5.203229 -0.017829 0.217359
v -5.029543 -0.016789 0.197561
v -5.201074 0.154718 0.245332
v -5.027388 0.155759 0.225533
v -5.250027 -0.004499 0.259459
v -5.126258 -0.023981 0.269833
v -5.228281 0.113254 0.221159
v -5.104513 0.093772 0.231533
v -5.901690 -0.002807 0.160091
v -5.713085 -0.034376 0.100389
v -5.862597 0.192636 0.180244
v -5.673993 0.161068 0.120542
v -5.071034 0.005885 0.361712
v -4.833031 -0.048753 0.436840
v -5.007022 0.252083 0.337972
v -4.769019 0.197446 0.413101
v -6.142960 -0.005583 0.160146
v -5.911997 -0.033999 0.158777
v -6.116755 0.211279 0.079909
v -5.885790 0.182862 0.078540
v -5.204046 -0.020185 0.350537
v -5.045357 -0.012837 0.354192
v -5.211101 0.138112 0.338629
v -5.052413 0.145459 0.342284
v -6.055676 -0.014692 0.228208
v -5.960439 -0.011190 0.238708
v -6.060813 0.079858 0.243263
v -5.965575 0.083360 0.253763
v -5.204518 -0.019808 0.169949
v -5.097134 -0.007281 0.162782
v -5.218232 0.085525 0.148579
v -5.110847 0.098051 0.141412
v -5.139803 -0.003809 0.413107
v -5.041647 -0.023046 0.380882
v -5.122686 0.099437 0.403609
v -5.024531 0.080200 0.371384
v -5.091943 0.027183 0.592183
v -4.851039 -0.069308 0.593127
v -4.995883 0.266747 0.565206
v -4.754979 0.170256 0.566151
v -5.072965 0.028884 0.093930
v -4.817088 -0.072694 0.118091
v -4.976332 0.283492 0.140961
v -4.720455 0.181915 0.165122
v -6.040067 -0.009921 -0.017921
v -5.889349 -0.022733 0.020308
v -6.030691 0.145093 -0.002934
v -5.879973 0.132280 0.035295
v -5.050195 -0.016051 0.356012
v -4.917184 -0.014144 0.348671
v -5.051749 0.117012 0.362435
v -4.918737 0.118919 0.355094
v -5.256558 -0.008354 0.080276
v -5.084292 -0.025946 0.061997
v -5.235733 0.161356 0.113200
v -5.063468 0.143763 0.094921
v -6.055951 -0.007473 0.072834
v -5.926911 -0.022092 0.066676
v -6.042565 0.119955 0.050791
v -5.913526 0.105336 0.044633
v 6.107009 -0.036599 2.048737
v 6.267583 0.003092 2.077666
v 6.065652 0.126019 2.055183
v 6.226226 0.165710 2.084113
v 6.099578 -0.025914 2.400928
v 6.253778 -0.007059 2.361688
v 6.076506 0.131949 2.386116
v 6.230705 0.150805 2.346876
v 5.683286 -0.021193 2.273847
v 5.957986 -0.024674 2.316198
v 5.678691 0.251783 2.326084
v 5.953391 0.248302 2.368435
v 6.168830 -0.019557 2.270474
v 6.259989 -0.005858 2.281183
v 6.157321 0.070823 2.252831
v 6.248479 0.084522 2.263539
v 6.443676 -0.011903 2.218594
v 6.615796 -0.023354 2.265009
v 6.455409 0.166345 2.219063
v 6.627528 0.154895 2.265477
v 5.785724 -0.010706 2.225705
v 5.873700 -0.014554 2.211203
v 5.790399 0.078292 2.230447
v 5.878375 0.074443 2.215945
v 5.368059 0.011488 1.858503
v 5.631986 -0.055180 1.867549
v 5.434640 0.265044 1.784610
v 5.698567 0.198376 1.793657
v 6.669084 -0.031036 2.581289
v 6.873861 -0.006872 2.593240
v 6.647458 0.170883 2.543585
v 6.852236 0.195046 2.555536
v 6.085682 -0.005830 2.309253
v 6.186791 -0.021476 2.345166
v 6.099426 0.101428 2.317286
v 6.200536 0.085782 2.353199
v 6.305140 0.007397 2.432528
v 6.501020 -0.044259 2.412925
v 6.351218 0.199976 2.385501
v 6.547099 0.148320 2.365898
v 5.993340 -0.022749 2.133023
v 6.223909 -0.018479 2.102160
v 5.986159 0.208800 2.111422
v 6.216729 0.213071 2.080559
v 6.570744 -0.023562 2.428188
v 6.854575 -0.023275 2.421177
v 6.571346 0.258070 2.464136
v 6.855177 0.258357 2.457125
v 6.769172 -0.019241 2.133220
v 6.981452 -0.018709 2.104936
v 6.777956 0.183053 2.202957
v 6.990236 0.183585 2.174672
v 6.396436 -0.016637 2.363733
v 6.568086 -0.017613 2.374207
v 6.399246 0.152623 2.333443
v 6.570897 0.151647 2.343916
v 6.051764 -0.017915 1.894633
v 6.203487 -0.014523 1.915257
v 6.047953 0.135166 1.897493
v 6.199676 0.138559 1.918117
v 5.581814 0.009899 2.010906
v 5.804000 -0.049890 2.050202
v 5.630738 0.230410 2.069786
v 5.852924 0.170621 2.109081
v 5.504970 0.003336 2.541137
v 5.632940 -0.033736 2.498494
v 5.539963 0.138223 2.528887
v 5.667933 0.101151 2.486244
v 6.108598 0.001173 1.964790
v 6.219711 -0.028973 1.952120
v 6.137815 0.112851 1.955311
v 6.248930 0.082706 1.942641
v 5.502398 0.015062 1.888423
v 5.651702 -0.047067 1.883291
v 5.564147 0.164278 1.878422
v 5.713451 0.102148 1.873290
v 6.118379 0.018826 2.027946
v 6.357748 -0.060910 2.018758
v 6.198464 0.258018 2.038592
v 6.437833 0.178282 2.029404
v 6.366549 0.009635 2.576793
v 6.553680 -0.045880 2.580943
v 6.422168 0.196696 2.571139
v 6.609300 0.141181 2.575289
v 5.532424 0.018331 2.363166
v 5.716413 -0.054238 2.358263
v 5.604997 0.202382 2.362382
v 5.788986 0.129813 2.357480
v 5.634123 0.006931 2.142211
v 5.790319 -0.039727 2.136759
v 5.680810 0.163213 2.142303
v 5.837006 0.116555 2.136851
v 6.523523 0.010628 1.871340
v 6.798370 -0.056673 1.874257
v 6.590889 0.285185 1.858738
v 6.865734 0.217884 1.861655
v 6.743075 0.026738 2.208538
v 6.922131 -0.062512 2.246010
v 6.829178 0.209595 2.232627
v 7.008234 0.120345 2.270099
v 5.822515 -0.002969 2.248804
v 6.006776 -0.032778 2.245312
v 5.852525 0.179656 2.273304
v 6.036785 0.149846 2.269811
v 6.275606 -0.006568 2.395098
v 6.380700 -0.020298 2.394444
v 6.288985 0.096765 2.375682
v 6.394079 0.083035 2.375028
v 5.536229 -0.035987 2.565183
v 5.686792 0.003759 2.579129
v 5.496656 0.115222 2.561483
v 5.647220 0.154967 2.575429
v 5.911018 0.007272 2.475377
v 6.165714 -0.051901 2.544397
v 5.959099 0.269192 2.522506
v 6.213794 0.210019 2.591526
v 6.305975 -0.015072 2.489482
v 6.391085 -0.009860 2.507842
v 6.298162 0.070998 2.501271
v 6.383272 0.076209 2.519631
v 5.599286 0.027707 2.467397
v 5.800521 -0.065484 2.443228
v 5.694597 0.228452 2.486935
v 5.895832 0.135261 2.462765
v 6.585282 -0.030634 1.829355
v 6.804029 -0.010490 1.756147
v 6.564714 0.199993 1.831355
v 6.783461 0.220136 1.758146
v 5.475872 -0.024120 2.100061
v 5.648085 -0.010174 2.089466
v 5.464124 0.145528 2.132399
v 5.636337 0.159474 2.121804
v 5.862310 -0.016216 2.467010
v 6.028067 -0.017199 2.456599
v 5.860918 0.145587 2.429564
v 6.026674 0.144605 2.419154
v 6.822017 -0.021697 2.528539
v 6.950351 -0.008451 2.562400
v 6.808000 0.110943 2.529778
v 6.936333 0.124189 2.563639
v 6.019749 0.005852 2.210616
v 6.115723 -0.032172 2.232756
v 6.057383 0.104315 2.216588
v 6.153356 0.066291 2.238727
v 6.777612 -0.000948 1.794128
v 6.913873 -0.029369 1.814039
v 6.800414 0.133200 1.829567
v 6.936676 0.104779 1.849478
v 6.485050 -0.004048 1.837260
v 6.592480 -0.023900 1.800973
v 6.506872 0.108948 1.840046
v 6.614302 0.089096 1.803759
v 5.496202 -0.021601 2.427185
v 5.608642 -0.006656 2.398494
v 5.483779 0.094157 2.438802
v 5.596220 0.109102 2.410111
v 5.892925 -0.011202 2.135941
v 6.016198 -0.017145 2.144994
v 5.895497 0.105352 2.177438
v 6.018770 0.099409 2.186491
v 5.452454 -0.014714 2.482630
v 5.536105 -0.010194 2.503888
v 5.450262 0.071148 2.472998
v 5.533914 0.075668 2.494256
v 5.744557 0.001545 2.489964
v 5.854097 -0.029784 2.528544
v 5.777800 0.117145 2.489454
v 5.887340 0.085816 2.528034
v 6.809913 -0.001392 1.983908
v 7.053422 -0.040665 1.952071
v 6.840365 0.237566 1.922063
v 7.083876 0.198293 1.890227
v 5.501255 -0.024442 1.985069
v 5.585689 -0.000401 1.997065
v 5.477307 0.060834 1.982722
v 5.561742 0.084875 1.994717
v 6.215421 -0.014796 2.144046
v 6.308772 -0.011339 2.116182
v 6.209025 0.082018 2.134629
v 6.302376 0.085475 2.106764
v 5.968823 -0.027926 2.291336
v 6.154213 -0.007849 2.307486
v 5.946158 0.154944 2.324167
v 6.131548 0.175022 2.340317
v 6.446418 -0.000133 2.582448
v 6.704492 -0.044150 2.530663
v 6.498405 0.258693 2.621531
v 6.756479 0.214677 2.569746
v 5.548872 0.008151 1.817625
v 5.758973 -0.046861 1.850862
v 5.608602 0.217225 1.786102
v 5.818703 0.162214 1.819339
v 5.760572 -0.026703 2.124788
v 5.977971 -0.012827 2.104480
v 5.744169 0.189697 2.097055
v 5.961568 0.203573 2.076746
v 6.007588 -0.016338 1.871434
v 6.094779 -0.008714 1.884581
v 5.998119 0.070801 1.883701
v 6.085310 0.078425 1.896847
v 6.648798 -0.029129 1.968808
v 6.912926 -0.015601 1.938158
v 6.630858 0.233693 1.930211
v 6.894988 0.247220 1.899561
v 5.984159 -0.021067 2.517244
v 6.251760 -0.024199 2.556261
v 5.981607 0.246544 2.556231
v 6.249208 0.243412 2.595248
v 6.206297 -0.023638 2.095082
v 6.471531 -0.021201 2.063120
v 6.198852 0.240152 2.053412
v 6.464087 0.242589 2.021451
v 6.354157 -0.018244 2.082000
v 6.477768 -0.011441 2.122449
v 6.341519 0.110260 2.099009
v 6.465130 0.117062 2.139458
v 5.812257 -0.034911 1.908239
v 5.966951 0.002228 1.894759
v 5.775453 0.120354 1.913665
v 5.930147 0.157494 1.900185
v 6.508655 -0.013167 2.467733
v 6.610421 -0.013502 2.441419
v 6.502198 0.088408 2.441469
v 6.603964 0.088073 2.415155
v 6.150469 -0.029201 1.878674
v 6.413202 -0.016744 1.956725
v 6.134261 0.244468 1.889557
v 6.396994 0.256925 1.967608
v 6.174259 -0.031505 2.574871
v 6.371173 -0.006435 2.528904
v 6.149573 0.170699 2.579404
v 6.346487 0.195769 2.533436
v 6.352422 -0.010664 1.929760
v 6.591781 -0.030529 1.952123
v 6.365312 0.220578 1.997202
v 6.604671 0.200713 2.019565
v 5.920065 -0.017424 1.923275
v 6.028264 -0.010049 1.941495
v 5.915271 0.091334 1.907719
v 6.023470 0.098710 1.925939
v 6.617152 -0.002228 2.290441
v 6.728853 -0.025609 2.298828
v 6.640579 0.109777 2.290673
v 6.752279 0.086396 2.299061
v 5.535175 -0.003160 1.950236
v 5.699671 -0.030715 1.927297
v 5.561347 0.162746 1.938632
v 5.725843 0.135191 1.915693
v 5.453264 -0.046177 2.324588
v 5.731726 -0.000496 2.288303
v 5.410577 0.233986 2.349699
v 5.689038 0.279667 2.313414
v 5.651616 -0.010049 1.926822
v 5.814978 -0.023099 1.925606
v 5.664618 0.149374 1.962516
v 5.827979 0.136324 1.961300
v 6.237990 -0.012938 2.162926
v 6.511753 -0.034408 2.258972
v 6.273798 0.273240 2.124831
v 6.547560 0.251771 2.220877
v 5.923715 -0.000765 2.392278
v 6.115231 -0.035414 2.427078
v 5.966506 0.185721 2.342462
v 6.158021 0.151072 2.377262
v 6.685552 -0.018367 2.532644
v 6.779404 -0.007234 2.534116
v 6.674925 0.073678 2.513963
v 6.768777 0.084812 2.515435
v 6.647956 -0.023919 1.897875
v 6.836283 -0.012464 1.898755
v 6.636487 0.164379 1.901209
v 6.824814 0.175835 1.902089
v 5.848755 0.012446 2.375835
v 6.111437 -0.056950 2.338921
v 5.909350 0.273246 2.316744
v 6.172032 0.203850 2.279829
v 6.109478 -0.028494 1.858575
v 6.301114 -0.008311 1.845795
v 6.089370 0.163568 1.860366
v 6.281006 0.183750 1.847587
v 6.491565 -0.008418 2.019293
v 6.606958 -0.019538 2.038293
v 6.497293 0.104642 2.050676
v 6.612686 0.093522 2.069675
v 6.028492 -0.014947 1.794989
v 6.130673 -0.011823 1.804603
v 6.025913 0.087531 1.789093
v 6.128094 0.090656 1.798708
v -5.459731 -0.014749 2.394642
v -5.215823 -0.027741 2.398897
v -5.447209 0.228076 2.418252
v -5.203301 0.215084 2.422507
v -5.576936 -0.031628 2.248435
v -5.326128 -0.011824 2.190871
v -5.583482 0.219781 2.306408
v -5.332675 0.239585 2.248844
v -6.259153 -0.019338 2.343025
v -5.987645 -0.025510 2.335181
v -6.255020 0.244539 2.278462
v -5.983512 0.238367 2.270618
v -5.720617 -0.015321 2.299084
v -5.641780 -0.009103 2.319884
v -5.726770 0.066212 2.298028
v -5.647932 0.072431 2.318827
v -5.156584 -0.021130 2.561841
v -4.986740 -0.013922 2.514015
v -5.164437 0.155287 2.560543
v -4.994593 0.162495 2.512717
v -5.631180 -0.010548 2.455316
v -5.467494 -0.023203 2.418068
v -5.626167 0.154260 2.421350
v -5.462481 0.141605 2.384103
v -6.321559 -0.021072 2.283379
v -6.188427 -0.009129 2.279960
v -6.333381 0.112034 2.288028
v -6.200248 0.123977 2.284608
v -5.583369 -0.005211 2.330680
v -5.498627 -0.019334 2.330416
v -5.569540 0.077409 2.349743
v -5.484798 0.063286 2.349479
v -5.483463 -0.019580 2.261798
v -5.244237 -0.022254 2.277114
v -5.478513 0.217387 2.225837
v -5.239286 0.214714 2.241153
v -5.598131 -0.021036 2.606362
v -5.463338 -0.009366 2.612158
v -5.609849 0.113874 2.607228
v -5.475056 0.125544 2.613023
v -5.558949 -0.002554 2.139462
v -5.277616 -0.043490 2.174267
v -5.528358 0.271997 2.215107
v -5.247024 0.231060 2.249911
v -5.349006 -0.021073 2.449931
v -5.182979 -0.012789 2.458900
v -5.356579 0.144726 2.436997
v -5.190552 0.153009 2.445966
v -5.712368 -0.008835 2.516076
v -5.563576 -0.023122 2.538697
v -5.701827 0.139948 2.540721
v -5.553036 0.125661 2.563341
v -5.370371 -0.009479 2.515473
v -5.095366 -0.037240 2.455528
v -5.338573 0.271104 2.531408
v -5.063567 0.243343 2.471463
v -5.540011 -0.035199 2.357443
v -5.256165 -0.012414 2.294926
v -5.554588 0.253357 2.396425
v -5.270741 0.276142 2.333907
v -6.063625 -0.005711 2.458178
v -5.972278 -0.019131 2.461746
v -6.049817 0.079556 2.425374
v -5.958469 0.066136 2.428941
v -5.478651 -0.019847 2.425847
v -5.335893 -0.011344 2.427325
v -5.486948 0.122110 2.410557
v -5.344190 0.130612 2.412035
v -6.019443 -0.025970 2.394410
v -5.801362 -0.013643 2.409936
v -6.033470 0.191166 2.419046
v -5.815390 0.203494 2.434572
v -6.106836 -0.013660 2.422756
v -5.997872 -0.013580 2.411133
v -6.109574 0.093011 2.397815
v -6.000610 0.093091 2.386192
v -6.260823 -0.034864 2.470306
v -6.017539 -0.008492 2.532345
v -6.290306 0.215693 2.479411
v -6.047023 0.242065 2.541450
v -6.230338 0.022949 2.311744
v -6.007854 -0.063406 2.343193
v -6.145344 0.247620 2.327373
v -5.922859 0.161266 2.358821
v -5.467341 0.008000 2.121201
v -5.230278 -0.049769 2.152432
v -5.415559 0.244387 2.165383
v -5.178494 0.186618 2.196615
v -5.786525 -0.006052 2.209157
v -5.684292 -0.021247 2.176689
v -5.770975 0.101156 2.207945
v -5.668742 0.085960 2.175477
v -5.711082 -0.000985 2.601038
v -5.636701 -0.022480 2.600951
v -5.690011 0.071987 2.586014
v -5.615630 0.050492 2.585927
v -5.941658 -0.049758 2.023467
v -5.680030 0.005461 2.008078
v -5.998545 0.209200 1.985522
v -5.736917 0.264419 1.970134
v -5.492002 -0.002325 2.548926
v -5.361433 -0.027653 2.565705
v -5.468500 0.128797 2.563968
v -5.337931 0.103469 2.580746
v -5.648734 -0.014207 2.511190
v -5.520118 -0.015576 2.496144
v -5.648026 0.115166 2.505473
v -5.519410 0.113797 2.490427
v -5.718724 -0.032840 2.089893
v -5.483060 -0.008859 2.062906
v -5.739420 0.202924 2.118673
v -5.503755 0.226905 2.091686
v -6.047248 -0.006806 2.489738
v -5.847849 -0.029718 2.479227
v -6.028852 0.182753 2.425521
v -5.829453 0.159842 2.415010
v -5.049269 -0.029258 2.373703
v -4.897805 -0.003035 2.387634
v -5.074408 0.122524 2.361322
v -4.922945 0.148747 2.375252
v -5.306297 -0.007449 2.548586
v -5.122882 -0.028325 2.548110
v -5.285447 0.175421 2.562763
v -5.102032 0.154545 2.562287
v -5.276580 0.002933 2.296239
v -5.171958 -0.029686 2.314145
v -5.240605 0.105257 2.272445
v -5.135983 0.072638 2.290350
v -5.382739 -0.022594 2.630195
v -5.114348 -0.022668 2.601501
v -5.386446 0.244975 2.594841
v -5.118054 0.244902 2.566148
v -6.163590 -0.021360 2.560404
v -5.975502 -0.014974 2.590494
v -6.174784 0.166502 2.590505
v -5.986696 0.172888 2.620595
v -5.941884 0.008518 2.044610
v -5.832660 -0.035964 2.030332
v -5.895790 0.117041 2.059126
v -5.786566 0.072559 2.044848
v -5.600100 0.004000 2.132448
v -5.379729 -0.043960 2.133470
v -5.552135 0.224239 2.124790
v -5.331763 0.176279 2.125811
v -5.939590 0.028013 2.321530
v -5.716772 -0.068213 2.311264
v -5.844627 0.250391 2.298232
v -5.621809 0.154165 2.287966
v -5.167235 0.018959 2.430274
v -4.950385 -0.058565 2.415097
v -5.089159 0.236038 2.437010
v -4.872308 0.158514 2.421833
v -6.351821 0.002116 2.343926
v -6.181490 -0.036475 2.347874
v -6.313109 0.172356 2.337855
v -6.142778 0.133765 2.341803
v -6.335000 0.018909 1.927567
v -6.166630 -0.053291 1.954057
v -6.263712 0.189350 1.939014
v -6.095343 0.117150 1.965504
v -5.667709 -0.006971 2.354308
v -5.555391 -0.020793 2.364706
v -5.655794 0.104382 2.373625
v -5.543476 0.090560 2.384022
v -5.353069 -0.006709 2.180524
v -5.200152 -0.026400 2.228207
v -5.328768 0.152365 2.168287
v -5.175852 0.132674 2.215969
v -6.026775 -0.020156 2.581697
v -5.831320 -0.017496 2.533806
v -6.023298 0.179475 2.606974
v -5.827844 0.182135 2.559083
v -5.168908 -0.017571 2.315474
v -4.993723 -0.016745 2.288848
v -5.162103 0.152279 2.365512
v -4.986918 0.153105 2.338887
v -2.919940 -0.018254 2.305442
v -2.825762 -0.007321 2.319648
v -2.926557 0.073559 2.278654
v -2.832379 0.084491 2.292861
v -3.898789 -0.011315 2.394123
v -3.635782 -0.035043 2.488942
v -3.864660 0.266037 2.368860
v -3.601652 0.242308 2.463679
v -2.538513 -0.023889 2.621520
v -2.316271 -0.016143 2.572703
v -2.534121 0.196984 2.676565
v -2.311880 0.204730 2.627749
v -2.274966 -0.016639 2.580297
v -2.109721 -0.016583 2.578605
v -2.275440 0.143434 2.539247
v -2.110195 0.143490 2.537555
v -4.885386 -0.042365 2.302741
v -4.613195 -0.003564 2.329896
v -4.923708 0.231162 2.296042
v -4.651518 0.269962 2.323198
v -2.067628 -0.017634 2.473788
v -1.893815 -0.017726 2.424523
v -2.073859 0.161534 2.451472
v -1.900046 0.161443 2.402207
v -4.320233 0.001322 2.365523
v -4.246265 -0.025014 2.351298
v -4.295858 0.076329 2.353399
v -4.221890 0.049993 2.339174
v -3.303815 -0.035498 2.512916
v -3.142740 0.001989 2.490073
v -3.341483 0.127142 2.514213
v -3.180408 0.164629 2.491370
v -2.728627 -0.011081 2.511621
v -2.595796 -0.018851 2.523843
v -2.723486 0.119633 2.538845
v -2.590654 0.111863 2.551067
v -3.311759 -0.007681 2.208806
v -3.233894 -0.016294 2.209418
v -3.303126 0.069843 2.201527
v -3.225261 0.061230 2.202139
v -3.473396 -0.013200 2.514873
v -3.353327 -0.015492 2.510003
v -3.470663 0.106445 2.525974
v -3.350594 0.104152 2.521104
v -4.462563 -0.010454 2.487365
v -4.382961 -0.013602 2.475405
v -4.462341 0.067800 2.468249
v -4.382740 0.064653 2.456288
v -2.156878 -0.021419 2.235827
v -2.061622 -0.004548 2.239578
v -2.173810 0.073891 2.237116
v -2.078554 0.090762 2.240867
v -3.170292 0.001581 2.313119
v -2.955038 -0.040806 2.359199
v -3.141343 0.215255 2.374440
v -2.926089 0.172868 2.420520
v -4.383818 -0.029556 2.582529
v -4.223976 -0.003739 2.599968
v -4.409956 0.131175 2.584156
v -4.250114 0.156992 2.601595
v -3.017525 -0.001731 2.224302
v -2.780257 -0.039904 2.214809
v -2.978420 0.233461 2.255910
v -2.741152 0.195288 2.246417
v -4.970233 -0.004230 2.247770
v -4.886863 -0.020358 2.261915
v -4.951872 0.078772 2.234193
v -4.868503 0.062643 2.248338
v -2.881867 -0.032957 2.287055
v -2.650548 -0.007705 2.288794
v -2.906236 0.193549 2.239624
v -2.674919 0.218800 2.241363
v -2.879180 -0.011752 2.573436
v -2.727258 -0.020855 2.602818
v -2.871515 0.142843 2.581696
v -2.719592 0.133740 2.611078
v -3.563913 0.013502 2.273050
v -3.294487 -0.059096 2.234066
v -3.488007 0.284031 2.293863
v -3.218580 0.211434 2.254880
v -2.704432 -0.000134 2.421870
v -2.575850 -0.029549 2.433116
v -2.674165 0.128354 2.411881
v -2.545583 0.098939 2.423126
v -3.387678 -0.027135 2.573803
v -3.248092 -0.004019 2.546256
v -3.412922 0.114491 2.564735
v -3.273336 0.137607 2.537188
v -3.612734 -0.005295 2.560710
v -3.404309 -0.033882 2.513884
v -3.587718 0.207943 2.541877
v -3.379293 0.179356 2.495051
v -2.822938 -0.053859 2.332616
v -2.541123 0.007437 2.331047
v -2.883119 0.224062 2.380755
v -2.601305 0.285358 2.379186
v -4.260900 0.005997 2.617762
v -3.980829 -0.051865 2.604502
v -4.201539 0.278977 2.680387
v -3.921467 0.221116 2.667126
v -2.735235 -0.005972 2.258361
v -2.614048 -0.022893 2.267274
v -2.717741 0.115211 2.250567
v -2.596554 0.098290 2.259480
v -3.986046 -0.027265 2.563543
v -3.777780 -0.011396 2.548299
v -4.001226 0.181379 2.573355
v -3.792959 0.197249 2.558111
v -3.191887 -0.008033 2.299614
v -2.908699 -0.038922 2.242171
v -3.174240 0.274654 2.234601
v -2.891052 0.243764 2.177158
v -3.177782 -0.018647 2.539949
v -3.083782 -0.007281 2.555373
v -3.190192 0.076311 2.545608
v -3.096192 0.087677 2.561032
v -4.110279 -0.001998 2.570090
v -4.033155 -0.021915 2.565411
v -4.090054 0.074976 2.575795
v -4.012930 0.055059 2.571115
v -4.995382 0.003816 2.600483
v -4.748099 -0.046756 2.619385
v -4.943331 0.250663 2.579976
v -4.696048 0.200091 2.598879
v -3.120290 -0.033385 2.641253
v -2.857993 -0.011535 2.596615
v -3.146532 0.231132 2.616529
v -2.884235 0.252981 2.571891
v -2.098937 -0.010713 2.285111
v -1.935042 -0.022811 2.280688
v -2.086400 0.152071 2.304387
v -1.922505 0.139973 2.299964
v -4.065712 -0.011245 2.604035
v -3.796266 -0.033170 2.609906
v -4.043015 0.248760 2.533333
v -3.773570 0.226835 2.539204
v -2.845924 -0.032316 2.546438
v -2.662465 -0.003474 2.539737
v -2.875195 0.150689 2.532768
v -2.691735 0.179531 2.526068
v -2.378808 0.003326 2.297554
v -2.220845 -0.036738 2.255713
v -2.346539 0.165105 2.264473
v -2.188576 0.125041 2.222632
v -3.055602 -0.030471 2.392238
v -2.875882 -0.004991 2.378812
v -3.080442 0.149603 2.401479
v -2.900722 0.175083 2.388053
v -4.178386 -0.005445 2.372990
v -4.011799 -0.027860 2.384567
v -4.159993 0.155383 2.419722
v -3.993406 0.132967 2.431298
v -3.887545 -0.028475 2.261304
v -3.711589 -0.006656 2.289558
v -3.905827 0.148654 2.238368
v -3.729871 0.170473 2.266622
v -3.816860 -0.010720 2.429963
v -3.621848 -0.027863 2.357754
v -3.800171 0.197223 2.425664
v -3.605161 0.180080 2.353456
v -3.733840 -0.043712 2.489872
v -3.463797 -0.000920 2.481911
v -3.773340 0.218231 2.558019
v -3.503296 0.261023 2.550059
v -3.605182 -0.001638 2.284592
v -3.436359 -0.031965 2.266001
v -3.571046 0.161843 2.327895
v -3.402223 0.131516 2.309304
v -2.348208 -0.013089 2.183284
v -2.131931 -0.026391 2.183399
v -2.334920 0.202861 2.171376
v -2.118643 0.189559 2.171491
v -4.934171 0.026282 2.574834
v -4.719373 -0.065540 2.553524
v -4.846652 0.240245 2.535042
v -4.631855 0.148423 2.513732
v -3.974742 -0.031453 2.383305
v -3.833945 0.000236 2.357921
v -4.008615 0.110735 2.372931
v -3.867817 0.142424 2.347548
v -4.296736 -0.009794 2.449198
v -4.174119 -0.019106 2.451460
v -4.287820 0.111701 2.466120
v -4.165203 0.102389 2.468382
v -3.239269 -0.015647 2.354103
v -3.071577 -0.017815 2.376359
v -3.230900 0.146581 2.306853
v -3.063210 0.144413 2.329110
v -4.316992 -0.007220 2.561246
v -4.201983 -0.021334 2.526362
v -4.297664 0.111184 2.577063
v -4.182655 0.097070 2.542179
v -3.256623 0.004559 2.592758
v -3.104903 -0.036687 2.598240
v -3.215014 0.154879 2.572200
v -3.063295 0.113633 2.577682
v -4.163873 -0.033058 2.489059
v -3.927543 -0.008872 2.461156
v -4.188851 0.204769 2.483643
v -3.952522 0.228955 2.455739
v -2.458209 -0.011707 2.361382
v -2.349175 -0.015523 2.374844
v -2.457800 0.094878 2.388282
v -2.348766 0.091062 2.401745
v -2.940355 -0.024544 2.233916
v -2.781033 -0.008467 2.246328
v -2.954456 0.133652 2.210013
v -2.795134 0.149729 2.222426
v -4.715563 -0.006089 2.173739
v -4.461894 -0.037986 2.216846
v -4.686362 0.250885 2.192054
v -4.432693 0.218987 2.235161
v -2.738987 -0.028090 2.402484
v -2.442880 -0.020626 2.361150
v -2.748923 0.270317 2.385204
v -2.452815 0.277782 2.343870
v -2.382184 -0.016548 2.210825
v -2.283659 -0.009811 2.199132
v -2.387795 0.082267 2.220476
v -2.289271 0.089005 2.208783
v -2.919395 -0.003338 2.413089
v -2.735811 -0.031836 2.399819
v -2.895537 0.174169 2.361969
v -2.711953 0.145672 2.348700
v -4.883116 -0.039201 2.461141
v -4.708903 0.004341 2.476681
v -4.925674 0.135504 2.448734
v -4.751462 0.179047 2.464274
v -4.166775 -0.004420 2.216593
v -3.884761 -0.042380 2.211863
v -4.128573 0.276882 2.236717
v -3.846560 0.238922 2.231987
v -3.321373 0.002653 2.236452
v -3.157502 -0.036046 2.253988
v -3.280110 0.164265 2.207511
v -3.116239 0.125566 2.225047
v -2.393474 0.010713 2.537483
v -2.186014 -0.048758 2.519812
v -2.331630 0.213860 2.579853
v -2.124171 0.154389 2.562182
v -3.698276 -0.003178 2.582571
v -3.414437 -0.043906 2.582892
v -3.657547 0.280660 2.582003
v -3.373709 0.239932 2.582324
v -3.734671 -0.051336 2.309490
v -3.507863 0.010997 2.292448
v -3.792552 0.172282 2.357052
v -3.565745 0.234615 2.340010
v -4.201009 -0.003281 2.435308
v -4.083733 -0.025074 2.418755
v -4.176830 0.113352 2.453055
v -4.059555 0.091558 2.436502
v -4.903613 0.004766 2.184208
v -4.653069 -0.048128 2.235370
v -4.842439 0.255379 2.143735
v -4.591896 0.202485 2.194897
v -4.648365 -0.028671 2.344630
v -4.476189 -0.005440 2.338980
v -4.672269 0.139352 2.307036
v -4.500093 0.162583 2.301385
v -4.654852 -0.017260 2.431922
v -4.379759 -0.028838 2.434194
v -4.643330 0.257772 2.438270
v -4.368237 0.246194 2.440542
v -4.492917 -0.016867 2.239840
v -4.236539 -0.026158 2.228212
v -4.480901 0.230736 2.306918
v -4.224524 0.221444 2.295291
v -2.044576 -0.013207 2.543260
v -1.964175 -0.010980 2.537993
v -2.047654 0.066214 2.529851
v -1.967253 0.068441 2.524583
v -3.172479 -0.019388 2.190847
v -2.996035 -0.015641 2.202770
v -3.177214 0.156823 2.205546
v -3.000770 0.160570 2.217470
v -4.478513 0.005644 2.318290
v -4.278846 -0.042858 2.298771
v -4.427009 0.201364 2.358803
v -4.227341 0.152862 2.339285
v -4.773894 -0.012487 2.599438
v -4.589296 -0.023355 2.597133
v -4.763350 0.170983 2.578768
v -4.578753 0.160115 2.576463
v -3.590725 -0.028456 2.351686
v -3.467384 -0.000633 2.348045
v -3.618277 0.094735 2.359746
v -3.494936 0.122558 2.356105
v -2.186912 -0.021403 2.619513
v -1.914827 -0.024242 2.559357
v -2.198233 0.249585 2.555525
v -1.926147 0.246747 2.495368
v -2.213492 -0.040261 2.465587
v -1.978784 -0.001962 2.520913
v -2.254930 0.200178 2.474934
v -2.020222 0.238478 2.530261
v -4.301808 0.005874 2.186938
v -4.126263 -0.040821 2.194843
v -4.255650 0.181356 2.198529
v -4.080106 0.134661 2.206434
v -3.391384 0.014034 2.313475
v -3.114650 -0.060302 2.317266
v -3.317262 0.290588 2.325539
v -3.040527 0.216252 2.329330
v -4.589249 -0.028423 2.197963
v -4.395427 -0.009280 2.146572
v -4.604313 0.171661 2.215681
v -4.410491 0.190804 2.164290
v -4.652919 -0.015639 2.253082
v -4.450680 -0.021083 2.272377
v -4.654306 0.175683 2.321615
v -4.452068 0.170239 2.340909
v -2.755415 -0.038540 2.612710
v -2.471171 -0.008485 2.613406
v -2.785316 0.244774 2.589513
v -2.501071 0.274829 2.590208
v 2.281706 -0.020891 -0.450687
v 2.434565 -0.011911 -0.406532
v 2.265005 0.135443 -0.424666
v 2.417865 0.144423 -0.380511
v 3.113394 0.016792 0.122043
v 3.387908 -0.063322 0.071911
v 3.193946 0.295683 0.117450
v 3.468461 0.215568 0.067318
v 2.919782 0.001979 0.284500
v 3.083440 -0.035625 0.294795
v 2.957682 0.165844 0.280543
v 3.121340 0.128240 0.290837
v 3.576016 0.001122 0.697920
v 3.720700 -0.032597 0.691442
v 3.610081 0.145605 0.706677
v 3.754764 0.111885 0.700200
v 2.362725 0.017379 -0.686816
v 2.629698 -0.062738 -0.646543
v 2.445988 0.285819 -0.704754
v 2.712961 0.205702 -0.664480
v 2.687961 0.014214 -0.082579
v 2.834350 -0.045558 -0.071939
v 2.743693 0.157533 -0.044249
v 2.890082 0.097761 -0.033608
v 2.944993 -0.011580 -0.384209
v 3.038373 -0.014753 -0.352229
v 2.946371 0.086998 -0.378449
v 3.039751 0.083824 -0.346469
v 3.794572 -0.047690 0.116840
v 4.014764 0.007899 0.102713
v 3.741491 0.171043 0.150195
v 3.961683 0.226632 0.136068
v 3.013788 -0.016293 0.668126
v 3.138174 -0.012978 0.644074
v 3.006447 0.108513 0.647368
v 3.130833 0.111829 0.623316
v 3.311411 0.000481 0.066103
v 3.387956 -0.024570 0.047221
v 3.333936 0.079027 0.053202
v 3.410480 0.053975 0.034320
v 3.323297 0.024187 0.117399
v 3.560081 -0.065991 0.121988
v 3.413250 0.260889 0.127416
v 3.650034 0.170711 0.132004
v 2.642965 0.000673 -0.437170
v 2.928322 -0.047967 -0.410009
v 2.689012 0.286390 -0.409284
v 2.974369 0.237750 -0.382123
v 3.500278 -0.004875 0.566725
v 3.748620 -0.038233 0.570577
v 3.533688 0.243468 0.563440
v 3.782029 0.210109 0.567292
v 3.171812 0.012176 -0.182348
v 3.379417 -0.050568 -0.181932
v 3.234192 0.218416 -0.207057
v 3.441797 0.155672 -0.206641
v 3.131258 0.004843 0.686807
v 3.396723 -0.049809 0.667603
v 3.187400 0.269770 0.708920
v 3.452864 0.215118 0.689716
v 3.470675 -0.001486 -0.047668
v 3.563907 -0.024235 -0.047498
v 3.493404 0.091626 -0.052511
v 3.586636 0.068876 -0.052341
v 2.819297 -0.036026 -0.316674
v 2.976928 0.002884 -0.340273
v 2.781176 0.123345 -0.308535
v 2.938807 0.162255 -0.332134
v 3.636001 0.001034 0.409368
v 3.899074 -0.045145 0.415353
v 3.679869 0.258330 0.466377
v 3.942942 0.212151 0.472362
v 2.327115 -0.016097 -0.525259
v 2.576484 -0.027703 -0.460522
v 2.348251 0.238428 -0.561045
v 2.597620 0.226822 -0.496308
v 2.276330 -0.009901 0.181424
v 2.554259 -0.036158 0.212966
v 2.307932 0.264782 0.131623
v 2.585862 0.238524 0.163164
v 2.487597 -0.027334 -0.476302
v 2.706946 -0.012845 -0.436550
v 2.476620 0.194853 -0.496714
v 2.695969 0.209341 -0.456962
v 3.254987 0.002677 0.252574
v 3.536823 -0.049671 0.226478
v 3.307328 0.285710 0.250103
v 3.589165 0.233362 0.224007
v 2.862793 0.013360 0.456324
v 3.042231 -0.048652 0.442237
v 2.922248 0.191919 0.427628
v 3.101686 0.129907 0.413540
v 3.761056 0.010494 0.680886
v 3.916572 -0.043347 0.660609
v 3.814938 0.167282 0.677822
v 3.970454 0.113441 0.657545
v 3.799442 0.001140 0.037933
v 3.904860 -0.028239 0.042117
v 3.828947 0.106558 0.034754
v 3.934365 0.077179 0.038938
v 2.798985 0.010370 0.339503
v 3.010535 -0.049631 0.374161
v 2.855961 0.224364 0.362195
v 3.067511 0.164363 0.396853
v 3.043050 0.002229 -0.364587
v 3.319412 -0.049645 -0.278655
v 3.080438 0.289032 -0.311696
v 3.356800 0.237158 -0.225764
v 3.479312 -0.028857 0.086569
v 3.750782 -0.016696 0.090515
v 3.466822 0.241311 0.113266
v 3.738292 0.253472 0.117212
v 2.927342 -0.021366 -0.447070
v 3.129503 -0.016421 -0.485955
v 2.914052 0.179464 -0.490623
v 3.116214 0.184409 -0.529507
v 3.473142 -0.034546 0.337803
v 3.687103 -0.004688 0.345710
v 3.442896 0.179210 0.349078
v 3.656857 0.209068 0.356985
v 3.295246 -0.022234 0.009547
v 3.551797 -0.021557 -0.043302
v 3.282044 0.232201 -0.051283
v 3.538594 0.232878 -0.104132
v 2.411062 0.009090 0.143789
v 2.608559 -0.047363 0.088199
v 2.465277 0.214261 0.128042
v 2.662774 0.157808 0.072453
v 2.988383 0.017586 0.111172
v 3.225955 -0.059487 0.115064
v 3.065503 0.255157 0.108279
v 3.303076 0.178084 0.112172
v 3.806572 0.018991 0.609176
v 4.059724 -0.062755 0.635742
v 3.886296 0.273183 0.631652
v 4.139448 0.191436 0.658218
v 3.220668 -0.005793 0.378898
v 3.359550 -0.025247 0.403095
v 3.238015 0.134811 0.392379
v 3.376897 0.115357 0.416577
v 2.223880 -0.016922 -0.023029
v 2.441950 -0.022807 -0.031136
v 2.229938 0.201246 -0.018443
v 2.448008 0.195361 -0.026550
v 3.227980 0.006232 0.189790
v 3.373512 -0.037725 0.175978
v 3.269194 0.150880 0.163700
v 3.414726 0.106923 0.149888
v 3.456159 -0.022119 0.098623
v 3.629927 -0.012782 0.077221
v 3.446640 0.152950 0.097717
v 3.620408 0.162288 0.076315
v 3.227769 -0.002693 0.773201
v 3.400216 -0.031772 0.735999
v 3.246230 0.168484 0.724982
v 3.418678 0.139406 0.687780
v 3.423133 -0.026668 -0.142430
v 3.521229 0.000239 -0.125982
v 3.396218 0.072772 -0.144584
v 3.494314 0.099679 -0.128136
v 3.622877 -0.021952 0.471919
v 3.727727 -0.005546 0.439445
v 3.603395 0.087026 0.464077
v 3.708246 0.103433 0.431603
v 3.132234 -0.009355 0.571863
v 3.210349 -0.014732 0.590747
v 3.133323 0.069178 0.589722
v 3.211438 0.063800 0.608605
v 3.657553 -0.022052 0.522589
v 3.788266 -0.007888 0.515957
v 3.643153 0.108725 0.518072
v 3.773866 0.122890 0.511440
v 3.386745 0.000418 0.175522
v 3.599218 -0.039348 0.215677
v 3.415981 0.211454 0.229816
v 3.628454 0.171688 0.269972
v 2.524509 0.026156 0.448202
v 2.777537 -0.070990 0.371754
v 2.622674 0.289904 0.437953
v 2.875702 0.192759 0.361505
v 3.410241 -0.003218 0.389433
v 3.552303 -0.027972 0.385792
v 3.434779 0.138724 0.381821
v 3.576841 0.113969 0.378181
v 2.754074 -0.023115 0.302393
v 2.848573 -0.002968 0.283497
v 2.733926 0.073235 0.304361
v 2.828425 0.093382 0.285465
v 2.483503 -0.005439 0.284001
v 2.731588 -0.037069 0.325435
v 2.502856 0.237547 0.353619
v 2.750940 0.205917 0.395053
v 2.352753 -0.033065 0.490763
v 2.627123 -0.013069 0.517844
v 2.334248 0.242288 0.474933
v 2.608618 0.262284 0.502014
v 2.385090 -0.010600 0.060736
v 2.662777 -0.036588 0.133350
v 2.400912 0.274169 0.102143
v 2.678599 0.248181 0.174757
v 3.445805 -0.026260 -0.151907
v 3.688184 -0.016193 -0.163730
v 3.436198 0.216238 -0.142372
v 3.678577 0.226305 -0.154194
v 2.943984 -0.021035 -0.161568
v 3.136754 -0.014756 -0.140644
v 2.931177 0.161984 -0.098499
v 3.123947 0.168262 -0.077575
v 3.035369 0.002706 0.753817
v 3.206435 -0.037566 0.708804
v 3.081066 0.177412 0.771178
v 3.252132 0.137139 0.726165
v 2.799564 0.002289 -0.556804
v 3.058726 -0.046558 -0.550818
v 2.848686 0.260998 -0.572424
v 3.107849 0.212150 -0.566438
v 3.328661 0.021065 0.647667
v 3.579163 -0.064413 0.649460
v 3.414156 0.271545 0.644240
v 3.664658 0.186067 0.646033
v 3.196625 -0.004440 0.532084
v 3.287876 -0.021046 0.529413
v 3.213384 0.086577 0.538773
v 3.304635 0.069971 0.536102
v 3.173147 0.000055 -0.360524
v 3.262437 -0.025318 -0.353675
v 3.199068 0.089082 -0.368632
v 3.288358 0.063708 -0.361782
v 2.677808 -0.024496 0.477252
v 2.828920 -0.007794 0.455031
v 2.658869 0.127266 0.462522
v 2.809981 0.143968 0.440300
v 3.933963 -0.016278 0.323269
v 4.204882 -0.030431 0.411016
v 3.932041 0.264210 0.374444
v 4.202960 0.250058 0.462191
v 3.621071 -0.046600 0.639141
v 3.876504 0.002723 0.632524
v 3.572158 0.208606 0.653288
v 3.827591 0.257929 0.646672
v 3.677237 -0.011382 0.201413
v 3.791006 -0.016578 0.176931
v 3.676412 0.101728 0.173571
v 3.790181 0.096532 0.149088
v 3.631922 -0.023503 0.748096
v 3.766383 -0.007106 0.774555
v 3.614142 0.113249 0.753704
v 3.748603 0.129646 0.780163
v 2.539160 -0.000689 0.670475
v 2.627727 -0.024648 0.686374
v 2.561320 0.088994 0.682177
v 2.649887 0.065034 0.698076
v 2.790985 -0.007994 -0.519790
v 2.880178 -0.017266 -0.523204
v 2.800483 0.081006 -0.513318
v 2.889677 0.071734 -0.516732
v 3.232784 0.004326 -0.228877
v 3.509865 -0.049596 -0.186631
v 3.296459 0.271972 -0.304886
v 3.573540 0.218050 -0.262640
v 2.802530 0.008511 0.125075
v 3.029804 -0.048801 0.078622
v 2.869603 0.231691 0.177879
v 3.096877 0.174378 0.131426
v 3.880419 -0.014118 0.413450
v 4.041709 -0.019481 0.445710
v 3.889264 0.149329 0.396401
v 4.050553 0.143966 0.428661
v 2.252975 -0.006104 0.138246
v 2.387238 -0.024534 0.107627
v 2.273964 0.130906 0.147812
v 2.408227 0.112476 0.117192
v 2.211941 0.012946 -0.847786
v 2.470004 -0.056550 -0.811166
v 2.287915 0.265715 -0.903491
v 2.545978 0.196220 -0.866871
v 3.107850 -0.038209 0.235411
v 3.311010 0.000857 0.232680
v 3.069302 0.158742 0.185091
v 3.272462 0.197807 0.182360
v 3.535365 -0.005790 -0.017774
v 3.785566 -0.037559 -0.005547
v 3.567022 0.244704 -0.014727
v 3.817223 0.212936 -0.002500
v 2.647591 -0.018264 0.658050
v 2.903503 -0.025722 0.620358
v 2.660125 0.237911 0.692463
v 2.916036 0.230453 0.654772
v 3.823270 -0.000927 0.231405
v 4.024521 -0.036424 0.216175
v 3.854430 0.196019 0.184130
v 4.055680 0.160522 0.168900
v 2.721828 0.025299 -0.143866
v 2.964008 -0.068568 -0.205221
v 2.814099 0.275081 -0.161795
v 3.056279 0.181214 -0.223150
v 3.275551 0.011872 0.331764
v 3.491090 -0.051341 0.343721
v 3.338821 0.227725 0.332397
v 3.554360 0.164512 0.344354
v 3.978083 0.007244 0.113108
v 4.107969 -0.037314 0.138065
v 4.019911 0.139188 0.130988
v 4.149797 0.094631 0.155945
v 3.895188 -0.005092 0.021080
v 4.002227 -0.022139 0.030288
v 3.910882 0.101508 0.036005
v 4.017920 0.084461 0.045213
v 2.762436 -0.010367 0.700683
v 3.003402 -0.031833 0.682943
v 2.781819 0.229867 0.673259
v 3.022785 0.208400 0.655520
v 3.285355 -0.050469 -0.323035
v 3.543224 0.006346 -0.282911
v 3.223217 0.206936 -0.288167
v 3.481086 0.263751 -0.248043
v 2.948332 -0.041042 0.518622
v 3.160345 0.001923 0.478542
v 2.899874 0.171687 0.490336
v 3.111887 0.214652 0.450255
v 3.563024 -0.008314 0.191208
v 3.712632 -0.024333 0.237602
v 3.571324 0.146632 0.217942
v 3.720932 0.130613 0.264336
v 3.569232 -0.048296 0.077060
v 3.856415 0.000758 0.054534
v 3.521141 0.239599 0.090895
v 3.808324 0.288653 0.068369
v 2.345157 -0.003612 -0.102687
v 2.509922 -0.029682 -0.108639
v 2.371898 0.157115 -0.066437
v 2.536662 0.131045 -0.072389
v 3.574369 -0.003278 0.320141
v 3.792702 -0.037143 0.248131
v 3.621654 0.221071 0.357999
v 3.839986 0.187206 0.285989
v 3.466524 -0.011274 0.589501
v 3.641153 -0.023312 0.587371
v 3.478045 0.160984 0.560528
v 3.652674 0.148945 0.558398
v 2.391956 -0.040459 -0.664200
v 2.685297 -0.007701 -0.672062
v 2.359217 0.252987 -0.663074
v 2.652558 0.285744 -0.670936
v 2.876503 -0.006900 -0.057581
v 3.057063 -0.028160 -0.047166
v 2.894926 0.169596 -0.016690
v 3.075486 0.148336 -0.006276
v 3.921364 -0.020115 0.585753
v 4.097714 -0.014852 0.608704
v 3.919791 0.155545 0.557554
v 4.096142 0.160808 0.580505
v 2.349272 -0.024794 -0.299296
v 2.605138 -0.019248 -0.277705
v 2.344343 0.231884 -0.306818
v 2.600209 0.237430 -0.285228
v 2.578811 -0.003359 0.778796
v 2.684503 -0.023997 0.753382
v 2.595213 0.104356 0.759535
v 2.700905 0.083718 0.734121
v 2.692229 -0.027316 -0.264977
v 2.791595 0.000918 -0.264109
v 2.663997 0.071843 -0.258504
v 2.763363 0.100077 -0.257636
v 3.948065 -0.008945 0.210282
v 4.045864 -0.017270 0.202030
v 3.957234 0.088587 0.220543
v 4.055032 0.080262 0.212291
v 2.545186 0.000482 0.029288
v 2.692468 -0.032175 0.023198
v 2.576883 0.146915 0.010621
v 2.724165 0.114258 0.004531
v 3.217238 -0.032859 -0.084491
v 3.439566 -0.007395 -0.100626
v 3.192188 0.190004 -0.077946
v 3.414516 0.215468 -0.094082
v 3.800080 -0.014721 0.330359
v 3.956026 -0.018160 0.290656
v 3.794667 0.142321 0.295494
v 3.950612 0.138882 0.255791
v 3.733006 -0.020775 0.333504
v 3.832659 -0.005679 0.340038
v 3.717547 0.078885 0.339010
v 3.817201 0.093981 0.345543
v 2.863531 -0.020716 -0.204748
v 3.026138 -0.012562 -0.240746
v 2.846293 0.139862 -0.246236
v 3.008901 0.148016 -0.282234
v 3.992653 -0.028956 0.530196
v 4.219998 -0.012879 0.598585
v 3.973142 0.208018 0.539346
v 4.200487 0.224096 0.607735
v 2.516373 0.020734 -0.362955
v 2.763133 -0.063904 -0.327899
v 2.601992 0.269630 -0.364702
v 2.848752 0.184993 -0.329648
v 3.805707 -0.008347 0.460329
v 3.924495 -0.020128 0.457451
v 3.817769 0.109359 0.476374
v 3.936557 0.097578 0.473496
v 2.548452 -0.000031 -0.149172
v 2.783918 -0.041453 -0.148440
v 2.589676 0.233813 -0.177064
v 2.825142 0.192391 -0.176332
v 3.779758 -0.025742 0.243780
v 3.882718 -0.001079 0.242979
v 3.755121 0.077192 0.246497
v 3.858082 0.101855 0.245696
v 3.862090 -0.006099 0.514298
v 3.963819 -0.020437 0.521711
v 3.874838 0.094289 0.533509
v 3.976567 0.079951 0.540922
v 3.950795 -0.002689 0.746051
v 4.207409 -0.041301 0.753913
v 3.989815 0.253530 0.730795
v 4.246429 0.214918 0.738657
v 4.036545 -0.021278 2.077775
v 4.198735 -0.012225 2.061133
v 4.028799 0.141314 2.090740
v 4.190989 0.150368 2.074099
v 2.639126 -0.011317 1.812814
v 2.816677 -0.022699 1.820287
v 2.647284 0.155858 1.873608
v 2.824835 0.144476 1.881080
v 3.949881 -0.027914 2.320912
v 4.166160 -0.011658 2.351784
v 3.937760 0.188863 2.291678
v 4.154039 0.205119 2.322550
v 3.687931 -0.009268 1.996595
v 3.921353 -0.032282 2.018448
v 3.710605 0.225161 2.001282
v 3.944027 0.202147 2.023135
v 2.605859 -0.025922 1.912225
v 2.780330 -0.009030 1.879954
v 2.594163 0.149605 1.940872
v 2.768635 0.166497 1.908601
v 3.029852 -0.016477 2.092330
v 3.287058 -0.027667 2.053007
v 3.046359 0.241112 2.126997
v 3.303565 0.229922 2.087674
v 3.012379 -0.033236 2.413846
v 3.283571 -0.012865 2.351458
v 3.002239 0.241824 2.459581
v 3.273432 0.262195 2.397192
v 2.636649 -0.010641 2.313736
v 2.771458 -0.019427 2.303894
v 2.643054 0.121284 2.283695
v 2.777864 0.112497 2.273853
v 3.152553 0.000850 2.291626
v 3.235058 -0.025645 2.271447
v 3.179213 0.085700 2.289218
v 3.261717 0.059205 2.269040
v 3.475472 0.004785 2.241914
v 3.699730 -0.045212 2.250039
v 3.525470 0.229188 2.242770
v 3.749729 0.179191 2.250896
v 2.591100 0.009662 2.230195
v 2.834739 -0.052233 2.229609
v 2.652988 0.253213 2.236846
v 2.896627 0.191318 2.236261
v 2.180474 0.024186 1.871290
v 2.427805 -0.067386 1.903613
v 2.272779 0.273348 1.870869
v 2.520110 0.181777 1.903192
v 3.809675 -0.022829 2.608914
v 3.971872 -0.011011 2.564897
v 3.790905 0.142768 2.584206
v 3.953102 0.154586 2.540190
v 2.971948 -0.035694 2.312682
v 3.230689 -0.008575 2.350922
v 2.939759 0.223014 2.347013
v 3.198500 0.250132 2.385253
v 3.298050 -0.021391 2.444785
v 3.571598 -0.024671 2.404886
v 3.296814 0.253317 2.413724
v 3.570361 0.250037 2.373825
v 2.982609 -0.019192 2.120063
v 3.145365 -0.014112 2.131691
v 2.975645 0.141622 2.147285
v 3.138401 0.146702 2.158913
v 3.717013 -0.031405 2.444026
v 3.922105 -0.006523 2.417092
v 3.687123 0.170687 2.403123
v 3.892215 0.195569 2.376189
v 3.890195 -0.015580 2.121289
v 4.151186 -0.028900 2.124851
v 3.903289 0.245010 2.136367
v 4.164279 0.231690 2.139929
v 3.481349 -0.009458 2.374613
v 3.578689 -0.016505 2.364074
v 3.490600 0.085818 2.396353
v 3.587940 0.078772 2.385814
v 2.999079 -0.010810 1.917374
v 3.174344 -0.023637 1.927869
v 3.013934 0.160209 1.878332
v 3.189198 0.147381 1.888827
v 2.462236 -0.035118 2.037905
v 2.638983 -0.000275 2.069884
v 2.429322 0.144346 2.024283
v 2.606069 0.179189 2.056262
v 2.320421 -0.012146 2.545629
v 2.465215 -0.020123 2.500192
v 2.325794 0.139427 2.536143
v 2.470588 0.131450 2.490705
v 3.032472 -0.029090 1.974229
v 3.240407 -0.009177 1.964548
v 3.014526 0.176031 2.010706
v 3.222461 0.195944 2.001024
v 2.343957 -0.006059 1.920244
v 2.463859 -0.022343 1.899573
v 2.365090 0.110986 1.950624
v 2.484993 0.094702 1.929953
v 3.096694 -0.024695 2.011356
v 3.364961 -0.020581 2.064590
v 3.103655 0.242998 1.955591
v 3.371921 0.247112 2.008825
v 3.378252 -0.012725 2.615843
v 3.631334 -0.031729 2.537921
v 3.410375 0.247629 2.656678
v 3.663456 0.228625 2.578756
v 2.331152 -0.010722 2.369843
v 2.596137 -0.033834 2.373608
v 2.354570 0.250547 2.325628
v 2.619554 0.227435 2.329393
v 2.452622 0.006444 2.177598
v 2.686466 -0.048377 2.131787
v 2.509179 0.244291 2.181669
v 2.743022 0.189471 2.135858
v 3.626542 0.010560 1.877787
v 3.882219 -0.054474 1.877805
v 3.691540 0.266092 1.868884
v 3.947217 0.201058 1.868902
v 3.879560 0.015730 2.221087
v 4.060002 -0.051321 2.238165
v 3.946547 0.196963 2.224862
v 4.126989 0.129912 2.241940
v 2.764750 0.001826 2.251824
v 2.880176 -0.029992 2.262608
v 2.794705 0.116769 2.270334
v 2.910131 0.084951 2.281118
v 3.246789 -0.011462 2.370557
v 3.429520 -0.025160 2.424408
v 3.261395 0.178969 2.369433
v 3.444126 0.165271 2.423284
v 2.894713 -0.003489 2.526092
v 3.062194 -0.030504 2.506588
v 2.918528 0.163476 2.499339
v 3.086010 0.136461 2.479835
v 3.303434 -0.016072 2.503595
v 3.422749 -0.012564 2.498058
v 3.300333 0.103068 2.512256
v 3.419648 0.106576 2.506719
v 2.423901 -0.001567 2.486901
v 2.694259 -0.043486 2.443653
v 2.453516 0.264143 2.414496
v 2.723875 0.222224 2.371247
v 3.741879 -0.024817 1.783023
v 3.848590 -0.002875 1.813421
v 3.718762 0.085894 1.784258
v 3.825474 0.107836 1.814656
v 2.311222 0.013538 2.101050
v 2.444663 -0.044093 2.128938
v 2.368428 0.149812 2.108942
v 2.501869 0.092181 2.136830
v 2.775795 -0.006675 2.455973
v 2.942345 -0.026967 2.467355
v 2.793461 0.157156 2.489555
v 2.960011 0.136864 2.500936
v 3.888177 -0.011211 2.515846
v 4.174809 -0.036628 2.580083
v 3.922154 0.279365 2.479216
v 4.208786 0.253947 2.543454
v 2.963180 -0.004633 2.248502
v 3.065843 -0.022743 2.212845
v 2.984514 0.103255 2.255130
v 3.087177 0.085145 2.219473
v 3.856256 0.011200 1.818188
v 4.107755 -0.054419 1.802653
v 3.918740 0.260531 1.776610
v 4.170240 0.194913 1.761075
v 3.528478 0.011960 1.839713
v 3.670164 -0.043331 1.816603
v 3.582997 0.155518 1.830504
v 3.724683 0.100227 1.807394
v 2.230230 0.026066 2.416594
v 2.497213 -0.071276 2.424744
v 2.327583 0.293167 2.417614
v 2.594566 0.195826 2.425764
v 2.745641 0.014801 2.148366
v 2.990409 -0.057509 2.160144
v 2.817184 0.259562 2.164267
v 3.061952 0.187252 2.176045
v 2.155310 0.021609 2.480220
v 2.429422 -0.067828 2.513356
v 2.244056 0.297717 2.491317
v 2.518169 0.208280 2.524453
v 2.534674 -0.007260 2.518766
v 2.822492 -0.040276 2.504090
v 2.568305 0.280613 2.530702
v 2.856123 0.247597 2.516025
v 4.001816 -0.021536 1.986037
v 4.184949 -0.014768 1.941392
v 3.999634 0.166059 2.005530
v 4.182767 0.172828 1.960885
v 2.256564 -0.004731 2.024327
v 2.454211 -0.032320 1.999017
v 2.288927 0.189539 2.065288
v 2.486575 0.161950 2.039978
v 3.185515 -0.009337 2.137663
v 3.323423 -0.021121 2.141890
v 3.197890 0.126067 2.111429
v 3.335798 0.114282 2.115656
v 2.887968 -0.034115 2.296011
v 3.122418 -0.007591 2.321561
v 2.861912 0.201707 2.290297
v 3.096362 0.228230 2.315847
v 3.500260 -0.004937 2.548595
v 3.796232 -0.043353 2.566466
v 3.536317 0.289664 2.584715
v 3.832289 0.251249 2.602585
v 2.451095 -0.003444 1.841933
v 2.548061 -0.023299 1.877000
v 2.474239 0.098798 1.835829
v 2.571205 0.078943 1.870896
v 2.725697 -0.010717 2.132193
v 2.802297 -0.012996 2.120565
v 2.730694 0.064465 2.150381
v 2.807295 0.062186 2.138753
v 2.951441 -0.007061 1.893816
v 3.030830 -0.016878 1.900548
v 2.962594 0.070146 1.874873
v 3.041983 0.060330 1.881604
v 3.780957 0.007458 1.991596
v 4.015610 -0.050271 1.916156
v 3.841881 0.253165 1.993073
v 4.076533 0.195436 1.917633
v 2.998450 0.000378 2.537271
v 3.148922 -0.032391 2.546011
v 3.032084 0.149669 2.517953
v 3.182556 0.116900 2.526693
v 3.248996 -0.031278 2.104509
v 3.456019 -0.007365 2.068538
v 3.221097 0.177200 2.082532
v 3.428121 0.201113 2.046561
v 3.397666 -0.016353 2.100766
v 3.496821 -0.010024 2.117823
v 3.388451 0.082612 2.117614
v 3.487606 0.088941 2.134670
v 2.747765 0.000172 1.930768
v 2.825729 -0.024347 1.912320
v 2.774108 0.079487 1.936680
v 2.852072 0.054968 1.918232
v 3.587363 -0.005816 2.443837
v 3.663523 -0.018285 2.467431
v 3.603031 0.072834 2.434826
v 3.679192 0.060365 2.458419
v 3.215233 -0.012423 1.936642
v 3.342128 -0.016851 1.921180
v 3.222859 0.112408 1.963477
v 3.349754 0.107980 1.948014
v 3.199076 -0.011448 2.551828
v 3.334263 -0.018687 2.557889
v 3.207387 0.121067 2.524710
v 3.342575 0.113829 2.530771
v 3.438460 -0.027326 1.935100
v 3.600780 -0.006592 1.971730
v 3.419610 0.138962 1.924507
v 3.581929 0.159696 1.961137
v 2.850764 -0.002800 1.937579
v 2.938976 -0.022695 1.960428
v 2.870550 0.088299 1.940516
v 2.958762 0.068404 1.963366
v 3.630344 -0.017207 2.297323
v 3.908263 -0.028771 2.291771
v 3.642679 0.256752 2.344200
v 3.920598 0.245189 2.338649
v 2.408380 -0.008494 1.961969
v 2.496669 -0.016507 1.963732
v 2.416581 0.078184 1.945176
v 2.504871 0.070171 1.946939
v 2.366050 -0.024129 2.310969
v 2.470410 -0.002984 2.326762
v 2.345241 0.081417 2.307158
v 2.449601 0.102562 2.322950
v 2.499872 0.007999 1.942898
v 2.687725 -0.044321 1.955787
v 2.550905 0.195751 1.961258
v 2.738757 0.143431 1.974147
v 3.331710 -0.005821 2.192120
v 3.463658 -0.025090 2.237815
v 3.352293 0.133627 2.191487
v 3.484241 0.114358 2.237182
v 2.826024 -0.009473 2.427885
v 3.082355 -0.034537 2.392096
v 2.855527 0.246918 2.459631
v 3.111858 0.221854 2.423842
v 3.776961 -0.014054 2.544141
v 3.905914 -0.015586 2.519080
v 3.783984 0.114044 2.572442
v 3.912937 0.112512 2.547381
v 3.770952 -0.017227 1.897545
v 3.936356 -0.015930 1.911698
v 3.773634 0.142273 1.851578
v 3.939038 0.143570 1.865732
v 2.865236 -0.009786 2.360851
v 2.950085 -0.014970 2.360994
v 2.870411 0.074709 2.353096
v 2.955260 0.069525 2.353238
v 3.104465 -0.013126 1.867813
v 3.261419 -0.019643 1.864547
v 3.111300 0.142913 1.884919
v 3.268254 0.136396 1.881653
v 3.475235 -0.000111 2.049043
v 3.749120 -0.044877 2.032122
v 3.513980 0.265010 1.974789
v 3.787866 0.220244 1.957868
v 2.933584 -0.030455 1.792079
v 3.124375 -0.006994 1.844407
v 2.910360 0.167369 1.788060
v 3.101151 0.190830 1.840388
v 3.434606 0.005446 2.258635
v 3.715763 -0.052266 2.273164
v 3.492535 0.286918 2.255678
v 3.773692 0.229206 2.270207
v 3.375756 -0.014541 2.019248
v 3.470353 -0.011674 1.994169
v 3.370897 0.082982 2.012072
v 3.465494 0.085849 1.986992
v 2.364361 -0.028635 2.265958
v 2.662278 -0.019626 2.262879
v 2.355938 0.265707 2.312187
v 2.653855 0.274716 2.309108
v 2.986469 -0.010958 2.200888
v 3.232703 -0.031362 2.148862
v 3.020436 0.230348 2.267010
v 3.266670 0.209943 2.214984
v 3.812886 -0.017060 2.460657
v 4.060267 -0.025685 2.506202
v 3.831400 0.228035 2.406508
v 4.078782 0.219410 2.452053
v 3.228363 -0.013240 2.336380
v 3.353149 -0.016062 2.356990
v 3.234168 0.111843 2.318356
v 3.358954 0.109021 2.338966
v 2.206885 -0.023482 2.183334
v 2.459444 -0.021124 2.253481
v 2.208498 0.238235 2.168730
v 2.461056 0.240593 2.238877
v 3.184237 -0.032710 2.219993
v 3.423339 -0.010084 2.155331
v 3.171136 0.212825 2.257465
v 3.410239 0.235450 2.192803
v 3.439948 -0.007402 2.064481
v 3.642970 -0.029635 2.056216
v 3.458719 0.186742 2.003357
v 3.661742 0.164510 1.995091
v 3.209097 -0.030129 2.599563
v 3.423221 -0.009153 2.612265
v 3.188879 0.184057 2.586678
v 3.403003 0.205033 2.599380
v 3.404646 -0.006787 1.892142
v 3.535186 -0.023069 1.908275
v 3.418163 0.123236 1.913995
v 3.548703 0.106954 1.930128
v 3.540819 0.001716 2.388903
v 3.801265 -0.047268 2.309431
v 3.597402 0.271879 2.407815
v 3.857848 0.222895 2.328343
v 3.120043 -0.002672 2.492503
v 3.220394 -0.023811 2.486283
v 3.140298 0.097241 2.479729
v 3.240649 0.076102 2.473509
v 3.632578 0.014418 2.413555
v 3.804614 -0.049118 2.392555
v 3.695197 0.187697 2.402270
v 3.867232 0.124161 2.381270
v 3.354903 0.021565 2.153631
v 3.624462 -0.067091 2.168950
v 3.443047 0.291495 2.164800
v 3.712605 0.202839 2.180119
v 2.610606 -0.002212 2.401412
v 2.700229 -0.023250 2.417004
v 2.630313 0.088587 2.410642
v 2.719937 0.067549 2.426235
v 3.431149 -0.011350 2.336310
v 3.533978 -0.016036 2.302060
v 3.432626 0.096631 2.325969
v 3.535456 0.091944 2.291718
v 2.754140 0.002452 2.340446
v 2.843124 -0.027786 2.325603
v 2.782046 0.092109 2.325097
v 2.871030 0.061871 2.310254
v 2.541974 -0.017614 2.370304
v 2.675844 -0.012886 2.347513
v 2.536982 0.118168 2.369146
v 2.670852 0.122895 2.346355
v 2.345425 0.013777 2.500334
v 2.625730 -0.060144 2.450481
v 2.404778 0.291208 2.422683
v 2.685082 0.217287 2.372830
v 2.484520 0.002046 2.266217
v 2.561977 -0.026223 2.248942
v 2.512580 0.081379 2.262207
v 2.590036 0.053110 2.244932
v 3.433323 0.009828 1.847639
v 3.692426 -0.054112 1.849253
v 3.497272 0.268664 1.835819
v 3.756374 0.204724 1.837433
v 2.963085 0.013827 2.008437
v 3.109775 -0.045886 2.038602
v 3.020611 0.163524 2.025023
v 3.167302 0.103811 2.055188
v 6.062720 -0.014003 0.713995
v 6.249297 -0.022039 0.739242
v 6.066049 0.171255 0.748360
v 6.252625 0.163220 0.773607
v 5.929459 -0.004916 0.052523
v 6.072799 -0.027109 0.005220
v 5.957142 0.144482 0.066317
v 6.100482 0.122289 0.019014
v 6.314118 0.009862 0.665304
v 6.528774 -0.048948 0.682624
v 6.374889 0.222295 0.633451
v 6.589545 0.163486 0.650771
v 6.153734 -0.036785 0.616653
v 6.354791 -0.001022 0.594550
v 6.115905 0.164224 0.597787
v 6.316962 0.199987 0.575684
v 6.147390 -0.009694 0.058825
v 6.316987 -0.024431 0.065437
v 6.161074 0.158448 0.082595
v 6.330670 0.143711 0.089207
v 5.764634 -0.014609 0.607781
v 5.950919 -0.021171 0.567407
v 5.782146 0.168311 0.658851
v 5.968430 0.161750 0.618477
v 6.838875 -0.018052 0.353955
v 6.988827 -0.014276 0.396786
v 6.844805 0.134039 0.319787
v 6.994757 0.137816 0.362617
v 6.581707 -0.007059 0.658393
v 6.726698 -0.024293 0.654663
v 6.598173 0.136323 0.635947
v 6.743164 0.119089 0.632217
v 6.569359 -0.023380 0.290097
v 6.723335 -0.009158 0.298187
v 6.554755 0.130601 0.297368
v 6.708731 0.144823 0.305458
v 6.532212 -0.017237 0.768293
v 6.702023 -0.017414 0.725652
v 6.525574 0.155599 0.741136
v 6.695384 0.155422 0.698495
v 5.630558 -0.031900 0.690413
v 5.821671 -0.004720 0.713157
v 5.600514 0.158515 0.715309
v 5.791627 0.185695 0.738053
v 5.813499 -0.027241 0.093234
v 6.040623 -0.013163 0.061394
v 5.793148 0.196952 0.047183
v 6.020271 0.211029 0.015343
v 6.245179 -0.029332 0.092620
v 6.472463 -0.011533 0.122463
v 6.224930 0.198987 0.110665
v 6.452213 0.216786 0.140507
v 5.936511 -0.008574 0.397740
v 6.048213 -0.019220 0.381269
v 5.949417 0.103047 0.413120
v 6.061120 0.092401 0.396649
v 6.769651 -0.004071 0.453438
v 6.883820 -0.023884 0.453104
v 6.789223 0.108988 0.437262
v 6.903392 0.089176 0.436928
v 5.477975 -0.021905 0.461957
v 5.550991 -0.001574 0.465455
v 5.457679 0.051194 0.460746
v 5.530695 0.071525 0.464244
v 5.476598 0.001870 0.030012
v 5.585139 -0.029275 0.038791
v 5.506361 0.110018 0.045717
v 5.614902 0.078872 0.054496
v 6.104553 -0.001302 0.381409
v 6.337488 -0.041743 0.466574
v 6.146314 0.246471 0.384846
v 6.379249 0.206030 0.470011
v 6.497033 -0.000324 0.169347
v 6.675589 -0.034472 0.154325
v 6.526493 0.173806 0.123683
v 6.705049 0.139657 0.108661
v 5.744508 -0.046452 0.692707
v 6.016815 0.000639 0.670399
v 5.696042 0.226033 0.676305
v 5.968349 0.273125 0.653997
v 6.693179 -0.018062 0.237172
v 6.906040 -0.021606 0.301786
v 6.683115 0.199568 0.282261
v 6.895977 0.196025 0.346875
v 5.874089 0.002776 0.267820
v 5.993148 -0.031688 0.243085
v 5.907964 0.124376 0.261442
v 6.027023 0.089912 0.236707
v 6.247782 0.007877 0.472103
v 6.480384 -0.049230 0.466503
v 6.304892 0.240545 0.471580
v 6.537494 0.183439 0.465980
v 6.823934 0.001267 0.144781
v 6.962310 -0.032072 0.151324
v 6.857345 0.139777 0.143952
v 6.995720 0.106438 0.150495
v 6.697721 0.016291 0.094592
v 6.930442 -0.057627 0.087521
v 6.771891 0.248804 0.105073
v 7.004612 0.174886 0.098002
v 5.837470 -0.036634 0.741411
v 6.093814 -0.008483 0.668500
v 5.813524 0.229638 0.760026
v 6.069868 0.257789 0.687115
v 6.301279 -0.013163 0.030480
v 6.471434 -0.020274 0.045247
v 6.303318 0.148838 0.085002
v 6.473472 0.141727 0.099769
v 6.058425 -0.014091 0.591713
v 6.139215 -0.010213 0.595782
v 6.054990 0.066374 0.583224
v 6.135779 0.070253 0.587293
v 6.471422 -0.007567 0.329046
v 6.663939 -0.029264 0.347677
v 6.490886 0.184737 0.351871
v 6.683403 0.163041 0.370502
v 6.500774 -0.005176 0.220139
v 6.748691 -0.037834 0.192528
v 6.529466 0.242286 0.185059
v 6.777381 0.209628 0.157448
v 5.517251 -0.000136 0.369902
v 5.678841 -0.033623 0.334291
v 5.546759 0.164737 0.348759
v 5.708348 0.131250 0.313147
v 6.477100 -0.044913 0.406852
v 6.742190 -0.000484 0.362270
v 6.432560 0.223864 0.409873
v 6.697650 0.268293 0.365291
v 6.368648 -0.006306 0.607928
v 6.632071 -0.037692 0.638241
v 6.390954 0.249981 0.679447
v 6.654376 0.218595 0.709759
v 5.591283 -0.024852 0.066327
v 5.782123 -0.011757 0.079789
v 5.579661 0.165469 0.045946
v 5.770501 0.178564 0.059408
v 5.930120 -0.018807 0.279146
v 6.133187 -0.019538 0.318865
v 5.926741 0.187007 0.300215
v 6.129808 0.186275 0.339934
v 6.808430 -0.019262 0.605983
v 6.925208 -0.009169 0.592545
v 6.797561 0.098047 0.599635
v 6.914339 0.108139 0.586197
v 5.564098 -0.005298 0.278391
v 5.710252 -0.026609 0.245838
v 5.580229 0.143042 0.253701
v 5.726382 0.121731 0.221149
v 5.641467 0.009515 0.765794
v 5.877416 -0.051505 0.731907
v 5.701622 0.247879 0.755421
v 5.937571 0.186859 0.721535
v 5.720561 0.003301 0.231601
v 5.972155 -0.046777 0.227882
v 5.770642 0.254922 0.231441
v 6.022235 0.204844 0.227722
v 6.730138 0.015519 0.240087
v 6.974832 -0.058222 0.236304
v 6.803885 0.260240 0.239925
v 7.048578 0.186500 0.236142
v 5.628379 0.029809 0.363264
v 5.866550 -0.072274 0.411109
v 5.731058 0.272401 0.369723
v 5.969230 0.170319 0.417568
v 6.209016 0.005184 0.173560
v 6.425381 -0.044589 0.217332
v 6.246667 0.220464 0.232245
v 6.463031 0.170691 0.276017
v 6.630664 -0.035576 0.335361
v 6.893790 -0.009741 0.388155
v 6.602816 0.232484 0.342984
v 6.865941 0.258319 0.395778
v 6.639544 0.006153 0.399736
v 6.724344 -0.031013 0.413138
v 6.674620 0.091581 0.414697
v 6.759420 0.054415 0.428099
v 5.926654 -0.016990 0.212588
v 6.097798 -0.017443 0.206162
v 5.927528 0.153903 0.223845
v 6.098673 0.153451 0.217419
v 6.828391 -0.030400 0.572777
v 7.058920 -0.010815 0.530362
v 6.816115 0.201038 0.612927
v 7.046645 0.220624 0.570512
v 5.691218 -0.005952 0.211712
v 5.851477 -0.026681 0.207422
v 5.710105 0.148865 0.169216
v 5.870364 0.128137 0.164926
v 6.705022 -0.018410 0.494121
v 6.798327 -0.007356 0.501277
v 6.694277 0.075104 0.489772
v 6.787582 0.086158 0.496929
v 5.746291 -0.006284 0.289169
v 5.835745 -0.019051 0.303856
v 5.756583 0.083391 0.304438
v 5.846036 0.070624 0.319124
v 6.576265 -0.027750 0.301043
v 6.868966 -0.020514 0.334552
v 6.570424 0.266626 0.288500
v 6.863124 0.273862 0.322009
v 6.688070 -0.010337 0.516443
v 6.889831 -0.027873 0.564491
v 6.697015 0.194275 0.553561
v 6.898777 0.176738 0.601610
v 6.850892 -0.018782 0.739160
v 6.997344 -0.012944 0.729559
v 6.844832 0.127940 0.735945
v 6.991284 0.133778 0.726344
v 6.866437 -0.010144 0.304517
v 7.037628 -0.024703 0.264635
v 6.875881 0.164446 0.281320
v 7.047072 0.149887 0.241437
v 5.709504 -0.034254 0.060970
v 5.972088 -0.010524 0.035594
v 5.687594 0.228993 0.080424
v 5.950178 0.252722 0.055047
v 6.763096 -0.016885 0.500597
v 7.045055 -0.028605 0.507545
v 6.772254 0.252724 0.583747
v 7.054213 0.241004 0.590696
v 6.569654 0.011842 0.270194
v 6.827395 -0.057137 0.180423
v 6.651330 0.279712 0.298869
v 6.909072 0.210733 0.209098
v 5.676453 -0.021587 -0.666682
v 5.943744 -0.024726 -0.746153
v 5.688699 0.255370 -0.636434
v 5.955990 0.252231 -0.715904
v 6.035449 -0.008949 -0.506598
v 6.331788 -0.038387 -0.521740
v 6.059756 0.277137 -0.587072
v 6.356095 0.247700 -0.602215
v 6.106030 -0.022354 -0.204668
v 6.246279 -0.008619 -0.205079
v 6.092294 0.117656 -0.212858
v 6.232544 0.131391 -0.213269
v 5.761292 -0.013586 -0.295201
v 5.879606 -0.014847 -0.280999
v 5.760038 0.103739 -0.274347
v 5.878353 0.102478 -0.260144
v 6.134172 -0.009462 -0.289305
v 6.291046 -0.023825 -0.332654
v 6.154802 0.151194 -0.267882
v 6.311676 0.136831 -0.311231
v 6.424922 0.005948 -0.338923
v 6.630356 -0.044087 -0.342952
v 6.474082 0.209923 -0.365387
v 6.679516 0.159889 -0.369416
v 5.786036 -0.021547 -0.361175
v 5.875878 -0.003851 -0.369619
v 5.768479 0.068689 -0.358872
v 5.858322 0.086385 -0.367315
v 5.355871 -0.002333 -0.725975
v 5.647052 -0.044810 -0.723252
v 5.396757 0.282031 -0.662231
v 5.687938 0.239554 -0.659508
v 6.644899 -0.013106 -0.032837
v 6.892353 -0.030263 0.031965
v 6.674103 0.237564 -0.077988
v 6.921557 0.220407 -0.013185
v 6.058799 -0.013393 -0.257603
v 6.214535 -0.019183 -0.255156
v 6.064867 0.140927 -0.278608
v 6.220602 0.135137 -0.276162
v 6.320550 -0.032297 -0.164548
v 6.494101 -0.002431 -0.168437
v 6.290821 0.141222 -0.158685
v 6.464372 0.171088 -0.162574
v 6.007108 -0.001927 -0.443920
v 6.206805 -0.035499 -0.482887
v 6.029708 0.195687 -0.498349
v 6.229405 0.162115 -0.537315
v 6.613314 -0.030040 -0.158436
v 6.814558 -0.007792 -0.161274
v 6.591123 0.171192 -0.154529
v 6.792367 0.193440 -0.157368
v 6.794344 -0.015179 -0.466241
v 6.957197 -0.017840 -0.458012
v 6.794943 0.143089 -0.426908
v 6.957797 0.140428 -0.418680
v 6.417697 -0.012448 -0.217478
v 6.546616 -0.017155 -0.217373
v 6.422376 0.115321 -0.234667
v 6.551294 0.110614 -0.234561
v 6.006515 -0.032406 -0.688234
v 6.251025 -0.010264 -0.664927
v 5.982281 0.212025 -0.666217
v 6.226791 0.234167 -0.642911
v 5.608146 0.010172 -0.549605
v 5.777256 -0.043745 -0.551641
v 5.660733 0.173379 -0.503693
v 5.829844 0.119462 -0.505728
v 5.454134 -0.006615 -0.111976
v 5.684075 -0.036202 -0.024307
v 5.486451 0.239122 -0.113806
v 5.716393 0.209535 -0.026136
v 6.117420 -0.003204 -0.618257
v 6.212133 -0.022642 -0.626377
v 6.135524 0.091026 -0.632656
v 6.230237 0.071589 -0.640777
v 5.513601 -0.027719 -0.695052
v 5.650200 -0.002871 -0.695022
v 5.488754 0.108867 -0.693159
v 5.625353 0.133716 -0.693129
v 6.116845 -0.005128 -0.556054
v 6.364541 -0.037752 -0.562598
v 6.149983 0.241168 -0.529583
v 6.397679 0.208544 -0.536126
v 6.377869 -0.004626 -0.029735
v 6.545007 -0.029665 0.013592
v 6.409856 0.164998 -0.055103
v 6.576994 0.139960 -0.011776
v 5.493405 -0.015347 -0.208983
v 5.762661 -0.029447 -0.233876
v 5.501443 0.248048 -0.271237
v 5.770699 0.233948 -0.296129
v 5.577108 -0.043418 -0.459317
v 5.857169 -0.003397 -0.428822
v 5.535986 0.238017 -0.451005
v 5.816048 0.278038 -0.420510
v 6.612401 -0.006423 -0.708744
v 6.715503 -0.020254 -0.709171
v 6.626109 0.095230 -0.691419
v 6.729211 0.081399 -0.691847
v 6.717638 -0.011008 -0.357742
v 6.954932 -0.030733 -0.350528
v 6.737996 0.225132 -0.381686
v 6.975289 0.205407 -0.374472
v 5.852548 0.010796 -0.325193
v 5.974529 -0.039937 -0.345479
v 5.902322 0.134444 -0.335118
v 6.024304 0.083712 -0.355404
v 6.277330 -0.026750 -0.179150
v 6.383461 -0.000770 -0.205430
v 6.250669 0.082422 -0.178895
v 6.356800 0.108403 -0.205176
v 5.481167 -0.004637 -0.015537
v 5.733572 -0.038551 -0.021095
v 5.515532 0.244416 0.025458
v 5.767937 0.210503 0.019900
v 5.909101 -0.007132 -0.039964
v 6.167687 -0.037354 -0.116091
v 5.956674 0.253512 0.018152
v 6.215260 0.223289 -0.057975
v 6.298096 -0.010651 -0.084380
v 6.397621 -0.015675 -0.089564
v 6.302273 0.087869 -0.099672
v 6.401798 0.082844 -0.104855
v 5.601226 -0.039596 -0.135684
v 5.813808 0.000527 -0.126303
v 5.560581 0.172690 -0.122586
v 5.773163 0.212813 -0.113204
v 6.557546 0.013527 -0.813395
v 6.823153 -0.057997 -0.768389
v 6.613873 0.274029 -0.731823
v 6.879480 0.202504 -0.686817
v 5.479358 -0.016494 -0.494378
v 5.643259 -0.017234 -0.478292
v 5.479577 0.148109 -0.489030
v 5.643477 0.147369 -0.472944
v 5.850736 -0.016847 -0.102143
v 6.040302 -0.019716 -0.147043
v 5.843445 0.173061 -0.145058
v 6.033011 0.170191 -0.189959
v 6.837392 -0.019896 -0.043286
v 6.934937 -0.006310 -0.041486
v 6.823736 0.077550 -0.038759
v 6.921280 0.091136 -0.036959
v 6.025019 -0.007560 -0.352226
v 6.114009 -0.017637 -0.369382
v 6.030903 0.080880 -0.373650
v 6.119894 0.070803 -0.390806
v 6.751759 -0.030054 -0.778289
v 6.944920 -0.006873 -0.769149
v 6.728197 0.163109 -0.770227
v 6.921358 0.186289 -0.761088
v 6.499051 -0.004314 -0.764905
v 6.579441 -0.019756 -0.757847
v 6.512280 0.074064 -0.744104
v 6.592670 0.058622 -0.737046
v 5.428882 -0.012282 -0.194072
v 5.672250 -0.030661 -0.150032
v 5.449596 0.234589 -0.205509
v 5.692964 0.216210 -0.161469
v 5.817031 -0.012051 -0.425431
v 6.089917 -0.033987 -0.455174
v 5.839025 0.262446 -0.426088
v 6.111910 0.240510 -0.455831
v 5.412877 -0.026716 -0.092468
v 5.577418 -0.006523 -0.100672
v 5.395185 0.133512 -0.052933
v 5.559726 0.153705 -0.061137
v 5.681056 0.005733 -0.065048
v 5.914827 -0.046738 -0.096424
v 5.739052 0.235296 -0.016842
v 5.972823 0.182825 -0.048218
v 6.806302 -0.003573 -0.641872
v 7.055733 -0.040066 -0.588675
v 6.848363 0.249511 -0.665475
v 7.097795 0.213017 -0.612278
v 5.422262 -0.039730 -0.596935
v 5.665423 -0.001861 -0.576170
v 5.391689 0.195067 -0.667133
v 5.634850 0.232937 -0.646368
v 6.200161 -0.008934 -0.433467
v 6.321823 -0.020688 -0.473654
v 6.213493 0.119005 -0.430527
v 6.335155 0.107251 -0.470714
v 5.932314 0.012028 -0.290496
v 6.180418 -0.054197 -0.269769
v 6.001638 0.251986 -0.353623
v 6.249743 0.185761 -0.332897
v 6.516671 0.001236 -0.021568
v 6.636264 -0.029727 -0.039172
v 6.550581 0.119083 0.001525
v 6.670174 0.088121 -0.016079
v 5.619134 -0.007905 -0.749895
v 5.694476 -0.015835 -0.743949
v 5.627401 0.067521 -0.754062
v 5.702744 0.059591 -0.748116
v 5.755892 0.008070 -0.453873
v 5.974578 -0.048099 -0.484723
v 5.811564 0.228921 -0.461334
v 6.030251 0.172752 -0.492183
v 5.930073 0.023583 -0.699808
v 6.161351 -0.064769 -0.702177
v 6.018305 0.254768 -0.708143
v 6.249582 0.166416 -0.710512
v 6.706548 -0.021375 -0.611759
v 6.854447 -0.010941 -0.647211
v 6.695113 0.130613 -0.614731
v 6.843012 0.141047 -0.650183
v 6.055852 -0.013520 -0.056799
v 6.179968 -0.015248 -0.044214
v 6.054185 0.106799 -0.023839
v 6.178300 0.105072 -0.011253
v 6.223872 -0.040407 -0.518530
v 6.456832 -0.000799 -0.487485
v 6.190751 0.190958 -0.565176
v 6.423711 0.230566 -0.534131
v 6.285537 0.001702 -0.506484
v 6.539567 -0.046063 -0.452812
v 6.333807 0.261234 -0.503984
v 6.587838 0.213470 -0.450313
v 5.811374 -0.012694 -0.668839
v 5.962714 -0.019630 -0.689940
v 5.820281 0.139373 -0.654944
v 5.971621 0.132437 -0.676045
v 6.469197 -0.015340 -0.114644
v 6.648087 -0.020341 -0.154644
v 6.478757 0.166692 -0.094652
v 6.657646 0.161691 -0.134653
v 6.187558 -0.011353 -0.650658
v 6.372087 -0.024106 -0.679203
v 6.207290 0.168700 -0.603540
v 6.391819 0.155947 -0.632085
v 6.229301 -0.009339 -0.033899
v 6.312760 -0.015148 -0.035602
v 6.234705 0.072760 -0.049152
v 6.318164 0.066950 -0.050855
v 6.374139 -0.027997 -0.656256
v 6.573784 -0.010022 -0.617290
v 6.353803 0.174916 -0.645664
v 6.553448 0.192891 -0.606697
v 0.912222 0.000943 -1.152385
v 1.041360 -0.030651 -1.154437
v 0.943878 0.129649 -1.141818
v 1.073015 0.098055 -1.143870
v 1.573600 0.010226 -1.380512
v 1.761270 -0.047178 -1.332004
v 1.632498 0.203612 -1.379527
v 1.820168 0.146209 -1.331019
v 0.901098 -0.010542 -1.019457
v 1.079502 -0.024360 -1.027686
v 0.916257 0.164546 -0.984805
v 1.094661 0.150728 -0.993033
v 1.565721 -0.003695 -0.996088
v 1.820095 -0.040841 -0.911861
v 1.619203 0.257397 -1.042462
v 1.873578 0.220251 -0.958236
v 0.880325 -0.005424 -1.042994
v 1.060497 -0.030336 -1.090992
v 0.913540 0.177314 -1.013159
v 1.093712 0.152402 -1.061158
v 1.395502 0.001955 -1.252651
v 1.614142 -0.041456 -1.262704
v 1.436709 0.218090 -1.289757
v 1.655349 0.174680 -1.299811
v 1.776657 0.023758 -1.078361
v 1.983299 -0.062656 -1.119967
v 1.860553 0.234513 -1.099411
v 2.067194 0.148099 -1.141018
v 2.004582 0.016997 -1.343461
v 2.234595 -0.058052 -1.341453
v 2.079603 0.247007 -1.340344
v 2.309616 0.171957 -1.338336
v 0.803631 0.021464 -1.452945
v 1.018564 -0.060992 -1.427316
v 0.884727 0.237839 -1.436901
v 1.099660 0.155383 -1.411272
v 1.740106 -0.004725 -1.094298
v 1.826161 -0.020182 -1.094476
v 1.755538 0.081125 -1.088300
v 1.841593 0.065668 -1.088479
v 0.740404 0.010672 -1.259500
v 0.908173 -0.044679 -1.236011
v 0.798545 0.177758 -1.281041
v 0.966314 0.122407 -1.257552
v 1.085858 0.006823 -1.338145
v 1.243305 -0.039775 -1.362457
v 1.135060 0.164497 -1.321711
v 1.292508 0.117899 -1.346022
v 0.627357 -0.002308 -1.214878
v 0.822650 -0.034779 -1.205107
v 0.660607 0.192275 -1.232803
v 0.855900 0.159804 -1.223032
v 1.545766 -0.031185 -1.296427
v 1.673594 0.001490 -1.312616
v 1.512359 0.097406 -1.300672
v 1.640187 0.130080 -1.316861
v 0.972736 0.006270 -1.334818
v 1.231545 -0.050871 -1.268584
v 1.013310 0.267941 -1.267616
v 1.272120 0.210800 -1.201382
v 1.528283 -0.017592 -0.989188
v 1.662687 -0.012771 -0.996210
v 1.523630 0.116960 -0.985856
v 1.658035 0.121781 -0.992878
v 1.379947 -0.012689 -1.190322
v 1.483687 -0.013776 -1.175512
v 1.376439 0.087074 -1.158425
v 1.480178 0.085987 -1.143615
v 1.945639 -0.018541 -1.379552
v 2.101037 -0.014096 -1.375348
v 1.941583 0.136311 -1.393350
v 2.096981 0.140756 -1.389146
v 1.692182 -0.006938 -1.209923
v 1.823697 -0.023002 -1.208891
v 1.708046 0.123846 -1.195805
v 1.839562 0.107782 -1.194773
v 1.381616 -0.004513 -0.940574
v 1.604307 -0.035219 -0.949192
v 1.409889 0.213687 -0.987453
v 1.632579 0.182981 -0.996071
v 1.388749 -0.023220 -1.243478
v 1.526575 -0.007614 -1.227371
v 1.373182 0.115543 -1.244718
v 1.511008 0.131149 -1.228610
v 1.084751 0.009194 -1.321803
v 1.318677 -0.050625 -1.330764
v 1.145068 0.242562 -1.305041
v 1.378995 0.182744 -1.314002
v 2.207436 -0.005685 -1.175936
v 2.315242 -0.021609 -1.176177
v 2.223238 0.101476 -1.187886
v 2.331045 0.085551 -1.188127
v 0.866341 -0.018593 -1.322524
v 0.941302 -0.005162 -1.332512
v 0.852638 0.056971 -1.323748
v 0.927599 0.070403 -1.333735
v 1.728117 -0.007572 -1.327158
v 1.813962 -0.017169 -1.315689
v 1.734779 0.076800 -1.306422
v 1.820625 0.067203 -1.294953
v 1.977351 -0.020129 -1.157598
v 2.095200 -0.008370 -1.144941
v 1.967009 0.097787 -1.170854
v 2.084858 0.109546 -1.158198
v 1.782364 -0.015644 -1.338269
v 1.961504 -0.019830 -1.316095
v 1.785184 0.164541 -1.327041
v 1.964325 0.160355 -1.304867
v 1.359875 -0.010793 -1.289171
v 1.452663 -0.014955 -1.301416
v 1.363114 0.082560 -1.296353
v 1.455902 0.078398 -1.308599
v 1.791230 0.004489 -0.998734
v 1.961063 -0.038912 -1.024205
v 1.831194 0.175294 -1.023311
v 2.001027 0.131893 -1.048781
v 1.658334 -0.000113 -1.265961
v 1.755719 -0.026101 -1.271827
v 1.684439 0.097407 -1.264619
v 1.781824 0.071419 -1.270484
v 1.664563 -0.002591 -1.065807
v 1.787490 -0.026469 -1.067927
v 1.688473 0.120332 -1.063844
v 1.811400 0.096455 -1.065965
v 1.658682 0.012022 -1.011529
v 1.889371 -0.053131 -1.000229
v 1.724372 0.242519 -1.023597
v 1.955061 0.177366 -1.012297
v 1.868221 0.018114 -0.960118
v 2.118881 -0.061395 -0.951379
v 1.946601 0.268000 -0.934786
v 2.197261 0.188492 -0.926047
v 1.535944 -0.007435 -1.002933
v 1.615730 -0.016868 -0.992403
v 1.545042 0.073020 -0.999783
v 1.624828 0.063587 -0.989252
v 0.726443 -0.000222 -1.356872
v 0.874768 -0.031747 -1.370122
v 0.758042 0.148677 -1.357411
v 0.906367 0.117151 -1.370661
v 1.010407 -0.035857 -1.164728
v 1.251376 -0.006599 -1.205994
v 0.987041 0.206667 -1.129220
v 1.228009 0.235925 -1.170486
v 2.186686 -0.001849 -1.123274
v 2.285039 -0.023773 -1.125332
v 2.207968 0.090377 -1.088637
v 2.306322 0.068454 -1.090694
v 0.625820 0.000819 -1.169115
v 0.723727 -0.027683 -1.204729
v 0.657113 0.104144 -1.165779
v 0.755020 0.075641 -1.201393
v -3.116253 -0.004649 -0.192350
v -2.940367 -0.030220 -0.193065
v -3.090925 0.170133 -0.212363
v -2.915038 0.144562 -0.213077
v -3.406028 -0.015645 -0.287070
v -3.326819 -0.008583 -0.297156
v -3.413428 0.064140 -0.289316
v -3.334220 0.071203 -0.299402
v -3.384963 -0.006112 -0.984587
v -3.287815 -0.019899 -0.985597
v -3.371205 0.089599 -0.967892
v -3.274059 0.075811 -0.968901
v -4.293850 -0.011034 -0.336051
v -4.015526 -0.034839 -0.326504
v -4.268638 0.261997 -0.390279
v -3.990314 0.238192 -0.380731
v -2.141518 -0.026979 -0.577320
v -1.939035 -0.011184 -0.550844
v -2.156858 0.177213 -0.581823
v -1.954374 0.193008 -0.555347
v -2.647243 -0.000493 -0.200945
v -2.479240 -0.033547 -0.201140
v -2.614294 0.166887 -0.186244
v -2.446291 0.133832 -0.186440
v -2.667737 0.010985 -0.689072
v -2.467751 -0.048584 -0.665489
v -2.605591 0.210143 -0.713016
v -2.405604 0.150574 -0.689433
v -2.781973 0.013860 -0.065578
v -2.518574 -0.058821 -0.107060
v -2.705722 0.278748 -0.045526
v -2.442325 0.206067 -0.087007
v -4.577357 0.000470 -0.217980
v -4.320253 -0.044600 -0.187351
v -4.529562 0.257935 -0.240322
v -4.272459 0.212865 -0.209692
v -4.038681 -0.036736 -0.945161
v -3.799312 -0.005697 -0.993335
v -4.074844 0.205582 -0.968723
v -3.835476 0.236621 -1.016896
v -3.243175 0.012291 -0.887065
v -2.970451 -0.058680 -0.957622
v -3.187780 0.289925 -0.952210
v -2.915056 0.218954 -1.022768
v -3.960968 -0.041506 -0.578388
v -3.731183 0.000473 -0.572610
v -4.002818 0.188311 -0.583797
v -3.773033 0.230291 -0.578019
v -2.313259 0.003789 -0.493700
v -2.113700 -0.042266 -0.433429
v -2.276788 0.210784 -0.456282
v -2.077230 0.164729 -0.396012
v -4.910693 -0.019990 -0.515347
v -4.706378 -0.018023 -0.499242
v -4.914929 0.182867 -0.486384
v -4.710614 0.184835 -0.470280
v -4.806678 0.016462 -1.002489
v -4.525578 -0.062631 -1.044847
v -4.720101 0.292134 -0.942685
v -4.439002 0.213041 -0.985043
v -3.454874 -0.005818 -0.524827
v -3.348941 -0.021289 -0.522277
v -3.439233 0.099670 -0.534596
v -3.333299 0.084199 -0.532047
v -2.754213 0.016298 -0.846820
v -2.589521 -0.050154 -0.867736
v -2.689698 0.182038 -0.865389
v -2.525006 0.115586 -0.886305
v -4.168593 0.000992 -0.227407
v -4.097863 -0.024273 -0.216107
v -4.144819 0.072330 -0.216716
v -4.074089 0.047065 -0.205416
v -2.311897 -0.008624 -0.714713
v -2.218889 -0.017208 -0.695853
v -2.305994 0.085485 -0.700985
v -2.212986 0.076901 -0.682125
v -4.066580 -0.049895 -0.780064
v -3.798482 0.003546 -0.708997
v -4.116479 0.227382 -0.800324
v -3.848382 0.280823 -0.729257
v -3.167660 -0.003667 -0.455249
v -3.078405 -0.021669 -0.464032
v -3.149830 0.086015 -0.457868
v -3.060575 0.068014 -0.466650
v -2.131203 -0.022910 -0.862142
v -2.021970 -0.004642 -0.877284
v -2.147302 0.086553 -0.846214
v -2.038069 0.104821 -0.861356
v -2.316540 -0.002899 -0.957919
v -2.134225 -0.031886 -0.939937
v -2.294823 0.171137 -0.897569
v -2.112508 0.142151 -0.879586
v -4.012446 -0.014061 -0.184032
v -3.910905 -0.012603 -0.182255
v -4.013863 0.087468 -0.186393
v -3.912323 0.088927 -0.184616
v -3.120481 -0.024951 -1.027075
v -2.959517 -0.007972 -1.002931
v -3.142895 0.132462 -0.988347
v -2.981929 0.149441 -0.964203
v -3.722639 -0.000397 -0.305498
v -3.626824 -0.025835 -0.327399
v -3.695494 0.097287 -0.300202
v -3.599679 0.071849 -0.322104
v -2.797872 0.010007 -0.642890
v -2.640876 -0.043243 -0.597591
v -2.738332 0.170211 -0.660915
v -2.581336 0.116961 -0.615616
v -2.739793 -0.023003 -0.778270
v -2.453598 -0.023316 -0.809795
v -2.748094 0.253999 -0.856390
v -2.461900 0.253686 -0.887914
v -4.747066 -0.025745 -0.650646
v -4.472997 -0.020373 -0.625530
v -4.752568 0.249467 -0.649480
v -4.478499 0.254840 -0.624364
v -2.736466 -0.000946 -0.558952
v -2.554005 -0.034563 -0.564859
v -2.702346 0.179545 -0.532189
v -2.519885 0.145928 -0.538097
v -2.912611 -0.009951 -0.245806
v -2.824182 -0.015138 -0.247066
v -2.907668 0.077517 -0.258969
v -2.819239 0.072330 -0.260227
v -4.482621 -0.025810 -0.966509
v -4.269707 -0.013403 -0.983217
v -4.494950 0.187758 -0.965029
v -4.282036 0.200164 -0.981738
v -3.824670 -0.007623 -0.688184
v -3.692013 -0.022164 -0.689505
v -3.810194 0.121799 -0.658998
v -3.677535 0.107257 -0.660320
v -2.186591 -0.012473 -0.262688
v -2.087899 -0.013680 -0.260633
v -2.185022 0.084506 -0.281083
v -2.086329 0.083299 -0.279028
v -4.586136 -0.027451 -0.753411
v -4.437393 -0.004583 -0.738221
v -4.609235 0.122025 -0.752250
v -4.460493 0.144893 -0.737059
v -4.481471 -0.019765 -0.114761
v -4.270783 -0.019576 -0.171035
v -4.491491 0.194948 -0.151555
v -4.280803 0.195138 -0.207828
v -4.196205 -0.026293 -0.802741
v -3.995811 -0.011753 -0.757751
v -4.216870 0.176856 -0.776343
v -4.016475 0.191396 -0.731355
v -2.255517 -0.031480 -0.729243
v -2.046785 -0.007447 -0.765793
v -2.282465 0.179533 -0.744388
v -2.073733 0.203567 -0.780938
v -4.451406 -0.019156 -0.621922
v -4.184732 -0.026116 -0.560766
v -4.457445 0.248503 -0.565131
v -4.190771 0.241544 -0.503975
v -3.257905 -0.026574 -0.808833
v -3.114100 -0.004812 -0.811177
v -3.279747 0.117115 -0.814800
v -3.135941 0.138877 -0.817144
v -2.420672 -0.009607 -0.606864
v -2.263360 -0.023432 -0.567185
v -2.416135 0.148845 -0.569648
v -2.258822 0.135020 -0.529969
v -2.617681 -0.048040 -0.544124
v -2.363666 0.004052 -0.510661
v -2.669739 0.208152 -0.547768
v -2.415724 0.260244 -0.514304
v -3.878564 0.001662 -0.806557
v -3.683987 -0.038668 -0.796803
v -3.839468 0.195528 -0.784885
v -3.644890 0.155197 -0.775131
v -2.132845 0.007392 -0.330927
v -1.843997 -0.055095 -0.307333
v -2.069321 0.296756 -0.342254
v -1.780473 0.234268 -0.318661
v -4.300216 -0.021475 -0.796644
v -4.179173 -0.007603 -0.819136
v -4.314301 0.101616 -0.796531
v -4.193258 0.115487 -0.819022
v -2.426598 -0.009881 -0.404470
v -2.302110 -0.019043 -0.407348
v -2.417036 0.111835 -0.378332
v -2.292548 0.102673 -0.381210
v -4.333066 -0.012016 -0.673174
v -4.116055 -0.027831 -0.725101
v -4.308248 0.207208 -0.636229
v -4.091238 0.191393 -0.688157
v -2.472889 -0.017953 -0.633090
v -2.358215 -0.010293 -0.662757
v -2.473707 0.097699 -0.606392
v -2.359035 0.105359 -0.636059
v -2.344682 -0.006343 -0.341744
v -2.234508 -0.020900 -0.339705
v -2.330075 0.100365 -0.369211
v -2.219900 0.085808 -0.367172
v -2.166085 -0.019321 -0.072186
v -1.881981 -0.027802 -0.081924
v -2.157857 0.264861 -0.079638
v -1.873753 0.256380 -0.089376
v -2.030509 -0.006271 -0.668931
v -1.902425 -0.023389 -0.697140
v -2.020076 0.122013 -0.699406
v -1.891992 0.104894 -0.727615
v -4.139212 -0.026198 -0.997903
v -4.019885 -0.002495 -1.007059
v -4.163048 0.093450 -0.998818
v -4.043721 0.117153 -1.007974
v -2.164285 -0.003617 -0.354537
v -1.958751 -0.034661 -0.403743
v -2.146860 0.201598 -0.411216
v -1.941325 0.170554 -0.460422
v -2.579422 -0.056679 -0.779811
v -2.312935 0.011402 -0.754009
v -2.647528 0.211030 -0.782782
v -2.381042 0.279111 -0.756980
v -4.266098 0.003618 -0.917505
v -4.035387 -0.044598 -0.922088
v -4.217669 0.232959 -0.892385
v -3.986959 0.184743 -0.896969
v -3.512454 0.000947 -0.724313
v -3.403710 -0.028567 -0.697981
v -3.479353 0.111022 -0.737633
v -3.370610 0.081508 -0.711300
v -3.583248 -0.014639 -0.360892
v -3.442616 -0.016057 -0.372901
v -3.584568 0.122899 -0.392593
v -3.443937 0.121481 -0.404602
v -4.323886 -0.031812 -0.500549
v -4.085709 -0.010666 -0.450971
v -4.347929 0.210906 -0.488568
v -4.109751 0.232052 -0.438990
v -3.540110 0.027000 -0.497001
v -3.318796 -0.067131 -0.469880
v -3.450242 0.248764 -0.460665
v -3.228927 0.154633 -0.433542
v -2.894779 -0.001645 -0.506750
v -2.702381 -0.035129 -0.503042
v -2.861717 0.190152 -0.490246
v -2.669320 0.156668 -0.486538
v -4.280205 -0.001186 -0.546983
v -4.068972 -0.037701 -0.565271
v -4.246163 0.209472 -0.574395
v -4.034930 0.172957 -0.592683
v -4.837590 0.017378 -0.928613
v -4.637055 -0.055171 -0.947022
v -4.766879 0.218269 -0.950040
v -4.566345 0.145720 -0.968449
v -2.400302 -0.020067 -0.086351
v -2.264735 -0.010714 -0.118590
v -2.413308 0.118221 -0.100924
v -2.277742 0.127574 -0.133164
v -3.690672 -0.015796 -0.436008
v -3.475758 -0.023285 -0.423760
v -3.685290 0.196595 -0.400577
v -3.470376 0.189106 -0.388329
v -3.116799 -0.018362 -0.308802
v -2.995378 -0.010124 -0.311426
v -3.125427 0.099438 -0.338233
v -3.004008 0.107677 -0.340857
v -3.733228 -0.015441 -0.657942
v -3.491952 -0.026877 -0.655581
v -3.721787 0.225845 -0.658468
v -3.480511 0.214410 -0.656107
v -2.554513 -0.021740 -0.281375
v -2.330964 -0.018264 -0.295326
v -2.555525 0.198892 -0.242629
v -2.331976 0.202368 -0.256581
v -2.162631 -0.013546 -0.620905
v -2.069761 -0.011718 -0.635325
v -2.159724 0.075490 -0.590900
v -2.066854 0.077317 -0.605320
v -2.952441 -0.013746 -0.363491
v -2.846131 -0.013367 -0.367006
v -2.953254 0.091794 -0.376715
v -2.846944 0.092173 -0.380229
v -3.680287 -0.052341 -0.919879
v -3.407459 0.005890 -0.851741
v -3.746353 0.225842 -0.893079
v -3.473526 0.284072 -0.824940
v -4.540159 0.024070 -0.745715
v -4.268915 -0.069753 -0.764709
v -4.445449 0.295395 -0.733451
v -4.174205 0.201572 -0.752445
v -4.834929 0.001396 -0.277126
v -4.663005 -0.036357 -0.240494
v -4.796362 0.177002 -0.277150
v -4.624439 0.139249 -0.240518
v -3.625969 -0.003041 -0.821466
v -3.339952 -0.043974 -0.836626
v -3.583267 0.280177 -0.780531
v -3.297250 0.239243 -0.795693
v -4.666361 -0.005634 -0.921111
v -4.518399 -0.026062 -0.896529
v -4.641335 0.140828 -0.950040
v -4.493372 0.120401 -0.925457
v -3.398726 -0.018068 -0.762210
v -3.281756 -0.010192 -0.742352
v -3.401959 0.097714 -0.789082
v -3.284991 0.105590 -0.769223
v -3.029874 -0.007654 -0.160909
v -2.880477 -0.025482 -0.104321
v -3.009019 0.151660 -0.165778
v -2.859621 0.133832 -0.109190
v -4.699339 0.011604 -0.425410
v -4.504891 -0.047592 -0.406014
v -4.637046 0.196383 -0.485960
v -4.442599 0.137187 -0.466565
v -4.449389 0.003616 -0.630596
v -4.321449 -0.033329 -0.660196
v -4.408057 0.132378 -0.612668
v -4.280119 0.095433 -0.642267
v -2.568642 -0.000613 -0.919879
v -2.471295 -0.025548 -0.912868
v -2.543139 0.096424 -0.928862
v -2.445793 0.071489 -0.921851
v -2.271441 -0.000370 -0.494648
v -2.116482 -0.032470 -0.518539
v -2.238767 0.156295 -0.493215
v -2.083808 0.124195 -0.517107
v -4.134977 -0.050255 -0.491016
v -3.875107 0.004941 -0.557158
v -4.186416 0.217779 -0.469441
v -3.926546 0.272975 -0.535584
v -3.281529 -0.005817 -0.330831
v -3.135375 -0.025417 -0.355094
v -3.269743 0.136523 -0.374814
v -3.123587 0.116923 -0.399077
v -4.755136 -0.021860 -0.208049
v -4.604361 -0.010383 -0.194792
v -4.766396 0.129485 -0.211020
v -4.615620 0.140962 -0.197762
v -3.927523 0.012520 -0.269331
v -3.677773 -0.056290 -0.206430
v -3.872049 0.266765 -0.211464
v -3.622299 0.197955 -0.148562
v -3.232135 0.000335 -0.211957
v -3.129110 -0.027646 -0.242688
v -3.207334 0.107641 -0.226516
v -3.104309 0.079660 -0.257247
v -4.572226 -0.044472 -0.304119
v -4.352983 0.004475 -0.328300
v -4.620686 0.176094 -0.297035
v -4.401443 0.225040 -0.321215
v -2.608016 0.011859 -1.006703
v -2.317666 -0.059259 -1.009225
v -2.537395 0.298514 -0.959706
v -2.247045 0.227397 -0.962228
v -4.801236 -0.003249 -0.693148
v -4.550741 -0.039954 -0.691221
v -4.764524 0.245946 -0.718695
v -4.514030 0.209240 -0.716769
v -4.112543 0.037744 -0.283539
v -3.870370 -0.080255 -0.308328
v -3.996994 0.280755 -0.311463
v -3.754822 0.162756 -0.336252
v -2.172344 0.011456 -0.142108
v -2.033360 -0.042221 -0.140558
v -2.119179 0.149605 -0.125116
v -1.980195 0.095927 -0.123565
v -3.843039 0.004651 -0.541373
v -3.566248 -0.050953 -0.547526
v -3.787495 0.281503 -0.544655
v -3.510704 0.225899 -0.550807
v -2.257631 0.004165 -0.985995
v -2.082878 -0.038911 -0.992061
v -2.215590 0.177854 -1.008267
v -2.040837 0.134777 -1.014333
v -2.854653 -0.039650 -0.956319
v -2.645725 0.000673 -0.994784
v -2.897880 0.171812 -0.969442
v -2.688952 0.212134 -1.007907
v -4.808418 -0.009219 -0.379319
v -4.716158 -0.016407 -0.359926
v -4.805523 0.083052 -0.358889
v -4.713263 0.075864 -0.339495
v -4.006261 -0.036552 -0.639381
v -3.820059 0.000378 -0.625590
v -4.042269 0.149882 -0.652445
v -3.856068 0.186812 -0.638653
v -4.951521 -0.006613 -0.293792
v -4.837745 -0.021378 -0.287701
v -4.937455 0.106769 -0.281689
v -4.823680 0.092005 -0.275598
v -4.348321 -0.004523 -0.258993
v -4.218894 -0.025151 -0.247768
v -4.326285 0.123890 -0.277083
v -4.196858 0.103262 -0.265858
v -2.046734 -0.023152 -0.809937
v -1.957415 -0.002131 -0.803099
v -2.066966 0.066055 -0.819905
v -1.977647 0.087076 -0.813067
v -4.829297 0.000858 -0.827011
v -4.552080 -0.047571 -0.781034
v -4.784324 0.281384 -0.802694
v -4.507106 0.232955 -0.756717
v -3.448584 -0.009849 -0.634439
v -3.183130 -0.035179 -0.642174
v -3.423078 0.255635 -0.628499
v -3.157623 0.230305 -0.636235
v -3.812662 0.004043 -0.457269
v -3.655090 -0.036634 -0.459341
v -3.773224 0.158492 -0.490106
v -3.615651 0.117815 -0.492178
v -2.775247 0.003612 -0.137759
v -2.667839 -0.031047 -0.155829
v -2.739407 0.112027 -0.132676
v -2.631999 0.077368 -0.150746
v -4.482121 -0.017823 -0.951686
v -4.383924 -0.008846 -0.978039
v -4.489660 0.083756 -0.945171
v -4.391463 0.092734 -0.971524
v -4.183931 -0.024581 -0.660621
v -3.972483 -0.013954 -0.678887
v -4.190446 0.182932 -0.615310
v -3.978999 0.193559 -0.633576
v -3.756139 -0.006955 -0.908532
v -3.626912 -0.022607 -0.915487
v -3.741978 0.120456 -0.932171
v -3.612751 0.104804 -0.939125
v -2.348253 -0.019230 -0.826101
v -2.251141 -0.006928 -0.825779
v -2.360558 0.077786 -0.821772
v -2.263445 0.090089 -0.821450
v -3.729032 -0.010377 -0.205281
v -3.568297 -0.022390 -0.200788
v -3.718469 0.145645 -0.165962
v -3.557734 0.133631 -0.161469
v -3.237613 -0.007984 -0.695347
v -3.084323 -0.024362 -0.690302
v -3.220753 0.144276 -0.713345
v -3.067463 0.127898 -0.708300
v -3.051545 -0.012974 -0.661318
v -2.974496 -0.010942 -0.664472
v -3.053401 0.064026 -0.657062
v -2.976354 0.066058 -0.660216
v -4.070070 -0.010151 -0.897901
v -3.941715 -0.018723 -0.886681
v -4.065832 0.111118 -0.853738
v -3.937477 0.102546 -0.842518
v -2.883214 -0.047296 -0.282426
v -2.614287 0.001746 -0.244947
v -2.927690 0.222842 -0.316774
v -2.658762 0.271883 -0.279295
v -3.369762 -0.005402 -0.906513
v -3.144430 -0.036454 -0.832377
v -3.341786 0.231763 -0.892207
v -3.116455 0.200712 -0.818070
v -3.424514 0.005005 -0.159467
v -3.258523 -0.038770 -0.187193
v -3.387887 0.169941 -0.200602
v -3.221897 0.126166 -0.228328
v -2.997033 -0.057986 -0.840828
v -2.775142 0.017865 -0.832410
v -3.072187 0.163691 -0.857284
v -2.850296 0.239542 -0.848867
v -3.950916 -0.000891 -0.853299
v -3.743145 -0.037656 -0.862622
v -3.913701 0.206737 -0.842661
v -3.705928 0.169972 -0.851985
v -2.609500 0.005165 -0.454677
v -2.426245 -0.040888 -0.417798
v -2.557139 0.187571 -0.487079
v -2.373885 0.141518 -0.450201
v -4.621469 -0.002918 -0.845839
v -4.438519 -0.032491 -0.868973
v -4.587584 0.176690 -0.807464
v -4.404636 0.147117 -0.830598
v -4.772231 -0.002215 -0.483761
v -4.558431 -0.036916 -0.463993
v -4.735341 0.210626 -0.509117
v -4.521541 0.175925 -0.489349
v -4.401005 -0.034413 -0.859404
v -4.204299 -0.002909 -0.867164
v -4.432786 0.162275 -0.866492
v -4.236079 0.193778 -0.874253
v -3.206805 -0.015322 -0.552669
v -2.987034 -0.024252 -0.545328
v -3.199234 0.201473 -0.515583
v -2.979464 0.192543 -0.508243
v -3.886876 -0.012463 -0.346610
v -3.760082 -0.016844 -0.349349
v -3.883001 0.112664 -0.367388
v -3.756208 0.108283 -0.370126
v -2.522226 0.013173 -0.135945
v -2.301188 -0.054018 -0.192534
v -2.458032 0.241315 -0.156078
v -2.236992 0.174124 -0.212667
v -2.505457 0.016763 -0.881464
v -2.248831 -0.060819 -0.891186
v -2.427849 0.273564 -0.882194
v -2.171224 0.195983 -0.891916
v -3.954003 0.006716 -0.417876
v -3.834615 -0.035561 -0.397774
v -3.911647 0.127721 -0.414943
v -3.792259 0.085444 -0.394841
v -3.501430 -0.001591 -0.956490
v -3.291584 -0.037003 -0.930507
v -3.471565 0.206448 -0.914156
v -3.261719 0.171037 -0.888173
v -2.875641 -0.023999 -0.741152
v -2.619756 -0.019945 -0.739010
v -2.879639 0.231809 -0.747777
v -2.623754 0.235863 -0.745636
v -3.674794 -0.001948 -0.989192
v -3.578930 -0.024202 -1.006689
v -3.654822 0.095003 -1.003080
v -3.558959 0.072749 -1.020577
v -2.893382 -0.035724 -0.477326
v -2.735900 0.002778 -0.488363
v -2.931083 0.121890 -0.465442
v -2.773601 0.160392 -0.476479
v -3.131230 -0.003071 -0.780200
v -2.955815 -0.031478 -0.783864
v -3.102658 0.168863 -0.745375
v -2.927245 0.140456 -0.749039
v -4.625148 -0.005943 -0.547013
v -4.380570 -0.036821 -0.502038
v -4.587718 0.239326 -0.582178
v -4.343139 0.208449 -0.537203
v -3.659579 -0.017765 -0.597595
v -3.428802 -0.023169 -0.596390
v -3.654067 0.211168 -0.626715
v -3.423289 0.205765 -0.625510
v -2.344281 0.002252 -0.192139
v -2.164435 -0.038497 -0.245857
v -2.309859 0.189321 -0.218803
v -2.130013 0.148572 -0.272521
v -3.409511 0.040149 -0.407820
v -3.162723 -0.082982 -0.400841
v -3.286226 0.286037 -0.429133
v -3.039438 0.162906 -0.422153
v -4.852978 -0.002816 -0.586565
v -4.694716 -0.030038 -0.588893
v -4.825691 0.153983 -0.565052
v -4.667429 0.126761 -0.567380
v -3.361080 -0.018782 -0.540169
v -3.129542 -0.023845 -0.619220
v -3.350694 0.225264 -0.525382
v -3.119156 0.220200 -0.604432
v -2.974296 -0.011522 -0.706491
v -2.749321 -0.028554 -0.738040
v -2.950702 0.209749 -0.657687
v -2.725726 0.192717 -0.689235
v -3.339590 -0.004553 -0.110568
v -3.197502 -0.026419 -0.116816
v -3.319203 0.135439 -0.136883
v -3.177116 0.113573 -0.143130
v -3.065847 0.019404 -0.869191
v -2.861669 -0.058279 -0.920898
v -2.992017 0.229956 -0.893983
v -2.787838 0.152272 -0.945691
v -2.786471 0.024184 -0.381174
v -2.561702 -0.064649 -0.382478
v -2.697670 0.248931 -0.385367
v -2.472902 0.160097 -0.386670
v -5.742135 0.008978 -0.217070
v -5.510329 -0.050217 -0.211052
v -5.683293 0.240634 -0.204920
v -5.451488 0.181438 -0.198902
v -5.313971 0.008951 -0.381212
v -5.082426 -0.050742 -0.332403
v -5.254621 0.245542 -0.373415
v -5.023076 0.185849 -0.324607
v -5.414892 -0.001689 -0.623870
v -5.248085 -0.032227 -0.591281
v -5.392421 0.164592 -0.583071
v -5.225614 0.134054 -0.550483
v -6.096417 -0.020391 -0.279846
v -5.913731 -0.015611 -0.251159
v -6.101598 0.164512 -0.277667
v -5.918910 0.169292 -0.248980
v -5.480293 -0.014508 -0.398646
v -5.248664 -0.027469 -0.460531
v -5.474783 0.223740 -0.427926
v -5.243155 0.210778 -0.489810
v -6.024377 -0.001236 -0.338849
v -5.762332 -0.043957 -0.399473
v -5.990575 0.265712 -0.380854
v -5.728530 0.222991 -0.441478
v -6.112686 -0.023345 -0.315197
v -5.966269 -0.008529 -0.337078
v -6.127391 0.124697 -0.313354
v -5.980974 0.139513 -0.335235
v -6.252831 -0.019829 -0.190325
v -6.016369 -0.021059 -0.167551
v -6.257874 0.208694 -0.125623
v -6.021412 0.207464 -0.102849
v -6.192385 -0.025738 -0.467757
v -6.012509 -0.009902 -0.429137
v -6.201553 0.155929 -0.499547
v -6.021678 0.171765 -0.460928
v -5.293526 -0.005426 -0.974157
v -5.154213 -0.026078 -0.933026
v -5.270287 0.139315 -0.980196
v -5.130974 0.118663 -0.939066
v -5.740155 -0.012539 -0.750079
v -5.619108 -0.015794 -0.759603
v -5.734343 0.103901 -0.715995
v -5.613295 0.100645 -0.725518
v -5.762416 -0.018944 -0.090259
v -5.577316 -0.016739 -0.081873
v -5.763020 0.163107 -0.124817
v -5.577919 0.165312 -0.116431
v -5.815657 -0.025558 -1.047531
v -5.676657 -0.005950 -1.006842
v -5.835567 0.119224 -1.049289
v -5.696566 0.138832 -1.008599
v -5.543660 0.016849 -0.185351
v -5.291445 -0.060482 -0.205972
v -5.466907 0.269877 -0.195477
v -5.214693 0.192547 -0.216099
v -5.625245 -0.025974 -0.252697
v -5.501415 -0.003470 -0.278203
v -5.646412 0.100386 -0.243968
v -5.522581 0.122890 -0.269474
v -5.554804 -0.012292 -0.979548
v -5.465475 -0.012854 -0.986911
v -5.552850 0.075692 -0.962544
v -5.463521 0.075131 -0.969907
v -5.972013 -0.007266 -0.242314
v -5.896544 -0.016243 -0.238498
v -5.962388 0.066109 -0.260036
v -5.886920 0.057132 -0.256221
v -4.936658 -0.022713 -0.616122
v -4.818179 -0.005859 -0.607812
v -4.952952 0.095855 -0.624286
v -4.834473 0.112709 -0.615975
v -5.256007 -0.003261 -0.249778
v -5.137633 -0.025216 -0.242772
v -5.235108 0.114458 -0.233999
v -5.116734 0.092503 -0.226993
v -5.233547 -0.010820 -0.664505
v -5.021815 -0.028888 -0.725477
v -5.207454 0.207164 -0.638487
v -4.995721 0.189096 -0.699458
v -5.359687 -0.001658 -0.125344
v -5.140094 -0.037509 -0.119374
v -5.323450 0.211506 -0.178167
v -5.103857 0.175654 -0.172198
v -6.157585 -0.031367 -0.072638
v -5.972387 -0.004608 -0.060710
v -6.182962 0.153299 -0.092905
v -5.997766 0.180059 -0.080976
v -5.895335 -0.009691 -0.972186
v -5.770592 -0.019591 -0.960744
v -5.886373 0.115218 -0.961821
v -5.761629 0.105317 -0.950379
v -5.442891 -0.013992 -0.907751
v -5.329916 -0.014396 -0.940353
v -5.439056 0.102934 -0.895914
v -5.326081 0.102530 -0.928517
v -5.937784 0.003758 -0.535617
v -5.648746 -0.049811 -0.518096
v -5.881424 0.278396 -0.625714
v -5.592383 0.224827 -0.608193
v -5.076718 -0.031449 -0.517656
v -4.887214 -0.004847 -0.501001
v -5.100013 0.156078 -0.552119
v -4.910509 0.182680 -0.535464
v -6.379844 -0.008790 -0.409203
v -6.148517 -0.032640 -0.378307
v -6.356672 0.224565 -0.402555
v -6.125345 0.200715 -0.371659
v -6.304379 -0.024450 -1.010198
v -6.176423 -0.005077 -1.031937
v -6.318623 0.102640 -0.980772
v -6.190666 0.122014 -1.002511
v -5.674240 -0.004912 -0.482189
v -5.464859 -0.034176 -0.523208
v -5.641832 0.207543 -0.468340
v -5.432452 0.178279 -0.509359
v -5.262396 -0.021902 -0.841251
v -5.050578 -0.017273 -0.884961
v -5.259549 0.191329 -0.804872
v -5.047731 0.195958 -0.848582
v -6.035020 -0.016098 -0.104874
v -5.809863 -0.023889 -0.125550
v -6.032040 0.204383 -0.155497
v -5.806883 0.196592 -0.176173
v -5.096171 -0.020818 -0.723425
v -4.838239 -0.023388 -0.733865
v -5.093552 0.237322 -0.722255
v -4.835619 0.234752 -0.732696
v -5.881911 -0.008624 -0.713383
v -5.793692 -0.016472 -0.721468
v -5.872946 0.078919 -0.700523
v -5.784726 0.071071 -0.708609
v -5.582106 -0.007265 -0.452684
v -5.290429 -0.039739 -0.447113
v -5.549244 0.275859 -0.522842
v -5.257567 0.243385 -0.517271
v -4.955501 -0.037995 -0.890385
v -4.719327 -0.003759 -0.873309
v -4.988412 0.198261 -0.908866
v -4.752239 0.232497 -0.891789
v -4.977843 -0.001661 -0.961729
v -4.832932 -0.029942 -0.939519
v -4.952682 0.143966 -0.940464
v -4.807770 0.115685 -0.918254
v -5.960690 -0.025361 -0.090723
v -5.727422 -0.016046 -0.096260
v -5.970213 0.207794 -0.099633
v -5.736945 0.217109 -0.105171
v -5.390697 -0.011002 -1.006998
v -5.301842 -0.014289 -1.018700
v -5.386418 0.078271 -0.999590
v -5.297564 0.074984 -1.011291
v -5.781667 -0.009979 -0.255666
v -5.635343 -0.021260 -0.274958
v -5.765781 0.132399 -0.218430
v -5.619456 0.121118 -0.237721
v -5.311094 -0.021102 -0.626882
v -5.113205 -0.016022 -0.635694
v -5.317659 0.173813 -0.661932
v -5.119771 0.178893 -0.670744
v -5.201878 -0.015394 -0.806771
v -5.050606 -0.016826 -0.804481
v -5.200551 0.135743 -0.799955
v -5.049278 0.134311 -0.797666
v -6.307121 -0.018216 -0.558836
v -6.048369 -0.025571 -0.573740
v -6.297066 0.236193 -0.509803
v -6.038313 0.228838 -0.524708
v -5.278021 -0.012732 -0.601680
v -5.092468 -0.023395 -0.551504
v -5.255394 0.173280 -0.645827
v -5.069841 0.162617 -0.595651
v -5.427343 -0.010536 -0.268392
v -5.242501 -0.024961 -0.254101
v -5.410041 0.169854 -0.310095
v -5.225199 0.155429 -0.295803
v -6.182344 -0.027812 -0.977616
v -5.981446 -0.010053 -0.958019
v -6.198880 0.173719 -0.990720
v -5.997982 0.191477 -0.971123
v -5.833516 -0.003890 -0.669564
v -5.657574 -0.031086 -0.649838
v -5.809106 0.171851 -0.644996
v -5.633163 0.144655 -0.625270
v -5.095983 -0.011550 -0.304803
v -4.872921 -0.029585 -0.372037
v -5.069546 0.219182 -0.278989
v -4.846485 0.201147 -0.346223
v -6.207294 -0.024007 -0.683562
v -6.066903 -0.006964 -0.713139
v -6.217047 0.115985 -0.649187
v -6.076656 0.133028 -0.678764
v -6.104695 -0.006789 -0.005127
v -5.966166 -0.023672 -0.012032
v -6.089733 0.128643 -0.036071
v -5.951202 0.111760 -0.042974
v -6.052304 -0.016701 -0.742962
v -5.795490 -0.027388 -0.755743
v -6.041428 0.240399 -0.739415
v -5.784615 0.229711 -0.752196
v -4.943964 -0.007562 -0.763263
v -4.858512 -0.017250 -0.779214
v -4.938016 0.077434 -0.783026
v -4.852564 0.067746 -0.798976
v -6.093338 -0.024943 -0.518559
v -5.957120 -0.005610 -0.521987
v -6.112671 0.111317 -0.518336
v -5.976453 0.130650 -0.521764
v -5.543238 0.002456 -0.815295
v -5.339955 -0.040010 -0.799116
v -5.505677 0.201214 -0.765558
v -5.302393 0.158747 -0.749379
v -5.122050 -0.016692 -0.615694
v -4.932646 -0.019739 -0.615516
v -5.118999 0.172040 -0.631638
v -4.929594 0.168993 -0.631460
v -5.175861 -0.015348 -0.565259
v -5.050519 -0.013880 -0.549477
v -5.180022 0.109083 -0.543781
v -5.054681 0.110551 -0.527999
v -5.897819 0.020168 -0.761113
v -5.623370 -0.066211 -0.805425
v -5.806313 0.294716 -0.729552
v -5.531864 0.208337 -0.773864
v -4.961833 0.000045 -0.399746
v -4.835884 -0.029395 -0.394609
v -4.932057 0.125562 -0.410482
v -4.806108 0.096122 -0.405345
v -6.041607 0.005493 -0.775387
v -5.962852 -0.029630 -0.781608
v -6.006445 0.084472 -0.776159
v -5.927691 0.049349 -0.782380
v -5.204865 0.009074 -0.453682
v -4.940097 -0.054009 -0.448288
v -5.142035 0.273727 -0.442613
v -4.877267 0.210643 -0.437220
v -6.022742 -0.000631 -0.658157
v -5.949257 -0.023032 -0.644049
v -6.000047 0.074107 -0.657709
v -5.926560 0.051706 -0.643601
v -5.192569 0.000039 -0.687630
v -4.920893 -0.045309 -0.658227
v -5.154421 0.267687 -0.627318
v -4.882745 0.222340 -0.597916
v -5.149274 -0.008610 -0.437243
v -4.938975 -0.031764 -0.359851
v -5.124728 0.215329 -0.436943
v -4.914429 0.192175 -0.359551
v -5.039372 -0.013270 -0.163445
v -4.886525 -0.019467 -0.196111
v -5.030606 0.142485 -0.151982
v -4.877759 0.136288 -0.184648
v -4.918067 0.004115 -0.712614
v -4.719950 -0.041029 -0.727711
v -4.877998 0.197157 -0.764048
v -4.679882 0.152013 -0.779145
v -5.979806 0.009447 -0.987209
v -5.866403 -0.037740 -1.013201
v -5.932025 0.125526 -0.989473
v -5.818621 0.078339 -1.015465
v -5.036004 0.005540 -0.457829
v -4.815256 -0.045634 -0.440397
v -4.984874 0.226971 -0.455269
v -4.764126 0.175797 -0.437836
v -5.167743 0.020335 -0.809284
v -4.946860 -0.061108 -0.753710
v -5.091719 0.247834 -0.778052
v -4.870835 0.166391 -0.722478
v -5.999810 -0.013352 -0.909602
v -5.911721 -0.011703 -0.904993
v -6.002145 0.073815 -0.896180
v -5.914056 0.075464 -0.891571
v -5.629928 -0.011830 -0.686419
v -5.544854 -0.013078 -0.706307
v -5.625045 0.074023 -0.670918
v -5.539970 0.072775 -0.690805
v -5.762106 -0.011754 -0.325175
v -5.499528 -0.032578 -0.334033
v -5.743004 0.247516 -0.368463
v -5.480426 0.226691 -0.377321
v -6.050737 0.020390 -0.380269
v -5.886258 -0.054442 -0.412096
v -5.976548 0.187883 -0.390682
v -5.812070 0.113050 -0.422509
v -5.621889 -0.000404 -0.466174
v -5.543715 -0.023913 -0.446622
v -5.598883 0.080174 -0.461271
v -5.520710 0.056665 -0.441719
v -5.358902 -0.012600 -0.520712
v -5.179409 -0.022487 -0.517121
v -5.349804 0.164139 -0.488947
v -5.170310 0.154252 -0.485355
v -6.001624 -0.009190 -0.495377
v -5.902860 -0.016971 -0.489118
v -5.992779 0.087857 -0.514295
v -5.894014 0.080075 -0.508036
v -6.324121 -0.015812 -0.926612
v -6.218883 -0.011342 -0.914286
v -6.328212 0.090102 -0.930095
v -6.222974 0.094573 -0.917770
v -5.167505 -0.010199 -0.152946
v -5.037534 -0.020222 -0.193120
v -5.162775 0.124879 -0.171341
v -5.032803 0.114857 -0.211515
v -5.718599 0.007326 -0.377580
v -5.607809 -0.035059 -0.397537
v -5.680908 0.118402 -0.404240
v -5.570117 0.076018 -0.424196
v -5.518572 0.011751 -0.304323
v -5.321194 -0.049131 -0.319572
v -5.456702 0.208948 -0.290811
v -5.259324 0.148066 -0.306060
v 2.973651 0.009053 -0.869203
v 3.147715 -0.044710 -0.816628
v 3.025685 0.190874 -0.855550
v 3.199750 0.137112 -0.802975
v 3.694152 -0.026060 -0.269497
v 3.942806 -0.016509 -0.263292
v 3.683540 0.217468 -0.219101
v 3.932194 0.227020 -0.212897
v 3.982203 -0.007480 -0.396833
v 4.059272 -0.016578 -0.416605
v 3.994450 0.070788 -0.385112
v 4.071518 0.061691 -0.404884
v 3.478547 -0.004104 -0.451683
v 3.580142 -0.022370 -0.436110
v 3.499846 0.095728 -0.473543
v 3.601442 0.077462 -0.457970
v 3.035214 -0.015463 -0.982749
v 3.140142 -0.011380 -0.974826
v 3.032798 0.087670 -1.003893
v 3.137725 0.091753 -0.995970
v 2.479894 -0.016843 -1.153855
v 2.617911 -0.014988 -1.101327
v 2.477450 0.130818 -1.152646
v 2.615466 0.132673 -1.100118
v 2.270442 -0.032065 -0.868844
v 2.517635 -0.011025 -0.905363
v 2.254027 0.216119 -0.836967
v 2.501220 0.237159 -0.873486
v 3.065238 -0.012321 -0.917584
v 3.205202 -0.017641 -0.920853
v 3.069058 0.118654 -0.967179
v 3.209021 0.113334 -0.970449
v 2.268497 -0.028602 -1.322135
v 2.541886 -0.018199 -1.248714
v 2.266710 0.252707 -1.355341
v 2.540099 0.263110 -1.281919
v 3.093650 0.004656 -0.875977
v 3.361697 -0.051306 -0.788704
v 3.156909 0.284617 -0.890749
v 3.424957 0.228654 -0.803477
v 3.370761 -0.022718 -0.306154
v 3.642605 -0.021341 -0.305156
v 3.369133 0.234113 -0.217062
v 3.640977 0.235490 -0.216063
v 2.411150 -0.012285 -0.952049
v 2.518488 -0.014956 -0.953951
v 2.413591 0.094395 -0.964121
v 2.520929 0.091724 -0.966023
v 2.443138 -0.023860 -1.057521
v 2.702897 -0.020348 -1.041682
v 2.437660 0.234297 -1.024920
v 2.697418 0.237809 -1.009081
v 3.643160 -0.030705 -0.697393
v 3.875996 -0.010129 -0.730231
v 3.615361 0.197334 -0.751610
v 3.848197 0.217911 -0.784448
v 3.884727 -0.014244 -0.343742
v 4.061588 -0.020853 -0.346718
v 3.891411 0.162580 -0.339208
v 4.068272 0.155971 -0.342185
v 2.777724 -0.008166 -0.857967
v 2.869393 -0.017165 -0.865274
v 2.788109 0.081469 -0.838086
v 2.879777 0.072470 -0.845393
v 3.271371 -0.006247 -0.513687
v 3.404719 -0.023727 -0.516992
v 3.287926 0.124836 -0.539011
v 3.421274 0.107356 -0.542316
v 2.375488 -0.029971 -0.847336
v 2.510013 -0.000949 -0.808517
v 2.344410 0.109560 -0.843953
v 2.478936 0.138582 -0.805134
v 2.860230 -0.051613 -0.578850
v 3.106126 0.008158 -0.632292
v 2.799691 0.199825 -0.576180
v 3.045587 0.259597 -0.629622
v 3.290587 -0.002697 -0.442456
v 3.433124 -0.028330 -0.418811
v 3.309562 0.137787 -0.404542
v 3.452099 0.112153 -0.380897
v 2.418345 -0.041028 -0.851773
v 2.706926 -0.006597 -0.838892
v 2.384462 0.247635 -0.864268
v 2.673043 0.282066 -0.851388
v 3.701217 -0.005982 -0.763330
v 3.884082 -0.029558 -0.761613
v 3.724259 0.174791 -0.735244
v 3.907125 0.151214 -0.733526
v 2.293926 -0.019606 -1.143827
v 2.467783 -0.015171 -1.185060
v 2.299130 0.154365 -1.103173
v 2.472986 0.158800 -1.144406
v 2.818444 -0.008456 -0.689465
v 2.900362 -0.016172 -0.712069
v 2.830157 0.074899 -0.675468
v 2.912076 0.067183 -0.698073
v 3.891040 -0.032676 -0.044349
v 4.175918 -0.013844 -0.101736
v 3.889555 0.246117 0.039767
v 4.174433 0.264949 -0.017619
v 2.918287 -0.009588 -0.767253
v 3.109830 -0.027181 -0.818284
v 2.947712 0.182169 -0.722916
v 3.139255 0.164576 -0.773947
v 3.855854 -0.016333 -0.679964
v 4.113404 -0.027431 -0.654512
v 3.871487 0.237864 -0.727321
v 4.129037 0.226766 -0.701868
v 3.551506 0.001779 -0.808456
v 3.649575 -0.028408 -0.837070
v 3.584251 0.103000 -0.803010
v 3.682321 0.072813 -0.831623
v 2.272899 0.008148 -0.980759
v 2.459284 -0.044551 -0.947192
v 2.327917 0.196628 -0.990346
v 2.514302 0.143929 -0.956778
v 2.734566 0.017582 -0.926249
v 3.001526 -0.062047 -0.902312
v 2.805737 0.278033 -0.853574
v 3.072697 0.198404 -0.829637
v 2.221521 -0.013373 -0.959280
v 2.372587 -0.019029 -0.936301
v 2.226558 0.139387 -0.954801
v 2.377625 0.133731 -0.931823
v 2.616026 -0.009498 -0.755655
v 2.743841 -0.019680 -0.754215
v 2.625550 0.114478 -0.724323
v 2.753364 0.104296 -0.722884
v 3.949507 -0.009646 -0.466373
v 4.233679 -0.038275 -0.531029
v 3.979279 0.281668 -0.464512
v 4.263451 0.253039 -0.529168
v 2.300610 -0.024126 -1.240283
v 2.415880 -0.003637 -1.244465
v 2.281953 0.087218 -1.208994
v 2.397223 0.107707 -1.213175
v 3.216051 -0.003007 -0.744160
v 3.292168 -0.020528 -0.751378
v 3.234848 0.070591 -0.724593
v 3.310964 0.053070 -0.731812
v 2.960961 -0.011468 -0.741944
v 3.046281 -0.013377 -0.739396
v 2.962965 0.073826 -0.745179
v 3.048285 0.071918 -0.742630
v 3.516548 0.012024 -0.222622
v 3.776799 -0.056715 -0.263259
v 3.580691 0.274495 -0.255816
v 3.840942 0.205755 -0.296452
v 2.385746 0.022381 -1.286232
v 2.606470 -0.062413 -1.274299
v 2.470850 0.243259 -1.290887
v 2.691575 0.158465 -1.278953
v 2.701934 0.000614 -0.978631
v 2.823255 -0.029390 -0.980710
v 2.731966 0.121004 -0.963542
v 2.853287 0.091000 -0.965622
v 2.870662 0.001042 -1.072160
v 3.106943 -0.043555 -1.004221
v 2.923465 0.244073 -1.096267
v 3.159746 0.199475 -1.028328
v 3.846134 -0.010992 -0.593217
v 3.956528 -0.015941 -0.598646
v 3.852631 0.092946 -0.555860
v 3.963025 0.087996 -0.561288
v 2.926537 -0.011437 -0.534698
v 3.221844 -0.036831 -0.542820
v 2.951160 0.282970 -0.559904
v 3.246468 0.257576 -0.568025
v 3.290798 -0.013973 -0.741404
v 3.410971 -0.014675 -0.744416
v 3.291876 0.105266 -0.726163
v 3.412050 0.104564 -0.729176
v 3.308919 -0.022135 -0.656457
v 3.585355 -0.023682 -0.696582
v 3.301604 0.250385 -0.717356
v 3.578040 0.248838 -0.757481
v 2.680419 -0.028497 -1.116711
v 2.898017 -0.011171 -1.105930
v 2.662634 0.189136 -1.107508
v 2.880232 0.206462 -1.096727
v 3.491259 -0.002346 -0.344076
v 3.757360 -0.041916 -0.333667
v 3.527156 0.256299 -0.278516
v 3.793257 0.216729 -0.268107
v 3.191188 -0.019056 -0.904288
v 3.366874 -0.016142 -0.869733
v 3.192561 0.158662 -0.926252
v 3.368247 0.161576 -0.891697
v 3.181888 -0.005601 -0.441270
v 3.349744 -0.028461 -0.431560
v 3.205431 0.161977 -0.453740
v 3.373286 0.139118 -0.444031
v 3.420792 -0.020011 -0.754382
v 3.616533 -0.017345 -0.777739
v 3.419038 0.176977 -0.746598
v 3.614780 0.179642 -0.769954
v 2.805284 -0.017149 -1.048672
v 2.986742 -0.017455 -1.045725
v 2.804655 0.155273 -0.992050
v 2.986113 0.154967 -0.989104
v 3.630379 0.025502 -0.354425
v 3.897449 -0.070849 -0.425904
v 3.738947 0.293832 -0.310480
v 4.006016 0.197480 -0.381959
v 2.364168 -0.007977 -1.231682
v 2.539676 -0.026942 -1.231457
v 2.383115 0.167250 -1.241645
v 2.558623 0.148285 -1.241420
v 2.318469 -0.041750 -1.003066
v 2.520580 0.003823 -1.019297
v 2.274548 0.160338 -0.982558
v 2.476659 0.205911 -0.998789
v 2.464165 -0.003828 -1.203159
v 2.726744 -0.040131 -1.157439
v 2.485629 0.252108 -1.123208
v 2.748208 0.215804 -1.077488
v 3.263354 0.000843 -0.578629
v 3.528943 -0.047513 -0.668004
v 3.311355 0.280986 -0.587559
v 3.576944 0.232629 -0.676934
v 2.865330 0.011003 -0.687197
v 3.040054 -0.045810 -0.691735
v 2.921570 0.185239 -0.703183
v 3.096294 0.128425 -0.707722
v 3.718928 0.039313 -0.189250
v 3.951525 -0.080917 -0.155739
v 3.836858 0.274225 -0.164989
v 4.069456 0.153995 -0.131478
v 3.791084 -0.008199 -0.674442
v 3.915787 -0.021395 -0.639345
v 3.797657 0.119494 -0.649786
v 3.922360 0.106298 -0.614690
v 2.810267 -0.030456 -0.749004
v 3.008249 -0.006987 -0.751057
v 2.786925 0.167307 -0.739158
v 2.984907 0.190776 -0.741210
v 3.037421 -0.003745 -0.949251
v 3.326349 -0.043178 -0.994579
v 3.063138 0.278650 -1.030990
v 3.352067 0.239217 -1.076318
v 3.557429 -0.027141 -0.664194
v 3.674152 -0.001267 -0.654758
v 3.531668 0.089962 -0.666632
v 3.648391 0.115836 -0.657196
v 2.987346 -0.005923 -1.079356
v 3.066618 -0.018193 -1.081515
v 2.999780 0.072863 -1.070564
v 3.079052 0.060593 -1.072722
v 3.456670 0.009861 -0.521292
v 3.692531 -0.051418 -0.477747
v 3.525029 0.244352 -0.561569
v 3.760889 0.183074 -0.518025
v 3.340716 -0.019500 -0.760436
v 3.505688 -0.014058 -0.773169
v 3.333215 0.143583 -0.787919
v 3.498187 0.149025 -0.800652
v 2.413281 -0.014594 -1.019578
v 2.611975 -0.023157 -0.983061
v 2.417194 0.185928 -0.993851
v 2.615889 0.177365 -0.957334
vn 0.1430 -0.1664 0.9756
vn -0.0484 -0.0498 0.9976
vn -0.1265 -0.3303 0.9353
vn -0.1402 0.0735 0.9874
vn -0.2524 -0.0631 0.9656
vn 0.0033 -0.0958 0.9954
vn 0.1710 -0.0840 0.9817
vn 0.1537 -0.2583 0.9538
vn 0.0346 0.2297 0.9727
vn -0.2260 -0.0447 0.9731
vn 0.0946 -0.0295 0.9951
vn 0.0399 0.0876 0.9954
vn -0.0901 -0.0361 0.9953
vn -0.1564 -0.1221 0.9801
vn 0.3365 -0.0315 0.9412
vn 0.1707 -0.1372 0.9757
vn 0.0735 0.2902 0.9541
vn -0.2171 0.0402 0.9753
vn -0.2657 0.0152 0.9639
vn -0.0634 -0.2206 0.9733
vn -0.0029 0.1542 0.9880
vn -0.2246 -0.0970 0.9696
vn -0.0098 -0.0616 0.9981
vn -0.3201 -0.0073 0.9473
vn -0.1631 -0.2639 0.9507
vn 0.0951 0.0717 0.9929
vn 0.0287 -0.1440 0.9892
vn 0.1237 0.1607 0.9792
vn -0.0321 -0.0774 0.9965
vn 0.0260 -0.1730 0.9846
vn -0.2862 0.1803 0.9410
vn 0.0674 0.2221 0.9727
vn -0.1315 -0.0038 0.9913
vn -0.1881 -0.1054 0.9765
vn -0.0065 -0.0397 0.9992
vn 0.1558 -0.1976 0.9678
vn 0.1582 -0.2293 0.9604
vn -0.2200 0.2385 0.9459
vn 0.0563 0.1530 0.9866
vn -0.2303 -0.1168 0.9661
vn 0.0038 -0.0404 0.9992
vn -0.0146 -0.0176 0.9997
vn 0.2567 -0.0222 0.9662
vn -0.0504 -0.2720 0.9610
vn -0.1163 0.1630 0.9797
vn -0.1299 0.0032 0.9915
vn 0.0262 -0.1626 0.9863
vn 0.1382 0.0857 0.9867
vn 0.1753 0.1128 0.9780
vn 0.1028 0.0918 0.9905
vn -0.0125 -0.1056 0.9943
vn 0.0445 0.1429 0.9887
vn 0.0899 0.0026 0.9959
vn 0.0014 -0.1984 0.9801
vn -0.0132 0.1941 0.9809
vn -0.1850 -0.0138 0.9826
vn -0.1041 -0.0633 0.9925
vn 0.0202 -0.0158 0.9997
vn 0.0439 0.1236 0.9914
vn 0.0836 0.1151 0.9898
vn -0.1524 -0.1226 0.9807
vn 0.3049 -0.0808 0.9489
vn 0.0931 0.1355 0.9864
vn 0.0386 0.0101 0.9992
vn -0.0155 -0.1359 0.9906
vn -0.2855 0.1980 0.9377
vn 0.0492 0.2423 0.9689
vn -0.1048 0.0244 0.9942
vn 0.0269 -0.0816 0.9963
vn 0.2400 -0.1404 0.9606
vn 0.1252 -0.2551 0.9588
vn -0.2150 0.2498 0.9441
vn -0.0100 0.1498 0.9887
vn 0.0002 -0.0339 0.9994
vn -0.0818 -0.2616 0.9617
vn -0.2845 0.1348 0.9492
vn -0.2913 0.1706 0.9413
vn 0.1192 0.2037 0.9717
vn -0.0558 -0.0306 0.9980
vn -0.1682 -0.1950 0.9663
vn -0.3136 0.0084 0.9495
vn 0.2147 -0.0915 0.9724
vn 0.1092 -0.1942 0.9749
vn -0.0869 0.2497 0.9644
vn -0.0991 0.1340 0.9860
vn -0.3335 -0.0521 0.9413
vn 0.0416 -0.1662 0.9852
vn -0.0766 -0.2621 0.9620
vn -0.3403 0.0262 0.9400
vn 0.1520 -0.2049 0.9669
vn 0.1206 0.2050 0.9713
vn 0.0207 -0.0487 0.9986
vn 0.1583 0.2720 0.9492
vn 0.0302 0.0372 0.9989
vn -0.0003 -0.1656 0.9862
vn -0.1506 0.2915 0.9446
vn 0.2839 -0.1819 0.9414
vn -0.0524 0.1834 0.9816
vn -0.1158 0.1232 0.9856
vn -0.2587 -0.0271 0.9656
vn 0.0802 -0.0968 0.9921
vn 0.1746 -0.1810 0.9679
vn 0.1796 -0.2702 0.9459
vn -0.1386 0.2438 0.9599
vn 0.0014 0.0921 0.9957
vn 0.2689 0.1168 0.9561
vn 0.1328 0.0314 0.9906
vn -0.1934 -0.2402 0.9513
vn 0.2674 -0.0984 0.9585
vn -0.2577 0.1019 0.9608
vn -0.0208 -0.2623 0.9648
vn -0.0304 0.1378 0.9900
vn -0.0589 -0.0618 0.9963
vn 0.0694 -0.1714 0.9828
vn -0.0160 0.1729 0.9848
vn -0.1674 0.0311 0.9854
vn -0.1264 -0.0329 0.9914
vn -0.1135 -0.0457 0.9925
vn 0.3226 0.0112 0.9465
vn 0.2018 0.0912 0.9752
vn 0.0242 -0.1248 0.9919
vn 0.1907 0.1888 0.9633
vn -0.0512 -0.0991 0.9938
vn -0.0156 -0.2944 0.9556
vn -0.0058 0.0804 0.9967
vn 0.2407 0.1075 0.9646
vn 0.1018 0.0379 0.9941
vn 0.0027 -0.1311 0.9914
vn -0.1362 0.2238 0.9651
vn 0.1778 -0.2312 0.9565
vn -0.2817 0.1367 0.9497
vn 0.1056 -0.3131 0.9438
vn -0.0362 0.1696 0.9848
vn -0.1176 -0.0380 0.9923
vn 0.2366 0.1591 0.9585
vn -0.0656 -0.1313 0.9892
vn 0.1671 0.1722 0.9708
vn -0.2335 -0.1501 0.9607
vn 0.1018 0.0787 0.9917
vn 0.2948 0.1421 0.9449
vn 0.2263 0.0859 0.9703
vn 0.0685 -0.0243 0.9974
vn -0.2408 0.0344 0.9700
vn 0.2543 0.2376 0.9375
vn -0.0655 -0.0298 0.9974
vn -0.2434 -0.2080 0.9473
vn -0.1816 -0.0558 0.9818
vn 0.0484 -0.0896 0.9948
vn -0.0705 0.1064 0.9918
vn 0.0283 -0.1187 0.9925
vn 0.2976 -0.0011 0.9547
vn 0.1127 -0.1604 0.9806
vn -0.0301 0.3142 0.9489
vn 0.2749 -0.1529 0.9492
vn -0.2635 0.1602 0.9513
vn 0.0476 0.3415 0.9387
vn -0.0264 0.0738 0.9969
vn -0.1023 -0.1618 0.9815
vn 0.0415 0.2038 0.9781
vn 0.3178 0.0345 0.9475
vn 0.0353 0.0978 0.9946
vn -0.1431 -0.1270 0.9815
vn -0.2513 -0.0781 0.9647
vn 0.0557 -0.0475 0.9973
vn 0.0832 -0.1996 0.9763
vn 0.0655 0.1634 0.9844
vn -0.1578 -0.0791 0.9843
vn 0.2304 0.1242 0.9651
vn -0.1520 -0.1882 0.9703
vn -0.1404 0.1724 0.9750
vn -0.2594 0.0145 0.9657
vn 0.1598 -0.0609 0.9853
vn 0.0355 0.2710 0.9619
vn -0.0779 0.1749 0.9815
vn -0.3383 -0.0271 0.9406
vn 0.1498 0.2006 0.9682
vn 0.1303 0.0961 0.9868
vn 0.0246 -0.1266 0.9916
vn 0.1256 -0.3282 0.9362
vn -0.0589 0.1768 0.9825
vn -0.1342 -0.0218 0.9907
vn -0.2236 -0.2048 0.9529
vn 0.3171 0.0039 0.9484
vn 0.1268 0.0509 0.9906
vn 0.0530 0.0449 0.9976
vn 0.0212 -0.0515 0.9984
vn -0.0121 0.0338 0.9994
vn 0.0245 -0.0054 0.9997
vn 0.0319 -0.0101 0.9994
vn 0.0006 0.0457 0.9990
vn -0.2173 -0.0262 0.9758
vn -0.0027 -0.1325 0.9912
vn 0.0297 0.1809 0.9831
vn -0.0923 0.0002 0.9957
vn -0.2853 -0.1188 0.9510
vn -0.1996 -0.1507 0.9682
vn 0.0609 -0.1253 0.9902
vn 0.3157 0.0199 0.9487
vn 0.0750 -0.1817 0.9805
vn 0.0624 0.2255 0.9722
vn -0.2515 -0.0356 0.9672
vn -0.2159 0.0233 0.9761
vn -0.1860 -0.2213 0.9573
vn 0.3052 -0.0823 0.9487
vn 0.2553 -0.0694 0.9644
vn -0.0850 -0.3325 0.9393
vn -0.2502 0.1016 0.9629
vn -0.3071 0.0925 0.9472
vn 0.1623 0.2278 0.9601
vn -0.1375 -0.0113 0.9904
vn 0.2805 0.1113 0.9534
vn -0.0655 -0.1842 0.9807
vn 0.1640 -0.1794 0.9700
vn -0.1080 0.1783 0.9780
vn 0.0838 0.1329 0.9876
vn -0.1343 -0.1524 0.9791
vn 0.1063 0.1516 0.9827
vn -0.1444 -0.1440 0.9790
vn 0.1167 0.1582 0.9805
vn -0.2996 -0.1541 0.9415
vn 0.0900 -0.0135 0.9958
vn 0.2427 0.2573 0.9354
vn -0.2820 -0.0548 0.9579
vn 0.2266 0.0058 0.9740
vn -0.1119 -0.2725 0.9556
vn -0.1733 0.1320 0.9760
vn -0.0722 0.0130 0.9973
vn 0.1455 0.0462 0.9883
vn 0.1398 -0.0673 0.9879
vn -0.0101 -0.2177 0.9760
vn -0.3151 0.1639 0.9348
vn -0.1219 0.2822 0.9516
vn -0.0384 0.1945 0.9802
vn -0.0036 -0.0179 0.9998
vn 0.1826 0.1767 0.9672
vn 0.0668 -0.0023 0.9978
vn -0.1809 -0.2545 0.9500
vn -0.0952 0.0548 0.9939
vn -0.0225 -0.0956 0.9952
vn 0.2345 -0.2126 0.9486
vn 0.0334 0.2370 0.9709
vn -0.2546 -0.0067 0.9670
vn 0.2702 0.0191 0.9626
vn 0.2318 0.1896 0.9541
vn 0.0286 -0.0324 0.9991
vn -0.0335 -0.2194 0.9751
vn -0.0615 0.1510 0.9866
vn -0.0421 -0.0101 0.9991
vn -0.1542 -0.2464 0.9568
vn -0.0575 0.0750 0.9955
vn -0.1627 -0.1500 0.9752
vn 0.2047 -0.0786 0.9757
vn 0.2227 -0.1195 0.9675
vn 0.0159 0.3568 0.9341
vn -0.0166 0.1061 0.9942
vn -0.0640 -0.1166 0.9911
vn 0.1031 0.2290 0.9680
vn -0.2401 -0.0635 0.9687
vn -0.1452 -0.0139 0.9893
vn -0.1642 -0.1464 0.9755
vn 0.2981 -0.0325 0.9540
vn 0.0549 0.1861 0.9810
vn 0.0263 0.1506 0.9882
vn -0.1436 -0.0873 0.9858
vn 0.1165 0.0432 0.9922
vn 0.1241 -0.1095 0.9862
vn 0.0857 0.3122 0.9461
vn -0.1024 0.0640 0.9927
vn -0.0061 -0.0766 0.9970
vn -0.0856 0.2541 0.9634
vn 0.1054 0.1317 0.9857
vn -0.1503 -0.1651 0.9747
vn 0.0640 -0.1590 0.9852
vn 0.0028 0.0341 0.9994
vn 0.0767 0.0714 0.9945
vn 0.0521 -0.0497 0.9974
vn -0.0143 0.0389 0.9991
vn -0.1559 -0.0011 0.9878
vn -0.1103 -0.1584 0.9812
vn -0.2820 0.1163 0.9523
vn 0.2377 -0.1261 0.9631
vn 0.1453 -0.2849 0.9475
vn -0.1738 0.2643 0.9487
vn -0.3264 0.1255 0.9369
vn 0.2162 -0.2401 0.9463
vn 0.0098 0.2484 0.9686
vn -0.1007 0.0103 0.9949
vn 0.2705 0.1282 0.9541
vn 0.2177 0.0864 0.9722
vn 0.1350 0.0234 0.9906
vn -0.1013 -0.1990 0.9747
vn 0.0025 0.0932 0.9956
vn 0.0386 -0.0932 0.9949
vn 0.1535 0.2341 0.9600
vn -0.0358 -0.0199 0.9992
vn -0.2476 -0.2361 0.9396
vn -0.1041 -0.0270 0.9942
vn 0.0177 -0.1361 0.9905
vn -0.1289 0.1878 0.9737
vn -0.0294 0.2018 0.9790
vn -0.1922 -0.0429 0.9804
vn 0.1138 -0.1079 0.9876
vn -0.0657 0.0927 0.9935
vn 0.1777 0.0944 0.9796
vn 0.2266 0.0593 0.9722
vn 0.0407 -0.1620 0.9860
vn -0.0000 -0.2236 0.9747
vn -0.0630 0.0731 0.9953
vn 0.0761 -0.0413 0.9962
vn 0.2161 0.2060 0.9544
vn -0.1522 -0.0786 0.9852
vn 0.0387 -0.0840 0.9957
vn -0.0566 0.0945 0.9939
vn 0.1581 0.1074 0.9816
vn 0.0180 -0.1189 0.9927
vn 0.0003 0.2624 0.9650
vn 0.0241 0.0783 0.9966
vn 0.2859 0.1369 0.9484
vn 0.0801 -0.0401 0.9960
vn -0.1025 -0.2667 0.9583
vn -0.1708 0.1092 0.9792
vn 0.3466 -0.0084 0.9380
vn 0.0668 -0.2418 0.9680
vn 0.0580 -0.2669 0.9620
vn 0.0028 0.0549 0.9985
vn 0.1493 0.1214 0.9813
vn 0.1528 0.1081 0.9823
vn -0.0286 -0.1358 0.9903
vn -0.1226 0.2833 0.9512
vn 0.2668 -0.1703 0.9486
vn 0.0010 0.1352 0.9908
vn 0.1137 0.0346 0.9929
vn -0.1272 -0.2423 0.9618
vn -0.0910 0.1408 0.9858
vn -0.1735 -0.0504 0.9835
vn 0.1365 0.0618 0.9887
vn 0.1234 -0.0895 0.9883
vn 0.1099 0.2614 0.9590
vn -0.1002 0.0462 0.9939
vn 0.0070 -0.0723 0.9974
vn -0.0598 0.1907 0.9798
vn 0.0228 -0.2108 0.9773
vn -0.0008 0.0021 1.0000
vn 0.1218 -0.1762 0.9768
vn 0.1064 -0.1711 0.9795
vn -0.1566 0.1946 0.9683
vn 0.0025 0.2187 0.9758
vn -0.0092 -0.0227 0.9997
vn 0.0342 -0.2629 0.9642
vn 0.0598 0.1684 0.9839
vn -0.0654 -0.0847 0.9943
vn 0.0435 -0.2135 0.9760
vn 0.0189 0.1109 0.9937
vn 0.0420 -0.0559 0.9976
vn 0.2123 0.2330 0.9490
vn -0.2171 -0.0753 0.9732
vn -0.0583 -0.0505 0.9970
vn -0.0237 -0.0372 0.9990
vn 0.2618 -0.0656 0.9629
vn -0.0984 -0.3362 0.9366
vn -0.0109 0.0805 0.9967
vn -0.2626 -0.1857 0.9469
vn 0.1702 -0.0330 0.9849
vn -0.0543 0.0367 0.9978
vn 0.0290 -0.0673 0.9973
vn -0.1182 0.1027 0.9877
vn -0.1519 -0.1998 0.9680
vn -0.3251 -0.0506 0.9443
vn 0.0955 -0.1274 0.9872
vn 0.1826 0.1718 0.9681
vn 0.2640 0.0822 0.9610
vn -0.0310 -0.0305 0.9991
vn -0.1079 -0.0793 0.9910
vn -0.0135 0.0150 0.9998
vn 0.0311 0.1096 0.9935
vn 0.0525 -0.0941 0.9942
vn 0.0102 0.0494 0.9987
vn 0.1515 -0.0142 0.9884
vn -0.0585 -0.2064 0.9767
vn -0.2415 0.1547 0.9580
vn -0.0932 0.1880 0.9777
vn -0.1829 0.0810 0.9798
vn 0.0907 -0.0081 0.9958
vn 0.1185 0.1190 0.9858
vn 0.1216 -0.0224 0.9923
vn -0.0290 0.0382 0.9988
vn -0.1771 -0.0570 0.9825
vn -0.3168 -0.1319 0.9393
vn -0.0100 -0.0988 0.9951
vn 0.1791 0.2198 0.9590
vn -0.0290 -0.0567 0.9980
vn 0.1954 0.2376 0.9515
vn 0.2715 0.0021 0.9624
vn -0.0112 0.0158 0.9998
vn -0.1202 -0.0500 0.9915
vn -0.1809 -0.0717 0.9809
vn 0.0365 -0.0220 0.9991
vn 0.1349 0.1385 0.9811
vn 0.1216 0.0117 0.9925
vn 0.2431 0.2386 0.9402
vn -0.1595 -0.0218 0.9870
vn 0.2769 0.1181 0.9536
vn -0.2434 -0.2119 0.9465
vn 0.0464 0.0396 0.9981
vn -0.2200 -0.2144 0.9517
vn 0.2668 -0.0619 0.9618
vn 0.0339 0.0477 0.9983
vn 0.1919 0.0201 0.9812
vn -0.1909 -0.2563 0.9476
vn -0.1017 0.0503 0.9935
vn -0.2619 -0.1246 0.9570
vn 0.0502 -0.0373 0.9980
vn -0.0912 -0.3301 0.9395
vn 0.2177 -0.1527 0.9640
vn -0.0113 0.0624 0.9980
vn -0.0022 0.0144 0.9999
vn 0.0153 -0.0761 0.9970
vn -0.0466 0.1041 0.9935
vn 0.1324 0.1121 0.9848
vn -0.3117 -0.1726 0.9344
vn 0.0352 -0.0486 0.9982
vn 0.2147 0.2349 0.9480
vn -0.1851 -0.0643 0.9806
vn -0.1968 -0.0789 0.9773
vn 0.0303 -0.0757 0.9967
vn -0.0885 0.2915 0.9525
vn 0.1286 -0.2648 0.9557
vn -0.1913 0.1121 0.9751
vn 0.2082 -0.0998 0.9730
vn -0.0740 0.2358 0.9690
vn -0.0334 0.2413 0.9699
vn -0.0496 -0.0059 0.9988
vn 0.1404 -0.1386 0.9804
vn 0.1114 0.2153 0.9702
vn 0.2388 -0.0185 0.9709
vn -0.0518 0.0123 0.9986
vn -0.2100 -0.0656 0.9755
vn -0.1045 -0.1228 0.9869
vn 0.0824 0.1065 0.9909
vn -0.1170 -0.1610 0.9800
vn 0.1510 0.1640 0.9748
vn -0.3072 -0.1458 0.9404
vn 0.0839 -0.0338 0.9959
vn 0.0004 -0.2201 0.9755
vn 0.2754 -0.2161 0.9367
vn 0.0234 0.1643 0.9861
vn 0.0269 -0.0008 0.9996
vn -0.0816 -0.2169 0.9728
vn -0.1321 0.1560 0.9789
vn -0.0846 0.0276 0.9960
vn 0.2561 0.1322 0.9576
vn 0.0091 -0.0626 0.9980
vn 0.0742 -0.1112 0.9910
vn 0.0659 0.1121 0.9915
vn 0.0747 -0.0209 0.9970
vn 0.2453 0.2182 0.9446
vn -0.0557 -0.0637 0.9964
vn 0.1957 0.2650 0.9442
vn -0.2836 -0.0603 0.9570
vn -0.1238 0.0495 0.9911
vn 0.0105 -0.1361 0.9906
vn 0.0172 0.1154 0.9932
vn 0.0133 -0.0232 0.9996
vn -0.0961 -0.1753 0.9798
vn -0.0211 0.0626 0.9978
vn 0.1059 -0.0740 0.9916
vn -0.0612 -0.3385 0.9390
vn -0.1493 0.1239 0.9810
vn -0.0943 -0.0108 0.9955
vn 0.1935 -0.1454 0.9703
vn 0.1436 -0.1410 0.9795
vn 0.2324 -0.1512 0.9608
vn 0.0852 0.2173 0.9724
vn 0.2243 -0.0429 0.9736
vn -0.0353 0.0041 0.9994
vn -0.0043 -0.0262 0.9996
vn -0.1135 0.0437 0.9926
vn 0.2465 0.1703 0.9541
vn -0.1296 -0.1463 0.9807
vn 0.1447 0.1118 0.9831
vn -0.0650 -0.1693 0.9834
vn 0.1019 0.2118 0.9720
vn -0.0165 -0.0569 0.9982
vn 0.0883 -0.2297 0.9692
vn -0.0418 0.2258 0.9733
vn -0.1856 0.0405 0.9818
vn 0.3015 0.0489 0.9522
vn 0.0620 -0.1695 0.9836
vn 0.1277 -0.2707 0.9541
vn -0.1935 0.2049 0.9595
vn 0.2768 -0.1821 0.9435
vn 0.0005 0.1668 0.9860
vn 0.1785 -0.0593 0.9822
vn 0.0083 0.0327 0.9994
vn -0.0897 0.0124 0.9959
vn -0.1265 -0.1255 0.9840
vn -0.2807 0.0272 0.9594
vn 0.1365 0.1377 0.9810
vn 0.0483 -0.0712 0.9963
vn 0.1893 0.2385 0.9525
vn -0.2610 -0.0652 0.9631
vn -0.1943 0.0248 0.9806
vn -0.0900 -0.1907 0.9775
vn -0.2040 0.1459 0.9680
vn 0.3070 -0.1187 0.9443
vn 0.0974 0.1399 0.9854
vn 0.1617 0.0019 0.9868
vn -0.0282 0.0064 0.9996
vn -0.0618 -0.0467 0.9970
vn -0.1204 -0.0012 0.9927
vn 0.0455 -0.0467 0.9979
vn 0.2391 -0.0976 0.9661
vn 0.0936 -0.2203 0.9709
vn -0.0137 0.1914 0.9814
vn -0.1097 0.0120 0.9939
vn -0.0744 -0.1124 0.9909
vn -0.3142 0.1273 0.9408
vn 0.1386 -0.2416 0.9604
vn -0.0518 0.2450 0.9681
vn 0.2879 -0.0771 0.9545
vn -0.0282 0.1345 0.9905
vn 0.1559 0.1242 0.9799
vn -0.1556 -0.1798 0.9713
vn 0.1878 -0.1349 0.9729
vn -0.2677 0.1622 0.9498
vn 0.1107 -0.2153 0.9702
vn -0.0330 0.2024 0.9788
vn -0.2244 0.0366 0.9738
vn -0.2460 0.0222 0.9690
vn 0.0126 -0.1692 0.9855
vn -0.0023 0.1904 0.9817
vn -0.1508 0.0060 0.9885
vn -0.0885 -0.0731 0.9934
vn -0.3201 0.0515 0.9460
vn 0.1239 -0.1360 0.9829
vn 0.1835 -0.2217 0.9577
vn -0.0841 0.2772 0.9571
vn 0.0039 0.0912 0.9958
vn 0.0161 -0.1097 0.9938
vn 0.1010 0.2546 0.9618
vn -0.2632 -0.0113 0.9647
vn -0.0474 0.0203 0.9987
vn 0.2530 0.0835 0.9639
vn 0.0149 -0.1547 0.9878
vn 0.1758 -0.2831 0.9429
vn -0.1688 0.2248 0.9597
vn -0.1579 0.1480 0.9763
vn -0.2677 0.0553 0.9619
vn 0.2703 -0.1311 0.9538
vn 0.0709 0.2933 0.9534
vn -0.0644 0.0539 0.9965
vn -0.1397 -0.1500 0.9788
vn 0.2684 -0.1231 0.9554
vn 0.0845 0.1095 0.9904
vn 0.1278 0.0184 0.9916
vn -0.0635 -0.0206 0.9978
vn -0.1847 -0.0596 0.9810
vn 0.3184 0.0861 0.9441
vn 0.1983 0.1051 0.9745
vn 0.1673 0.0146 0.9858
vn 0.2262 0.2174 0.9495
vn 0.2091 -0.0245 0.9776
vn 0.0047 0.0444 0.9990
vn -0.2118 -0.0268 0.9769
vn -0.1395 -0.1782 0.9741
vn 0.2905 -0.1412 0.9464
vn -0.0362 0.1583 0.9867
vn 0.0893 0.1097 0.9899
vn -0.0504 -0.1358 0.9895
vn 0.1938 -0.2810 0.9399
vn -0.2730 0.2210 0.9363
vn 0.0432 0.1497 0.9878
vn -0.0476 -0.0516 0.9975
vn 0.2406 0.1597 0.9574
vn -0.0967 -0.1440 0.9848
vn 0.1229 0.2104 0.9699
vn -0.1228 -0.0890 0.9884
vn 0.1302 -0.1501 0.9801
vn 0.0267 0.1371 0.9902
vn -0.0487 0.0030 0.9988
vn -0.1121 -0.1125 0.9873
vn -0.3364 0.0436 0.9407
vn 0.1255 0.2317 0.9647
vn 0.0690 0.0722 0.9950
vn -0.2873 -0.2070 0.9352
vn 0.2020 -0.0049 0.9794
vn 0.0232 -0.0034 0.9997
vn -0.0433 0.0164 0.9989
vn 0.0146 -0.0497 0.9987
vn 0.2776 -0.0421 0.9598
vn -0.0951 -0.3165 0.9438
vn -0.0549 0.1024 0.9932
vn -0.1077 -0.1064 0.9885
vn 0.1261 0.1249 0.9841
vn 0.2309 0.0830 0.9694
vn 0.1632 0.0160 0.9865
vn -0.1404 -0.2548 0.9567
vn -0.0769 0.1015 0.9919
vn -0.1913 -0.1031 0.9761
vn 0.1086 0.0637 0.9920
vn 0.2341 0.1348 0.9628
vn 0.1439 0.0068 0.9896
vn 0.0143 -0.0022 0.9999
vn 0.0144 -0.0037 0.9999
vn -0.1767 0.0486 0.9831
vn -0.2411 -0.2158 0.9462
vn -0.1920 -0.0478 0.9802
vn -0.1943 -0.0912 0.9767
vn 0.0373 -0.0659 0.9971
vn 0.1916 -0.1579 0.9687
vn 0.0591 0.2575 0.9645
vn -0.0808 0.0370 0.9960
vn -0.1804 -0.1449 0.9729
vn -0.1146 0.0400 0.9926
vn -0.2420 -0.1629 0.9565
vn 0.0644 0.0245 0.9976
vn 0.2347 0.1155 0.9652
vn 0.1018 -0.0649 0.9927
vn -0.0357 -0.2934 0.9553
vn 0.2785 -0.1858 0.9423
vn 0.2818 -0.1165 0.9524
vn 0.0754 0.2641 0.9616
vn -0.0028 0.0581 0.9983
vn -0.1192 -0.1750 0.9773
vn 0.2494 -0.1594 0.9552
vn 0.0480 0.1171 0.9920
vn 0.0949 -0.0069 0.9955
vn -0.0402 -0.2130 0.9762
vn -0.2354 0.1988 0.9514
vn -0.0105 0.1353 0.9908
vn 0.0274 -0.0291 0.9992
vn 0.2240 0.2349 0.9458
vn 0.0161 -0.0176 0.9997
vn -0.0529 -0.2407 0.9692
vn 0.0041 0.1332 0.9911
vn -0.0857 -0.0978 0.9915
vn -0.0680 -0.2498 0.9659
vn -0.3498 0.0530 0.9353
vn 0.1110 0.1292 0.9854
vn 0.0022 -0.0135 0.9999
vn 0.0120 -0.1084 0.9940
vn -0.2206 0.1848 0.9577
vn 0.1014 0.2259 0.9689
vn -0.1019 -0.0442 0.9938
vn -0.0181 -0.1656 0.9860
vn -0.0217 0.1027 0.9945
vn 0.1686 0.0112 0.9856
vn 0.2277 0.0533 0.9723
vn -0.0001 -0.1624 0.9867
vn 0.2458 -0.2535 0.9356
vn 0.0590 0.1507 0.9868
vn -0.0313 -0.0675 0.9972
vn -0.2260 -0.2463 0.9425
vn -0.0978 -0.0322 0.9947
vn 0.2279 0.2229 0.9478
vn -0.0117 -0.0480 0.9988
vn 0.2084 0.2171 0.9536
vn -0.0416 -0.0467 0.9980
vn -0.1295 -0.2339 0.9636
vn -0.1734 0.0601 0.9830
vn 0.1079 -0.0063 0.9941
vn 0.0767 -0.2309 0.9700
vn 0.0800 -0.2242 0.9713
vn -0.1899 0.1224 0.9742
vn -0.1235 0.2695 0.9551
vn 0.3085 -0.0540 0.9497
vn -0.0119 0.2576 0.9662
vn 0.0873 -0.2157 0.9725
vn -0.0719 0.0629 0.9954
vn 0.1393 -0.0017 0.9903
vn 0.0209 0.0280 0.9994
vn 0.2305 0.0364 0.9724
vn -0.1009 -0.2642 0.9592
vn -0.1590 0.1732 0.9720
vn -0.2016 0.0281 0.9791
vn 0.1330 -0.0979 0.9863
vn 0.2136 -0.1177 0.9698
vn 0.1296 -0.2643 0.9557
vn 0.0326 0.1805 0.9830
vn -0.1850 -0.0697 0.9803
vn -0.0039 -0.0809 0.9967
vn -0.2309 0.0654 0.9708
vn 0.0300 -0.1966 0.9800
vn -0.2770 0.2228 0.9347
vn 0.2269 -0.1970 0.9538
vn 0.0760 0.1546 0.9850
vn 0.2040 0.0166 0.9788
vn -0.0119 -0.0097 0.9999
vn -0.1280 -0.0255 0.9914
vn -0.0101 -0.0679 0.9976
vn -0.0860 0.1568 0.9839
vn 0.1113 -0.1373 0.9842
vn -0.0336 0.0974 0.9947
vn 0.1100 0.0613 0.9920
vn -0.2837 -0.1970 0.9385
vn 0.0530 -0.0229 0.9983
vn -0.1377 -0.3060 0.9420
vn -0.0295 0.0879 0.9957
vn -0.0206 -0.1048 0.9943
vn 0.0656 0.2015 0.9773
vn -0.1156 -0.0041 0.9933
vn 0.0186 -0.0764 0.9969
vn 0.0182 0.1082 0.9940
vn 0.1251 0.0387 0.9914
vn -0.1537 -0.2244 0.9623
vn -0.1162 0.1009 0.9881
vn -0.1240 -0.0598 0.9905
vn 0.1336 0.0714 0.9885
vn 0.1727 0.1006 0.9798
vn 0.0527 -0.0278 0.9982
vn 0.0136 -0.0186 0.9997
vn -0.0316 0.0612 0.9976
vn -0.0606 -0.0818 0.9948
vn -0.1336 -0.0237 0.9908
vn 0.0859 -0.0146 0.9962
vn 0.1822 -0.1252 0.9753
vn -0.0561 -0.3397 0.9389
vn 0.3073 -0.1235 0.9436
vn 0.0202 0.1108 0.9936
vn 0.1228 0.0393 0.9917
vn -0.0139 -0.1699 0.9854
vn -0.0168 0.1963 0.9804
vn -0.1306 0.0121 0.9914
vn -0.0155 -0.0845 0.9963
vn -0.0742 0.1418 0.9871
vn 0.1248 -0.1106 0.9860
vn -0.0996 0.1044 0.9895
vn 0.1806 0.1219 0.9760
vn 0.2869 0.1642 0.9438
vn -0.0285 0.0183 0.9994
vn -0.3115 -0.1156 0.9432
vn -0.0764 -0.1425 0.9868
vn 0.0798 -0.2352 0.9687
vn -0.0103 0.0937 0.9955
vn 0.1470 0.0534 0.9877
vn -0.1866 -0.0845 0.9788
vn -0.2085 -0.1284 0.9696
vn -0.2606 0.0236 0.9652
vn 0.0998 0.0092 0.9950
vn 0.1559 -0.1197 0.9805
vn -0.1418 -0.3085 0.9406
vn -0.0178 0.0230 0.9996
vn -0.1174 -0.2530 0.9603
vn 0.1945 -0.1069 0.9751
vn -0.2132 0.1871 0.9589
vn 0.1056 0.2728 0.9562
vn -0.0911 -0.0060 0.9958
vn 0.0048 -0.1476 0.9890
vn 0.0227 0.1475 0.9888
vn 0.0784 -0.0024 0.9969
vn -0.0142 -0.2184 0.9757
vn -0.0182 0.1866 0.9823
vn -0.0981 -0.0229 0.9949
vn 0.2539 0.1749 0.9513
vn -0.2065 -0.1467 0.9674
vn 0.1616 0.0912 0.9826
vn -0.2238 -0.2071 0.9524
vn 0.0098 0.0430 0.9990
vn -0.2565 -0.2140 0.9425
vn -0.1282 -0.0119 0.9917
vn -0.0699 -0.0969 0.9928
vn -0.0696 0.0543 0.9961
vn 0.1805 0.0197 0.9834
vn 0.0071 -0.2105 0.9776
vn 0.2158 -0.1860 0.9586
vn 0.2580 -0.2156 0.9418
vn 0.0148 0.2474 0.9688
vn 0.0350 0.0252 0.9991
vn 0.2367 0.2063 0.9494
vn 0.0721 0.0220 0.9972
vn 0.2599 0.2365 0.9362
vn -0.0932 -0.0126 0.9956
vn -0.0029 -0.1083 0.9941
vn -0.1871 0.1733 0.9669
vn 0.0852 0.2246 0.9707
vn -0.1975 -0.0678 0.9779
vn -0.1611 -0.0957 0.9823
vn -0.0331 -0.0800 0.9962
vn 0.1049 0.1116 0.9882
vn 0.1146 0.0654 0.9913
vn 0.2216 0.1228 0.9674
vn -0.0618 -0.1627 0.9847
vn 0.0045 0.2427 0.9701
vn -0.0097 0.0026 0.9999
vn 0.0640 -0.1723 0.9830
vn 0.1515 -0.3201 0.9352
vn 0.0323 0.1245 0.9917
vn -0.2109 -0.1433 0.9669
vn 0.0484 -0.0619 0.9969
vn -0.1990 0.0438 0.9790
vn 0.0313 -0.1476 0.9886
vn -0.1313 0.2136 0.9680
vn -0.1776 0.2178 0.9597
vn -0.3455 0.0738 0.9355
vn -0.0000 0.3114 0.9503
vn 0.1692 -0.1890 0.9673
vn -0.0450 0.1038 0.9936
vn 0.1443 -0.0391 0.9888
vn 0.2524 -0.0294 0.9672
vn 0.1932 0.2750 0.9418
vn -0.0886 0.0130 0.9960
vn -0.2811 -0.1543 0.9472
vn 0.3002 0.0598 0.9520
vn 0.1113 -0.0075 0.9938
vn -0.0293 -0.1547 0.9875
vn 0.0071 0.1009 0.9949
vn 0.1273 0.0533 0.9904
vn -0.0507 -0.1027 0.9934
vn 0.0237 0.0071 0.9997
vn 0.0621 0.1121 0.9918
vn 0.1626 0.0942 0.9822
vn -0.2166 -0.2046 0.9546
vn -0.0843 0.0534 0.9950
vn -0.0659 -0.0978 0.9930
vn -0.0617 0.1496 0.9868
vn -0.0968 0.0888 0.9913
vn -0.1731 -0.0575 0.9832
vn 0.0267 -0.0249 0.9993
vn 0.0625 0.1923 0.9794
vn 0.1365 -0.0914 0.9864
vn 0.2626 -0.0423 0.9640
vn 0.0946 -0.2095 0.9732
vn 0.0739 0.1740 0.9820
vn 0.0023 -0.0443 0.9990
vn -0.0451 -0.2412 0.9694
vn -0.0199 0.1195 0.9926
vn 0.0423 -0.0541 0.9976
vn -0.1043 -0.3371 0.9357
vn -0.1551 0.0994 0.9829
vn -0.3150 -0.0201 0.9489
vn 0.2108 0.1922 0.9584
vn -0.0566 0.0548 0.9969
vn 0.0346 -0.0573 0.9978
vn -0.1412 0.2123 0.9669
vn 0.0866 -0.2238 0.9708
vn -0.0703 0.1300 0.9890
vn 0.0328 0.0413 0.9986
vn -0.0397 -0.1671 0.9851
vn 0.0269 0.1629 0.9863
vn 0.2521 0.0144 0.9676
vn 0.0355 -0.0079 0.9993
vn -0.1555 0.0305 0.9874
vn -0.1502 -0.1764 0.9728
vn -0.0088 0.0258 0.9996
vn 0.2007 0.0983 0.9747
vn 0.0832 -0.0551 0.9950
vn -0.0114 -0.1967 0.9804
vn -0.1584 0.1638 0.9737
vn -0.0022 0.1262 0.9920
vn 0.3018 0.0799 0.9500
vn 0.0119 0.0804 0.9967
vn -0.0086 -0.1345 0.9909
vn 0.3209 -0.0709 0.9445
vn 0.1185 -0.2259 0.9669
vn 0.0700 0.1744 0.9822
vn 0.2542 0.0247 0.9668
vn 0.0114 0.0142 0.9998
vn -0.0369 -0.0430 0.9984
vn -0.2017 0.0183 0.9793
vn -0.2235 -0.2037 0.9532
vn -0.1547 -0.0160 0.9878
vn 0.2623 0.1117 0.9585
vn 0.2424 0.1208 0.9626
vn 0.1476 0.0023 0.9890
vn -0.0936 -0.2731 0.9574
vn -0.2205 0.1573 0.9626
vn -0.2708 0.0835 0.9590
vn 0.0676 -0.2834 0.9566
vn -0.0467 0.1861 0.9814
vn -0.2774 -0.0265 0.9604
vn 0.0857 0.0139 0.9962
vn 0.2073 -0.0328 0.9777
vn 0.0795 -0.1909 0.9784
vn -0.0209 0.2373 0.9712
vn -0.0780 0.0578 0.9953
vn -0.0805 -0.1184 0.9897
vn 0.2623 -0.1453 0.9540
vn 0.0125 0.2385 0.9711
vn -0.0781 0.0981 0.9921
vn -0.0970 -0.0754 0.9924
vn 0.2754 -0.1058 0.9555
vn 0.0002 0.3117 0.9502
vn -0.1095 0.1665 0.9799
vn -0.1339 -0.0149 0.9909
vn 0.1935 -0.2007 0.9604
vn 0.1792 -0.0912 0.9796
vn 0.2028 -0.1673 0.9648
vn 0.0968 0.2215 0.9703
vn 0.0404 -0.0049 0.9992
vn 0.0767 -0.1526 0.9853
vn 0.0081 0.2396 0.9708
vn -0.0815 0.0664 0.9945
vn -0.1721 -0.1132 0.9786
vn 0.0222 0.0391 0.9990
vn 0.1269 -0.0881 0.9880
vn 0.1062 -0.2627 0.9590
vn 0.0392 0.1781 0.9832
vn -0.0155 -0.0449 0.9989
vn 0.0510 -0.1909 0.9803
vn -0.2391 0.2517 0.9378
vn -0.0572 0.2301 0.9715
vn -0.1019 0.0562 0.9932
vn -0.1289 -0.1197 0.9844
vn 0.2756 -0.1380 0.9513
vn 0.2264 -0.2174 0.9495
vn 0.0747 0.2143 0.9739
vn 0.0490 -0.0159 0.9987
vn 0.2022 0.2083 0.9569
vn 0.0249 0.0019 0.9997
vn -0.1228 -0.2190 0.9680
vn 0.0004 0.0842 0.9965
vn -0.1211 -0.1728 0.9775
vn 0.1114 -0.1501 0.9824
vn -0.0196 0.0898 0.9958
vn 0.0694 -0.0211 0.9974
vn -0.0287 -0.0350 0.9990
vn -0.1745 0.0471 0.9835
vn -0.1382 -0.1989 0.9702
vn -0.3416 0.0362 0.9391
vn 0.2050 -0.0833 0.9752
vn 0.1261 0.2309 0.9648
vn 0.1982 -0.0625 0.9782
vn -0.0773 0.0063 0.9970
vn -0.2596 -0.0457 0.9646
vn -0.0488 -0.1533 0.9870
vn 0.2211 -0.1855 0.9575
vn 0.0460 0.1612 0.9858
vn 0.1815 -0.0193 0.9832
vn -0.2399 0.0094 0.9707
vn -0.0293 -0.1754 0.9841
vn -0.0467 0.1952 0.9796
vn -0.1175 0.0281 0.9927
vn 0.3016 0.1183 0.9461
vn 0.2313 0.1521 0.9609
vn 0.0509 -0.0842 0.9951
vn -0.2863 0.0100 0.9581
vn -0.0166 -0.2033 0.9790
vn 0.2247 -0.1786 0.9579
vn -0.1060 0.2342 0.9664
vn -0.0815 0.1983 0.9767
vn -0.3555 -0.0135 0.9346
vn 0.1548 -0.1158 0.9811
vn 0.0353 0.3530 0.9350
vn -0.2617 0.1115 0.9587
vn -0.2858 0.1148 0.9514
vn -0.0018 -0.3277 0.9448
vn 0.0204 0.1120 0.9935
vn -0.0587 -0.1263 0.9903
vn 0.1144 0.2430 0.9633
vn 0.0158 -0.0262 0.9995
vn 0.0558 -0.2224 0.9734
vn 0.0484 0.1836 0.9818
vn -0.2601 -0.0813 0.9622
vn 0.2033 0.0386 0.9784
vn -0.1994 -0.2301 0.9525
vn -0.0490 0.0374 0.9981
vn -0.0286 -0.1499 0.9883
vn 0.2302 -0.2280 0.9461
vn 0.2440 -0.1938 0.9502
vn 0.2073 -0.2816 0.9369
vn 0.2274 -0.2524 0.9405
vn -0.0886 0.1877 0.9782
vn 0.2407 -0.1296 0.9619
vn -0.1506 0.0940 0.9841
vn -0.1538 -0.2264 0.9618
vn -0.1512 -0.0240 0.9882
vn -0.0303 -0.2427 0.9696
vn 0.2190 -0.0286 0.9753
vn 0.0806 -0.2571 0.9630
vn 0.0306 -0.2641 0.9640
vn -0.0290 0.0386 0.9988
vn 0.1747 0.0814 0.9812
vn -0.0400 0.0364 0.9985
vn -0.0130 -0.1212 0.9925
vn -0.2472 0.1487 0.9575
vn 0.0310 -0.3398 0.9400
vn 0.0345 0.0824 0.9960
vn 0.0241 -0.1270 0.9916
vn 0.1413 0.2195 0.9653
vn -0.0458 -0.0459 0.9979
vn -0.0729 -0.2355 0.9691
vn -0.1935 0.1218 0.9735
vn -0.0466 0.0806 0.9957
vn 0.1189 -0.0382 0.9922
vn -0.0160 -0.3120 0.9499
vn 0.1744 -0.2274 0.9581
vn 0.0048 0.0562 0.9984
vn 0.0976 -0.0795 0.9920
vn -0.2018 -0.2766 0.9396
vn 0.3150 -0.0237 0.9488
vn 0.0503 0.0751 0.9959
vn -0.1548 -0.0243 0.9876
vn -0.2835 -0.1677 0.9442
vn 0.0160 -0.0478 0.9987
vn 0.1840 0.2578 0.9485
vn -0.0812 0.0029 0.9967
vn 0.0097 -0.1124 0.9936
vn -0.1263 0.2036 0.9709
vn 0.0703 0.1689 0.9831
vn -0.1845 -0.1215 0.9753
vt 0.535856 0.032769
vt 0.760232 0.032769
vt 0.760232 0.271193
vt 0.535856 0.271193
vt 0.312579 0.033544
vt 0.551003 0.033544
vt 0.551003 0.271968
vt 0.312579 0.271968
vt 0.746608 0.044369
vt 0.963382 0.044369
vt 0.963382 0.261143
vt 0.746608 0.261143
s 0
f 1/1/1 2/2/1 4/3/1 3/4/1
f 5/5/2 6/6/2 8/7/2 7/8/2
f 9/1/3 10/2/3 12/3/3 11/4/3
f 13/9/4 14/10/4 16/11/4 15/12/4
f 17/5/5 18/6/5 20/7/5 19/8/5
f 21/1/6 22/2/6 24/3/6 23/4/6
f 25/9/7 26/10/7 28/11/7 27/12/7
f 29/5/8 30/6/8 32/7/8 31/8/8
f 33/1/9 34/2/9 36/3/9 35/4/9
f 37/9/10 38/10/10 40/11/10 39/12/10
f 41/5/11 42/6/11 44/7/11 43/8/11
f 45/1/12 46/2/12 48/3/12 47/4/12
f 49/9/13 50/10/13 52/11/13 51/12/13
f 53/5/14 54/6/14 56/7/14 55/8/14
f 57/1/15 58/2/15 60/3/15 59/4/15
f 61/9/16 62/10/16 64/11/16 63/12/16
f 65/5/17 66/6/17 68/7/17 67/8/17
f 69/1/18 70/2/18 72/3/18 71/4/18
f 73/9/19 74/10/19 76/11/19 75/12/19
f 77/5/20 78/6/20 80/7/20 79/8/20
f 81/1/21 82/2/21 84/3/21 83/4/21
f 85/9/22 86/10/22 88/11/22 87/12/22
f 89/5/23 90/6/23 92/7/23 91/8/23
f 93/1/24 94/2/24 96/3/24 95/4/24
f 97/9/25 98/10/25 100/11/25 99/12/25
f 101/5/26 102/6/26 104/7/26 103/8/26
f 105/1/27 106/2/27 108/3/27 107/4/27
f 109/9/28 110/10/28 112/11/28 111/12/28
f 113/5/29 114/6/29 116/7/29 115/8/29
f 117/1/30 118/2/30 120/3/30 119/4/30
f 121/9/31 122/10/31 124/11/31 123/12/31
f 125/5/32 126/6/32 128/7/32 127/8/32
f 129/1/33 130/2/33 132/3/33 131/4/33
f 133/9/34 134/10/34 136/11/34 135/12/34
f 137/5/35 138/6/35 140/7/35 139/8/35
f 141/1/36 142/2/36 144/3/36 143/4/36
f 145/9/37 146/10/37 148/11/37 147/12/37
f 149/5/38 150/6/38 152/7/38 151/8/38
f 153/1/39 154/2/39 156/3/39 155/4/39
f 157/9/40 158/10/40 160/11/40 159/12/40
f 161/5/41 162/6/41 164/7/41 163/8/41
f 165/1/42 166/2/42 168/3/42 167/4/42
f 169/9/43 170/10/43 172/11/43 171/12/43
f 173/5/44 174/6/44 176/7/44 175/8/44
f 177/1/45 178/2/45 180/3/45 179/4/45
f 181/9/46 182/10/46 184/11/46 183/12/46
f 185/5/47 186/6/47 188/7/47 187/8/47
f 189/1/48 190/2/48 192/3/48 191/4/48
f 193/9/49 194/10/49 196/11/49 195/12/49
f 197/5/50 198/6/50 200/7/50 199/8/50
f 201/1/51 202/2/51 204/3/51 203/4/51
f 205/9/52 206/10/52 208/11/52 207/12/52
f 209/5/53 210/6/53 212/7/53 211/8/53
f 213/1/54 214/2/54 216/3/54 215/4/54
f 217/9/55 218/10/55 220/11/55 219/12/55
f 221/5/56 222/6/56 224/7/56 223/8/56
f 225/1/57 226/2/57 228/3/57 227/4/57
f 229/9/58 230/10/58 232/11/58 231/12/58
f 233/5/59 234/6/59 236/7/59 235/8/59
f 237/1/60 238/2/60 240/3/60 239/4/60
f 241/9/61 242/10/61 244/11/61 243/12/61
f 245/5/62 246/6/62 248/7/62 247/8/62
f 249/1/63 250/2/63 252/3/63 251/4/63
f 253/9/64 254/10/64 256/11/64 255/12/64
f 257/5/65 258/6/65 260/7/65 259/8/65
f 261/1/66 262/2/66 264/3/66 263/4/66
f 265/9/67 266/10/67 268/11/67 267/12/67
f 269/5/68 270/6/68 272/7/68 271/8/68
f 273/1/69 274/2/69 276/3/69 275/4/69
f 277/9/70 278/10/70 280/11/70 279/12/70
f 281/5/71 282/6/71 284/7/71 283/8/71
f 285/1/72 286/2/72 288/3/72 287/4/72
f 289/9/73 290/10/73 292/11/73 291/12/73
f 293/5/74 294/6/74 296/7/74 295/8/74
f 297/1/75 298/2/75 300/3/75 299/4/75
f 301/9/76 302/10/76 304/11/76 303/12/76
f 305/5/77 306/6/77 308/7/77 307/8/77
f 309/1/78 310/2/78 312/3/78 311/4/78
f 313/9/79 314/10/79 316/11/79 315/12/79
f 317/5/80 318/6/80 320/7/80 319/8/80
f 321/1/81 322/2/81 324/3/81 323/4/81
f 325/9/82 326/10/82 328/11/82 327/12/82
f 329/5/83 330/6/83 332/7/83 331/8/83
f 333/1/84 334/2/84 336/3/84 335/4/84
f 337/9/85 338/10/85 340/11/85 339/12/85
f 341/5/86 342/6/86 344/7/86 343/8/86
f 345/1/87 346/2/87 348/3/87 347/4/87
f 349/9/88 350/10/88 352/11/88 351/12/88
f 353/5/89 354/6/89 356/7/89 355/8/89
f 357/1/90 358/2/90 360/3/90 359/4/90
f 361/9/91 362/10/91 364/11/91 363/12/91
f 365/5/92 366/6/92 368/7/92 367/8/92
f 369/1/93 370/2/93 372/3/93 371/4/93
f 373/9/94 374/10/94 376/11/94 375/12/94
f 377/5/95 378/6/95 380/7/95 379/8/95
f 381/1/96 382/2/96 384/3/96 383/4/96
f 385/9/97 386/10/97 388/11/97 387/12/97
f 389/5/98 390/6/98 392/7/98 391/8/98
f 393/1/99 394/2/99 396/3/99 395/4/99
f 397/9/100 398/10/100 400/11/100 399/12/100
f 401/5/101 402/6/101 404/7/101 403/8/101
f 405/1/102 406/2/102 408/3/102 407/4/102
f 409/9/103 410/10/103 412/11/103 411/12/103
f 413/5/104 414/6/104 416/7/104 415/8/104
f 417/1/105 418/2/105 420/3/105 419/4/105
f 421/9/106 422/10/106 424/11/106 423/12/106
f 425/5/107 426/6/107 428/7/107 427/8/107
f 429/1/108 430/2/108 432/3/108 431/4/108
f 433/9/109 434/10/109 436/11/109 435/12/109
f 437/5/110 438/6/110 440/7/110 439/8/110
f 441/1/111 442/2/111 444/3/111 443/4/111
f 445/9/112 446/10/112 448/11/112 447/12/112
f 449/5/113 450/6/113 452/7/113 451/8/113
f 453/1/114 454/2/114 456/3/114 455/4/114
f 457/9/115 458/10/115 460/11/115 459/12/115
f 461/5/116 462/6/116 464/7/116 463/8/116
f 465/1/117 466/2/117 468/3/117 467/4/117
f 469/9/118 470/10/118 472/11/118 471/12/118
f 473/5/119 474/6/119 476/7/119 475/8/119
f 477/1/120 478/2/120 480/3/120 479/4/120
f 481/9/121 482/10/121 484/11/121 483/12/121
f 485/5/122 486/6/122 488/7/122 487/8/122
f 489/1/123 490/2/123 492/3/123 491/4/123
f 493/9/124 494/10/124 496/11/124 495/12/124
f 497/5/125 498/6/125 500/7/125 499/8/125
f 501/1/126 502/2/126 504/3/126 503/4/126
f 505/9/127 506/10/127 508/11/127 507/12/127
f 509/5/128 510/6/128 512/7/128 511/8/128
f 513/1/129 514/2/129 516/3/129 515/4/129
f 517/9/130 518/10/130 520/11/130 519/12/130
f 521/5/131 522/6/131 524/7/131 523/8/131
f 525/1/132 526/2/132 528/3/132 527/4/132
f 529/9/133 530/10/133 532/11/133 531/12/133
f 533/5/134 534/6/134 536/7/134 535/8/134
f 537/1/135 538/2/135 540/3/135 539/4/135
f 541/9/136 542/10/136 544/11/136 543/12/136
f 545/5/137 546/6/137 548/7/137 547/8/137
f 549/1/138 550/2/138 552/3/138 551/4/138
f 553/9/139 554/10/139 556/11/139 555/12/139
f 557/5/140 558/6/140 560/7/140 559/8/140
f 561/1/141 562/2/141 564/3/141 563/4/141
f 565/9/142 566/10/142 568/11/142 567/12/142
f 569/5/143 570/6/143 572/7/143 571/8/143
f 573/1/144 574/2/144 576/3/144 575/4/144
f 577/9/145 578/10/145 580/11/145 579/12/145
f 581/5/146 582/6/146 584/7/146 583/8/146
f 585/1/147 586/2/147 588/3/147 587/4/147
f 589/9/148 590/10/148 592/11/148 591/12/148
f 593/5/149 594/6/149 596/7/149 595/8/149
f 597/1/150 598/2/150 600/3/150 599/4/150
f 601/9/151 602/10/151 604/11/151 603/12/151
f 605/5/152 606/6/152 608/7/152 607/8/152
f 609/1/153 610/2/153 612/3/153 611/4/153
f 613/9/154 614/10/154 616/11/154 615/12/154
f 617/5/155 618/6/155 620/7/155 619/8/155
f 621/1/156 622/2/156 624/3/156 623/4/156
f 625/9/157 626/10/157 628/11/157 627/12/157
f 629/5/158 630/6/158 632/7/158 631/8/158
f 633/1/159 634/2/159 636/3/159 635/4/159
f 637/9/160 638/10/160 640/11/160 639/12/160
f 641/5/161 642/6/161 644/7/161 643/8/161
f 645/1/162 646/2/162 648/3/162 647/4/162
f 649/9/163 650/10/163 652/11/163 651/12/163
f 653/5/164 654/6/164 656/7/164 655/8/164
f 657/1/165 658/2/165 660/3/165 659/4/165
f 661/9/166 662/10/166 664/11/166 663/12/166
f 665/5/167 666/6/167 668/7/167 667/8/167
f 669/1/168 670/2/168 672/3/168 671/4/168
f 673/9/169 674/10/169 676/11/169 675/12/169
f 677/5/170 678/6/170 680/7/170 679/8/170
f 681/1/171 682/2/171 684/3/171 683/4/171
f 685/9/172 686/10/172 688/11/172 687/12/172
f 689/5/173 690/6/173 692/7/173 691/8/173
f 693/1/174 694/2/174 696/3/174 695/4/174
f 697/9/175 698/10/175 700/11/175 699/12/175
f 701/5/176 702/6/176 704/7/176 703/8/176
f 705/1/177 706/2/177 708/3/177 707/4/177
f 709/9/178 710/10/178 712/11/178 711/12/178
f 713/5/179 714/6/179 716/7/179 715/8/179
f 717/1/180 718/2/180 720/3/180 719/4/180
f 721/9/181 722/10/181 724/11/181 723/12/181
f 725/5/182 726/6/182 728/7/182 727/8/182
f 729/1/183 730/2/183 732/3/183 731/4/183
f 733/9/184 734/10/184 736/11/184 735/12/184
f 737/5/185 738/6/185 740/7/185 739/8/185
f 741/1/186 742/2/186 744/3/186 743/4/186
f 745/9/187 746/10/187 748/11/187 747/12/187
f 749/5/188 750/6/188 752/7/188 751/8/188
f 753/1/189 754/2/189 756/3/189 755/4/189
f 757/9/190 758/10/190 760/11/190 759/12/190
f 761/5/191 762/6/191 764/7/191 763/8/191
f 765/1/192 766/2/192 768/3/192 767/4/192
f 769/9/193 770/10/193 772/11/193 771/12/193
f 773/5/194 774/6/194 776/7/194 775/8/194
f 777/1/195 778/2/195 780/3/195 779/4/195
f 781/9/196 782/10/196 784/11/196 783/12/196
f 785/5/197 786/6/197 788/7/197 787/8/197
f 789/1/198 790/2/198 792/3/198 791/4/198
f 793/9/199 794/10/199 796/11/199 795/12/199
f 797/5/200 798/6/200 800/7/200 799/8/200
f 801/1/201 802/2/201 804/3/201 803/4/201
f 805/9/202 806/10/202 808/11/202 807/12/202
f 809/5/203 810/6/203 812/7/203 811/8/203
f 813/1/204 814/2/204 816/3/204 815/4/204
f 817/9/205 818/10/205 820/11/205 819/12/205
f 821/5/206 822/6/206 824/7/206 823/8/206
f 825/1/207 826/2/207 828/3/207 827/4/207
f 829/9/208 830/10/208 832/11/208 831/12/208
f 833/5/209 834/6/209 836/7/209 835/8/209
f 837/1/210 838/2/210 840/3/210 839/4/210
f 841/9/211 842/10/211 844/11/211 843/12/211
f 845/5/212 846/6/212 848/7/212 847/8/212
f 849/1/213 850/2/213 852/3/213 851/4/213
f 853/9/214 854/10/214 856/11/214 855/12/214
f 857/5/215 858/6/215 860/7/215 859/8/215
f 861/1/216 862/2/216 864/3/216 863/4/216
f 865/9/217 866/10/217 868/11/217 867/12/217
f 869/5/218 870/6/218 872/7/218 871/8/218
f 873/1/219 874/2/219 876/3/219 875/4/219
f 877/9/220 878/10/220 880/11/220 879/12/220
f 881/5/221 882/6/221 884/7/221 883/8/221
f 885/1/222 886/2/222 888/3/222 887/4/222
f 889/9/223 890/10/223 892/11/223 891/12/223
f 893/5/224 894/6/224 896/7/224 895/8/224
f 897/1/225 898/2/225 900/3/225 899/4/225
f 901/9/226 902/10/226 904/11/226 903/12/226
f 905/5/227 906/6/227 908/7/227 907/8/227
f 909/1/228 910/2/228 912/3/228 911/4/228
f 913/9/229 914/10/229 916/11/229 915/12/229
f 917/5/230 918/6/230 920/7/230 919/8/230
f 921/1/231 922/2/231 924/3/231 923/4/231
f 925/9/232 926/10/232 928/11/232 927/12/232
f 929/5/233 930/6/233 932/7/233 931/8/233
f 933/1/234 934/2/234 936/3/234 935/4/234
f 937/9/235 938/10/235 940/11/235 939/12/235
f 941/5/236 942/6/236 944/7/236 943/8/236
f 945/1/237 946/2/237 948/3/237 947/4/237
f 949/9/238 950/10/238 952/11/238 951/12/238
f 953/5/239 954/6/239 956/7/239 955/8/239
f 957/1/240 958/2/240 960/3/240 959/4/240
f 961/9/241 962/10/241 964/11/241 963/12/241
f 965/5/242 966/6/242 968/7/242 967/8/242
f 969/1/243 970/2/243 972/3/243 971/4/243
f 973/9/244 974/10/244 976/11/244 975/12/244
f 977/5/245 978/6/245 980/7/245 979/8/245
f 981/1/246 982/2/246 984/3/246 983/4/246
f 985/9/247 986/10/247 988/11/247 987/12/247
f 989/5/248 990/6/248 992/7/248 991/8/248
f 993/1/249 994/2/249 996/3/249 995/4/249
f 997/9/250 998/10/250 1000/11/250 999/12/250
f 1001/5/251 1002/6/251 1004/7/251 1003/8/251
f 1005/1/252 1006/2/252 1008/3/252 1007/4/252
f 1009/9/253 1010/10/253 1012/11/253 1011/12/253
f 1013/5/254 1014/6/254 1016/7/254 1015/8/254
f 1017/1/255 1018/2/255 1020/3/255 1019/4/255
f 1021/9/256 1022/10/256 1024/11/256 1023/12/256
f 1025/5/257 1026/6/257 1028/7/257 1027/8/257
f 1029/1/258 1030/2/258 1032/3/258 1031/4/258
f 1033/9/259 1034/10/259 1036/11/259 1035/12/259
f 1037/5/260 1038/6/260 1040/7/260 1039/8/260
f 1041/1/261 1042/2/261 1044/3/261 1043/4/261
f 1045/9/262 1046/10/262 1048/11/262 1047/12/262
f 1049/5/263 1050/6/263 1052/7/263 1051/8/263
f 1053/1/264 1054/2/264 1056/3/264 1055/4/264
f 1057/9/265 1058/10/265 1060/11/265 1059/12/265
f 1061/5/266 1062/6/266 1064/7/266 1063/8/266
f 1065/1/267 1066/2/267 1068/3/267 1067/4/267
f 1069/9/268 1070/10/268 1072/11/268 1071/12/268
f 1073/5/269 1074/6/269 1076/7/269 1075/8/269
f 1077/1/270 1078/2/270 1080/3/270 1079/4/270
f 1081/9/271 1082/10/271 1084/11/271 1083/12/271
f 1085/5/272 1086/6/272 1088/7/272 1087/8/272
f 1089/1/273 1090/2/273 1092/3/273 1091/4/273
f 1093/9/274 1094/10/274 1096/11/274 1095/12/274
f 1097/5/275 1098/6/275 1100/7/275 1099/8/275
f 1101/1/276 1102/2/276 1104/3/276 1103/4/276
f 1105/9/277 1106/10/277 1108/11/277 1107/12/277
f 1109/5/278 1110/6/278 1112/7/278 1111/8/278
f 1113/1/279 1114/2/279 1116/3/279 1115/4/279
f 1117/9/280 1118/10/280 1120/11/280 1119/12/280
f 1121/5/281 1122/6/281 1124/7/281 1123/8/281
f 1125/1/282 1126/2/282 1128/3/282 1127/4/282
f 1129/9/283 1130/10/283 1132/11/283 1131/12/283
f 1133/5/284 1134/6/284 1136/7/284 1135/8/284
f 1137/1/285 1138/2/285 1140/3/285 1139/4/285
f 1141/9/286 1142/10/286 1144/11/286 1143/12/286
f 1145/5/287 1146/6/287 1148/7/287 1147/8/287
f 1149/1/288 1150/2/288 1152/3/288 1151/4/288
f 1153/9/289 1154/10/289 1156/11/289 1155/12/289
f 1157/5/290 1158/6/290 1160/7/290 1159/8/290
f 1161/1/291 1162/2/291 1164/3/291 1163/4/291
f 1165/9/292 1166/10/292 1168/11/292 1167/12/292
f 1169/5/293 1170/6/293 1172/7/293 1171/8/293
f 1173/1/294 1174/2/294 1176/3/294 1175/4/294
f 1177/9/295 1178/10/295 1180/11/295 1179/12/295
f 1181/5/296 1182/6/296 1184/7/296 1183/8/296
f 1185/1/297 1186/2/297 1188/3/297 1187/4/297
f 1189/9/298 1190/10/298 1192/11/298 1191/12/298
f 1193/5/299 1194/6/299 1196/7/299 1195/8/299
f 1197/1/300 1198/2/300 1200/3/300 1199/4/300
f 1201/9/301 1202/10/301 1204/11/301 1203/12/301
f 1205/5/302 1206/6/302 1208/7/302 1207/8/302
f 1209/1/303 1210/2/303 1212/3/303 1211/4/303
f 1213/9/304 1214/10/304 1216/11/304 1215/12/304
f 1217/5/305 1218/6/305 1220/7/305 1219/8/305
f 1221/1/306 1222/2/306 1224/3/306 1223/4/306
f 1225/9/307 1226/10/307 1228/11/307 1227/12/307
f 1229/5/308 1230/6/308 1232/7/308 1231/8/308
f 1233/1/309 1234/2/309 1236/3/309 1235/4/309
f 1237/9/310 1238/10/310 1240/11/310 1239/12/310
f 1241/5/311 1242/6/311 1244/7/311 1243/8/311
f 1245/1/312 1246/2/312 1248/3/312 1247/4/312
f 1249/9/313 1250/10/313 1252/11/313 1251/12/313
f 1253/5/314 1254/6/314 1256/7/314 1255/8/314
f 1257/1/315 1258/2/315 1260/3/315 1259/4/315
f 1261/9/316 1262/10/316 1264/11/316 1263/12/316
f 1265/5/317 1266/6/317 1268/7/317 1267/8/317
f 1269/1/318 1270/2/318 1272/3/318 1271/4/318
f 1273/9/319 1274/10/319 1276/11/319 1275/12/319
f 1277/5/320 1278/6/320 1280/7/320 1279/8/320
f 1281/1/321 1282/2/321 1284/3/321 1283/4/321
f 1285/9/322 1286/10/322 1288/11/322 1287/12/322
f 1289/5/323 1290/6/323 1292/7/323 1291/8/323
f 1293/1/324 1294/2/324 1296/3/324 1295/4/324
f 1297/9/325 1298/10/325 1300/11/325 1299/12/325
f 1301/5/326 1302/6/326 1304/7/326 1303/8/326
f 1305/1/327 1306/2/327 1308/3/327 1307/4/327
f 1309/9/328 1310/10/328 1312/11/328 1311/12/328
f 1313/5/329 1314/6/329 1316/7/329 1315/8/329
f 1317/1/330 1318/2/330 1320/3/330 1319/4/330
f 1321/9/331 1322/10/331 1324/11/331 1323/12/331
f 1325/5/332 1326/6/332 1328/7/332 1327/8/332
f 1329/1/333 1330/2/333 1332/3/333 1331/4/333
f 1333/9/334 1334/10/334 1336/11/334 1335/12/334
f 1337/5/335 1338/6/335 1340/7/335 1339/8/335
f 1341/1/336 1342/2/336 1344/3/336 1343/4/336
f 1345/9/337 1346/10/337 1348/11/337 1347/12/337
f 1349/5/338 1350/6/338 1352/7/338 1351/8/338
f 1353/1/339 1354/2/339 1356/3/339 1355/4/339
f 1357/9/340 1358/10/340 1360/11/340 1359/12/340
f 1361/5/341 1362/6/341 1364/7/341 1363/8/341
f 1365/1/342 1366/2/342 1368/3/342 1367/4/342
f 1369/9/343 1370/10/343 1372/11/343 1371/12/343
f 1373/5/344 1374/6/344 1376/7/344 1375/8/344
f 1377/1/345 1378/2/345 1380/3/345 1379/4/345
f 1381/9/346 1382/10/346 1384/11/346 1383/12/346
f 1385/5/347 1386/6/347 1388/7/347 1387/8/347
f 1389/1/348 1390/2/348 1392/3/348 1391/4/348
f 1393/9/349 1394/10/349 1396/11/349 1395/12/349
f 1397/5/350 1398/6/350 1400/7/350 1399/8/350
f 1401/1/351 1402/2/351 1404/3/351 1403/4/351
f 1405/9/352 1406/10/352 1408/11/352 1407/12/352
f 1409/5/353 1410/6/353 1412/7/353 1411/8/353
f 1413/1/354 1414/2/354 1416/3/354 1415/4/354
f 1417/9/355 1418/10/355 1420/11/355 1419/12/355
f 1421/5/356 1422/6/356 1424/7/356 1423/8/356
f 1425/1/357 1426/2/357 1428/3/357 1427/4/357
f 1429/9/358 1430/10/358 1432/11/358 1431/12/358
f 1433/5/359 1434/6/359 1436/7/359 1435/8/359
f 1437/1/360 1438/2/360 1440/3/360 1439/4/360
f 1441/9/361 1442/10/361 1444/11/361 1443/12/361
f 1445/5/362 1446/6/362 1448/7/362 1447/8/362
f 1449/1/363 1450/2/363 1452/3/363 1451/4/363
f 1453/9/364 1454/10/364 1456/11/364 1455/12/364
f 1457/5/365 1458/6/365 1460/7/365 1459/8/365
f 1461/1/366 1462/2/366 1464/3/366 1463/4/366
f 1465/9/367 1466/10/367 1468/11/367 1467/12/367
f 1469/5/368 1470/6/368 1472/7/368 1471/8/368
f 1473/1/369 1474/2/369 1476/3/369 1475/4/369
f 1477/9/370 1478/10/370 1480/11/370 1479/12/370
f 1481/5/371 1482/6/371 1484/7/371 1483/8/371
f 1485/1/372 1486/2/372 1488/3/372 1487/4/372
f 1489/9/373 1490/10/373 1492/11/373 1491/12/373
f 1493/5/374 1494/6/374 1496/7/374 1495/8/374
f 1497/1/375 1498/2/375 1500/3/375 1499/4/375
f 1501/9/376 1502/10/376 1504/11/376 1503/12/376
f 1505/5/377 1506/6/377 1508/7/377 1507/8/377
f 1509/1/378 1510/2/378 1512/3/378 1511/4/378
f 1513/9/379 1514/10/379 1516/11/379 1515/12/379
f 1517/5/380 1518/6/380 1520/7/380 1519/8/380
f 1521/1/381 1522/2/381 1524/3/381 1523/4/381
f 1525/9/382 1526/10/382 1528/11/382 1527/12/382
f 1529/5/383 1530/6/383 1532/7/383 1531/8/383
f 1533/1/384 1534/2/384 1536/3/384 1535/4/384
f 1537/9/385 1538/10/385 1540/11/385 1539/12/385
f 1541/5/386 1542/6/386 1544/7/386 1543/8/386
f 1545/1/387 1546/2/387 1548/3/387 1547/4/387
f 1549/9/388 1550/10/388 1552/11/388 1551/12/388
f 1553/5/389 1554/6/389 1556/7/389 1555/8/389
f 1557/1/390 1558/2/390 1560/3/390 1559/4/390
f 1561/9/391 1562/10/391 1564/11/391 1563/12/391
f 1565/5/392 1566/6/392 1568/7/392 1567/8/392
f 1569/1/393 1570/2/393 1572/3/393 1571/4/393
f 1573/9/394 1574/10/394 1576/11/394 1575/12/394
f 1577/5/395 1578/6/395 1580/7/395 1579/8/395
f 1581/1/396 1582/2/396 1584/3/396 1583/4/396
f 1585/9/397 1586/10/397 1588/11/397 1587/12/397
f 1589/5/398 1590/6/398 1592/7/398 1591/8/398
f 1593/1/399 1594/2/399 1596/3/399 1595/4/399
f 1597/9/400 1598/10/400 1600/11/400 1599/12/400
f 1601/5/401 1602/6/401 1604/7/401 1603/8/401
f 1605/1/402 1606/2/402 1608/3/402 1607/4/402
f 1609/9/403 1610/10/403 1612/11/403 1611/12/403
f 1613/5/404 1614/6/404 1616/7/404 1615/8/404
f 1617/1/405 1618/2/405 1620/3/405 1619/4/405
f 1621/9/406 1622/10/406 1624/11/406 1623/12/406
f 1625/5/407 1626/6/407 1628/7/407 1627/8/407
f 1629/1/408 1630/2/408 1632/3/408 1631/4/408
f 1633/9/409 1634/10/409 1636/11/409 1635/12/409
f 1637/5/410 1638/6/410 1640/7/410 1639/8/410
f 1641/1/411 1642/2/411 1644/3/411 1643/4/411
f 1645/9/412 1646/10/412 1648/11/412 1647/12/412
f 1649/5/413 1650/6/413 1652/7/413 1651/8/413
f 1653/1/414 1654/2/414 1656/3/414 1655/4/414
f 1657/9/415 1658/10/415 1660/11/415 1659/12/415
f 1661/5/416 1662/6/416 1664/7/416 1663/8/416
f 1665/1/417 1666/2/417 1668/3/417 1667/4/417
f 1669/9/418 1670/10/418 1672/11/418 1671/12/418
f 1673/5/419 1674/6/419 1676/7/419 1675/8/419
f 1677/1/420 1678/2/420 1680/3/420 1679/4/420
f 1681/9/421 1682/10/421 1684/11/421 1683/12/421
f 1685/5/422 1686/6/422 1688/7/422 1687/8/422
f 1689/1/423 1690/2/423 1692/3/423 1691/4/423
f 1693/9/424 1694/10/424 1696/11/424 1695/12/424
f 1697/5/425 1698/6/425 1700/7/425 1699/8/425
f 1701/1/426 1702/2/426 1704/3/426 1703/4/426
f 1705/9/427 1706/10/427 1708/11/427 1707/12/427
f 1709/5/428 1710/6/428 1712/7/428 1711/8/428
f 1713/1/429 1714/2/429 1716/3/429 1715/4/429
f 1717/9/430 1718/10/430 1720/11/430 1719/12/430
f 1721/5/431 1722/6/431 1724/7/431 1723/8/431
f 1725/1/432 1726/2/432 1728/3/432 1727/4/432
f 1729/9/433 1730/10/433 1732/11/433 1731/12/433
f 1733/5/434 1734/6/434 1736/7/434 1735/8/434
f 1737/1/435 1738/2/435 1740/3/435 1739/4/435
f 1741/9/436 1742/10/436 1744/11/436 1743/12/436
f 1745/5/437 1746/6/437 1748/7/437 1747/8/437
f 1749/1/438 1750/2/438 1752/3/438 1751/4/438
f 1753/9/439 1754/10/439 1756/11/439 1755/12/439
f 1757/5/440 1758/6/440 1760/7/440 1759/8/440
f 1761/1/441 1762/2/441 1764/3/441 1763/4/441
f 1765/9/442 1766/10/442 1768/11/442 1767/12/442
f 1769/5/443 1770/6/443 1772/7/443 1771/8/443
f 1773/1/444 1774/2/444 1776/3/444 1775/4/444
f 1777/9/445 1778/10/445 1780/11/445 1779/12/445
f 1781/5/446 1782/6/446 1784/7/446 1783/8/446
f 1785/1/447 1786/2/447 1788/3/447 1787/4/447
f 1789/9/448 1790/10/448 1792/11/448 1791/12/448
f 1793/5/449 1794/6/449 1796/7/449 1795/8/449
f 1797/1/450 1798/2/450 1800/3/450 1799/4/450
f 1801/9/451 1802/10/451 1804/11/451 1803/12/451
f 1805/5/452 1806/6/452 1808/7/452 1807/8/452
f 1809/1/453 1810/2/453 1812/3/453 1811/4/453
f 1813/9/454 1814/10/454 1816/11/454 1815/12/454
f 1817/5/455 1818/6/455 1820/7/455 1819/8/455
f 1821/1/456 1822/2/456 1824/3/456 1823/4/456
f 1825/9/457 1826/10/457 1828/11/457 1827/12/457
f 1829/5/458 1830/6/458 1832/7/458 1831/8/458
f 1833/1/459 1834/2/459 1836/3/459 1835/4/459
f 1837/9/460 1838/10/460 1840/11/460 1839/12/460
f 1841/5/461 1842/6/461 1844/7/461 1843/8/461
f 1845/1/462 1846/2/462 1848/3/462 1847/4/462
f 1849/9/463 1850/10/463 1852/11/463 1851/12/463
f 1853/5/464 1854/6/464 1856/7/464 1855/8/464
f 1857/1/465 1858/2/465 1860/3/465 1859/4/465
f 1861/9/466 1862/10/466 1864/11/466 1863/12/466
f 1865/5/467 1866/6/467 1868/7/467 1867/8/467
f 1869/1/468 1870/2/468 1872/3/468 1871/4/468
f 1873/9/469 1874/10/469 1876/11/469 1875/12/469
f 1877/5/470 1878/6/470 1880/7/470 1879/8/470
f 1881/1/471 1882/2/471 1884/3/471 1883/4/471
f 1885/9/472 1886/10/472 1888/11/472 1887/12/472
f 1889/5/473 1890/6/473 1892/7/473 1891/8/473
f 1893/1/474 1894/2/474 1896/3/474 1895/4/474
f 1897/9/475 1898/10/475 1900/11/475 1899/12/475
f 1901/5/476 1902/6/476 1904/7/476 1903/8/476
f 1905/1/477 1906/2/477 1908/3/477 1907/4/477
f 1909/9/478 1910/10/478 1912/11/478 1911/12/478
f 1913/5/479 1914/6/479 1916/7/479 1915/8/479
f 1917/1/480 1918/2/480 1920/3/480 1919/4/480
f 1921/9/481 1922/10/481 1924/11/481 1923/12/481
f 1925/5/482 1926/6/482 1928/7/482 1927/8/482
f 1929/1/483 1930/2/483 1932/3/483 1931/4/483
f 1933/9/484 1934/10/484 1936/11/484 1935/12/484
f 1937/5/485 1938/6/485 1940/7/485 1939/8/485
f 1941/1/486 1942/2/486 1944/3/486 1943/4/486
f 1945/9/487 1946/10/487 1948/11/487 1947/12/487
f 1949/5/488 1950/6/488 1952/7/488 1951/8/488
f 1953/1/489 1954/2/489 1956/3/489 1955/4/489
f 1957/9/490 1958/10/490 1960/11/490 1959/12/490
f 1961/5/491 1962/6/491 1964/7/491 1963/8/491
f 1965/1/492 1966/2/492 1968/3/492 1967/4/492
f 1969/9/493 1970/10/493 1972/11/493 1971/12/493
f 1973/5/494 1974/6/494 1976/7/494 1975/8/494
f 1977/1/495 1978/2/495 1980/3/495 1979/4/495
f 1981/9/496 1982/10/496 1984/11/496 1983/12/496
f 1985/5/497 1986/6/497 1988/7/497 1987/8/497
f 1989/9/498 1990/10/498 1992/11/498 1991/12/498
f 1993/5/499 1994/6/499 1996/7/499 1995/8/499
f 1997/1/500 1998/2/500 2000/3/500 1999/4/500
f 2001/9/501 2002/10/501 2004/11/501 2003/12/501
f 2005/5/502 2006/6/502 2008/7/502 2007/8/502
f 2009/1/503 2010/2/503 2012/3/503 2011/4/503
f 2013/9/504 2014/10/504 2016/11/504 2015/12/504
f 2017/5/505 2018/6/505 2020/7/505 2019/8/505
f 2021/1/506 2022/2/506 2024/3/506 2023/4/506
f 2025/9/507 2026/10/507 2028/11/507 2027/12/507
f 2029/5/508 2030/6/508 2032/7/508 2031/8/508
f 2033/1/509 2034/2/509 2036/3/509 2035/4/509
f 2037/9/510 2038/10/510 2040/11/510 2039/12/510
f 2041/5/511 2042/6/511 2044/7/511 2043/8/511
f 2045/1/512 2046/2/512 2048/3/512 2047/4/512
f 2049/9/513 2050/10/513 2052/11/513 2051/12/513
f 2053/5/514 2054/6/514 2056/7/514 2055/8/514
f 2057/1/515 2058/2/515 2060/3/515 2059/4/515
f 2061/9/516 2062/10/516 2064/11/516 2063/12/516
f 2065/5/517 2066/6/517 2068/7/517 2067/8/517
f 2069/1/518 2070/2/518 2072/3/518 2071/4/518
f 2073/9/519 2074/10/519 2076/11/519 2075/12/519
f 2077/5/520 2078/6/520 2080/7/520 2079/8/520
f 2081/1/521 2082/2/521 2084/3/521 2083/4/521
f 2085/9/522 2086/10/522 2088/11/522 2087/12/522
f 2089/5/523 2090/6/523 2092/7/523 2091/8/523
f 2093/1/524 2094/2/524 2096/3/524 2095/4/524
f 2097/9/525 2098/10/525 2100/11/525 2099/12/525
f 2101/5/526 2102/6/526 2104/7/526 2103/8/526
f 2105/1/527 2106/2/527 2108/3/527 2107/4/527
f 2109/9/528 2110/10/528 2112/11/528 2111/12/528
f 2113/5/529 2114/6/529 2116/7/529 2115/8/529
f 2117/1/530 2118/2/530 2120/3/530 2119/4/530
f 2121/9/531 2122/10/531 2124/11/531 2123/12/531
f 2125/5/532 2126/6/532 2128/7/532 2127/8/532
f 2129/1/533 2130/2/533 2132/3/533 2131/4/533
f 2133/9/534 2134/10/534 2136/11/534 2135/12/534
f 2137/5/535 2138/6/535 2140/7/535 2139/8/535
f 2141/1/536 2142/2/536 2144/3/536 2143/4/536
f 2145/9/537 2146/10/537 2148/11/537 2147/12/537
f 2149/5/538 2150/6/538 2152/7/538 2151/8/538
f 2153/1/539 2154/2/539 2156/3/539 2155/4/539
f 2157/9/540 2158/10/540 2160/11/540 2159/12/540
f 2161/5/541 2162/6/541 2164/7/541 2163/8/541
f 2165/1/542 2166/2/542 2168/3/542 2167/4/542
f 2169/9/543 2170/10/543 2172/11/543 2171/12/543
f 2173/5/544 2174/6/544 2176/7/544 2175/8/544
f 2177/1/545 2178/2/545 2180/3/545 2179/4/545
f 2181/9/546 2182/10/546 2184/11/546 2183/12/546
f 2185/5/547 2186/6/547 2188/7/547 2187/8/547
f 2189/1/548 2190/2/548 2192/3/548 2191/4/548
f 2193/9/549 2194/10/549 2196/11/549 2195/12/549
f 2197/5/550 2198/6/550 2200/7/550 2199/8/550
f 2201/1/551 2202/2/551 2204/3/551 2203/4/551
f 2205/9/552 2206/10/552 2208/11/552 2207/12/552
f 2209/5/553 2210/6/553 2212/7/553 2211/8/553
f 2213/1/554 2214/2/554 2216/3/554 2215/4/554
f 2217/9/555 2218/10/555 2220/11/555 2219/12/555
f 2221/5/556 2222/6/556 2224/7/556 2223/8/556
f 2225/1/557 2226/2/557 2228/3/557 2227/4/557
f 2229/9/558 2230/10/558 2232/11/558 2231/12/558
f 2233/5/559 2234/6/559 2236/7/559 2235/8/559
f 2237/1/560 2238/2/560 2240/3/560 2239/4/560
f 2241/9/561 2242/10/561 2244/11/561 2243/12/561
f 2245/5/562 2246/6/562 2248/7/562 2247/8/562
f 2249/1/563 2250/2/563 2252/3/563 2251/4/563
f 2253/9/564 2254/10/564 2256/11/564 2255/12/564
f 2257/5/565 2258/6/565 2260/7/565 2259/8/565
f 2261/1/566 2262/2/566 2264/3/566 2263/4/566
f 2265/9/567 2266/10/567 2268/11/567 2267/12/567
f 2269/5/568 2270/6/568 2272/7/568 2271/8/568
f 2273/1/569 2274/2/569 2276/3/569 2275/4/569
f 2277/9/570 2278/10/570 2280/11/570 2279/12/570
f 2281/5/571 2282/6/571 2284/7/571 2283/8/571
f 2285/1/572 2286/2/572 2288/3/572 2287/4/572
f 2289/9/573 2290/10/573 2292/11/573 2291/12/573
f 2293/5/574 2294/6/574 2296/7/574 2295/8/574
f 2297/1/575 2298/2/575 2300/3/575 2299/4/575
f 2301/9/576 2302/10/576 2304/11/576 2303/12/576
f 2305/5/577 2306/6/577 2308/7/577 2307/8/577
f 2309/1/578 2310/2/578 2312/3/578 2311/4/578
f 2313/9/579 2314/10/579 2316/11/579 2315/12/579
f 2317/5/580 2318/6/580 2320/7/580 2319/8/580
f 2321/1/581 2322/2/581 2324/3/581 2323/4/581
f 2325/9/582 2326/10/582 2328/11/582 2327/12/582
f 2329/5/583 2330/6/583 2332/7/583 2331/8/583
f 2333/1/584 2334/2/584 2336/3/584 2335/4/584
f 2337/9/585 2338/10/585 2340/11/585 2339/12/585
f 2341/5/586 2342/6/586 2344/7/586 2343/8/586
f 2345/1/587 2346/2/587 2348/3/587 2347/4/587
f 2349/9/588 2350/10/588 2352/11/588 2351/12/588
f 2353/5/589 2354/6/589 2356/7/589 2355/8/589
f 2357/1/590 2358/2/590 2360/3/590 2359/4/590
f 2361/9/591 2362/10/591 2364/11/591 2363/12/591
f 2365/5/592 2366/6/592 2368/7/592 2367/8/592
f 2369/1/593 2370/2/593 2372/3/593 2371/4/593
f 2373/9/594 2374/10/594 2376/11/594 2375/12/594
f 2377/5/595 2378/6/595 2380/7/595 2379/8/595
f 2381/1/596 2382/2/596 2384/3/596 2383/4/596
f 2385/9/597 2386/10/597 2388/11/597 2387/12/597
f 2389/5/598 2390/6/598 2392/7/598 2391/8/598
f 2393/1/599 2394/2/599 2396/3/599 2395/4/599
f 2397/9/600 2398/10/600 2400/11/600 2399/12/600
f 2401/5/601 2402/6/601 2404/7/601 2403/8/601
f 2405/1/602 2406/2/602 2408/3/602 2407/4/602
f 2409/9/603 2410/10/603 2412/11/603 2411/12/603
f 2413/5/604 2414/6/604 2416/7/604 2415/8/604
f 2417/1/605 2418/2/605 2420/3/605 2419/4/605
f 2421/9/606 2422/10/606 2424/11/606 2423/12/606
f 2425/5/607 2426/6/607 2428/7/607 2427/8/607
f 2429/1/608 2430/2/608 2432/3/608 2431/4/608
f 2433/9/609 2434/10/609 2436/11/609 2435/12/609
f 2437/5/610 2438/6/610 2440/7/610 2439/8/610
f 2441/1/611 2442/2/611 2444/3/611 2443/4/611
f 2445/9/612 2446/10/612 2448/11/612 2447/12/612
f 2449/5/613 2450/6/613 2452/7/613 2451/8/613
f 2453/1/614 2454/2/614 2456/3/614 2455/4/614
f 2457/9/615 2458/10/615 2460/11/615 2459/12/615
f 2461/5/616 2462/6/616 2464/7/616 2463/8/616
f 2465/1/617 2466/2/617 2468/3/617 2467/4/617
f 2469/9/618 2470/10/618 2472/11/618 2471/12/618
f 2473/5/619 2474/6/619 2476/7/619 2475/8/619
f 2477/1/620 2478/2/620 2480/3/620 2479/4/620
f 2481/9/621 2482/10/621 2484/11/621 2483/12/621
f 2485/5/622 2486/6/622 2488/7/622 2487/8/622
f 2489/1/623 2490/2/623 2492/3/623 2491/4/623
f 2493/9/624 2494/10/624 2496/11/624 2495/12/624
f 2497/5/625 2498/6/625 2500/7/625 2499/8/625
f 2501/1/626 2502/2/626 2504/3/626 2503/4/626
f 2505/9/627 2506/10/627 2508/11/627 2507/12/627
f 2509/5/628 2510/6/628 2512/7/628 2511/8/628
f 2513/1/629 2514/2/629 2516/3/629 2515/4/629
f 2517/9/630 2518/10/630 2520/11/630 2519/12/630
f 2521/5/631 2522/6/631 2524/7/631 2523/8/631
f 2525/1/632 2526/2/632 2528/3/632 2527/4/632
f 2529/9/633 2530/10/633 2532/11/633 2531/12/633
f 2533/5/634 2534/6/634 2536/7/634 2535/8/634
f 2537/1/635 2538/2/635 2540/3/635 2539/4/635
f 2541/9/636 2542/10/636 2544/11/636 2543/12/636
f 2545/5/637 2546/6/637 2548/7/637 2547/8/637
f 2549/1/638 2550/2/638 2552/3/638 2551/4/638
f 2553/9/639 2554/10/639 2556/11/639 2555/12/639
f 2557/5/640 2558/6/640 2560/7/640 2559/8/640
f 2561/1/641 2562/2/641 2564/3/641 2563/4/641
f 2565/9/642 2566/10/642 2568/11/642 2567/12/642
f 2569/5/643 2570/6/643 2572/7/643 2571/8/643
f 2573/1/644 2574/2/644 2576/3/644 2575/4/644
f 2577/9/645 2578/10/645 2580/11/645 2579/12/645
f 2581/5/646 2582/6/646 2584/7/646 2583/8/646
f 2585/1/647 2586/2/647 2588/3/647 2587/4/647
f 2589/9/648 2590/10/648 2592/11/648 2591/12/648
f 2593/5/649 2594/6/649 2596/7/649 2595/8/649
f 2597/1/650 2598/2/650 2600/3/650 2599/4/650
f 2601/9/651 2602/10/651 2604/11/651 2603/12/651
f 2605/5/652 2606/6/652 2608/7/652 2607/8/652
f 2609/1/653 2610/2/653 2612/3/653 2611/4/653
f 2613/9/654 2614/10/654 2616/11/654 2615/12/654
f 2617/5/655 2618/6/655 2620/7/655 2619/8/655
f 2621/1/656 2622/2/656 2624/3/656 2623/4/656
f 2625/9/657 2626/10/657 2628/11/657 2627/12/657
f 2629/5/658 2630/6/658 2632/7/658 2631/8/658
f 2633/1/659 2634/2/659 2636/3/659 2635/4/659
f 2637/9/660 2638/10/660 2640/11/660 2639/12/660
f 2641/5/661 2642/6/661 2644/7/661 2643/8/661
f 2645/1/662 2646/2/662 2648/3/662 2647/4/662
f 2649/9/663 2650/10/663 2652/11/663 2651/12/663
f 2653/5/664 2654/6/664 2656/7/664 2655/8/664
f 2657/1/665 2658/2/665 2660/3/665 2659/4/665
f 2661/9/666 2662/10/666 2664/11/666 2663/12/666
f 2665/5/667 2666/6/667 2668/7/667 2667/8/667
f 2669/1/668 2670/2/668 2672/3/668 2671/4/668
f 2673/9/669 2674/10/669 2676/11/669 2675/12/669
f 2677/5/670 2678/6/670 2680/7/670 2679/8/670
f 2681/1/671 2682/2/671 2684/3/671 2683/4/671
f 2685/9/672 2686/10/672 2688/11/672 2687/12/672
f 2689/5/673 2690/6/673 2692/7/673 2691/8/673
f 2693/1/674 2694/2/674 2696/3/674 2695/4/674
f 2697/9/675 2698/10/675 2700/11/675 2699/12/675
f 2701/5/676 2702/6/676 2704/7/676 2703/8/676
f 2705/1/677 2706/2/677 2708/3/677 2707/4/677
f 2709/9/678 2710/10/678 2712/11/678 2711/12/678
f 2713/5/679 2714/6/679 2716/7/679 2715/8/679
f 2717/1/680 2718/2/680 2720/3/680 2719/4/680
f 2721/9/681 2722/10/681 2724/11/681 2723/12/681
f 2725/5/682 2726/6/682 2728/7/682 2727/8/682
f 2729/1/683 2730/2/683 2732/3/683 2731/4/683
f 2733/9/684 2734/10/684 2736/11/684 2735/12/684
f 2737/5/685 2738/6/685 2740/7/685 2739/8/685
f 2741/1/686 2742/2/686 2744/3/686 2743/4/686
f 2745/9/687 2746/10/687 2748/11/687 2747/12/687
f 2749/5/688 2750/6/688 2752/7/688 2751/8/688
f 2753/1/689 2754/2/689 2756/3/689 2755/4/689
f 2757/9/690 2758/10/690 2760/11/690 2759/12/690
f 2761/5/691 2762/6/691 2764/7/691 2763/8/691
f 2765/1/692 2766/2/692 2768/3/692 2767/4/692
f 2769/9/693 2770/10/693 2772/11/693 2771/12/693
f 2773/5/694 2774/6/694 2776/7/694 2775/8/694
f 2777/1/695 2778/2/695 2780/3/695 2779/4/695
f 2781/9/696 2782/10/696 2784/11/696 2783/12/696
f 2785/5/697 2786/6/697 2788/7/697 2787/8/697
f 2789/1/698 2790/2/698 2792/3/698 2791/4/698
f 2793/9/699 2794/10/699 2796/11/699 2795/12/699
f 2797/5/700 2798/6/700 2800/7/700 2799/8/700
f 2801/1/701 2802/2/701 2804/3/701 2803/4/701
f 2805/9/702 2806/10/702 2808/11/702 2807/12/702
f 2809/5/703 2810/6/703 2812/7/703 2811/8/703
f 2813/1/704 2814/2/704 2816/3/704 2815/4/704
f 2817/9/705 2818/10/705 2820/11/705 2819/12/705
f 2821/5/706 2822/6/706 2824/7/706 2823/8/706
f 2825/1/707 2826/2/707 2828/3/707 2827/4/707
f 2829/9/708 2830/10/708 2832/11/708 2831/12/708
f 2833/5/709 2834/6/709 2836/7/709 2835/8/709
f 2837/1/710 2838/2/710 2840/3/710 2839/4/710
f 2841/9/711 2842/10/711 2844/11/711 2843/12/711
f 2845/5/712 2846/6/712 2848/7/712 2847/8/712
f 2849/1/713 2850/2/713 2852/3/713 2851/4/713
f 2853/9/714 2854/10/714 2856/11/714 2855/12/714
f 2857/5/715 2858/6/715 2860/7/715 2859/8/715
f 2861/1/716 2862/2/716 2864/3/716 2863/4/716
f 2865/9/717 2866/10/717 2868/11/717 2867/12/717
f 2869/5/718 2870/6/718 2872/7/718 2871/8/718
f 2873/1/719 2874/2/719 2876/3/719 2875/4/719
f 2877/9/720 2878/10/720 2880/11/720 2879/12/720
f 2881/5/721 2882/6/721 2884/7/721 2883/8/721
f 2885/1/722 2886/2/722 2888/3/722 2887/4/722
f 2889/9/723 2890/10/723 2892/11/723 2891/12/723
f 2893/5/724 2894/6/724 2896/7/724 2895/8/724
f 2897/1/725 2898/2/725 2900/3/725 2899/4/725
f 2901/9/726 2902/10/726 2904/11/726 2903/12/726
f 2905/5/727 2906/6/727 2908/7/727 2907/8/727
f 2909/1/728 2910/2/728 2912/3/728 2911/4/728
f 2913/9/729 2914/10/729 2916/11/729 2915/12/729
f 2917/5/730 2918/6/730 2920/7/730 2919/8/730
f 2921/1/731 2922/2/731 2924/3/731 2923/4/731
f 2925/9/732 2926/10/732 2928/11/732 2927/12/732
f 2929/5/733 2930/6/733 2932/7/733 2931/8/733
f 2933/1/734 2934/2/734 2936/3/734 2935/4/734
f 2937/9/735 2938/10/735 2940/11/735 2939/12/735
f 2941/5/736 2942/6/736 2944/7/736 2943/8/736
f 2945/1/737 2946/2/737 2948/3/737 2947/4/737
f 2949/9/738 2950/10/738 2952/11/738 2951/12/738
f 2953/5/739 2954/6/739 2956/7/739 2955/8/739
f 2957/1/740 2958/2/740 2960/3/740 2959/4/740
f 2961/9/741 2962/10/741 2964/11/741 2963/12/741
f 2965/5/742 2966/6/742 2968/7/742 2967/8/742
f 2969/1/743 2970/2/743 2972/3/743 2971/4/743
f 2973/9/744 2974/10/744 2976/11/744 2975/12/744
f 2977/5/745 2978/6/745 2980/7/745 2979/8/745
f 2981/1/746 2982/2/746 2984/3/746 2983/4/746
f 2985/9/747 2986/10/747 2988/11/747 2987/12/747
f 2989/5/748 2990/6/748 2992/7/748 2991/8/748
f 2993/1/749 2994/2/749 2996/3/749 2995/4/749
f 2997/9/750 2998/10/750 3000/11/750 2999/12/750
f 3001/5/751 3002/6/751 3004/7/751 3003/8/751
f 3005/1/752 3006/2/752 3008/3/752 3007/4/752
f 3009/9/753 3010/10/753 3012/11/753 3011/12/753
f 3013/5/754 3014/6/754 3016/7/754 3015/8/754
f 3017/1/755 3018/2/755 3020/3/755 3019/4/755
f 3021/9/756 3022/10/756 3024/11/756 3023/12/756
f 3025/5/757 3026/6/757 3028/7/757 3027/8/757
f 3029/1/758 3030/2/758 3032/3/758 3031/4/758
f 3033/9/759 3034/10/759 3036/11/759 3035/12/759
f 3037/5/760 3038/6/760 3040/7/760 3039/8/760
f 3041/1/761 3042/2/761 3044/3/761 3043/4/761
f 3045/9/762 3046/10/762 3048/11/762 3047/12/762
f 3049/5/763 3050/6/763 3052/7/763 3051/8/763
f 3053/1/764 3054/2/764 3056/3/764 3055/4/764
f 3057/9/765 3058/10/765 3060/11/765 3059/12/765
f 3061/5/766 3062/6/766 3064/7/766 3063/8/766
f 3065/1/767 3066/2/767 3068/3/767 3067/4/767
f 3069/9/768 3070/10/768 3072/11/768 3071/12/768
f 3073/5/769 3074/6/769 3076/7/769 3075/8/769
f 3077/1/770 3078/2/770 3080/3/770 3079/4/770
f 3081/9/771 3082/10/771 3084/11/771 3083/12/771
f 3085/5/772 3086/6/772 3088/7/772 3087/8/772
f 3089/1/773 3090/2/773 3092/3/773 3091/4/773
f 3093/9/774 3094/10/774 3096/11/774 3095/12/774
f 3097/5/775 3098/6/775 3100/7/775 3099/8/775
f 3101/1/776 3102/2/776 3104/3/776 3103/4/776
f 3105/9/777 3106/10/777 3108/11/777 3107/12/777
f 3109/5/778 3110/6/778 3112/7/778 3111/8/778
f 3113/1/779 3114/2/779 3116/3/779 3115/4/779
f 3117/9/780 3118/10/780 3120/11/780 3119/12/780
f 3121/5/781 3122/6/781 3124/7/781 3123/8/781
f 3125/1/782 3126/2/782 3128/3/782 3127/4/782
f 3129/9/783 3130/10/783 3132/11/783 3131/12/783
f 3133/5/784 3134/6/784 3136/7/784 3135/8/784
f 3137/1/785 3138/2/785 3140/3/785 3139/4/785
f 3141/9/786 3142/10/786 3144/11/786 3143/12/786
f 3145/5/787 3146/6/787 3148/7/787 3147/8/787
f 3149/1/788 3150/2/788 3152/3/788 3151/4/788
f 3153/9/789 3154/10/789 3156/11/789 3155/12/789
f 3157/5/790 3158/6/790 3160/7/790 3159/8/790
f 3161/1/791 3162/2/791 3164/3/791 3163/4/791
f 3165/9/792 3166/10/792 3168/11/792 3167/12/792
f 3169/5/793 3170/6/793 3172/7/793 3171/8/793
f 3173/1/794 3174/2/794 3176/3/794 3175/4/794
f 3177/9/795 3178/10/795 3180/11/795 3179/12/795
f 3181/5/796 3182/6/796 3184/7/796 3183/8/796
f 3185/1/797 3186/2/797 3188/3/797 3187/4/797
f 3189/9/798 3190/10/798 3192/11/798 3191/12/798
f 3193/5/799 3194/6/799 3196/7/799 3195/8/799
f 3197/1/800 3198/2/800 3200/3/800 3199/4/800
f 3201/9/801 3202/10/801 3204/11/801 3203/12/801
f 3205/5/802 3206/6/802 3208/7/802 3207/8/802
f 3209/1/803 3210/2/803 3212/3/803 3211/4/803
f 3213/9/804 3214/10/804 3216/11/804 3215/12/804
f 3217/5/805 3218/6/805 3220/7/805 3219/8/805
f 3221/1/806 3222/2/806 3224/3/806 3223/4/806
f 3225/9/807 3226/10/807 3228/11/807 3227/12/807
f 3229/5/808 3230/6/808 3232/7/808 3231/8/808
f 3233/1/809 3234/2/809 3236/3/809 3235/4/809
f 3237/9/810 3238/10/810 3240/11/810 3239/12/810
f 3241/5/811 3242/6/811 3244/7/811 3243/8/811
f 3245/1/812 3246/2/812 3248/3/812 3247/4/812
f 3249/9/813 3250/10/813 3252/11/813 3251/12/813
f 3253/5/814 3254/6/814 3256/7/814 3255/8/814
f 3257/1/815 3258/2/815 3260/3/815 3259/4/815
f 3261/9/816 3262/10/816 3264/11/816 3263/12/816
f 3265/5/817 3266/6/817 3268/7/817 3267/8/817
f 3269/1/818 3270/2/818 3272/3/818 3271/4/818
f 3273/9/819 3274/10/819 3276/11/819 3275/12/819
f 3277/5/820 3278/6/820 3280/7/820 3279/8/820
f 3281/1/821 3282/2/821 3284/3/821 3283/4/821
f 3285/9/822 3286/10/822 3288/11/822 3287/12/822
f 3289/5/823 3290/6/823 3292/7/823 3291/8/823
f 3293/1/824 3294/2/824 3296/3/824 3295/4/824
f 3297/9/825 3298/10/825 3300/11/825 3299/12/825
f 3301/5/826 3302/6/826 3304/7/826 3303/8/826
f 3305/1/827 3306/2/827 3308/3/827 3307/4/827
f 3309/9/828 3310/10/828 3312/11/828 3311/12/828
f 3313/5/829 3314/6/829 3316/7/829 3315/8/829
f 3317/1/830 3318/2/830 3320/3/830 3319/4/830
f 3321/9/831 3322/10/831 3324/11/831 3323/12/831
f 3325/5/832 3326/6/832 3328/7/832 3327/8/832
f 3329/1/833 3330/2/833 3332/3/833 3331/4/833
f 3333/9/834 3334/10/834 3336/11/834 3335/12/834
f 3337/5/835 3338/6/835 3340/7/835 3339/8/835
f 3341/1/836 3342/2/836 3344/3/836 3343/4/836
f 3345/9/837 3346/10/837 3348/11/837 3347/12/837
f 3349/5/838 3350/6/838 3352/7/838 3351/8/838
f 3353/1/839 3354/2/839 3356/3/839 3355/4/839
f 3357/9/840 3358/10/840 3360/11/840 3359/12/840
f 3361/5/841 3362/6/841 3364/7/841 3363/8/841
f 3365/1/842 3366/2/842 3368/3/842 3367/4/842
f 3369/9/843 3370/10/843 3372/11/843 3371/12/843
f 3373/5/844 3374/6/844 3376/7/844 3375/8/844
f 3377/1/845 3378/2/845 3380/3/845 3379/4/845
f 3381/9/846 3382/10/846 3384/11/846 3383/12/846
f 3385/5/847 3386/6/847 3388/7/847 3387/8/847
f 3389/1/848 3390/2/848 3392/3/848 3391/4/848
f 3393/9/849 3394/10/849 3396/11/849 3395/12/849
f 3397/5/850 3398/6/850 3400/7/850 3399/8/850
f 3401/1/851 3402/2/851 3404/3/851 3403/4/851
f 3405/9/852 3406/10/852 3408/11/852 3407/12/852
f 3409/5/853 3410/6/853 3412/7/853 3411/8/853
f 3413/1/854 3414/2/854 3416/3/854 3415/4/854
f 3417/9/855 3418/10/855 3420/11/855 3419/12/855
f 3421/5/856 3422/6/856 3424/7/856 3423/8/856
f 3425/1/857 3426/2/857 3428/3/857 3427/4/857
f 3429/9/858 3430/10/858 3432/11/858 3431/12/858
f 3433/5/859 3434/6/859 3436/7/859 3435/8/859
f 3437/1/860 3438/2/860 3440/3/860 3439/4/860
f 3441/9/861 3442/10/861 3444/11/861 3443/12/861
f 3445/5/862 3446/6/862 3448/7/862 3447/8/862
f 3449/1/863 3450/2/863 3452/3/863 3451/4/863
f 3453/9/864 3454/10/864 3456/11/864 3455/12/864
f 3457/5/865 3458/6/865 3460/7/865 3459/8/865
f 3461/1/866 3462/2/866 3464/3/866 3463/4/866
f 3465/9/867 3466/10/867 3468/11/867 3467/12/867
f 3469/5/868 3470/6/868 3472/7/868 3471/8/868
f 3473/1/869 3474/2/869 3476/3/869 3475/4/869
f 3477/9/870 3478/10/870 3480/11/870 3479/12/870
f 3481/5/871 3482/6/871 3484/7/871 3483/8/871
f 3485/1/872 3486/2/872 3488/3/872 3487/4/872
f 3489/9/873 3490/10/873 3492/11/873 3491/12/873
f 3493/5/874 3494/6/874 3496/7/874 3495/8/874
f 3497/1/875 3498/2/875 3500/3/875 3499/4/875
f 3501/9/876 3502/10/876 3504/11/876 3503/12/876
f 3505/5/877 3506/6/877 3508/7/877 3507/8/877
f 3509/1/878 3510/2/878 3512/3/878 3511/4/878
f 3513/9/879 3514/10/879 3516/11/879 3515/12/879
f 3517/5/880 3518/6/880 3520/7/880 3519/8/880
f 3521/1/881 3522/2/881 3524/3/881 3523/4/881
f 3525/9/882 3526/10/882 3528/11/882 3527/12/882
f 3529/5/883 3530/6/883 3532/7/883 3531/8/883
f 3533/1/884 3534/2/884 3536/3/884 3535/4/884
f 3537/9/885 3538/10/885 3540/11/885 3539/12/885
f 3541/5/886 3542/6/886 3544/7/886 3543/8/886
f 3545/1/887 3546/2/887 3548/3/887 3547/4/887
f 3549/9/888 3550/10/888 3552/11/888 3551/12/888
f 3553/5/889 3554/6/889 3556/7/889 3555/8/889
f 3557/1/890 3558/2/890 3560/3/890 3559/4/890
f 3561/9/891 3562/10/891 3564/11/891 3563/12/891
f 3565/5/892 3566/6/892 3568/7/892 3567/8/892
f 3569/1/893 3570/2/893 3572/3/893 3571/4/893
f 3573/9/894 3574/10/894 3576/11/894 3575/12/894
f 3577/5/895 3578/6/895 3580/7/895 3579/8/895
f 3581/1/896 3582/2/896 3584/3/896 3583/4/896
f 3585/9/897 3586/10/897 3588/11/897 3587/12/897
f 3589/5/898 3590/6/898 3592/7/898 3591/8/898
f 3593/1/899 3594/2/899 3596/3/899 3595/4/899
f 3597/9/900 3598/10/900 3600/11/900 3599/12/900
f 3601/5/901 3602/6/901 3604/7/901 3603/8/901
f 3605/1/902 3606/2/902 3608/3/902 3607/4/902
f 3609/9/903 3610/10/903 3612/11/903 3611/12/903
f 3613/5/904 3614/6/904 3616/7/904 3615/8/904
f 3617/1/905 3618/2/905 3620/3/905 3619/4/905
f 3621/9/906 3622/10/906 3624/11/906 3623/12/906
f 3625/5/907 3626/6/907 3628/7/907 3627/8/907
f 3629/1/908 3630/2/908 3632/3/908 3631/4/908
f 3633/9/909 3634/10/909 3636/11/909 3635/12/909
f 3637/5/910 3638/6/910 3640/7/910 3639/8/910
f 3641/1/911 3642/2/911 3644/3/911 3643/4/911
f 3645/9/912 3646/10/912 3648/11/912 3647/12/912
f 3649/5/913 3650/6/913 3652/7/913 3651/8/913
f 3653/1/914 3654/2/914 3656/3/914 3655/4/914
f 3657/9/915 3658/10/915 3660/11/915 3659/12/915
f 3661/5/916 3662/6/916 3664/7/916 3663/8/916
f 3665/1/917 3666/2/917 3668/3/917 3667/4/917
f 3669/9/918 3670/10/918 3672/11/918 3671/12/918
f 3673/5/919 3674/6/919 3676/7/919 3675/8/919
f 3677/1/920 3678/2/920 3680/3/920 3679/4/920
f 3681/9/921 3682/10/921 3684/11/921 3683/12/921
f 3685/5/922 3686/6/922 3688/7/922 3687/8/922
f 3689/1/923 3690/2/923 3692/3/923 3691/4/923
f 3693/9/924 3694/10/924 3696/11/924 3695/12/924
f 3697/5/925 3698/6/925 3700/7/925 3699/8/925
f 3701/1/926 3702/2/926 3704/3/926 3703/4/926
f 3705/9/927 3706/10/927 3708/11/927 3707/12/927
f 3709/5/928 3710/6/928 3712/7/928 3711/8/928
f 3713/1/929 3714/2/929 3716/3/929 3715/4/929
f 3717/9/930 3718/10/930 3720/11/930 3719/12/930
f 3721/5/931 3722/6/931 3724/7/931 3723/8/931
f 3725/1/932 3726/2/932 3728/3/932 3727/4/932
f 3729/9/933 3730/10/933 3732/11/933 3731/12/933
f 3733/5/934 3734/6/934 3736/7/934 3735/8/934
f 3737/1/935 3738/2/935 3740/3/935 3739/4/935
f 3741/9/936 3742/10/936 3744/11/936 3743/12/936
f 3745/5/937 3746/6/937 3748/7/937 3747/8/937
f 3749/1/938 3750/2/938 3752/3/938 3751/4/938
f 3753/9/939 3754/10/939 3756/11/939 3755/12/939
f 3757/5/940 3758/6/940 3760/7/940 3759/8/940
f 3761/1/941 3762/2/941 3764/3/941 3763/4/941
f 3765/9/942 3766/10/942 3768/11/942 3767/12/942
f 3769/5/943 3770/6/943 3772/7/943 3771/8/943
f 3773/1/944 3774/2/944 3776/3/944 3775/4/944
f 3777/9/945 3778/10/945 3780/11/945 3779/12/945
f 3781/5/946 3782/6/946 3784/7/946 3783/8/946
f 3785/1/947 3786/2/947 3788/3/947 3787/4/947
f 3789/9/948 3790/10/948 3792/11/948 3791/12/948
f 3793/5/949 3794/6/949 3796/7/949 3795/8/949
f 3797/1/950 3798/2/950 3800/3/950 3799/4/950
f 3801/9/951 3802/10/951 3804/11/951 3803/12/951
f 3805/5/952 3806/6/952 3808/7/952 3807/8/952
f 3809/1/953 3810/2/953 3812/3/953 3811/4/953
f 3813/9/954 3814/10/954 3816/11/954 3815/12/954
f 3817/5/955 3818/6/955 3820/7/955 3819/8/955
f 3821/1/956 3822/2/956 3824/3/956 3823/4/956
f 3825/9/957 3826/10/957 3828/11/957 3827/12/957
f 3829/5/958 3830/6/958 3832/7/958 3831/8/958
f 3833/1/959 3834/2/959 3836/3/959 3835/4/959
f 3837/9/960 3838/10/960 3840/11/960 3839/12/960
f 3841/5/961 3842/6/961 3844/7/961 3843/8/961
f 3845/1/962 3846/2/962 3848/3/962 3847/4/962
f 3849/9/963 3850/10/963 3852/11/963 3851/12/963
f 3853/5/964 3854/6/964 3856/7/964 3855/8/964
f 3857/1/965 3858/2/965 3860/3/965 3859/4/965
f 3861/9/966 3862/10/966 3864/11/966 3863/12/966
f 3865/5/967 3866/6/967 3868/7/967 3867/8/967
f 3869/1/968 3870/2/968 3872/3/968 3871/4/968
f 3873/9/969 3874/10/969 3876/11/969 3875/12/969
f 3877/5/970 3878/6/970 3880/7/970 3879/8/970
f 3881/1/971 3882/2/971 3884/3/971 3883/4/971
f 3885/9/972 3886/10/972 3888/11/972 3887/12/972
f 3889/5/973 3890/6/973 3892/7/973 3891/8/973
f 3893/1/974 3894/2/974 3896/3/974 3895/4/974
f 3897/9/975 3898/10/975 3900/11/975 3899/12/975
f 3901/5/976 3902/6/976 3904/7/976 3903/8/976
f 3905/1/977 3906/2/977 3908/3/977 3907/4/977
f 3909/9/978 3910/10/978 3912/11/978 3911/12/978
f 3913/5/979 3914/6/979 3916/7/979 3915/8/979
f 3917/1/980 3918/2/980 3920/3/980 3919/4/980
f 3921/9/981 3922/10/981 3924/11/981 3923/12/981
f 3925/5/982 3926/6/982 3928/7/982 3927/8/982
f 3929/1/983 3930/2/983 3932/3/983 3931/4/983
f 3933/9/984 3934/10/984 3936/11/984 3935/12/984
f 3937/5/985 3938/6/985 3940/7/985 3939/8/985
f 3941/1/986 3942/2/986 3944/3/986 3943/4/986
f 3945/9/987 3946/10/987 3948/11/987 3947/12/987
f 3949/5/988 3950/6/988 3952/7/988 3951/8/988
f 3953/1/989 3954/2/989 3956/3/989 3955/4/989
f 3957/9/990 3958/10/990 3960/11/990 3959/12/990
f 3961/5/991 3962/6/991 3964/7/991 3963/8/991
f 3965/1/992 3966/2/992 3968/3/992 3967/4/992
f 3969/9/993 3970/10/993 3972/11/993 3971/12/993
f 3973/5/994 3974/6/994 3976/7/994 3975/8/994
f 3977/1/995 3978/2/995 3980/3/995 3979/4/995
f 3981/9/996 3982/10/996 3984/11/996 3983/12/996
f 3985/5/997 3986/6/997 3988/7/997 3987/8/997
f 3989/1/998 3990/2/998 3992/3/998 3991/4/998
f 3993/9/999 3994/10/999 3996/11/999 3995/12/999
f 3997/5/1000 3998/6/1000 4000/7/1000 3999/8/1000
