# Blender 4.5.0
# www.blender.org
o CookiePot_04.007
v 1.942525 0.025508 -0.478411
v 1.942525 0.108373 -0.478411
v 1.970500 0.025508 -0.470915
v 1.970500 0.108373 -0.470915
v 1.990979 0.025508 -0.450436
v 1.990979 0.108373 -0.450436
v 1.998475 0.025508 -0.422461
v 1.998475 0.108373 -0.422461
v 1.990979 0.025508 -0.394486
v 1.990979 0.108373 -0.394486
v 1.970500 0.025508 -0.374007
v 1.970500 0.108373 -0.374007
v 1.942525 0.025508 -0.366511
v 1.942525 0.108373 -0.366511
v 1.914550 0.025508 -0.374007
v 1.914550 0.108373 -0.374007
v 1.894071 0.025508 -0.394486
v 1.894071 0.108373 -0.394486
v 1.886575 0.025508 -0.422461
v 1.886575 0.108373 -0.422461
v 1.894071 0.025508 -0.450436
v 1.894071 0.108373 -0.450436
v 1.914550 0.025508 -0.470915
v 1.914550 0.108373 -0.470915
v 1.973485 0.108373 -0.476085
v 1.942525 0.108373 -0.484381
v 1.996149 0.108373 -0.453421
v 2.004445 0.108373 -0.422461
v 1.996149 0.108373 -0.391501
v 1.973485 0.108373 -0.368837
v 1.942525 0.108373 -0.360541
v 1.911565 0.108373 -0.368837
v 1.888901 0.108373 -0.391501
v 1.880605 0.108373 -0.422461
v 1.888901 0.108373 -0.453421
v 1.911565 0.108373 -0.476085
v 1.970735 0.122612 -0.471322
v 1.942525 0.122612 -0.478881
v 1.991386 0.122612 -0.450671
v 1.998945 0.122612 -0.422461
v 1.991386 0.122612 -0.394251
v 1.970735 0.122612 -0.373600
v 1.942525 0.122612 -0.366041
v 1.914315 0.122612 -0.373600
v 1.893664 0.122612 -0.394251
v 1.886105 0.122612 -0.422461
v 1.893664 0.122612 -0.450671
v 1.914315 0.122612 -0.471322
v 1.948027 0.133603 -0.431991
v 1.942525 0.133603 -0.433465
v 1.952055 0.133603 -0.427963
v 1.953529 0.133603 -0.422461
v 1.952055 0.133603 -0.416959
v 1.948027 0.133603 -0.412931
v 1.942525 0.133603 -0.411457
v 1.937023 0.133603 -0.412931
v 1.932995 0.133603 -0.416959
v 1.931521 0.133603 -0.422461
v 1.932995 0.133603 -0.427963
v 1.937023 0.133603 -0.431991
v 1.961505 0.133603 -0.455336
v 1.942525 0.133603 -0.460422
v 1.975400 0.133603 -0.441441
v 1.980486 0.133603 -0.422461
v 1.975400 0.133603 -0.403481
v 1.961505 0.133603 -0.389586
v 1.942525 0.133603 -0.384500
v 1.923544 0.133603 -0.389586
v 1.909650 0.133603 -0.403481
v 1.904564 0.133603 -0.422461
v 1.909650 0.133603 -0.441441
v 1.923544 0.133603 -0.455336
v 1.948027 0.137101 -0.431991
v 1.942525 0.137101 -0.433465
v 1.952055 0.137101 -0.427963
v 1.953529 0.137101 -0.422461
v 1.952055 0.137101 -0.416959
v 1.948027 0.137101 -0.412931
v 1.942525 0.137101 -0.411457
v 1.937023 0.137101 -0.412931
v 1.932995 0.137101 -0.416959
v 1.931521 0.137101 -0.422461
v 1.932995 0.137101 -0.427963
v 1.937023 0.137101 -0.431991
v 1.949571 0.142846 -0.434666
v 1.942525 0.142846 -0.436554
v 1.954730 0.142846 -0.429507
v 1.956618 0.142846 -0.422461
v 1.954730 0.142846 -0.415415
v 1.949571 0.142846 -0.410256
v 1.942525 0.142846 -0.408368
v 1.935479 0.142846 -0.410256
v 1.930320 0.142846 -0.415415
v 1.928432 0.142846 -0.422461
v 1.930320 0.142846 -0.429507
v 1.935479 0.142846 -0.434666
v 1.949571 0.157585 -0.434666
v 1.942525 0.157585 -0.436554
v 1.954730 0.157585 -0.429507
v 1.956618 0.157585 -0.422461
v 1.954730 0.157585 -0.415415
v 1.949571 0.157585 -0.410256
v 1.942525 0.157585 -0.408368
v 1.935479 0.157585 -0.410256
v 1.930320 0.157585 -0.415415
v 1.928432 0.157585 -0.422461
v 1.930320 0.157585 -0.429507
v 1.935479 0.157585 -0.434666
v 1.947298 0.165329 -0.430728
v 1.942525 0.165329 -0.432007
v 1.950792 0.165329 -0.427234
v 1.952071 0.165329 -0.422461
v 1.950792 0.165329 -0.417688
v 1.947298 0.165329 -0.414194
v 1.942525 0.165329 -0.412915
v 1.937752 0.165329 -0.414194
v 1.934258 0.165329 -0.417688
v 1.932979 0.165329 -0.422461
v 1.934258 0.165329 -0.427234
v 1.937752 0.165329 -0.430728
v 1.250713 0.227412 -0.432256
v 1.250713 0.311467 -0.432256
v 1.265472 0.227412 -0.428301
v 1.265472 0.311467 -0.428301
v 1.276276 0.227412 -0.417497
v 1.276276 0.311467 -0.417497
v 1.280231 0.227412 -0.402738
v 1.280231 0.311467 -0.402738
v 1.276276 0.227412 -0.387979
v 1.276276 0.311467 -0.387979
v 1.265472 0.227412 -0.377175
v 1.265472 0.311467 -0.377175
v 1.250713 0.227412 -0.373220
v 1.250713 0.311467 -0.373220
v 1.235954 0.227412 -0.377175
v 1.235954 0.311467 -0.377175
v 1.225150 0.227412 -0.387979
v 1.225150 0.311467 -0.387979
v 1.221195 0.227412 -0.402738
v 1.221195 0.311467 -0.402738
v 1.225150 0.227412 -0.417497
v 1.225150 0.311467 -0.417497
v 1.235954 0.227412 -0.428301
v 1.235954 0.311467 -0.428301
v 1.250713 0.269440 -0.439461
v 1.269074 0.269440 -0.434541
v 1.282516 0.269440 -0.421099
v 1.287436 0.269440 -0.402738
v 1.282516 0.269440 -0.384377
v 1.269074 0.269440 -0.370935
v 1.250713 0.269440 -0.366015
v 1.232351 0.269440 -0.370935
v 1.218910 0.269440 -0.384377
v 1.213990 0.269440 -0.402738
v 1.218910 0.269440 -0.421099
v 1.232351 0.269440 -0.434541
v 1.268704 0.241555 -0.433900
v 1.281875 0.241555 -0.420729
v 1.286695 0.241555 -0.402738
v 1.281875 0.241555 -0.384747
v 1.268704 0.241555 -0.371576
v 1.250713 0.241555 -0.366755
v 1.232722 0.241555 -0.371576
v 1.219551 0.241555 -0.384747
v 1.214730 0.241555 -0.402738
v 1.219551 0.241555 -0.420729
v 1.232722 0.241555 -0.433900
v 1.250713 0.241555 -0.438720
v 1.267047 0.311467 -0.431029
v 1.250713 0.311467 -0.435405
v 1.279004 0.311467 -0.419072
v 1.283380 0.311467 -0.402738
v 1.279004 0.311467 -0.386404
v 1.267047 0.311467 -0.374447
v 1.250713 0.311467 -0.370071
v 1.234379 0.311467 -0.374447
v 1.222422 0.311467 -0.386404
v 1.218045 0.311467 -0.402738
v 1.222422 0.311467 -0.419072
v 1.234379 0.311467 -0.431029
v 1.265596 0.318885 -0.428516
v 1.250713 0.318885 -0.432504
v 1.276491 0.318885 -0.417621
v 1.280479 0.318885 -0.402738
v 1.276491 0.318885 -0.387855
v 1.265596 0.318885 -0.376960
v 1.250713 0.318885 -0.372972
v 1.235830 0.318885 -0.376960
v 1.224935 0.318885 -0.387855
v 1.220947 0.318885 -0.402738
v 1.224935 0.318885 -0.417621
v 1.235830 0.318885 -0.428516
v 1.253615 0.324611 -0.407766
v 1.250713 0.324611 -0.408543
v 1.255740 0.324611 -0.405641
v 1.256518 0.324611 -0.402738
v 1.255740 0.324611 -0.399835
v 1.253615 0.324611 -0.397710
v 1.250713 0.324611 -0.396933
v 1.247810 0.324611 -0.397710
v 1.245685 0.324611 -0.399835
v 1.244907 0.324611 -0.402738
v 1.245685 0.324611 -0.405641
v 1.247810 0.324611 -0.407766
v 1.260726 0.324611 -0.420082
v 1.250713 0.324611 -0.422765
v 1.268057 0.324611 -0.412752
v 1.270740 0.324611 -0.402738
v 1.268057 0.324611 -0.392724
v 1.260726 0.324611 -0.385394
v 1.250713 0.324611 -0.382711
v 1.240699 0.324611 -0.385394
v 1.233369 0.324611 -0.392724
v 1.230686 0.324611 -0.402738
v 1.233369 0.324611 -0.412752
v 1.240699 0.324611 -0.420082
v 1.253615 0.326433 -0.407766
v 1.250713 0.326433 -0.408543
v 1.255740 0.326433 -0.405641
v 1.256518 0.326433 -0.402738
v 1.255740 0.326433 -0.399835
v 1.253615 0.326433 -0.397710
v 1.250713 0.326433 -0.396933
v 1.247810 0.326433 -0.397710
v 1.245685 0.326433 -0.399835
v 1.244907 0.326433 -0.402738
v 1.245685 0.326433 -0.405641
v 1.247810 0.326433 -0.407766
v 1.254430 0.329426 -0.409177
v 1.250713 0.329426 -0.410173
v 1.257152 0.329426 -0.406455
v 1.258148 0.329426 -0.402738
v 1.257152 0.329426 -0.399020
v 1.254430 0.329426 -0.396299
v 1.250713 0.329426 -0.395303
v 1.246995 0.329426 -0.396299
v 1.244274 0.329426 -0.399020
v 1.243278 0.329426 -0.402738
v 1.244274 0.329426 -0.406455
v 1.246995 0.329426 -0.409177
v 1.254430 0.337103 -0.409177
v 1.250713 0.337103 -0.410173
v 1.257152 0.337103 -0.406455
v 1.258148 0.337103 -0.402738
v 1.257152 0.337103 -0.399020
v 1.254430 0.337103 -0.396299
v 1.250713 0.337103 -0.395303
v 1.246995 0.337103 -0.396299
v 1.244274 0.337103 -0.399020
v 1.243278 0.337103 -0.402738
v 1.244274 0.337103 -0.406455
v 1.246995 0.337103 -0.409177
v 1.253231 0.341137 -0.407100
v 1.250713 0.341137 -0.407774
v 1.255075 0.341137 -0.405256
v 1.255749 0.341137 -0.402738
v 1.255075 0.341137 -0.400220
v 1.253231 0.341137 -0.398376
v 1.250713 0.341137 -0.397702
v 1.248195 0.341137 -0.398376
v 1.246351 0.341137 -0.400220
v 1.245676 0.341137 -0.402738
v 1.246351 0.341137 -0.405256
v 1.248195 0.341137 -0.407100
v 1.250713 0.290453 -0.433771
v 1.266229 0.290453 -0.429613
v 1.277588 0.290453 -0.418255
v 1.281746 0.290453 -0.402738
v 1.277588 0.290453 -0.387221
v 1.266229 0.290453 -0.375862
v 1.250713 0.290453 -0.371705
v 1.235196 0.290453 -0.375862
v 1.223837 0.290453 -0.387221
v 1.219680 0.290453 -0.402738
v 1.223837 0.290453 -0.418255
v 1.235196 0.290453 -0.429613
v 1.419177 0.424875 -0.491949
v 1.419177 0.536397 -0.491949
v 1.436493 0.424875 -0.487309
v 1.436493 0.536397 -0.487309
v 1.449170 0.424875 -0.474633
v 1.449170 0.536397 -0.474633
v 1.453810 0.424875 -0.457316
v 1.453810 0.536397 -0.457316
v 1.449170 0.424875 -0.440000
v 1.449170 0.536397 -0.440000
v 1.436493 0.424875 -0.427323
v 1.436493 0.536397 -0.427323
v 1.419177 0.424875 -0.422683
v 1.419177 0.536397 -0.422683
v 1.401860 0.424875 -0.427323
v 1.401860 0.536397 -0.427323
v 1.389184 0.424875 -0.440000
v 1.389184 0.536397 -0.440000
v 1.384544 0.424875 -0.457316
v 1.384544 0.536397 -0.457316
v 1.389184 0.424875 -0.474633
v 1.389184 0.536397 -0.474633
v 1.401860 0.424875 -0.487309
v 1.401860 0.536397 -0.487309
v 1.419177 0.480636 -0.500403
v 1.440720 0.480636 -0.494630
v 1.456491 0.480636 -0.478860
v 1.462263 0.480636 -0.457316
v 1.456491 0.480636 -0.435773
v 1.440720 0.480636 -0.420002
v 1.419177 0.480636 -0.414230
v 1.397634 0.480636 -0.420002
v 1.381863 0.480636 -0.435773
v 1.376090 0.480636 -0.457316
v 1.381863 0.480636 -0.478860
v 1.397634 0.480636 -0.494630
v 1.440286 0.443640 -0.493878
v 1.455739 0.443640 -0.478425
v 1.461395 0.443640 -0.457316
v 1.455739 0.443640 -0.436208
v 1.440286 0.443640 -0.420755
v 1.419177 0.443640 -0.415099
v 1.398068 0.443640 -0.420755
v 1.382615 0.443640 -0.436208
v 1.376959 0.443640 -0.457316
v 1.382615 0.443640 -0.478425
v 1.398068 0.443640 -0.493878
v 1.419177 0.443640 -0.499534
v 1.438341 0.536397 -0.490510
v 1.419177 0.536397 -0.495645
v 1.452370 0.536397 -0.476481
v 1.457505 0.536397 -0.457316
v 1.452370 0.536397 -0.438152
v 1.438341 0.536397 -0.424123
v 1.419177 0.536397 -0.418988
v 1.400013 0.536397 -0.424123
v 1.385984 0.536397 -0.438152
v 1.380849 0.536397 -0.457316
v 1.385984 0.536397 -0.476481
v 1.400013 0.536397 -0.490510
v 1.436639 0.546238 -0.487562
v 1.419177 0.546238 -0.492240
v 1.449422 0.546238 -0.474778
v 1.454101 0.546238 -0.457316
v 1.449422 0.546238 -0.439854
v 1.436639 0.546238 -0.427071
v 1.419177 0.546238 -0.422392
v 1.401715 0.546238 -0.427071
v 1.388932 0.546238 -0.439854
v 1.384253 0.546238 -0.457316
v 1.388932 0.546238 -0.474778
v 1.401715 0.546238 -0.487562
v 1.422583 0.553835 -0.463215
v 1.419177 0.553835 -0.464128
v 1.425076 0.553835 -0.460722
v 1.425988 0.553835 -0.457316
v 1.425076 0.553835 -0.453911
v 1.422583 0.553835 -0.451418
v 1.419177 0.553835 -0.450505
v 1.415771 0.553835 -0.451418
v 1.413278 0.553835 -0.453911
v 1.412365 0.553835 -0.457316
v 1.413278 0.553835 -0.460722
v 1.415771 0.553835 -0.463215
v 1.430926 0.553835 -0.477666
v 1.419177 0.553835 -0.480814
v 1.439527 0.553835 -0.469065
v 1.442675 0.553835 -0.457316
v 1.439527 0.553835 -0.445568
v 1.430926 0.553835 -0.436967
v 1.419177 0.553835 -0.433819
v 1.407428 0.553835 -0.436967
v 1.398827 0.553835 -0.445568
v 1.395679 0.553835 -0.457316
v 1.398827 0.553835 -0.469065
v 1.407428 0.553835 -0.477666
v 1.422583 0.556252 -0.463215
v 1.419177 0.556252 -0.464128
v 1.425076 0.556252 -0.460722
v 1.425988 0.556252 -0.457316
v 1.425076 0.556252 -0.453911
v 1.422583 0.556252 -0.451418
v 1.419177 0.556252 -0.450505
v 1.415771 0.556252 -0.451418
v 1.413278 0.556252 -0.453911
v 1.412365 0.556252 -0.457316
v 1.413278 0.556252 -0.460722
v 1.415771 0.556252 -0.463215
v 1.423538 0.560223 -0.464871
v 1.419177 0.560223 -0.466040
v 1.426731 0.560223 -0.461678
v 1.427900 0.560223 -0.457316
v 1.426731 0.560223 -0.452955
v 1.423538 0.560223 -0.449762
v 1.419177 0.560223 -0.448593
v 1.414815 0.560223 -0.449762
v 1.411622 0.560223 -0.452955
v 1.410453 0.560223 -0.457316
v 1.411622 0.560223 -0.461678
v 1.414815 0.560223 -0.464871
v 1.423538 0.570409 -0.464871
v 1.419177 0.570409 -0.466040
v 1.426731 0.570409 -0.461678
v 1.427900 0.570409 -0.457316
v 1.426731 0.570409 -0.452955
v 1.423538 0.570409 -0.449762
v 1.419177 0.570409 -0.448593
v 1.414815 0.570409 -0.449762
v 1.411622 0.570409 -0.452955
v 1.410453 0.570409 -0.457316
v 1.411622 0.570409 -0.461678
v 1.414815 0.570409 -0.464871
v 1.422131 0.575762 -0.462434
v 1.419177 0.575762 -0.463226
v 1.424294 0.575762 -0.460271
v 1.425086 0.575762 -0.457316
v 1.424294 0.575762 -0.454362
v 1.422131 0.575762 -0.452199
v 1.419177 0.575762 -0.451407
v 1.416222 0.575762 -0.452199
v 1.414059 0.575762 -0.454362
v 1.413268 0.575762 -0.457316
v 1.414059 0.575762 -0.460271
v 1.416222 0.575762 -0.462434
v 1.419177 0.508516 -0.493727
v 1.437382 0.508516 -0.488849
v 1.450710 0.508516 -0.475522
v 1.455588 0.508516 -0.457316
v 1.450710 0.508516 -0.439111
v 1.437382 0.508516 -0.425784
v 1.419177 0.508516 -0.420906
v 1.400971 0.508516 -0.425784
v 1.387644 0.508516 -0.439111
v 1.382766 0.508516 -0.457316
v 1.387644 0.508516 -0.475522
v 1.400971 0.508516 -0.488849
v 1.434304 0.227412 -0.454667
v 1.434304 0.324364 -0.454667
v 1.449062 0.227412 -0.450713
v 1.449062 0.324364 -0.450713
v 1.459867 0.227412 -0.439908
v 1.459867 0.324364 -0.439908
v 1.463821 0.227412 -0.425149
v 1.463821 0.324364 -0.425149
v 1.459867 0.227412 -0.410390
v 1.459867 0.324364 -0.410390
v 1.449062 0.227412 -0.399586
v 1.449062 0.324364 -0.399586
v 1.434304 0.227412 -0.395631
v 1.434304 0.324364 -0.395631
v 1.419545 0.227412 -0.399586
v 1.419545 0.324364 -0.399586
v 1.408740 0.227412 -0.410390
v 1.408740 0.324364 -0.410390
v 1.404786 0.227412 -0.425149
v 1.404786 0.324364 -0.425149
v 1.408740 0.227412 -0.439908
v 1.408740 0.324364 -0.439908
v 1.419545 0.227412 -0.450713
v 1.419545 0.324364 -0.450713
v 1.450637 0.324364 -0.453440
v 1.434304 0.324364 -0.457817
v 1.462594 0.324364 -0.441483
v 1.466971 0.324364 -0.425149
v 1.462594 0.324364 -0.408816
v 1.450637 0.324364 -0.396859
v 1.434304 0.324364 -0.392482
v 1.417970 0.324364 -0.396859
v 1.406013 0.324364 -0.408816
v 1.401636 0.324364 -0.425149
v 1.406013 0.324364 -0.441483
v 1.417970 0.324364 -0.453440
v 1.449187 0.330559 -0.450927
v 1.434304 0.330559 -0.454915
v 1.460082 0.330559 -0.440032
v 1.464069 0.330559 -0.425149
v 1.460082 0.330559 -0.410266
v 1.449187 0.330559 -0.399371
v 1.434304 0.330559 -0.395383
v 1.419420 0.330559 -0.399371
v 1.408525 0.330559 -0.410266
v 1.404537 0.330559 -0.425149
v 1.408525 0.330559 -0.440032
v 1.419420 0.330559 -0.450927
v 1.437206 0.335340 -0.430177
v 1.434304 0.335340 -0.430955
v 1.439331 0.335340 -0.428052
v 1.440109 0.335340 -0.425149
v 1.439331 0.335340 -0.422247
v 1.437206 0.335340 -0.420122
v 1.434304 0.335340 -0.419344
v 1.431401 0.335340 -0.420122
v 1.429276 0.335340 -0.422247
v 1.428498 0.335340 -0.425149
v 1.429276 0.335340 -0.428052
v 1.431401 0.335340 -0.430177
v 1.444317 0.335340 -0.442493
v 1.434304 0.335340 -0.445177
v 1.451648 0.335340 -0.435163
v 1.454331 0.335340 -0.425149
v 1.451648 0.335340 -0.415136
v 1.444317 0.335340 -0.407805
v 1.434304 0.335340 -0.405122
v 1.424290 0.335340 -0.407805
v 1.416959 0.335340 -0.415136
v 1.414276 0.335340 -0.425149
v 1.416959 0.335340 -0.435163
v 1.424290 0.335340 -0.442493
v 1.437206 0.336861 -0.430177
v 1.434304 0.336861 -0.430955
v 1.439331 0.336861 -0.428052
v 1.440109 0.336861 -0.425149
v 1.439331 0.336861 -0.422247
v 1.437206 0.336861 -0.420122
v 1.434304 0.336861 -0.419344
v 1.431401 0.336861 -0.420122
v 1.429276 0.336861 -0.422247
v 1.428498 0.336861 -0.425149
v 1.429276 0.336861 -0.428052
v 1.431401 0.336861 -0.430177
v 1.438021 0.339361 -0.431588
v 1.434304 0.339361 -0.432584
v 1.440742 0.339361 -0.428867
v 1.441738 0.339361 -0.425149
v 1.440742 0.339361 -0.421432
v 1.438021 0.339361 -0.418710
v 1.434304 0.339361 -0.417714
v 1.430586 0.339361 -0.418710
v 1.427865 0.339361 -0.421432
v 1.426868 0.339361 -0.425149
v 1.427865 0.339361 -0.428867
v 1.430586 0.339361 -0.431588
v 1.438021 0.345773 -0.431588
v 1.434304 0.345773 -0.432584
v 1.440742 0.345773 -0.428867
v 1.441738 0.345773 -0.425149
v 1.440742 0.345773 -0.421432
v 1.438021 0.345773 -0.418710
v 1.434304 0.345773 -0.417714
v 1.430586 0.345773 -0.418710
v 1.427865 0.345773 -0.421432
v 1.426868 0.345773 -0.425149
v 1.427865 0.345773 -0.428867
v 1.430586 0.345773 -0.431588
v 1.436822 0.349141 -0.429511
v 1.434304 0.349141 -0.430186
v 1.438665 0.349141 -0.427668
v 1.439340 0.349141 -0.425149
v 1.438665 0.349141 -0.422631
v 1.436822 0.349141 -0.420788
v 1.434304 0.349141 -0.420113
v 1.431785 0.349141 -0.420788
v 1.429942 0.349141 -0.422631
v 1.429267 0.349141 -0.425149
v 1.429942 0.349141 -0.427668
v 1.431785 0.349141 -0.429511
v 1.553187 0.425560 -0.518336
v 1.553187 0.507383 -0.518336
v 1.581162 0.425560 -0.510841
v 1.581162 0.507383 -0.510841
v 1.601641 0.425560 -0.490361
v 1.601641 0.507383 -0.490361
v 1.609137 0.425560 -0.462386
v 1.609137 0.507383 -0.462386
v 1.601641 0.425560 -0.434411
v 1.601641 0.507383 -0.434411
v 1.581162 0.425560 -0.413932
v 1.581162 0.507383 -0.413932
v 1.553187 0.425560 -0.406436
v 1.553187 0.507383 -0.406436
v 1.525212 0.425560 -0.413932
v 1.525212 0.507383 -0.413932
v 1.504733 0.425560 -0.434411
v 1.504733 0.507383 -0.434411
v 1.497237 0.425560 -0.462386
v 1.497237 0.507383 -0.462386
v 1.504733 0.425560 -0.490361
v 1.504733 0.507383 -0.490361
v 1.525212 0.425560 -0.510841
v 1.525212 0.507383 -0.510841
v 1.584147 0.507383 -0.516011
v 1.553187 0.507383 -0.524306
v 1.606811 0.507383 -0.493346
v 1.615107 0.507383 -0.462386
v 1.606811 0.507383 -0.431427
v 1.584147 0.507383 -0.408762
v 1.553187 0.507383 -0.400467
v 1.522227 0.507383 -0.408762
v 1.499563 0.507383 -0.431427
v 1.491267 0.507383 -0.462386
v 1.499563 0.507383 -0.493346
v 1.522227 0.507383 -0.516011
v 1.581397 0.521442 -0.511248
v 1.553187 0.521442 -0.518807
v 1.602048 0.521442 -0.490597
v 1.609607 0.521442 -0.462386
v 1.602048 0.521442 -0.434176
v 1.581397 0.521442 -0.413525
v 1.553187 0.521442 -0.405966
v 1.524977 0.521442 -0.413525
v 1.504325 0.521442 -0.434176
v 1.496767 0.521442 -0.462386
v 1.504325 0.521442 -0.490597
v 1.524977 0.521442 -0.511248
v 1.558689 0.532295 -0.471916
v 1.553187 0.532295 -0.473390
v 1.562716 0.532295 -0.467888
v 1.564191 0.532295 -0.462386
v 1.562716 0.532295 -0.456885
v 1.558689 0.532295 -0.452857
v 1.553187 0.532295 -0.451383
v 1.547685 0.532295 -0.452857
v 1.543657 0.532295 -0.456885
v 1.542183 0.532295 -0.462386
v 1.543657 0.532295 -0.467888
v 1.547685 0.532295 -0.471916
v 1.572167 0.532295 -0.495262
v 1.553187 0.532295 -0.500347
v 1.586062 0.532295 -0.481367
v 1.591148 0.532295 -0.462386
v 1.586062 0.532295 -0.443406
v 1.572167 0.532295 -0.429511
v 1.553187 0.532295 -0.424426
v 1.534206 0.532295 -0.429511
v 1.520312 0.532295 -0.443406
v 1.515226 0.532295 -0.462386
v 1.520312 0.532295 -0.481367
v 1.534206 0.532295 -0.495262
v 1.558689 0.535749 -0.471916
v 1.553187 0.535749 -0.473390
v 1.562716 0.535749 -0.467888
v 1.564191 0.535749 -0.462386
v 1.562716 0.535749 -0.456885
v 1.558689 0.535749 -0.452857
v 1.553187 0.535749 -0.451383
v 1.547685 0.535749 -0.452857
v 1.543657 0.535749 -0.456885
v 1.542183 0.535749 -0.462386
v 1.543657 0.535749 -0.467888
v 1.547685 0.535749 -0.471916
v 1.560233 0.541422 -0.474591
v 1.553187 0.541422 -0.476479
v 1.565391 0.541422 -0.469433
v 1.567279 0.541422 -0.462386
v 1.565391 0.541422 -0.455340
v 1.560233 0.541422 -0.450182
v 1.553187 0.541422 -0.448294
v 1.546140 0.541422 -0.450182
v 1.540982 0.541422 -0.455340
v 1.539094 0.541422 -0.462386
v 1.540982 0.541422 -0.469433
v 1.546140 0.541422 -0.474591
v 1.560233 0.555975 -0.474591
v 1.553187 0.555975 -0.476479
v 1.565391 0.555975 -0.469433
v 1.567279 0.555975 -0.462386
v 1.565391 0.555975 -0.455340
v 1.560233 0.555975 -0.450182
v 1.553187 0.555975 -0.448294
v 1.546140 0.555975 -0.450182
v 1.540982 0.555975 -0.455340
v 1.539094 0.555975 -0.462386
v 1.540982 0.555975 -0.469433
v 1.546140 0.555975 -0.474591
v 1.557960 0.563621 -0.470654
v 1.553187 0.563621 -0.471933
v 1.561454 0.563621 -0.467160
v 1.562733 0.563621 -0.462386
v 1.561454 0.563621 -0.457613
v 1.557960 0.563621 -0.454119
v 1.553187 0.563621 -0.452840
v 1.548414 0.563621 -0.454119
v 1.544919 0.563621 -0.457613
v 1.543640 0.563621 -0.462386
v 1.544919 0.563621 -0.467160
v 1.548414 0.563621 -0.470654
v 1.308504 0.424875 -0.434807
v 1.313076 0.495952 -0.439152
v 1.315804 0.424875 -0.421384
v 1.321936 0.495952 -0.422861
v 1.315415 0.424875 -0.406109
v 1.321464 0.495952 -0.404322
v 1.307441 0.424875 -0.393076
v 1.311786 0.495952 -0.388503
v 1.294018 0.424875 -0.385775
v 1.295495 0.495952 -0.379643
v 1.278743 0.424875 -0.386164
v 1.276956 0.495952 -0.380115
v 1.265710 0.424875 -0.394139
v 1.261137 0.495952 -0.389794
v 1.258409 0.424875 -0.407561
v 1.252277 0.495952 -0.406085
v 1.258798 0.424875 -0.422836
v 1.252749 0.495952 -0.424623
v 1.266773 0.424875 -0.435870
v 1.262427 0.495952 -0.440442
v 1.280195 0.424875 -0.443170
v 1.278718 0.495952 -0.449302
v 1.295470 0.424875 -0.442781
v 1.297257 0.495952 -0.448830
v 1.320109 0.470246 -0.445836
v 1.331369 0.470246 -0.425133
v 1.330769 0.470246 -0.401573
v 1.318470 0.470246 -0.381470
v 1.297767 0.470246 -0.370210
v 1.274207 0.470246 -0.370811
v 1.254104 0.470246 -0.383110
v 1.242844 0.470246 -0.403813
v 1.243444 0.470246 -0.427372
v 1.255744 0.470246 -0.447475
v 1.276447 0.470246 -0.458735
v 1.300006 0.470246 -0.458135
v 1.330477 0.435675 -0.424918
v 1.329889 0.435675 -0.401833
v 1.317837 0.435675 -0.382136
v 1.297552 0.435675 -0.371103
v 1.274467 0.435675 -0.371691
v 1.254770 0.435675 -0.383742
v 1.243737 0.435675 -0.404028
v 1.244325 0.435675 -0.427112
v 1.256376 0.435675 -0.446810
v 1.276662 0.435675 -0.457843
v 1.299746 0.435675 -0.457255
v 1.319444 0.435675 -0.445203
v 1.325653 0.495952 -0.423756
v 1.315847 0.495952 -0.441785
v 1.325130 0.495952 -0.403239
v 1.314419 0.495952 -0.385733
v 1.296390 0.495952 -0.375927
v 1.275873 0.495952 -0.376449
v 1.258367 0.495952 -0.387160
v 1.248561 0.495952 -0.405190
v 1.249083 0.495952 -0.425706
v 1.259794 0.495952 -0.443213
v 1.277823 0.495952 -0.453019
v 1.298340 0.495952 -0.452496
v 1.322229 0.504954 -0.422931
v 1.313294 0.504954 -0.439359
v 1.321753 0.504954 -0.404237
v 1.311993 0.504954 -0.388285
v 1.295565 0.504954 -0.379350
v 1.276871 0.504954 -0.379827
v 1.260919 0.504954 -0.389586
v 1.251984 0.504954 -0.406014
v 1.252460 0.504954 -0.424709
v 1.262220 0.504954 -0.440660
v 1.278648 0.504954 -0.449595
v 1.297343 0.504954 -0.449119
v 1.293957 0.511904 -0.416122
v 1.292214 0.511904 -0.419326
v 1.293864 0.511904 -0.412476
v 1.291960 0.511904 -0.409365
v 1.288756 0.511904 -0.407623
v 1.285110 0.511904 -0.407716
v 1.281999 0.511904 -0.409619
v 1.280257 0.511904 -0.412823
v 1.280349 0.511904 -0.416469
v 1.282253 0.511904 -0.419580
v 1.285457 0.511904 -0.421323
v 1.289103 0.511904 -0.421230
v 1.310738 0.511904 -0.420164
v 1.304726 0.511904 -0.431217
v 1.310417 0.511904 -0.407586
v 1.303851 0.511904 -0.396853
v 1.292798 0.511904 -0.390842
v 1.280220 0.511904 -0.391162
v 1.269487 0.511904 -0.397728
v 1.263475 0.511904 -0.408782
v 1.263796 0.511904 -0.421360
v 1.270362 0.511904 -0.432092
v 1.281415 0.511904 -0.438104
v 1.293993 0.511904 -0.437784
v 1.293957 0.514115 -0.416122
v 1.292214 0.514115 -0.419326
v 1.293864 0.514115 -0.412476
v 1.291960 0.514115 -0.409365
v 1.288756 0.514115 -0.407623
v 1.285110 0.514115 -0.407716
v 1.281999 0.514115 -0.409619
v 1.280257 0.514115 -0.412823
v 1.280349 0.514115 -0.416469
v 1.282253 0.514115 -0.419580
v 1.285457 0.514115 -0.421323
v 1.289103 0.514115 -0.421230
v 1.295880 0.517747 -0.416586
v 1.293648 0.517747 -0.420689
v 1.295761 0.517747 -0.411916
v 1.293323 0.517747 -0.407932
v 1.289219 0.517747 -0.405700
v 1.284550 0.517747 -0.405819
v 1.280566 0.517747 -0.408257
v 1.278334 0.517747 -0.412360
v 1.278453 0.517747 -0.417029
v 1.280890 0.517747 -0.421014
v 1.284994 0.517747 -0.423246
v 1.289663 0.517747 -0.423127
v 1.295880 0.527066 -0.416586
v 1.293648 0.527066 -0.420689
v 1.295761 0.527066 -0.411916
v 1.293323 0.527066 -0.407932
v 1.289219 0.527066 -0.405700
v 1.284550 0.527066 -0.405819
v 1.280566 0.527066 -0.408257
v 1.278334 0.527066 -0.412360
v 1.278453 0.527066 -0.417029
v 1.280890 0.527066 -0.421014
v 1.284994 0.527066 -0.423246
v 1.289663 0.527066 -0.423127
v 1.293049 0.531962 -0.415904
v 1.291538 0.531962 -0.418684
v 1.292969 0.531962 -0.412741
v 1.291317 0.531962 -0.410042
v 1.288538 0.531962 -0.408530
v 1.285375 0.531962 -0.408611
v 1.282676 0.531962 -0.410262
v 1.281164 0.531962 -0.413042
v 1.281245 0.531962 -0.416205
v 1.282896 0.531962 -0.418904
v 1.285676 0.531962 -0.420415
v 1.288839 0.531962 -0.420335
v 1.317563 0.487917 -0.443416
v 1.327954 0.487917 -0.424310
v 1.327400 0.487917 -0.402569
v 1.316050 0.487917 -0.384017
v 1.296944 0.487917 -0.373625
v 1.275203 0.487917 -0.374179
v 1.256650 0.487917 -0.385530
v 1.246259 0.487917 -0.404635
v 1.246813 0.487917 -0.426377
v 1.258163 0.487917 -0.444929
v 1.277269 0.487917 -0.455320
v 1.299011 0.487917 -0.454766
v 1.235160 0.488544 -0.436735
v 1.232644 0.475348 -0.437478
v 1.243636 0.488544 -0.450589
v 1.241829 0.475348 -0.452490
v 1.227983 0.494841 -0.443744
v 1.221992 0.487791 -0.446833
v 1.234128 0.494841 -0.453788
v 1.228650 0.487791 -0.457716
v 1.339159 0.489593 -0.391420
v 1.339728 0.477184 -0.391807
v 1.331329 0.489593 -0.378623
v 1.331244 0.477184 -0.377940
v 1.351875 0.483735 -0.381558
v 1.348400 0.475328 -0.384245
v 1.345899 0.483735 -0.371791
v 1.341925 0.475328 -0.373661
v 1.359329 0.466720 -0.376997
v 1.351602 0.465203 -0.382286
v 1.353353 0.466720 -0.367230
v 1.345127 0.465203 -0.371702
v 1.359209 0.452618 -0.378289
v 1.350676 0.456879 -0.384172
v 1.352149 0.452618 -0.366750
v 1.343026 0.456879 -0.371668
v 1.347722 0.437684 -0.385317
v 1.343837 0.447746 -0.388357
v 1.340662 0.437684 -0.373777
v 1.336186 0.447746 -0.375853
v 1.336279 0.436539 -0.391127
v 1.336443 0.446050 -0.391590
v 1.330279 0.436539 -0.381320
v 1.329942 0.446050 -0.380963
v 1.328999 0.438116 -0.393236
v 1.329106 0.444318 -0.393538
v 1.325087 0.438116 -0.386842
v 1.324867 0.444318 -0.386609
v 1.890412 0.425890 -0.470739
v 1.894851 0.437367 -0.487305
v 1.922734 0.425890 -0.452077
v 1.934861 0.437367 -0.464205
v 1.941395 0.425890 -0.419755
v 1.941395 0.425890 -0.382433
v 1.922734 0.425890 -0.350111
v 1.934861 0.437367 -0.337984
v 1.890412 0.425890 -0.331450
v 1.894851 0.437367 -0.314884
v 1.853089 0.425890 -0.331450
v 1.848651 0.437367 -0.314884
v 1.820767 0.425890 -0.350111
v 1.808640 0.437367 -0.337984
v 1.802106 0.425890 -0.382433
v 1.785540 0.437367 -0.377994
v 1.802106 0.425890 -0.419755
v 1.785540 0.437367 -0.424194
v 1.820767 0.425890 -0.452077
v 1.808640 0.437367 -0.464205
v 1.853089 0.425890 -0.470739
v 1.848651 0.437367 -0.487305
v 1.946242 0.463627 -0.475585
v 1.899016 0.463627 -0.502851
v 1.973507 0.463627 -0.428360
v 1.973507 0.463627 -0.373828
v 1.946242 0.463627 -0.326603
v 1.899016 0.463627 -0.299337
v 1.844485 0.463627 -0.299337
v 1.797259 0.463627 -0.326603
v 1.769994 0.463627 -0.373828
v 1.769994 0.463627 -0.428360
v 1.797259 0.463627 -0.475585
v 1.844485 0.463627 -0.502851
v 1.957961 0.437367 -0.377994
v 1.957961 0.437367 -0.424194
v 1.889630 0.427785 -0.467820
v 1.920597 0.427785 -0.449941
v 1.931922 0.437385 -0.461265
v 1.893775 0.437385 -0.483289
v 1.938476 0.427785 -0.418973
v 1.953946 0.437385 -0.423118
v 1.938476 0.427785 -0.383215
v 1.953946 0.437385 -0.379070
v 1.920597 0.427785 -0.352248
v 1.931922 0.437385 -0.340923
v 1.889630 0.427785 -0.334369
v 1.893775 0.437385 -0.318899
v 1.853872 0.427785 -0.334369
v 1.849726 0.437385 -0.318899
v 1.822904 0.427785 -0.352248
v 1.811580 0.437385 -0.340923
v 1.805025 0.427785 -0.383215
v 1.789555 0.437385 -0.379070
v 1.805025 0.427785 -0.418973
v 1.789555 0.437385 -0.423118
v 1.822904 0.427785 -0.449941
v 1.811580 0.437385 -0.461265
v 1.853872 0.427785 -0.467820
v 1.849726 0.437385 -0.483289
v 1.943298 0.463638 -0.472641
v 1.897939 0.463638 -0.498830
v 1.969486 0.463638 -0.427282
v 1.943298 0.463638 -0.329547
v 1.969486 0.463638 -0.374906
v 1.897939 0.463638 -0.303359
v 1.845562 0.463638 -0.303359
v 1.800203 0.463638 -0.329547
v 1.774015 0.463638 -0.374906
v 1.774015 0.463638 -0.427282
v 1.800203 0.463638 -0.472641
v 1.845562 0.463638 -0.498830
v 1.895645 0.440222 -0.470739
v 1.899544 0.451893 -0.487305
v 1.927932 0.441729 -0.452077
v 1.939511 0.453759 -0.464205
v 1.946573 0.442599 -0.419755
v 1.946573 0.442599 -0.382433
v 1.927932 0.441729 -0.350111
v 1.939511 0.453759 -0.337984
v 1.895645 0.440222 -0.331450
v 1.899544 0.451893 -0.314884
v 1.858363 0.438482 -0.331450
v 1.853394 0.449739 -0.314884
v 1.826076 0.436975 -0.350111
v 1.813427 0.447874 -0.337984
v 1.807435 0.436105 -0.382433
v 1.790352 0.446797 -0.377994
v 1.807435 0.436105 -0.419755
v 1.790352 0.446797 -0.424194
v 1.826076 0.436975 -0.452077
v 1.813427 0.447874 -0.464205
v 1.858363 0.438482 -0.470739
v 1.853394 0.449739 -0.487305
v 1.949655 0.480521 -0.475585
v 1.902481 0.478319 -0.502851
v 1.976891 0.481792 -0.428360
v 1.976891 0.481792 -0.373828
v 1.949655 0.480521 -0.326603
v 1.902481 0.478319 -0.299337
v 1.848009 0.475777 -0.299337
v 1.800835 0.473575 -0.326603
v 1.773599 0.472304 -0.373828
v 1.773599 0.472304 -0.428360
v 1.800835 0.473575 -0.475585
v 1.848009 0.475777 -0.502851
v 1.962586 0.454836 -0.377994
v 1.962586 0.454836 -0.424194
v 1.894775 0.442079 -0.467820
v 1.925709 0.443522 -0.449941
v 1.936574 0.453640 -0.461265
v 1.898468 0.451861 -0.483289
v 1.943568 0.444356 -0.418973
v 1.958574 0.454666 -0.423118
v 1.943568 0.444356 -0.383215
v 1.958574 0.454666 -0.379070
v 1.925709 0.443522 -0.352248
v 1.936574 0.453640 -0.340923
v 1.894775 0.442079 -0.334369
v 1.898468 0.451861 -0.318899
v 1.859056 0.440412 -0.334369
v 1.854468 0.449808 -0.318899
v 1.828122 0.438968 -0.352248
v 1.816363 0.448029 -0.340923
v 1.810263 0.438134 -0.383215
v 1.794362 0.447002 -0.379070
v 1.810263 0.438134 -0.418973
v 1.794362 0.447002 -0.423118
v 1.828122 0.438968 -0.449941
v 1.816363 0.448029 -0.461265
v 1.859056 0.440412 -0.467820
v 1.854468 0.449808 -0.483289
v 1.946714 0.480394 -0.472641
v 1.901404 0.478279 -0.498830
v 1.972873 0.481615 -0.427282
v 1.946714 0.480394 -0.329547
v 1.972873 0.481615 -0.374906
v 1.901404 0.478279 -0.303359
v 1.849084 0.475838 -0.303359
v 1.803775 0.473723 -0.329547
v 1.777615 0.472502 -0.374906
v 1.777615 0.472502 -0.427282
v 1.803775 0.473723 -0.472641
v 1.849084 0.475838 -0.498830
v 1.860995 0.461951 -0.470739
v 1.867038 0.472670 -0.487305
v 1.892981 0.457302 -0.452077
v 1.906633 0.466916 -0.464205
v 1.911448 0.454619 -0.419755
v 1.911448 0.454619 -0.382433
v 1.892981 0.457302 -0.350111
v 1.906633 0.466916 -0.337984
v 1.860995 0.461951 -0.331450
v 1.867038 0.472670 -0.314884
v 1.824061 0.467318 -0.331450
v 1.821319 0.479314 -0.314884
v 1.792075 0.471966 -0.350111
v 1.781724 0.485068 -0.337984
v 1.773607 0.474650 -0.382433
v 1.758864 0.488390 -0.377994
v 1.773607 0.474650 -0.419755
v 1.758864 0.488390 -0.424194
v 1.792075 0.471966 -0.452077
v 1.781724 0.485068 -0.464205
v 1.824061 0.467318 -0.470739
v 1.821319 0.479314 -0.487305
v 1.921672 0.491266 -0.475585
v 1.874937 0.498058 -0.502851
v 1.948654 0.487345 -0.428360
v 1.948654 0.487345 -0.373828
v 1.921672 0.491266 -0.326603
v 1.874937 0.498058 -0.299337
v 1.820973 0.505900 -0.299337
v 1.774238 0.512692 -0.326603
v 1.747256 0.516613 -0.373828
v 1.747256 0.516613 -0.428360
v 1.774238 0.512692 -0.475585
v 1.820973 0.505900 -0.502851
v 1.929493 0.463594 -0.377994
v 1.929493 0.463594 -0.424194
v 1.860494 0.463939 -0.467820
v 1.891139 0.459485 -0.449941
v 1.903726 0.467356 -0.461265
v 1.865976 0.472842 -0.483289
v 1.908832 0.456914 -0.418973
v 1.925522 0.464189 -0.423118
v 1.908832 0.456914 -0.383215
v 1.925522 0.464189 -0.379070
v 1.891139 0.459485 -0.352248
v 1.903726 0.467356 -0.340923
v 1.860494 0.463939 -0.334369
v 1.865976 0.472842 -0.318899
v 1.825107 0.469081 -0.334369
v 1.822386 0.479177 -0.318899
v 1.794462 0.473535 -0.352248
v 1.784635 0.484663 -0.340923
v 1.776769 0.476106 -0.383215
v 1.762840 0.487830 -0.379070
v 1.776769 0.476106 -0.418973
v 1.762840 0.487830 -0.423118
v 1.794462 0.473535 -0.449941
v 1.784635 0.484663 -0.461265
v 1.825107 0.469081 -0.467820
v 1.822386 0.479177 -0.483289
v 1.918760 0.491700 -0.472641
v 1.873872 0.498223 -0.498830
v 1.944676 0.487934 -0.427282
v 1.918760 0.491700 -0.329547
v 1.944676 0.487934 -0.374906
v 1.873872 0.498223 -0.303359
v 1.822040 0.505756 -0.303359
v 1.777153 0.512279 -0.329547
v 1.751237 0.516045 -0.374906
v 1.751237 0.516045 -0.427282
v 1.777153 0.512279 -0.472641
v 1.822040 0.505756 -0.498830
v 1.904739 0.490141 -0.470739
v 1.909057 0.501664 -0.487305
v 1.937059 0.490483 -0.452077
v 1.949065 0.502087 -0.464205
v 1.955719 0.490680 -0.419755
v 1.955719 0.490680 -0.382433
v 1.937059 0.490483 -0.350111
v 1.949065 0.502087 -0.337984
v 1.904739 0.490141 -0.331450
v 1.909057 0.501664 -0.314884
v 1.867419 0.489747 -0.331450
v 1.862859 0.501176 -0.314884
v 1.835099 0.489406 -0.350111
v 1.822851 0.500754 -0.337984
v 1.816438 0.489208 -0.382433
v 1.799752 0.500510 -0.377994
v 1.816438 0.489208 -0.419755
v 1.799752 0.500510 -0.424194
v 1.835099 0.489406 -0.452077
v 1.822851 0.500754 -0.464205
v 1.867419 0.489747 -0.470739
v 1.862859 0.501176 -0.487305
v 1.960167 0.528466 -0.475585
v 1.912945 0.527967 -0.502851
v 1.987432 0.528754 -0.428360
v 1.987432 0.528754 -0.373828
v 1.960167 0.528466 -0.326603
v 1.912945 0.527967 -0.299337
v 1.858416 0.527391 -0.299337
v 1.811193 0.526892 -0.326603
v 1.783929 0.526604 -0.373828
v 1.783929 0.526604 -0.428360
v 1.811193 0.526892 -0.475585
v 1.858416 0.527391 -0.502851
v 1.972163 0.502331 -0.377994
v 1.972163 0.502331 -0.424194
v 1.903937 0.492028 -0.467820
v 1.934903 0.492355 -0.449941
v 1.946125 0.502074 -0.461265
v 1.907980 0.501671 -0.483289
v 1.952781 0.492544 -0.418973
v 1.968148 0.502306 -0.423118
v 1.952781 0.492544 -0.383215
v 1.968148 0.502306 -0.379070
v 1.934903 0.492355 -0.352248
v 1.946125 0.502074 -0.340923
v 1.903937 0.492028 -0.334369
v 1.907980 0.501671 -0.318899
v 1.868181 0.491650 -0.334369
v 1.863935 0.501206 -0.318899
v 1.837215 0.491323 -0.352248
v 1.825790 0.500803 -0.340923
v 1.819337 0.491134 -0.383215
v 1.803767 0.500570 -0.379070
v 1.819337 0.491134 -0.418973
v 1.803767 0.500570 -0.423118
v 1.837215 0.491323 -0.449941
v 1.825790 0.500803 -0.461265
v 1.868181 0.491650 -0.467820
v 1.863935 0.501206 -0.483289
v 1.957224 0.528445 -0.472641
v 1.911867 0.527966 -0.498830
v 1.983410 0.528722 -0.427282
v 1.957224 0.528445 -0.329547
v 1.983410 0.528722 -0.374906
v 1.911867 0.527966 -0.303359
v 1.859494 0.527413 -0.303359
v 1.814137 0.526934 -0.329547
v 1.787950 0.526657 -0.374906
v 1.787950 0.526657 -0.427282
v 1.814137 0.526934 -0.472641
v 1.859494 0.527413 -0.498830
v 1.749192 0.821836 -0.419828
v 1.747577 0.942234 -0.426449
v 1.764468 0.821836 -0.419483
v 1.766380 0.942234 -0.426025
v 1.777525 0.821836 -0.411547
v 1.782452 0.942234 -0.416256
v 1.784864 0.821836 -0.398145
v 1.791485 0.942234 -0.399760
v 1.784519 0.821836 -0.382870
v 1.791061 0.942234 -0.380958
v 1.776583 0.821836 -0.369813
v 1.781292 0.942234 -0.364886
v 1.763181 0.821836 -0.362474
v 1.764796 0.942234 -0.355852
v 1.747906 0.821836 -0.362818
v 1.745994 0.942234 -0.356277
v 1.734849 0.821836 -0.370755
v 1.729922 0.942234 -0.366046
v 1.727510 0.821836 -0.384156
v 1.720888 0.942234 -0.382541
v 1.727854 0.821836 -0.399432
v 1.721313 0.942234 -0.401344
v 1.735791 0.821836 -0.412489
v 1.731082 0.942234 -0.417415
v 1.745399 0.917074 -0.435382
v 1.768960 0.917074 -0.434850
v 1.789098 0.917074 -0.422609
v 1.800418 0.917074 -0.401939
v 1.799886 0.917074 -0.378378
v 1.787645 0.917074 -0.358240
v 1.766975 0.917074 -0.346920
v 1.743414 0.917074 -0.347451
v 1.723276 0.917074 -0.359692
v 1.711956 0.917074 -0.380363
v 1.712487 0.917074 -0.403924
v 1.724728 0.917074 -0.424062
v 1.768702 0.832636 -0.433969
v 1.788435 0.832636 -0.421975
v 1.799526 0.832636 -0.401722
v 1.799005 0.832636 -0.378636
v 1.787011 0.832636 -0.358903
v 1.766758 0.832636 -0.347811
v 1.743672 0.832636 -0.348332
v 1.723939 0.832636 -0.360327
v 1.712847 0.832636 -0.380580
v 1.713368 0.832636 -0.403666
v 1.725363 0.832636 -0.423399
v 1.745616 0.832636 -0.434490
v 1.767468 0.942234 -0.429746
v 1.746659 0.942234 -0.430216
v 1.785254 0.942234 -0.418935
v 1.795252 0.942234 -0.400679
v 1.794782 0.942234 -0.379870
v 1.783971 0.942234 -0.362084
v 1.765715 0.942234 -0.352086
v 1.744906 0.942234 -0.352556
v 1.727120 0.942234 -0.363367
v 1.717122 0.942234 -0.381623
v 1.717592 0.942234 -0.402432
v 1.728403 0.942234 -0.420218
v 1.766466 0.951364 -0.426318
v 1.747505 0.951364 -0.426746
v 1.782672 0.951364 -0.416467
v 1.791782 0.951364 -0.399833
v 1.791354 0.951364 -0.380872
v 1.781503 0.951364 -0.364665
v 1.764869 0.951364 -0.355556
v 1.745908 0.951364 -0.355984
v 1.729702 0.951364 -0.365835
v 1.720592 0.951364 -0.382469
v 1.721020 0.951364 -0.401430
v 1.730871 0.951364 -0.417636
v 1.758192 0.958412 -0.398010
v 1.754494 0.958412 -0.398093
v 1.761352 0.958412 -0.396088
v 1.763129 0.958412 -0.392844
v 1.763046 0.958412 -0.389146
v 1.761124 0.958412 -0.385985
v 1.757880 0.958412 -0.384209
v 1.754182 0.958412 -0.384292
v 1.751021 0.958412 -0.386213
v 1.749245 0.958412 -0.389458
v 1.749328 0.958412 -0.393156
v 1.751249 0.958412 -0.396316
v 1.763103 0.958412 -0.414812
v 1.750346 0.958412 -0.415100
v 1.774007 0.958412 -0.408184
v 1.780136 0.958412 -0.396992
v 1.779848 0.958412 -0.384235
v 1.773220 0.958412 -0.373331
v 1.762028 0.958412 -0.367202
v 1.749271 0.958412 -0.367490
v 1.738367 0.958412 -0.374117
v 1.732238 0.958412 -0.385310
v 1.732526 0.958412 -0.398067
v 1.739154 0.958412 -0.408971
v 1.758192 0.960654 -0.398010
v 1.754494 0.960654 -0.398093
v 1.761352 0.960654 -0.396088
v 1.763129 0.960654 -0.392844
v 1.763046 0.960654 -0.389146
v 1.761124 0.960654 -0.385985
v 1.757880 0.960654 -0.384209
v 1.754182 0.960654 -0.384292
v 1.751021 0.960654 -0.386213
v 1.749245 0.960654 -0.389458
v 1.749328 0.960654 -0.393156
v 1.751249 0.960654 -0.396316
v 1.758754 0.964338 -0.399935
v 1.754018 0.964338 -0.400042
v 1.762802 0.964338 -0.397474
v 1.765078 0.964338 -0.393319
v 1.764971 0.964338 -0.388583
v 1.762510 0.964338 -0.384535
v 1.758355 0.964338 -0.382260
v 1.753619 0.964338 -0.382367
v 1.749571 0.964338 -0.384827
v 1.747296 0.964338 -0.388982
v 1.747403 0.964338 -0.393718
v 1.749863 0.964338 -0.397766
v 1.758754 0.973789 -0.399935
v 1.754018 0.973789 -0.400042
v 1.762802 0.973789 -0.397474
v 1.765078 0.973789 -0.393319
v 1.764971 0.973789 -0.388583
v 1.762510 0.973789 -0.384535
v 1.758355 0.973789 -0.382260
v 1.753619 0.973789 -0.382367
v 1.749571 0.973789 -0.384827
v 1.747296 0.973789 -0.388982
v 1.747403 0.973789 -0.393718
v 1.749863 0.973789 -0.397766
v 1.757926 0.978755 -0.397101
v 1.754718 0.978755 -0.397174
v 1.760668 0.978755 -0.395434
v 1.762210 0.978755 -0.392620
v 1.762137 0.978755 -0.389412
v 1.760470 0.978755 -0.386670
v 1.757656 0.978755 -0.385128
v 1.754448 0.978755 -0.385201
v 1.751706 0.978755 -0.386867
v 1.750164 0.978755 -0.389682
v 1.750237 0.978755 -0.392890
v 1.751903 0.978755 -0.395632
v 1.746231 0.934745 -0.431970
v 1.767974 0.934745 -0.431479
v 1.786559 0.934745 -0.420182
v 1.797006 0.934745 -0.401107
v 1.796515 0.934745 -0.379364
v 1.785218 0.934745 -0.360779
v 1.766143 0.934745 -0.350332
v 1.744400 0.934745 -0.350823
v 1.725815 0.934745 -0.362119
v 1.715368 0.934745 -0.381195
v 1.715859 0.934745 -0.402938
v 1.727155 0.934745 -0.421523
v 1.711032 0.935371 -0.357164
v 1.709136 0.922175 -0.355351
v 1.703231 0.935371 -0.371408
v 1.700683 0.922175 -0.370787
v 1.701382 0.941669 -0.354425
v 1.695722 0.934619 -0.350764
v 1.695726 0.941669 -0.364752
v 1.689593 0.934619 -0.361955
v 1.818393 0.930609 -0.433199
v 1.814912 0.919616 -0.431960
v 1.825118 0.930609 -0.420920
v 1.822199 0.919616 -0.418654
v 1.837630 0.908675 -0.445024
v 1.826059 0.904591 -0.439462
v 1.845442 0.908675 -0.430759
v 1.834524 0.904591 -0.424005
v 1.837606 0.880615 -0.444551
v 1.826125 0.881774 -0.439000
v 1.845030 0.880615 -0.430994
v 1.834170 0.881774 -0.424310
v 1.830743 0.856046 -0.439693
v 1.821394 0.860307 -0.435218
v 1.837240 0.856046 -0.427828
v 1.828435 0.860307 -0.422361
v 1.811634 0.836839 -0.429228
v 1.807064 0.846901 -0.427370
v 1.818132 0.836839 -0.417363
v 1.814105 0.846901 -0.414513
v 1.800901 0.835694 -0.422193
v 1.800581 0.845206 -0.422565
v 1.806424 0.835694 -0.412109
v 1.806566 0.845206 -0.411638
v 1.795450 0.837271 -0.416927
v 1.795241 0.843473 -0.417170
v 1.799051 0.837271 -0.410351
v 1.799143 0.843473 -0.410045
v 1.633283 0.224456 -0.478411
v 1.633283 0.306279 -0.478411
v 1.661258 0.224456 -0.470915
v 1.661258 0.306279 -0.470915
v 1.681737 0.224456 -0.450436
v 1.681737 0.306279 -0.450436
v 1.689233 0.224456 -0.422461
v 1.689233 0.306279 -0.422461
v 1.681737 0.224456 -0.394486
v 1.681737 0.306279 -0.394486
v 1.661258 0.224456 -0.374007
v 1.661258 0.306279 -0.374007
v 1.633283 0.224456 -0.366511
v 1.633283 0.306279 -0.366511
v 1.605308 0.224456 -0.374007
v 1.605308 0.306279 -0.374007
v 1.584829 0.224456 -0.394486
v 1.584829 0.306279 -0.394486
v 1.577333 0.224456 -0.422461
v 1.577333 0.306279 -0.422461
v 1.584829 0.224456 -0.450436
v 1.584829 0.306279 -0.450436
v 1.605308 0.224456 -0.470915
v 1.605308 0.306279 -0.470915
v 1.664243 0.306279 -0.476085
v 1.633283 0.306279 -0.484381
v 1.686907 0.306279 -0.453421
v 1.695203 0.306279 -0.422461
v 1.686907 0.306279 -0.391501
v 1.664243 0.306279 -0.368837
v 1.633283 0.306279 -0.360541
v 1.602323 0.306279 -0.368837
v 1.579659 0.306279 -0.391501
v 1.571363 0.306279 -0.422461
v 1.579659 0.306279 -0.453421
v 1.602323 0.306279 -0.476085
v 1.661493 0.320338 -0.471322
v 1.633283 0.320338 -0.478881
v 1.682144 0.320338 -0.450671
v 1.689703 0.320338 -0.422461
v 1.682144 0.320338 -0.394251
v 1.661493 0.320338 -0.373600
v 1.633283 0.320338 -0.366041
v 1.605073 0.320338 -0.373600
v 1.584422 0.320338 -0.394251
v 1.576863 0.320338 -0.422461
v 1.584422 0.320338 -0.450671
v 1.605073 0.320338 -0.471322
v 1.638785 0.331191 -0.431991
v 1.633283 0.331191 -0.433465
v 1.642813 0.331191 -0.427963
v 1.644287 0.331191 -0.422461
v 1.642813 0.331191 -0.416959
v 1.638785 0.331191 -0.412931
v 1.633283 0.331191 -0.411457
v 1.627781 0.331191 -0.412931
v 1.623754 0.331191 -0.416959
v 1.622279 0.331191 -0.422461
v 1.623754 0.331191 -0.427963
v 1.627781 0.331191 -0.431991
v 1.652264 0.331191 -0.455336
v 1.633283 0.331191 -0.460422
v 1.666158 0.331191 -0.441441
v 1.671244 0.331191 -0.422461
v 1.666158 0.331191 -0.403481
v 1.652264 0.331191 -0.389586
v 1.633283 0.331191 -0.384500
v 1.614303 0.331191 -0.389586
v 1.600408 0.331191 -0.403481
v 1.595322 0.331191 -0.422461
v 1.600408 0.331191 -0.441441
v 1.614303 0.331191 -0.455336
v 1.638785 0.334644 -0.431991
v 1.633283 0.334644 -0.433465
v 1.642813 0.334644 -0.427963
v 1.644287 0.334644 -0.422461
v 1.642813 0.334644 -0.416959
v 1.638785 0.334644 -0.412931
v 1.633283 0.334644 -0.411457
v 1.627781 0.334644 -0.412931
v 1.623754 0.334644 -0.416959
v 1.622279 0.334644 -0.422461
v 1.623754 0.334644 -0.427963
v 1.627781 0.334644 -0.431991
v 1.640329 0.340318 -0.434666
v 1.633283 0.340318 -0.436554
v 1.645488 0.340318 -0.429507
v 1.647376 0.340318 -0.422461
v 1.645488 0.340318 -0.415415
v 1.640329 0.340318 -0.410256
v 1.633283 0.340318 -0.408368
v 1.626237 0.340318 -0.410256
v 1.621078 0.340318 -0.415415
v 1.619190 0.340318 -0.422461
v 1.621078 0.340318 -0.429507
v 1.626237 0.340318 -0.434666
v 1.640329 0.354871 -0.434666
v 1.633283 0.354871 -0.436554
v 1.645488 0.354871 -0.429507
v 1.647376 0.354871 -0.422461
v 1.645488 0.354871 -0.415415
v 1.640329 0.354871 -0.410256
v 1.633283 0.354871 -0.408368
v 1.626237 0.354871 -0.410256
v 1.621078 0.354871 -0.415415
v 1.619190 0.354871 -0.422461
v 1.621078 0.354871 -0.429507
v 1.626237 0.354871 -0.434666
v 1.638056 0.362517 -0.430728
v 1.633283 0.362517 -0.432007
v 1.641551 0.362517 -0.427234
v 1.642829 0.362517 -0.422461
v 1.641551 0.362517 -0.417688
v 1.638056 0.362517 -0.414194
v 1.633283 0.362517 -0.412915
v 1.628510 0.362517 -0.414194
v 1.625016 0.362517 -0.417688
v 1.623737 0.362517 -0.422461
v 1.625016 0.362517 -0.427234
v 1.628510 0.362517 -0.430728
v 1.354650 0.227412 -0.454667
v 1.354650 0.343511 -0.454667
v 1.369409 0.227412 -0.450713
v 1.369409 0.343511 -0.450713
v 1.380213 0.227412 -0.439908
v 1.380213 0.343511 -0.439908
v 1.384168 0.227412 -0.425149
v 1.384168 0.343511 -0.425149
v 1.380213 0.227412 -0.410390
v 1.380213 0.343511 -0.410390
v 1.369409 0.227412 -0.399586
v 1.369409 0.343511 -0.399586
v 1.354650 0.227412 -0.395631
v 1.354650 0.343511 -0.395631
v 1.339891 0.227412 -0.399586
v 1.339891 0.343511 -0.399586
v 1.329087 0.227412 -0.410390
v 1.329087 0.343511 -0.410390
v 1.325132 0.227412 -0.425149
v 1.325132 0.343511 -0.425149
v 1.329087 0.227412 -0.439908
v 1.329087 0.343511 -0.439908
v 1.339891 0.227412 -0.450713
v 1.339891 0.343511 -0.450713
v 1.370984 0.343511 -0.453440
v 1.354650 0.343511 -0.457817
v 1.382941 0.343511 -0.441483
v 1.387318 0.343511 -0.425149
v 1.382941 0.343511 -0.408816
v 1.370984 0.343511 -0.396859
v 1.354650 0.343511 -0.392482
v 1.338317 0.343511 -0.396859
v 1.326360 0.343511 -0.408816
v 1.321983 0.343511 -0.425149
v 1.326360 0.343511 -0.441483
v 1.338317 0.343511 -0.453440
v 1.369533 0.350929 -0.450927
v 1.354650 0.350929 -0.454915
v 1.380428 0.350929 -0.440032
v 1.384416 0.350929 -0.425149
v 1.380428 0.350929 -0.410266
v 1.369533 0.350929 -0.399371
v 1.354650 0.350929 -0.395383
v 1.339767 0.350929 -0.399371
v 1.328872 0.350929 -0.410266
v 1.324884 0.350929 -0.425149
v 1.328872 0.350929 -0.440032
v 1.339767 0.350929 -0.450927
v 1.357553 0.356654 -0.430177
v 1.354650 0.356654 -0.430955
v 1.359678 0.356654 -0.428052
v 1.360456 0.356654 -0.425149
v 1.359678 0.356654 -0.422247
v 1.357553 0.356654 -0.420122
v 1.354650 0.356654 -0.419344
v 1.351748 0.356654 -0.420122
v 1.349623 0.356654 -0.422247
v 1.348845 0.356654 -0.425149
v 1.349623 0.356654 -0.428052
v 1.351748 0.356654 -0.430177
v 1.364664 0.356654 -0.442493
v 1.354650 0.356654 -0.445177
v 1.371994 0.356654 -0.435163
v 1.374678 0.356654 -0.425149
v 1.371994 0.356654 -0.415136
v 1.364664 0.356654 -0.407805
v 1.354650 0.356654 -0.405122
v 1.344637 0.356654 -0.407805
v 1.337306 0.356654 -0.415136
v 1.334623 0.356654 -0.425149
v 1.337306 0.356654 -0.435163
v 1.344637 0.356654 -0.442493
v 1.357553 0.358476 -0.430177
v 1.354650 0.358476 -0.430955
v 1.359678 0.358476 -0.428052
v 1.360456 0.358476 -0.425149
v 1.359678 0.358476 -0.422247
v 1.357553 0.358476 -0.420122
v 1.354650 0.358476 -0.419344
v 1.351748 0.358476 -0.420122
v 1.349623 0.358476 -0.422247
v 1.348845 0.358476 -0.425149
v 1.349623 0.358476 -0.428052
v 1.351748 0.358476 -0.430177
v 1.358368 0.361469 -0.431588
v 1.354650 0.361469 -0.432584
v 1.361089 0.361469 -0.428867
v 1.362085 0.361469 -0.425149
v 1.361089 0.361469 -0.421432
v 1.358368 0.361469 -0.418710
v 1.354650 0.361469 -0.417714
v 1.350933 0.361469 -0.418710
v 1.348211 0.361469 -0.421432
v 1.347215 0.361469 -0.425149
v 1.348211 0.361469 -0.428867
v 1.350933 0.361469 -0.431588
v 1.358368 0.369147 -0.431588
v 1.354650 0.369147 -0.432584
v 1.361089 0.369147 -0.428867
v 1.362085 0.369147 -0.425149
v 1.361089 0.369147 -0.421432
v 1.358368 0.369147 -0.418710
v 1.354650 0.369147 -0.417714
v 1.350933 0.369147 -0.418710
v 1.348211 0.369147 -0.421432
v 1.347215 0.369147 -0.425149
v 1.348211 0.369147 -0.428867
v 1.350933 0.369147 -0.431588
v 1.357168 0.373181 -0.429511
v 1.354650 0.373181 -0.430186
v 1.359012 0.373181 -0.427668
v 1.359687 0.373181 -0.425149
v 1.359012 0.373181 -0.422631
v 1.357168 0.373181 -0.420788
v 1.354650 0.373181 -0.420113
v 1.352132 0.373181 -0.420788
v 1.350289 0.373181 -0.422631
v 1.349614 0.373181 -0.425149
v 1.350289 0.373181 -0.427668
v 1.352132 0.373181 -0.429511
v 1.782475 0.224456 -0.478411
v 1.782475 0.319864 -0.478411
v 1.810450 0.224456 -0.470915
v 1.810450 0.319864 -0.470915
v 1.830929 0.224456 -0.450436
v 1.830929 0.319864 -0.450436
v 1.838425 0.224456 -0.422461
v 1.838425 0.319864 -0.422461
v 1.830929 0.224456 -0.394486
v 1.830929 0.319864 -0.394486
v 1.810450 0.224456 -0.374007
v 1.810450 0.319864 -0.374007
v 1.782475 0.224456 -0.366511
v 1.782475 0.319864 -0.366511
v 1.754500 0.224456 -0.374007
v 1.754500 0.319864 -0.374007
v 1.734021 0.224456 -0.394486
v 1.734021 0.319864 -0.394486
v 1.726525 0.224456 -0.422461
v 1.726525 0.319864 -0.422461
v 1.734021 0.224456 -0.450436
v 1.734021 0.319864 -0.450436
v 1.754500 0.224456 -0.470915
v 1.754500 0.319864 -0.470915
v 1.813435 0.319864 -0.476085
v 1.782475 0.319864 -0.484381
v 1.836099 0.319864 -0.453421
v 1.844395 0.319864 -0.422461
v 1.836099 0.319864 -0.391501
v 1.813435 0.319864 -0.368837
v 1.782475 0.319864 -0.360541
v 1.751515 0.319864 -0.368837
v 1.728851 0.319864 -0.391501
v 1.720555 0.319864 -0.422461
v 1.728851 0.319864 -0.453421
v 1.751515 0.319864 -0.476085
v 1.810685 0.336258 -0.471322
v 1.782475 0.336258 -0.478881
v 1.831336 0.336258 -0.450671
v 1.838895 0.336258 -0.422461
v 1.831336 0.336258 -0.394251
v 1.810685 0.336258 -0.373600
v 1.782475 0.336258 -0.366041
v 1.754265 0.336258 -0.373600
v 1.733614 0.336258 -0.394251
v 1.726055 0.336258 -0.422461
v 1.733614 0.336258 -0.450671
v 1.754265 0.336258 -0.471322
v 1.787977 0.348913 -0.431991
v 1.782475 0.348913 -0.433465
v 1.792004 0.348913 -0.427963
v 1.793479 0.348913 -0.422461
v 1.792004 0.348913 -0.416959
v 1.787977 0.348913 -0.412931
v 1.782475 0.348913 -0.411457
v 1.776973 0.348913 -0.412931
v 1.772945 0.348913 -0.416959
v 1.771471 0.348913 -0.422461
v 1.772945 0.348913 -0.427963
v 1.776973 0.348913 -0.431991
v 1.801455 0.348913 -0.455336
v 1.782475 0.348913 -0.460422
v 1.815350 0.348913 -0.441441
v 1.820436 0.348913 -0.422461
v 1.815350 0.348913 -0.403481
v 1.801455 0.348913 -0.389586
v 1.782475 0.348913 -0.384500
v 1.763494 0.348913 -0.389586
v 1.749600 0.348913 -0.403481
v 1.744514 0.348913 -0.422461
v 1.749600 0.348913 -0.441441
v 1.763494 0.348913 -0.455336
v 1.787977 0.352940 -0.431991
v 1.782475 0.352940 -0.433465
v 1.792004 0.352940 -0.427963
v 1.793479 0.352940 -0.422461
v 1.792004 0.352940 -0.416959
v 1.787977 0.352940 -0.412931
v 1.782475 0.352940 -0.411457
v 1.776973 0.352940 -0.412931
v 1.772945 0.352940 -0.416959
v 1.771471 0.352940 -0.422461
v 1.772945 0.352940 -0.427963
v 1.776973 0.352940 -0.431991
v 1.789521 0.359555 -0.434666
v 1.782475 0.359555 -0.436554
v 1.794680 0.359555 -0.429507
v 1.796568 0.359555 -0.422461
v 1.794680 0.359555 -0.415415
v 1.789521 0.359555 -0.410256
v 1.782475 0.359555 -0.408368
v 1.775429 0.359555 -0.410256
v 1.770270 0.359555 -0.415415
v 1.768382 0.359555 -0.422461
v 1.770270 0.359555 -0.429507
v 1.775429 0.359555 -0.434666
v 1.789521 0.376524 -0.434666
v 1.782475 0.376524 -0.436554
v 1.794680 0.376524 -0.429507
v 1.796568 0.376524 -0.422461
v 1.794680 0.376524 -0.415415
v 1.789521 0.376524 -0.410256
v 1.782475 0.376524 -0.408368
v 1.775429 0.376524 -0.410256
v 1.770270 0.376524 -0.415415
v 1.768382 0.376524 -0.422461
v 1.770270 0.376524 -0.429507
v 1.775429 0.376524 -0.434666
v 1.787248 0.385440 -0.430728
v 1.782475 0.385440 -0.432007
v 1.790742 0.385440 -0.427234
v 1.792021 0.385440 -0.422461
v 1.790742 0.385440 -0.417688
v 1.787248 0.385440 -0.414194
v 1.782475 0.385440 -0.412915
v 1.777702 0.385440 -0.414194
v 1.774207 0.385440 -0.417688
v 1.772928 0.385440 -0.422461
v 1.774207 0.385440 -0.427234
v 1.777702 0.385440 -0.430728
v 1.518687 0.227412 -0.454667
v 1.518687 0.343511 -0.454667
v 1.533446 0.227412 -0.450713
v 1.533446 0.343511 -0.450713
v 1.544251 0.227412 -0.439908
v 1.544251 0.343511 -0.439908
v 1.548205 0.227412 -0.425149
v 1.548205 0.343511 -0.425149
v 1.544251 0.227412 -0.410390
v 1.544251 0.343511 -0.410390
v 1.533446 0.227412 -0.399586
v 1.533446 0.343511 -0.399586
v 1.518687 0.227412 -0.395631
v 1.518687 0.343511 -0.395631
v 1.503928 0.227412 -0.399586
v 1.503928 0.343511 -0.399586
v 1.493124 0.227412 -0.410390
v 1.493124 0.343511 -0.410390
v 1.489169 0.227412 -0.425149
v 1.489169 0.343511 -0.425149
v 1.493124 0.227412 -0.439908
v 1.493124 0.343511 -0.439908
v 1.503928 0.227412 -0.450713
v 1.503928 0.343511 -0.450713
v 1.535021 0.343511 -0.453440
v 1.518687 0.343511 -0.457817
v 1.546978 0.343511 -0.441483
v 1.551355 0.343511 -0.425149
v 1.546978 0.343511 -0.408816
v 1.535021 0.343511 -0.396859
v 1.518687 0.343511 -0.392482
v 1.502354 0.343511 -0.396859
v 1.490397 0.343511 -0.408816
v 1.486020 0.343511 -0.425149
v 1.490397 0.343511 -0.441483
v 1.502354 0.343511 -0.453440
v 1.533570 0.350929 -0.450927
v 1.518687 0.350929 -0.454915
v 1.544466 0.350929 -0.440032
v 1.548453 0.350929 -0.425149
v 1.544466 0.350929 -0.410266
v 1.533570 0.350929 -0.399371
v 1.518687 0.350929 -0.395383
v 1.503804 0.350929 -0.399371
v 1.492909 0.350929 -0.410266
v 1.488921 0.350929 -0.425149
v 1.492909 0.350929 -0.440032
v 1.503804 0.350929 -0.450927
v 1.521590 0.356654 -0.430177
v 1.518687 0.356654 -0.430955
v 1.523715 0.356654 -0.428052
v 1.524493 0.356654 -0.425149
v 1.523715 0.356654 -0.422247
v 1.521590 0.356654 -0.420122
v 1.518687 0.356654 -0.419344
v 1.515785 0.356654 -0.420122
v 1.513660 0.356654 -0.422247
v 1.512882 0.356654 -0.425149
v 1.513660 0.356654 -0.428052
v 1.515785 0.356654 -0.430177
v 1.528701 0.356654 -0.442493
v 1.518687 0.356654 -0.445177
v 1.536031 0.356654 -0.435163
v 1.538715 0.356654 -0.425149
v 1.536031 0.356654 -0.415136
v 1.528701 0.356654 -0.407805
v 1.518687 0.356654 -0.405122
v 1.508674 0.356654 -0.407805
v 1.501343 0.356654 -0.415136
v 1.498660 0.356654 -0.425149
v 1.501343 0.356654 -0.435163
v 1.508674 0.356654 -0.442493
v 1.521590 0.358476 -0.430177
v 1.518687 0.358476 -0.430955
v 1.523715 0.358476 -0.428052
v 1.524493 0.358476 -0.425149
v 1.523715 0.358476 -0.422247
v 1.521590 0.358476 -0.420122
v 1.518687 0.358476 -0.419344
v 1.515785 0.358476 -0.420122
v 1.513660 0.358476 -0.422247
v 1.512882 0.358476 -0.425149
v 1.513660 0.358476 -0.428052
v 1.515785 0.358476 -0.430177
v 1.522405 0.361469 -0.431588
v 1.518687 0.361469 -0.432584
v 1.525126 0.361469 -0.428867
v 1.526122 0.361469 -0.425149
v 1.525126 0.361469 -0.421432
v 1.522405 0.361469 -0.418710
v 1.518687 0.361469 -0.417714
v 1.514970 0.361469 -0.418710
v 1.512249 0.361469 -0.421432
v 1.511252 0.361469 -0.425149
v 1.512249 0.361469 -0.428867
v 1.514970 0.361469 -0.431588
v 1.522405 0.369147 -0.431588
v 1.518687 0.369147 -0.432584
v 1.525126 0.369147 -0.428867
v 1.526122 0.369147 -0.425149
v 1.525126 0.369147 -0.421432
v 1.522405 0.369147 -0.418710
v 1.518687 0.369147 -0.417714
v 1.514970 0.369147 -0.418710
v 1.512249 0.369147 -0.421432
v 1.511252 0.369147 -0.425149
v 1.512249 0.369147 -0.428867
v 1.514970 0.369147 -0.431588
v 1.521206 0.373181 -0.429511
v 1.518687 0.373181 -0.430186
v 1.523049 0.373181 -0.427668
v 1.523724 0.373181 -0.425149
v 1.523049 0.373181 -0.422631
v 1.521206 0.373181 -0.420788
v 1.518687 0.373181 -0.420113
v 1.516169 0.373181 -0.420788
v 1.514326 0.373181 -0.422631
v 1.513651 0.373181 -0.425149
v 1.514326 0.373181 -0.427668
v 1.516169 0.373181 -0.429511
v 1.922583 0.224456 -0.478411
v 1.922583 0.306279 -0.478411
v 1.950558 0.224456 -0.470915
v 1.950558 0.306279 -0.470915
v 1.971037 0.224456 -0.450436
v 1.971037 0.306279 -0.450436
v 1.978533 0.224456 -0.422461
v 1.978533 0.306279 -0.422461
v 1.971037 0.224456 -0.394486
v 1.971037 0.306279 -0.394486
v 1.950558 0.224456 -0.374007
v 1.950558 0.306279 -0.374007
v 1.922583 0.224456 -0.366511
v 1.922583 0.306279 -0.366511
v 1.894608 0.224456 -0.374007
v 1.894608 0.306279 -0.374007
v 1.874128 0.224456 -0.394486
v 1.874128 0.306279 -0.394486
v 1.866633 0.224456 -0.422461
v 1.866633 0.306279 -0.422461
v 1.874128 0.224456 -0.450436
v 1.874128 0.306279 -0.450436
v 1.894608 0.224456 -0.470915
v 1.894608 0.306279 -0.470915
v 1.953542 0.306279 -0.476085
v 1.922583 0.306279 -0.484381
v 1.976207 0.306279 -0.453421
v 1.984502 0.306279 -0.422461
v 1.976207 0.306279 -0.391501
v 1.953542 0.306279 -0.368837
v 1.922583 0.306279 -0.360541
v 1.891623 0.306279 -0.368837
v 1.868958 0.306279 -0.391501
v 1.860663 0.306279 -0.422461
v 1.868958 0.306279 -0.453421
v 1.891623 0.306279 -0.476085
v 1.950793 0.320338 -0.471322
v 1.922583 0.320338 -0.478881
v 1.971444 0.320338 -0.450671
v 1.979003 0.320338 -0.422461
v 1.971444 0.320338 -0.394251
v 1.950793 0.320338 -0.373600
v 1.922583 0.320338 -0.366041
v 1.894372 0.320338 -0.373600
v 1.873721 0.320338 -0.394251
v 1.866162 0.320338 -0.422461
v 1.873721 0.320338 -0.450671
v 1.894372 0.320338 -0.471322
v 1.928084 0.331191 -0.431991
v 1.922583 0.331191 -0.433465
v 1.932112 0.331191 -0.427963
v 1.933586 0.331191 -0.422461
v 1.932112 0.331191 -0.416959
v 1.928084 0.331191 -0.412931
v 1.922583 0.331191 -0.411457
v 1.917081 0.331191 -0.412931
v 1.913053 0.331191 -0.416959
v 1.911579 0.331191 -0.422461
v 1.913053 0.331191 -0.427963
v 1.917081 0.331191 -0.431991
v 1.941563 0.331191 -0.455336
v 1.922583 0.331191 -0.460422
v 1.955458 0.331191 -0.441441
v 1.960544 0.331191 -0.422461
v 1.955458 0.331191 -0.403481
v 1.941563 0.331191 -0.389586
v 1.922583 0.331191 -0.384500
v 1.903602 0.331191 -0.389586
v 1.889707 0.331191 -0.403481
v 1.884622 0.331191 -0.422461
v 1.889707 0.331191 -0.441441
v 1.903602 0.331191 -0.455336
v 1.928084 0.334644 -0.431991
v 1.922583 0.334644 -0.433465
v 1.932112 0.334644 -0.427963
v 1.933586 0.334644 -0.422461
v 1.932112 0.334644 -0.416959
v 1.928084 0.334644 -0.412931
v 1.922583 0.334644 -0.411457
v 1.917081 0.334644 -0.412931
v 1.913053 0.334644 -0.416959
v 1.911579 0.334644 -0.422461
v 1.913053 0.334644 -0.427963
v 1.917081 0.334644 -0.431991
v 1.929629 0.340318 -0.434666
v 1.922583 0.340318 -0.436554
v 1.934787 0.340318 -0.429507
v 1.936675 0.340318 -0.422461
v 1.934787 0.340318 -0.415415
v 1.929629 0.340318 -0.410256
v 1.922583 0.340318 -0.408368
v 1.915536 0.340318 -0.410256
v 1.910378 0.340318 -0.415415
v 1.908490 0.340318 -0.422461
v 1.910378 0.340318 -0.429507
v 1.915536 0.340318 -0.434666
v 1.929629 0.354871 -0.434666
v 1.922583 0.354871 -0.436554
v 1.934787 0.354871 -0.429507
v 1.936675 0.354871 -0.422461
v 1.934787 0.354871 -0.415415
v 1.929629 0.354871 -0.410256
v 1.922583 0.354871 -0.408368
v 1.915536 0.354871 -0.410256
v 1.910378 0.354871 -0.415415
v 1.908490 0.354871 -0.422461
v 1.910378 0.354871 -0.429507
v 1.915536 0.354871 -0.434666
v 1.927356 0.362517 -0.430728
v 1.922583 0.362517 -0.432007
v 1.930850 0.362517 -0.427234
v 1.932129 0.362517 -0.422461
v 1.930850 0.362517 -0.417688
v 1.927356 0.362517 -0.414194
v 1.922583 0.362517 -0.412915
v 1.917809 0.362517 -0.414194
v 1.914315 0.362517 -0.417688
v 1.913036 0.362517 -0.422461
v 1.914315 0.362517 -0.427234
v 1.917809 0.362517 -0.430728
v 1.309446 0.028464 -0.454667
v 1.309446 0.125416 -0.454667
v 1.324205 0.028464 -0.450713
v 1.324205 0.125416 -0.450713
v 1.335010 0.028464 -0.439908
v 1.335010 0.125416 -0.439908
v 1.338964 0.028464 -0.425149
v 1.338964 0.125416 -0.425149
v 1.335010 0.028464 -0.410390
v 1.335010 0.125416 -0.410390
v 1.324205 0.028464 -0.399586
v 1.324205 0.125416 -0.399586
v 1.309446 0.028464 -0.395631
v 1.309446 0.125416 -0.395631
v 1.294687 0.028464 -0.399586
v 1.294687 0.125416 -0.399586
v 1.283883 0.028464 -0.410390
v 1.283883 0.125416 -0.410390
v 1.279928 0.028464 -0.425149
v 1.279928 0.125416 -0.425149
v 1.283883 0.028464 -0.439908
v 1.283883 0.125416 -0.439908
v 1.294687 0.028464 -0.450713
v 1.294687 0.125416 -0.450713
v 1.325780 0.125416 -0.453440
v 1.309446 0.125416 -0.457817
v 1.337737 0.125416 -0.441483
v 1.342114 0.125416 -0.425149
v 1.337737 0.125416 -0.408816
v 1.325780 0.125416 -0.396859
v 1.309446 0.125416 -0.392482
v 1.293113 0.125416 -0.396859
v 1.281155 0.125416 -0.408816
v 1.276779 0.125416 -0.425149
v 1.281155 0.125416 -0.441483
v 1.293113 0.125416 -0.453440
v 1.324329 0.131610 -0.450927
v 1.309446 0.131610 -0.454915
v 1.335224 0.131610 -0.440032
v 1.339212 0.131610 -0.425149
v 1.335224 0.131610 -0.410266
v 1.324329 0.131610 -0.399371
v 1.309446 0.131610 -0.395383
v 1.294563 0.131610 -0.399371
v 1.283668 0.131610 -0.410266
v 1.279680 0.131610 -0.425149
v 1.283668 0.131610 -0.440032
v 1.294563 0.131610 -0.450927
v 1.312349 0.136392 -0.430177
v 1.309446 0.136392 -0.430955
v 1.314474 0.136392 -0.428052
v 1.315252 0.136392 -0.425149
v 1.314474 0.136392 -0.422247
v 1.312349 0.136392 -0.420122
v 1.309446 0.136392 -0.419344
v 1.306544 0.136392 -0.420122
v 1.304419 0.136392 -0.422247
v 1.303641 0.136392 -0.425149
v 1.304419 0.136392 -0.428052
v 1.306544 0.136392 -0.430177
v 1.319460 0.136392 -0.442493
v 1.309446 0.136392 -0.445177
v 1.326790 0.136392 -0.435163
v 1.329473 0.136392 -0.425149
v 1.326790 0.136392 -0.415136
v 1.319460 0.136392 -0.407805
v 1.309446 0.136392 -0.405122
v 1.299433 0.136392 -0.407805
v 1.292102 0.136392 -0.415136
v 1.289419 0.136392 -0.425149
v 1.292102 0.136392 -0.435163
v 1.299433 0.136392 -0.442493
v 1.312349 0.137913 -0.430177
v 1.309446 0.137913 -0.430955
v 1.314474 0.137913 -0.428052
v 1.315252 0.137913 -0.425149
v 1.314474 0.137913 -0.422247
v 1.312349 0.137913 -0.420122
v 1.309446 0.137913 -0.419344
v 1.306544 0.137913 -0.420122
v 1.304419 0.137913 -0.422247
v 1.303641 0.137913 -0.425149
v 1.304419 0.137913 -0.428052
v 1.306544 0.137913 -0.430177
v 1.313164 0.140413 -0.431588
v 1.309446 0.140413 -0.432584
v 1.315885 0.140413 -0.428867
v 1.316881 0.140413 -0.425149
v 1.315885 0.140413 -0.421432
v 1.313164 0.140413 -0.418710
v 1.309446 0.140413 -0.417714
v 1.305729 0.140413 -0.418710
v 1.303007 0.140413 -0.421432
v 1.302011 0.140413 -0.425149
v 1.303007 0.140413 -0.428867
v 1.305729 0.140413 -0.431588
v 1.313164 0.146824 -0.431588
v 1.309446 0.146824 -0.432584
v 1.315885 0.146824 -0.428867
v 1.316881 0.146824 -0.425149
v 1.315885 0.146824 -0.421432
v 1.313164 0.146824 -0.418710
v 1.309446 0.146824 -0.417714
v 1.305729 0.146824 -0.418710
v 1.303007 0.146824 -0.421432
v 1.302011 0.146824 -0.425149
v 1.303007 0.146824 -0.428867
v 1.305729 0.146824 -0.431588
v 1.311965 0.150193 -0.429511
v 1.309446 0.150193 -0.430186
v 1.313808 0.150193 -0.427668
v 1.314483 0.150193 -0.425149
v 1.313808 0.150193 -0.422631
v 1.311965 0.150193 -0.420788
v 1.309446 0.150193 -0.420113
v 1.306928 0.150193 -0.420788
v 1.305085 0.150193 -0.422631
v 1.304410 0.150193 -0.425149
v 1.305085 0.150193 -0.427668
v 1.306928 0.150193 -0.429511
v 1.516966 0.025508 -0.478411
v 1.516966 0.107330 -0.478411
v 1.544941 0.025508 -0.470915
v 1.544941 0.107330 -0.470915
v 1.565420 0.025508 -0.450436
v 1.565420 0.107330 -0.450436
v 1.572916 0.025508 -0.422461
v 1.572916 0.107330 -0.422461
v 1.565420 0.025508 -0.394486
v 1.565420 0.107330 -0.394486
v 1.544941 0.025508 -0.374007
v 1.544941 0.107330 -0.374007
v 1.516966 0.025508 -0.366511
v 1.516966 0.107330 -0.366511
v 1.488991 0.025508 -0.374007
v 1.488991 0.107330 -0.374007
v 1.468512 0.025508 -0.394486
v 1.468512 0.107330 -0.394486
v 1.461016 0.025508 -0.422461
v 1.461016 0.107330 -0.422461
v 1.468512 0.025508 -0.450436
v 1.468512 0.107330 -0.450436
v 1.488991 0.025508 -0.470915
v 1.488991 0.107330 -0.470915
v 1.547926 0.107330 -0.476085
v 1.516966 0.107330 -0.484381
v 1.570590 0.107330 -0.453421
v 1.578886 0.107330 -0.422461
v 1.570590 0.107330 -0.391501
v 1.547926 0.107330 -0.368837
v 1.516966 0.107330 -0.360541
v 1.486006 0.107330 -0.368837
v 1.463342 0.107330 -0.391501
v 1.455046 0.107330 -0.422461
v 1.463342 0.107330 -0.453421
v 1.486006 0.107330 -0.476085
v 1.545176 0.121390 -0.471322
v 1.516966 0.121390 -0.478881
v 1.565828 0.121390 -0.450671
v 1.573386 0.121390 -0.422461
v 1.565828 0.121390 -0.394251
v 1.545176 0.121390 -0.373600
v 1.516966 0.121390 -0.366041
v 1.488756 0.121390 -0.373600
v 1.468105 0.121390 -0.394251
v 1.460546 0.121390 -0.422461
v 1.468105 0.121390 -0.450671
v 1.488756 0.121390 -0.471322
v 1.522468 0.132243 -0.431991
v 1.516966 0.132243 -0.433465
v 1.526496 0.132243 -0.427963
v 1.527970 0.132243 -0.422461
v 1.526496 0.132243 -0.416959
v 1.522468 0.132243 -0.412931
v 1.516966 0.132243 -0.411457
v 1.511464 0.132243 -0.412931
v 1.507437 0.132243 -0.416959
v 1.505962 0.132243 -0.422461
v 1.507437 0.132243 -0.427963
v 1.511464 0.132243 -0.431991
v 1.535947 0.132243 -0.455336
v 1.516966 0.132243 -0.460422
v 1.549841 0.132243 -0.441441
v 1.554927 0.132243 -0.422461
v 1.549841 0.132243 -0.403481
v 1.535947 0.132243 -0.389586
v 1.516966 0.132243 -0.384500
v 1.497986 0.132243 -0.389586
v 1.484091 0.132243 -0.403481
v 1.479005 0.132243 -0.422461
v 1.484091 0.132243 -0.441441
v 1.497986 0.132243 -0.455336
v 1.522468 0.135696 -0.431991
v 1.516966 0.135696 -0.433465
v 1.526496 0.135696 -0.427963
v 1.527970 0.135696 -0.422461
v 1.526496 0.135696 -0.416959
v 1.522468 0.135696 -0.412931
v 1.516966 0.135696 -0.411457
v 1.511464 0.135696 -0.412931
v 1.507437 0.135696 -0.416959
v 1.505962 0.135696 -0.422461
v 1.507437 0.135696 -0.427963
v 1.511464 0.135696 -0.431991
v 1.524013 0.141370 -0.434666
v 1.516966 0.141370 -0.436554
v 1.529171 0.141370 -0.429507
v 1.531059 0.141370 -0.422461
v 1.529171 0.141370 -0.415415
v 1.524013 0.141370 -0.410256
v 1.516966 0.141370 -0.408368
v 1.509920 0.141370 -0.410256
v 1.504762 0.141370 -0.415415
v 1.502874 0.141370 -0.422461
v 1.504762 0.141370 -0.429507
v 1.509920 0.141370 -0.434666
v 1.524013 0.155923 -0.434666
v 1.516966 0.155923 -0.436554
v 1.529171 0.155923 -0.429507
v 1.531059 0.155923 -0.422461
v 1.529171 0.155923 -0.415415
v 1.524013 0.155923 -0.410256
v 1.516966 0.155923 -0.408368
v 1.509920 0.155923 -0.410256
v 1.504762 0.155923 -0.415415
v 1.502874 0.155923 -0.422461
v 1.504762 0.155923 -0.429507
v 1.509920 0.155923 -0.434666
v 1.521739 0.163569 -0.430728
v 1.516966 0.163569 -0.432007
v 1.525234 0.163569 -0.427234
v 1.526513 0.163569 -0.422461
v 1.525234 0.163569 -0.417688
v 1.521739 0.163569 -0.414194
v 1.516966 0.163569 -0.412915
v 1.512193 0.163569 -0.414194
v 1.508699 0.163569 -0.417688
v 1.507420 0.163569 -0.422461
v 1.508699 0.163569 -0.427234
v 1.512193 0.163569 -0.430728
v 1.229793 0.028464 -0.454667
v 1.229793 0.129174 -0.454667
v 1.244552 0.028464 -0.450713
v 1.244552 0.129174 -0.450713
v 1.255356 0.028464 -0.439908
v 1.255356 0.129174 -0.439908
v 1.259311 0.028464 -0.425149
v 1.259311 0.129174 -0.425149
v 1.255356 0.028464 -0.410390
v 1.255356 0.129174 -0.410390
v 1.244552 0.028464 -0.399586
v 1.244552 0.129174 -0.399586
v 1.229793 0.028464 -0.395631
v 1.229793 0.129174 -0.395631
v 1.215034 0.028464 -0.399586
v 1.215034 0.129174 -0.399586
v 1.204230 0.028464 -0.410390
v 1.204230 0.129174 -0.410390
v 1.200275 0.028464 -0.425149
v 1.200275 0.129174 -0.425149
v 1.204230 0.028464 -0.439908
v 1.204230 0.129174 -0.439908
v 1.215034 0.028464 -0.450713
v 1.215034 0.129174 -0.450713
v 1.246127 0.129174 -0.453440
v 1.229793 0.129174 -0.457817
v 1.258084 0.129174 -0.441483
v 1.262460 0.129174 -0.425149
v 1.258084 0.129174 -0.408816
v 1.246127 0.129174 -0.396859
v 1.229793 0.129174 -0.392482
v 1.213459 0.129174 -0.396859
v 1.201502 0.129174 -0.408816
v 1.197126 0.129174 -0.425149
v 1.201502 0.129174 -0.441483
v 1.213459 0.129174 -0.453440
v 1.244676 0.135608 -0.450927
v 1.229793 0.135608 -0.454915
v 1.255571 0.135608 -0.440032
v 1.259559 0.135608 -0.425149
v 1.255571 0.135608 -0.410266
v 1.244676 0.135608 -0.399371
v 1.229793 0.135608 -0.395383
v 1.214910 0.135608 -0.399371
v 1.204015 0.135608 -0.410266
v 1.200027 0.135608 -0.425149
v 1.204015 0.135608 -0.440032
v 1.214910 0.135608 -0.450927
v 1.232696 0.140575 -0.430177
v 1.229793 0.140575 -0.430955
v 1.234821 0.140575 -0.428052
v 1.235598 0.140575 -0.425149
v 1.234821 0.140575 -0.422247
v 1.232696 0.140575 -0.420122
v 1.229793 0.140575 -0.419344
v 1.226890 0.140575 -0.420122
v 1.224765 0.140575 -0.422247
v 1.223988 0.140575 -0.425149
v 1.224765 0.140575 -0.428052
v 1.226890 0.140575 -0.430177
v 1.239807 0.140575 -0.442493
v 1.229793 0.140575 -0.445177
v 1.247137 0.140575 -0.435163
v 1.249820 0.140575 -0.425149
v 1.247137 0.140575 -0.415136
v 1.239807 0.140575 -0.407805
v 1.229793 0.140575 -0.405122
v 1.219779 0.140575 -0.407805
v 1.212449 0.140575 -0.415136
v 1.209766 0.140575 -0.425149
v 1.212449 0.140575 -0.435163
v 1.219779 0.140575 -0.442493
v 1.232696 0.142156 -0.430177
v 1.229793 0.142156 -0.430955
v 1.234821 0.142156 -0.428052
v 1.235598 0.142156 -0.425149
v 1.234821 0.142156 -0.422247
v 1.232696 0.142156 -0.420122
v 1.229793 0.142156 -0.419344
v 1.226890 0.142156 -0.420122
v 1.224765 0.142156 -0.422247
v 1.223988 0.142156 -0.425149
v 1.224765 0.142156 -0.428052
v 1.226890 0.142156 -0.430177
v 1.233510 0.144752 -0.431588
v 1.229793 0.144752 -0.432584
v 1.236232 0.144752 -0.428867
v 1.237228 0.144752 -0.425149
v 1.236232 0.144752 -0.421432
v 1.233510 0.144752 -0.418710
v 1.229793 0.144752 -0.417714
v 1.226076 0.144752 -0.418710
v 1.223354 0.144752 -0.421432
v 1.222358 0.144752 -0.425149
v 1.223354 0.144752 -0.428867
v 1.226076 0.144752 -0.431588
v 1.233510 0.151412 -0.431588
v 1.229793 0.151412 -0.432584
v 1.236232 0.151412 -0.428867
v 1.237228 0.151412 -0.425149
v 1.236232 0.151412 -0.421432
v 1.233510 0.151412 -0.418710
v 1.229793 0.151412 -0.417714
v 1.226076 0.151412 -0.418710
v 1.223354 0.151412 -0.421432
v 1.222358 0.151412 -0.425149
v 1.223354 0.151412 -0.428867
v 1.226076 0.151412 -0.431588
v 1.232311 0.154911 -0.429511
v 1.229793 0.154911 -0.430186
v 1.234155 0.154911 -0.427668
v 1.234829 0.154911 -0.425149
v 1.234155 0.154911 -0.422631
v 1.232311 0.154911 -0.420788
v 1.229793 0.154911 -0.420113
v 1.227275 0.154911 -0.420788
v 1.225431 0.154911 -0.422631
v 1.224757 0.154911 -0.425149
v 1.225431 0.154911 -0.427668
v 1.227275 0.154911 -0.429511
v 1.666158 0.025508 -0.478411
v 1.666158 0.120916 -0.478411
v 1.694133 0.025508 -0.470915
v 1.694133 0.120916 -0.470915
v 1.714612 0.025508 -0.450436
v 1.714612 0.120916 -0.450436
v 1.722108 0.025508 -0.422461
v 1.722108 0.120916 -0.422461
v 1.714612 0.025508 -0.394486
v 1.714612 0.120916 -0.394486
v 1.694133 0.025508 -0.374007
v 1.694133 0.120916 -0.374007
v 1.666158 0.025508 -0.366511
v 1.666158 0.120916 -0.366511
v 1.638183 0.025508 -0.374007
v 1.638183 0.120916 -0.374007
v 1.617704 0.025508 -0.394486
v 1.617704 0.120916 -0.394486
v 1.610208 0.025508 -0.422461
v 1.610208 0.120916 -0.422461
v 1.617704 0.025508 -0.450436
v 1.617704 0.120916 -0.450436
v 1.638183 0.025508 -0.470915
v 1.638183 0.120916 -0.470915
v 1.697118 0.120916 -0.476085
v 1.666158 0.120916 -0.484381
v 1.719782 0.120916 -0.453421
v 1.728078 0.120916 -0.422461
v 1.719782 0.120916 -0.391501
v 1.697118 0.120916 -0.368837
v 1.666158 0.120916 -0.360541
v 1.635198 0.120916 -0.368837
v 1.612534 0.120916 -0.391501
v 1.604238 0.120916 -0.422461
v 1.612534 0.120916 -0.453421
v 1.635198 0.120916 -0.476085
v 1.694368 0.137310 -0.471322
v 1.666158 0.137310 -0.478881
v 1.715019 0.137310 -0.450671
v 1.722578 0.137310 -0.422461
v 1.715019 0.137310 -0.394251
v 1.694368 0.137310 -0.373600
v 1.666158 0.137310 -0.366041
v 1.637948 0.137310 -0.373600
v 1.617297 0.137310 -0.394251
v 1.609738 0.137310 -0.422461
v 1.617297 0.137310 -0.450671
v 1.637948 0.137310 -0.471322
v 1.671660 0.149965 -0.431991
v 1.666158 0.149965 -0.433465
v 1.675688 0.149965 -0.427963
v 1.677162 0.149965 -0.422461
v 1.675688 0.149965 -0.416959
v 1.671660 0.149965 -0.412931
v 1.666158 0.149965 -0.411457
v 1.660656 0.149965 -0.412931
v 1.656629 0.149965 -0.416959
v 1.655154 0.149965 -0.422461
v 1.656629 0.149965 -0.427963
v 1.660656 0.149965 -0.431991
v 1.685139 0.149965 -0.455336
v 1.666158 0.149965 -0.460422
v 1.699033 0.149965 -0.441441
v 1.704119 0.149965 -0.422461
v 1.699033 0.149965 -0.403481
v 1.685139 0.149965 -0.389586
v 1.666158 0.149965 -0.384500
v 1.647178 0.149965 -0.389586
v 1.633283 0.149965 -0.403481
v 1.628197 0.149965 -0.422461
v 1.633283 0.149965 -0.441441
v 1.647178 0.149965 -0.455336
v 1.671660 0.153992 -0.431991
v 1.666158 0.153992 -0.433465
v 1.675688 0.153992 -0.427963
v 1.677162 0.153992 -0.422461
v 1.675688 0.153992 -0.416959
v 1.671660 0.153992 -0.412931
v 1.666158 0.153992 -0.411457
v 1.660656 0.153992 -0.412931
v 1.656629 0.153992 -0.416959
v 1.655154 0.153992 -0.422461
v 1.656629 0.153992 -0.427963
v 1.660656 0.153992 -0.431991
v 1.673204 0.160607 -0.434666
v 1.666158 0.160607 -0.436554
v 1.678363 0.160607 -0.429507
v 1.680251 0.160607 -0.422461
v 1.678363 0.160607 -0.415415
v 1.673204 0.160607 -0.410256
v 1.666158 0.160607 -0.408368
v 1.659112 0.160607 -0.410256
v 1.653954 0.160607 -0.415415
v 1.652066 0.160607 -0.422461
v 1.653954 0.160607 -0.429507
v 1.659112 0.160607 -0.434666
v 1.673204 0.177576 -0.434666
v 1.666158 0.177576 -0.436554
v 1.678363 0.177576 -0.429507
v 1.680251 0.177576 -0.422461
v 1.678363 0.177576 -0.415415
v 1.673204 0.177576 -0.410256
v 1.666158 0.177576 -0.408368
v 1.659112 0.177576 -0.410256
v 1.653954 0.177576 -0.415415
v 1.652066 0.177576 -0.422461
v 1.653954 0.177576 -0.429507
v 1.659112 0.177576 -0.434666
v 1.670931 0.186492 -0.430728
v 1.666158 0.186492 -0.432007
v 1.674426 0.186492 -0.427234
v 1.675704 0.186492 -0.422461
v 1.674426 0.186492 -0.417688
v 1.670931 0.186492 -0.414194
v 1.666158 0.186492 -0.412915
v 1.661385 0.186492 -0.414194
v 1.657891 0.186492 -0.417688
v 1.656612 0.186492 -0.422461
v 1.657891 0.186492 -0.427234
v 1.661385 0.186492 -0.430728
v 1.393830 0.028464 -0.454667
v 1.393830 0.144563 -0.454667
v 1.408589 0.028464 -0.450713
v 1.408589 0.144563 -0.450713
v 1.419393 0.028464 -0.439908
v 1.419393 0.144563 -0.439908
v 1.423348 0.028464 -0.425149
v 1.423348 0.144563 -0.425149
v 1.419393 0.028464 -0.410390
v 1.419393 0.144563 -0.410390
v 1.408589 0.028464 -0.399586
v 1.408589 0.144563 -0.399586
v 1.393830 0.028464 -0.395631
v 1.393830 0.144563 -0.395631
v 1.379071 0.028464 -0.399586
v 1.379071 0.144563 -0.399586
v 1.368267 0.028464 -0.410390
v 1.368267 0.144563 -0.410390
v 1.364312 0.028464 -0.425149
v 1.364312 0.144563 -0.425149
v 1.368267 0.028464 -0.439908
v 1.368267 0.144563 -0.439908
v 1.379071 0.028464 -0.450713
v 1.379071 0.144563 -0.450713
v 1.410164 0.144563 -0.453440
v 1.393830 0.144563 -0.457817
v 1.422121 0.144563 -0.441483
v 1.426498 0.144563 -0.425149
v 1.422121 0.144563 -0.408816
v 1.410164 0.144563 -0.396859
v 1.393830 0.144563 -0.392482
v 1.377496 0.144563 -0.396859
v 1.365539 0.144563 -0.408816
v 1.361163 0.144563 -0.425149
v 1.365539 0.144563 -0.441483
v 1.377496 0.144563 -0.453440
v 1.408713 0.151981 -0.450927
v 1.393830 0.151981 -0.454915
v 1.419608 0.151981 -0.440032
v 1.423596 0.151981 -0.425149
v 1.419608 0.151981 -0.410266
v 1.408713 0.151981 -0.399371
v 1.393830 0.151981 -0.395383
v 1.378947 0.151981 -0.399371
v 1.368052 0.151981 -0.410266
v 1.364064 0.151981 -0.425149
v 1.368052 0.151981 -0.440032
v 1.378947 0.151981 -0.450927
v 1.396733 0.157706 -0.430177
v 1.393830 0.157706 -0.430955
v 1.398858 0.157706 -0.428052
v 1.399636 0.157706 -0.425149
v 1.398858 0.157706 -0.422247
v 1.396733 0.157706 -0.420122
v 1.393830 0.157706 -0.419344
v 1.390928 0.157706 -0.420122
v 1.388803 0.157706 -0.422247
v 1.388025 0.157706 -0.425149
v 1.388803 0.157706 -0.428052
v 1.390928 0.157706 -0.430177
v 1.403844 0.157706 -0.442493
v 1.393830 0.157706 -0.445177
v 1.411174 0.157706 -0.435163
v 1.413857 0.157706 -0.425149
v 1.411174 0.157706 -0.415136
v 1.403844 0.157706 -0.407805
v 1.393830 0.157706 -0.405122
v 1.383816 0.157706 -0.407805
v 1.376486 0.157706 -0.415136
v 1.373803 0.157706 -0.425149
v 1.376486 0.157706 -0.435163
v 1.383816 0.157706 -0.442493
v 1.396733 0.159528 -0.430177
v 1.393830 0.159528 -0.430955
v 1.398858 0.159528 -0.428052
v 1.399636 0.159528 -0.425149
v 1.398858 0.159528 -0.422247
v 1.396733 0.159528 -0.420122
v 1.393830 0.159528 -0.419344
v 1.390928 0.159528 -0.420122
v 1.388803 0.159528 -0.422247
v 1.388025 0.159528 -0.425149
v 1.388803 0.159528 -0.428052
v 1.390928 0.159528 -0.430177
v 1.397548 0.162521 -0.431588
v 1.393830 0.162521 -0.432584
v 1.400269 0.162521 -0.428867
v 1.401265 0.162521 -0.425149
v 1.400269 0.162521 -0.421432
v 1.397548 0.162521 -0.418710
v 1.393830 0.162521 -0.417714
v 1.390113 0.162521 -0.418710
v 1.387391 0.162521 -0.421432
v 1.386395 0.162521 -0.425149
v 1.387391 0.162521 -0.428867
v 1.390113 0.162521 -0.431588
v 1.397548 0.170199 -0.431588
v 1.393830 0.170199 -0.432584
v 1.400269 0.170199 -0.428867
v 1.401265 0.170199 -0.425149
v 1.400269 0.170199 -0.421432
v 1.397548 0.170199 -0.418710
v 1.393830 0.170199 -0.417714
v 1.390113 0.170199 -0.418710
v 1.387391 0.170199 -0.421432
v 1.386395 0.170199 -0.425149
v 1.387391 0.170199 -0.428867
v 1.390113 0.170199 -0.431588
v 1.396348 0.174233 -0.429511
v 1.393830 0.174233 -0.430186
v 1.398192 0.174233 -0.427668
v 1.398867 0.174233 -0.425149
v 1.398192 0.174233 -0.422631
v 1.396348 0.174233 -0.420788
v 1.393830 0.174233 -0.420113
v 1.391312 0.174233 -0.420788
v 1.389468 0.174233 -0.422631
v 1.388794 0.174233 -0.425149
v 1.389468 0.174233 -0.427668
v 1.391312 0.174233 -0.429511
v 1.806265 0.025508 -0.478411
v 1.806265 0.107330 -0.478411
v 1.834240 0.025508 -0.470915
v 1.834240 0.107330 -0.470915
v 1.854720 0.025508 -0.450436
v 1.854720 0.107330 -0.450436
v 1.862216 0.025508 -0.422461
v 1.862216 0.107330 -0.422461
v 1.854720 0.025508 -0.394486
v 1.854720 0.107330 -0.394486
v 1.834240 0.025508 -0.374007
v 1.834240 0.107330 -0.374007
v 1.806265 0.025508 -0.366511
v 1.806265 0.107330 -0.366511
v 1.778291 0.025508 -0.374007
v 1.778291 0.107330 -0.374007
v 1.757811 0.025508 -0.394486
v 1.757811 0.107330 -0.394486
v 1.750316 0.025508 -0.422461
v 1.750316 0.107330 -0.422461
v 1.757811 0.025508 -0.450436
v 1.757811 0.107330 -0.450436
v 1.778291 0.025508 -0.470915
v 1.778291 0.107330 -0.470915
v 1.837225 0.107330 -0.476085
v 1.806265 0.107330 -0.484381
v 1.859890 0.107330 -0.453421
v 1.868185 0.107330 -0.422461
v 1.859890 0.107330 -0.391501
v 1.837225 0.107330 -0.368837
v 1.806265 0.107330 -0.360541
v 1.775306 0.107330 -0.368837
v 1.752641 0.107330 -0.391501
v 1.744346 0.107330 -0.422461
v 1.752641 0.107330 -0.453421
v 1.775306 0.107330 -0.476085
v 1.834476 0.121390 -0.471322
v 1.806265 0.121390 -0.478881
v 1.855127 0.121390 -0.450671
v 1.862686 0.121390 -0.422461
v 1.855127 0.121390 -0.394251
v 1.834476 0.121390 -0.373600
v 1.806265 0.121390 -0.366041
v 1.778055 0.121390 -0.373600
v 1.757404 0.121390 -0.394251
v 1.749845 0.121390 -0.422461
v 1.757404 0.121390 -0.450671
v 1.778055 0.121390 -0.471322
v 1.811767 0.132243 -0.431991
v 1.806265 0.132243 -0.433465
v 1.815795 0.132243 -0.427963
v 1.817269 0.132243 -0.422461
v 1.815795 0.132243 -0.416959
v 1.811767 0.132243 -0.412931
v 1.806265 0.132243 -0.411457
v 1.800764 0.132243 -0.412931
v 1.796736 0.132243 -0.416959
v 1.795262 0.132243 -0.422461
v 1.796736 0.132243 -0.427963
v 1.800764 0.132243 -0.431991
v 1.825246 0.132243 -0.455336
v 1.806265 0.132243 -0.460422
v 1.839141 0.132243 -0.441441
v 1.844226 0.132243 -0.422461
v 1.839141 0.132243 -0.403481
v 1.825246 0.132243 -0.389586
v 1.806265 0.132243 -0.384500
v 1.787285 0.132243 -0.389586
v 1.773390 0.132243 -0.403481
v 1.768305 0.132243 -0.422461
v 1.773390 0.132243 -0.441441
v 1.787285 0.132243 -0.455336
v 1.811767 0.135696 -0.431991
v 1.806265 0.135696 -0.433465
v 1.815795 0.135696 -0.427963
v 1.817269 0.135696 -0.422461
v 1.815795 0.135696 -0.416959
v 1.811767 0.135696 -0.412931
v 1.806265 0.135696 -0.411457
v 1.800764 0.135696 -0.412931
v 1.796736 0.135696 -0.416959
v 1.795262 0.135696 -0.422461
v 1.796736 0.135696 -0.427963
v 1.800764 0.135696 -0.431991
v 1.813312 0.141370 -0.434666
v 1.806265 0.141370 -0.436554
v 1.818470 0.141370 -0.429507
v 1.820358 0.141370 -0.422461
v 1.818470 0.141370 -0.415415
v 1.813312 0.141370 -0.410256
v 1.806265 0.141370 -0.408368
v 1.799219 0.141370 -0.410256
v 1.794061 0.141370 -0.415415
v 1.792173 0.141370 -0.422461
v 1.794061 0.141370 -0.429507
v 1.799219 0.141370 -0.434666
v 1.813312 0.155923 -0.434666
v 1.806265 0.155923 -0.436554
v 1.818470 0.155923 -0.429507
v 1.820358 0.155923 -0.422461
v 1.818470 0.155923 -0.415415
v 1.813312 0.155923 -0.410256
v 1.806265 0.155923 -0.408368
v 1.799219 0.155923 -0.410256
v 1.794061 0.155923 -0.415415
v 1.792173 0.155923 -0.422461
v 1.794061 0.155923 -0.429507
v 1.799219 0.155923 -0.434666
v 1.811039 0.163569 -0.430728
v 1.806265 0.163569 -0.432007
v 1.814533 0.163569 -0.427234
v 1.815812 0.163569 -0.422461
v 1.814533 0.163569 -0.417688
v 1.811039 0.163569 -0.414194
v 1.806265 0.163569 -0.412915
v 1.801492 0.163569 -0.414194
v 1.797998 0.163569 -0.417688
v 1.796719 0.163569 -0.422461
v 1.797998 0.163569 -0.427234
v 1.801492 0.163569 -0.430728
v 1.360361 0.624792 -0.366571
v 1.375418 0.636269 -0.358360
v 1.334619 0.624792 -0.339547
v 1.343553 0.636269 -0.324907
v 1.298814 0.624792 -0.329014
v 1.262539 0.624792 -0.337795
v 1.235515 0.624792 -0.363537
v 1.220875 0.636269 -0.354603
v 1.224982 0.624792 -0.399342
v 1.207837 0.636269 -0.398925
v 1.233763 0.624792 -0.435617
v 1.218706 0.636269 -0.443829
v 1.259505 0.624792 -0.462641
v 1.250571 0.636269 -0.477281
v 1.295310 0.624792 -0.473174
v 1.294894 0.636269 -0.490319
v 1.331585 0.624792 -0.464393
v 1.339797 0.636269 -0.479450
v 1.358609 0.624792 -0.438651
v 1.373249 0.636269 -0.447585
v 1.369142 0.624792 -0.402846
v 1.386287 0.636269 -0.403263
v 1.351937 0.662529 -0.311168
v 1.389548 0.662529 -0.350653
v 1.299622 0.662529 -0.295779
v 1.246621 0.662529 -0.308609
v 1.207136 0.662529 -0.346220
v 1.191747 0.662529 -0.398534
v 1.204576 0.662529 -0.451535
v 1.242188 0.662529 -0.491020
v 1.294502 0.662529 -0.506409
v 1.347503 0.662529 -0.493580
v 1.386988 0.662529 -0.455968
v 1.402377 0.662529 -0.403654
v 1.254328 0.636269 -0.322738
v 1.299231 0.636269 -0.311869
v 1.357708 0.626687 -0.368018
v 1.333045 0.626687 -0.342127
v 1.341388 0.636287 -0.328456
v 1.371768 0.636287 -0.360350
v 1.298741 0.626687 -0.332035
v 1.299130 0.636287 -0.316025
v 1.263986 0.626687 -0.340448
v 1.256318 0.636287 -0.326388
v 1.238095 0.626687 -0.365111
v 1.224424 0.636287 -0.356769
v 1.228003 0.626687 -0.399416
v 1.211993 0.636287 -0.399026
v 1.236416 0.626687 -0.434170
v 1.222356 0.636287 -0.441838
v 1.261079 0.626687 -0.460062
v 1.252737 0.636287 -0.473733
v 1.295384 0.626687 -0.470153
v 1.294994 0.636287 -0.486164
v 1.330138 0.626687 -0.461740
v 1.337806 0.636287 -0.475800
v 1.356030 0.626687 -0.437077
v 1.369701 0.636287 -0.445419
v 1.366121 0.626687 -0.402773
v 1.382132 0.636287 -0.403162
v 1.349768 0.662540 -0.314722
v 1.385893 0.662540 -0.352647
v 1.299521 0.662540 -0.299941
v 1.210690 0.662540 -0.348388
v 1.248615 0.662540 -0.312263
v 1.195909 0.662540 -0.398636
v 1.208231 0.662540 -0.449542
v 1.244356 0.662540 -0.487466
v 1.294604 0.662540 -0.502247
v 1.345510 0.662540 -0.489925
v 1.383434 0.662540 -0.453800
v 1.398216 0.662540 -0.403553
v 1.365619 0.639124 -0.366591
v 1.380803 0.650796 -0.358904
v 1.339886 0.640631 -0.339601
v 1.348948 0.652661 -0.325494
v 1.304085 0.641501 -0.329088
v 1.267811 0.641501 -0.337869
v 1.240782 0.640631 -0.363591
v 1.226271 0.652661 -0.355190
v 1.230240 0.639124 -0.399362
v 1.213222 0.650796 -0.399470
v 1.239012 0.637384 -0.435597
v 1.224080 0.648642 -0.444324
v 1.264745 0.635877 -0.462587
v 1.255935 0.646776 -0.477734
v 1.300546 0.635007 -0.473100
v 1.300251 0.645699 -0.490748
v 1.336820 0.635007 -0.464319
v 1.345154 0.645699 -0.479879
v 1.363850 0.635877 -0.438597
v 1.378612 0.646776 -0.448038
v 1.374391 0.637384 -0.402826
v 1.391661 0.648642 -0.403758
v 1.357623 0.679423 -0.312957
v 1.395222 0.677221 -0.352392
v 1.305315 0.680694 -0.297596
v 1.252315 0.680694 -0.310426
v 1.212823 0.679423 -0.348008
v 1.197421 0.677221 -0.400273
v 1.210237 0.674679 -0.453216
v 1.247836 0.672477 -0.492651
v 1.300144 0.671206 -0.508012
v 1.353144 0.671206 -0.495182
v 1.392636 0.672477 -0.457600
v 1.408038 0.674679 -0.405335
v 1.259729 0.653738 -0.323350
v 1.304632 0.653738 -0.312480
v 1.362987 0.640981 -0.368123
v 1.338332 0.642425 -0.342264
v 1.346782 0.652542 -0.329040
v 1.377153 0.650763 -0.360894
v 1.304032 0.643258 -0.332192
v 1.304530 0.653569 -0.316632
v 1.269278 0.643258 -0.340605
v 1.261719 0.653569 -0.326996
v 1.243382 0.642425 -0.365249
v 1.229818 0.652542 -0.357353
v 1.233282 0.640981 -0.399520
v 1.217378 0.650763 -0.399571
v 1.241686 0.639314 -0.434237
v 1.227730 0.648710 -0.442336
v 1.266341 0.637870 -0.460096
v 1.258101 0.646931 -0.474190
v 1.300641 0.637037 -0.470168
v 1.300353 0.645905 -0.486598
v 1.335395 0.637037 -0.461755
v 1.343165 0.645905 -0.476234
v 1.361291 0.637870 -0.437111
v 1.375065 0.646931 -0.445877
v 1.371391 0.639314 -0.402840
v 1.387506 0.648710 -0.403659
v 1.355454 0.679296 -0.316508
v 1.391567 0.677182 -0.354385
v 1.305213 0.680517 -0.301754
v 1.216376 0.679296 -0.350174
v 1.254307 0.680517 -0.314077
v 1.201583 0.677182 -0.400374
v 1.213892 0.674740 -0.451224
v 1.250005 0.672625 -0.489101
v 1.300246 0.671404 -0.503855
v 1.351152 0.671404 -0.491532
v 1.389083 0.672625 -0.455435
v 1.403876 0.674740 -0.405235
v 1.863455 0.823115 -0.385676
v 1.856308 0.903685 -0.385491
v 1.867504 0.823115 -0.402517
v 1.861221 0.903685 -0.405930
v 1.879430 0.823115 -0.415077
v 1.875696 0.903685 -0.421175
v 1.896039 0.823115 -0.419991
v 1.895854 0.903685 -0.427139
v 1.912880 0.823115 -0.415943
v 1.916293 0.903685 -0.422226
v 1.925440 0.823115 -0.404017
v 1.931538 0.903685 -0.407751
v 1.930354 0.823115 -0.387408
v 1.937502 0.903685 -0.387593
v 1.926306 0.823115 -0.370567
v 1.932589 0.903685 -0.367153
v 1.914380 0.823115 -0.358007
v 1.918114 0.903685 -0.351909
v 1.897771 0.823115 -0.353092
v 1.897956 0.903685 -0.345945
v 1.880930 0.823115 -0.357141
v 1.877517 0.903685 -0.350858
v 1.868370 0.823115 -0.369067
v 1.862272 0.903685 -0.365333
v 1.845313 0.874546 -0.385206
v 1.851557 0.874546 -0.411181
v 1.869952 0.874546 -0.430554
v 1.895569 0.874546 -0.438134
v 1.921544 0.874546 -0.431890
v 1.940917 0.874546 -0.413495
v 1.948497 0.874546 -0.387878
v 1.942253 0.874546 -0.361903
v 1.923858 0.874546 -0.342530
v 1.898241 0.874546 -0.334950
v 1.872266 0.874546 -0.341194
v 1.852893 0.874546 -0.359589
v 1.852471 0.835357 -0.410684
v 1.870495 0.835357 -0.429667
v 1.895596 0.835357 -0.437094
v 1.921047 0.835357 -0.430976
v 1.940030 0.835357 -0.412951
v 1.947457 0.835357 -0.387851
v 1.941339 0.835357 -0.362399
v 1.923314 0.835357 -0.343417
v 1.898214 0.835357 -0.335990
v 1.872762 0.835357 -0.342108
v 1.853780 0.835357 -0.360132
v 1.846353 0.835357 -0.385233
v 1.857414 0.903685 -0.407999
v 1.851976 0.903685 -0.385379
v 1.873433 0.903685 -0.424870
v 1.895742 0.903685 -0.431471
v 1.918362 0.903685 -0.426033
v 1.935233 0.903685 -0.410014
v 1.941834 0.903685 -0.387705
v 1.936396 0.903685 -0.365085
v 1.920377 0.903685 -0.348214
v 1.898068 0.903685 -0.341613
v 1.875448 0.903685 -0.347051
v 1.858577 0.903685 -0.363070
v 1.860921 0.913890 -0.406093
v 1.855966 0.913890 -0.385482
v 1.875518 0.913890 -0.421466
v 1.895845 0.913890 -0.427480
v 1.916456 0.913890 -0.422526
v 1.931829 0.913890 -0.407929
v 1.937843 0.913890 -0.387602
v 1.932889 0.913890 -0.366991
v 1.918292 0.913890 -0.351618
v 1.897965 0.913890 -0.345603
v 1.877354 0.913890 -0.350558
v 1.861981 0.913890 -0.365155
v 1.889887 0.921768 -0.390355
v 1.888921 0.921768 -0.386335
v 1.892734 0.921768 -0.393353
v 1.896698 0.921768 -0.394526
v 1.900718 0.921768 -0.393560
v 1.903716 0.921768 -0.390713
v 1.904889 0.921768 -0.386749
v 1.903923 0.921768 -0.382729
v 1.901076 0.921768 -0.379731
v 1.897112 0.921768 -0.378557
v 1.893092 0.921768 -0.379524
v 1.890094 0.921768 -0.382371
v 1.872694 0.921768 -0.399696
v 1.869360 0.921768 -0.385829
v 1.882515 0.921768 -0.410039
v 1.896192 0.921768 -0.414086
v 1.910059 0.921768 -0.410753
v 1.920403 0.921768 -0.400932
v 1.924449 0.921768 -0.387255
v 1.921116 0.921768 -0.373387
v 1.911295 0.921768 -0.363044
v 1.897618 0.921768 -0.358997
v 1.883750 0.921768 -0.362331
v 1.873407 0.921768 -0.372152
v 1.889887 0.924274 -0.390355
v 1.888921 0.924274 -0.386335
v 1.892734 0.924274 -0.393353
v 1.896698 0.924274 -0.394526
v 1.900718 0.924274 -0.393560
v 1.903716 0.924274 -0.390713
v 1.904889 0.924274 -0.386749
v 1.903923 0.924274 -0.382729
v 1.901076 0.924274 -0.379731
v 1.897112 0.924274 -0.378557
v 1.893092 0.924274 -0.379524
v 1.890094 0.924274 -0.382371
v 1.887917 0.928392 -0.391425
v 1.886679 0.928392 -0.386277
v 1.891563 0.928392 -0.395265
v 1.896640 0.928392 -0.396767
v 1.901788 0.928392 -0.395530
v 1.905628 0.928392 -0.391884
v 1.907130 0.928392 -0.386807
v 1.905893 0.928392 -0.381658
v 1.902247 0.928392 -0.377819
v 1.897170 0.928392 -0.376316
v 1.892021 0.928392 -0.377554
v 1.888182 0.928392 -0.381200
v 1.887917 0.938955 -0.391425
v 1.886679 0.938955 -0.386277
v 1.891563 0.938955 -0.395265
v 1.896640 0.938955 -0.396767
v 1.901788 0.938955 -0.395530
v 1.905628 0.938955 -0.391884
v 1.907130 0.938955 -0.386807
v 1.905893 0.938955 -0.381658
v 1.902247 0.938955 -0.377819
v 1.897170 0.938955 -0.376316
v 1.892021 0.938955 -0.377554
v 1.888182 0.938955 -0.381200
v 1.890816 0.944505 -0.389850
v 1.889978 0.944505 -0.386362
v 1.893286 0.944505 -0.392451
v 1.896726 0.944505 -0.393469
v 1.900213 0.944505 -0.392630
v 1.902814 0.944505 -0.390161
v 1.903832 0.944505 -0.386721
v 1.902993 0.944505 -0.383234
v 1.900524 0.944505 -0.380633
v 1.897084 0.944505 -0.379615
v 1.893597 0.944505 -0.380453
v 1.890996 0.944505 -0.382923
v 1.849293 0.894577 -0.385309
v 1.855056 0.894577 -0.409280
v 1.872031 0.894577 -0.427158
v 1.895672 0.894577 -0.434153
v 1.919643 0.894577 -0.428391
v 1.937521 0.894577 -0.411415
v 1.944517 0.894577 -0.387775
v 1.938754 0.894577 -0.363804
v 1.921778 0.894577 -0.345925
v 1.898138 0.894577 -0.338930
v 1.874167 0.894577 -0.344693
v 1.856288 0.894577 -0.361668
v 1.923721 0.895287 -0.328359
v 1.925274 0.880329 -0.325823
v 1.906067 0.895287 -0.323135
v 1.906144 0.880329 -0.320162
v 1.924439 0.902426 -0.317010
v 1.927136 0.894435 -0.309860
v 1.911640 0.902426 -0.313223
v 1.913267 0.894435 -0.305757
v 1.870601 0.896477 -0.445470
v 1.869828 0.882411 -0.445577
v 1.886908 0.896477 -0.450296
v 1.887498 0.882411 -0.450806
v 1.867387 0.889836 -0.463427
v 1.868271 0.880306 -0.458527
v 1.879833 0.889836 -0.467109
v 1.881758 0.880306 -0.462517
v 1.864576 0.870549 -0.472926
v 1.867064 0.868829 -0.462607
v 1.877023 0.870549 -0.476608
v 1.880551 0.868829 -0.466598
v 1.863697 0.854563 -0.471747
v 1.866411 0.859393 -0.460316
v 1.878402 0.854563 -0.476098
v 1.882345 0.859393 -0.465031
v 1.868028 0.837634 -0.457110
v 1.868990 0.849040 -0.451601
v 1.882733 0.837634 -0.461461
v 1.884924 0.849040 -0.456315
v 1.873247 0.836336 -0.443530
v 1.872757 0.847118 -0.443265
v 1.885744 0.836336 -0.447228
v 1.886299 0.847118 -0.447272
v 1.877772 0.838123 -0.436227
v 1.877453 0.845154 -0.436054
v 1.885921 0.838123 -0.438638
v 1.886283 0.845154 -0.438667
v 1.566272 0.624554 -0.454667
v 1.566272 0.721507 -0.454667
v 1.581031 0.624554 -0.450713
v 1.581031 0.721507 -0.450713
v 1.591836 0.624554 -0.439908
v 1.591836 0.721507 -0.439908
v 1.595790 0.624554 -0.425149
v 1.595790 0.721507 -0.425149
v 1.591836 0.624554 -0.410390
v 1.591836 0.721507 -0.410390
v 1.581031 0.624554 -0.399586
v 1.581031 0.721507 -0.399586
v 1.566272 0.624554 -0.395631
v 1.566272 0.721507 -0.395631
v 1.551513 0.624554 -0.399586
v 1.551513 0.721507 -0.399586
v 1.540709 0.624554 -0.410390
v 1.540709 0.721507 -0.410390
v 1.536755 0.624554 -0.425149
v 1.536755 0.721507 -0.425149
v 1.540709 0.624554 -0.439908
v 1.540709 0.721507 -0.439908
v 1.551513 0.624554 -0.450713
v 1.551513 0.721507 -0.450713
v 1.582606 0.721507 -0.453440
v 1.566272 0.721507 -0.457817
v 1.594563 0.721507 -0.441483
v 1.598940 0.721507 -0.425149
v 1.594563 0.721507 -0.408816
v 1.582606 0.721507 -0.396858
v 1.566272 0.721507 -0.392482
v 1.549939 0.721507 -0.396858
v 1.537982 0.721507 -0.408816
v 1.533605 0.721507 -0.425149
v 1.537982 0.721507 -0.441483
v 1.549939 0.721507 -0.453440
v 1.581155 0.727701 -0.450927
v 1.566272 0.727701 -0.454915
v 1.592051 0.727701 -0.440032
v 1.596038 0.727701 -0.425149
v 1.592051 0.727701 -0.410266
v 1.581155 0.727701 -0.399371
v 1.566272 0.727701 -0.395383
v 1.551389 0.727701 -0.399371
v 1.540494 0.727701 -0.410266
v 1.536506 0.727701 -0.425149
v 1.540494 0.727701 -0.440032
v 1.551389 0.727701 -0.450927
v 1.569175 0.732483 -0.430177
v 1.566272 0.732483 -0.430955
v 1.571300 0.732483 -0.428052
v 1.572078 0.732483 -0.425149
v 1.571300 0.732483 -0.422247
v 1.569175 0.732483 -0.420122
v 1.566272 0.732483 -0.419344
v 1.563370 0.732483 -0.420122
v 1.561245 0.732483 -0.422247
v 1.560467 0.732483 -0.425149
v 1.561245 0.732483 -0.428052
v 1.563370 0.732483 -0.430177
v 1.576286 0.732483 -0.442493
v 1.566272 0.732483 -0.445177
v 1.583616 0.732483 -0.435163
v 1.586300 0.732483 -0.425149
v 1.583616 0.732483 -0.415136
v 1.576286 0.732483 -0.407805
v 1.566272 0.732483 -0.405122
v 1.556259 0.732483 -0.407805
v 1.548928 0.732483 -0.415136
v 1.546245 0.732483 -0.425149
v 1.548928 0.732483 -0.435163
v 1.556259 0.732483 -0.442493
v 1.569175 0.734004 -0.430177
v 1.566272 0.734004 -0.430955
v 1.571300 0.734004 -0.428052
v 1.572078 0.734004 -0.425149
v 1.571300 0.734004 -0.422247
v 1.569175 0.734004 -0.420122
v 1.566272 0.734004 -0.419344
v 1.563370 0.734004 -0.420122
v 1.561245 0.734004 -0.422247
v 1.560467 0.734004 -0.425149
v 1.561245 0.734004 -0.428052
v 1.563370 0.734004 -0.430177
v 1.569990 0.736503 -0.431588
v 1.566272 0.736503 -0.432584
v 1.572711 0.736503 -0.428867
v 1.573707 0.736503 -0.425149
v 1.572711 0.736503 -0.421432
v 1.569990 0.736503 -0.418710
v 1.566272 0.736503 -0.417714
v 1.562555 0.736503 -0.418710
v 1.559834 0.736503 -0.421432
v 1.558837 0.736503 -0.425149
v 1.559834 0.736503 -0.428867
v 1.562555 0.736503 -0.431588
v 1.569990 0.742915 -0.431588
v 1.566272 0.742915 -0.432584
v 1.572711 0.742915 -0.428867
v 1.573707 0.742915 -0.425149
v 1.572711 0.742915 -0.421432
v 1.569990 0.742915 -0.418710
v 1.566272 0.742915 -0.417714
v 1.562555 0.742915 -0.418710
v 1.559834 0.742915 -0.421432
v 1.558837 0.742915 -0.425149
v 1.559834 0.742915 -0.428867
v 1.562555 0.742915 -0.431588
v 1.568791 0.746284 -0.429511
v 1.566272 0.746284 -0.430186
v 1.570634 0.746284 -0.427667
v 1.571309 0.746284 -0.425149
v 1.570634 0.746284 -0.422631
v 1.568791 0.746284 -0.420788
v 1.566272 0.746284 -0.420113
v 1.563754 0.746284 -0.420788
v 1.561911 0.746284 -0.422631
v 1.561236 0.746284 -0.425149
v 1.561911 0.746284 -0.427667
v 1.563754 0.746284 -0.429511
v 1.486619 0.624554 -0.454667
v 1.486619 0.725265 -0.454667
v 1.501378 0.624554 -0.450713
v 1.501378 0.725265 -0.450713
v 1.512183 0.624554 -0.439908
v 1.512183 0.725265 -0.439908
v 1.516137 0.624554 -0.425149
v 1.516137 0.725265 -0.425149
v 1.512183 0.624554 -0.410390
v 1.512183 0.725265 -0.410390
v 1.501378 0.624554 -0.399586
v 1.501378 0.725265 -0.399586
v 1.486619 0.624554 -0.395631
v 1.486619 0.725265 -0.395631
v 1.471861 0.624554 -0.399586
v 1.471861 0.725265 -0.399586
v 1.461056 0.624554 -0.410390
v 1.461056 0.725265 -0.410390
v 1.457102 0.624554 -0.425149
v 1.457102 0.725265 -0.425149
v 1.461056 0.624554 -0.439908
v 1.461056 0.725265 -0.439908
v 1.471861 0.624554 -0.450713
v 1.471861 0.725265 -0.450713
v 1.502953 0.725265 -0.453440
v 1.486619 0.725265 -0.457817
v 1.514910 0.725265 -0.441483
v 1.519287 0.725265 -0.425149
v 1.514910 0.725265 -0.408816
v 1.502953 0.725265 -0.396858
v 1.486619 0.725265 -0.392482
v 1.470286 0.725265 -0.396858
v 1.458329 0.725265 -0.408816
v 1.453952 0.725265 -0.425149
v 1.458329 0.725265 -0.441483
v 1.470286 0.725265 -0.453440
v 1.501502 0.731699 -0.450927
v 1.486619 0.731699 -0.454915
v 1.512398 0.731699 -0.440032
v 1.516385 0.731699 -0.425149
v 1.512398 0.731699 -0.410266
v 1.501502 0.731699 -0.399371
v 1.486619 0.731699 -0.395383
v 1.471736 0.731699 -0.399371
v 1.460841 0.731699 -0.410266
v 1.456853 0.731699 -0.425149
v 1.460841 0.731699 -0.440032
v 1.471736 0.731699 -0.450927
v 1.489522 0.736666 -0.430177
v 1.486619 0.736666 -0.430955
v 1.491647 0.736666 -0.428052
v 1.492425 0.736666 -0.425149
v 1.491647 0.736666 -0.422247
v 1.489522 0.736666 -0.420122
v 1.486619 0.736666 -0.419344
v 1.483717 0.736666 -0.420122
v 1.481592 0.736666 -0.422247
v 1.480814 0.736666 -0.425149
v 1.481592 0.736666 -0.428052
v 1.483717 0.736666 -0.430177
v 1.496633 0.736666 -0.442493
v 1.486619 0.736666 -0.445177
v 1.503963 0.736666 -0.435163
v 1.506647 0.736666 -0.425149
v 1.503963 0.736666 -0.415136
v 1.496633 0.736666 -0.407805
v 1.486619 0.736666 -0.405122
v 1.476606 0.736666 -0.407805
v 1.469275 0.736666 -0.415136
v 1.466592 0.736666 -0.425149
v 1.469275 0.736666 -0.435163
v 1.476606 0.736666 -0.442493
v 1.489522 0.738246 -0.430177
v 1.486619 0.738246 -0.430955
v 1.491647 0.738246 -0.428052
v 1.492425 0.738246 -0.425149
v 1.491647 0.738246 -0.422247
v 1.489522 0.738246 -0.420122
v 1.486619 0.738246 -0.419344
v 1.483717 0.738246 -0.420122
v 1.481592 0.738246 -0.422247
v 1.480814 0.738246 -0.425149
v 1.481592 0.738246 -0.428052
v 1.483717 0.738246 -0.430177
v 1.490337 0.740842 -0.431588
v 1.486619 0.740842 -0.432584
v 1.493058 0.740842 -0.428867
v 1.494054 0.740842 -0.425149
v 1.493058 0.740842 -0.421432
v 1.490337 0.740842 -0.418710
v 1.486619 0.740842 -0.417714
v 1.482902 0.740842 -0.418710
v 1.480181 0.740842 -0.421432
v 1.479184 0.740842 -0.425149
v 1.480181 0.740842 -0.428867
v 1.482902 0.740842 -0.431588
v 1.490337 0.747503 -0.431588
v 1.486619 0.747503 -0.432584
v 1.493058 0.747503 -0.428867
v 1.494054 0.747503 -0.425149
v 1.493058 0.747503 -0.421432
v 1.490337 0.747503 -0.418710
v 1.486619 0.747503 -0.417714
v 1.482902 0.747503 -0.418710
v 1.480181 0.747503 -0.421432
v 1.479184 0.747503 -0.425149
v 1.480181 0.747503 -0.428867
v 1.482902 0.747503 -0.431588
v 1.489138 0.751002 -0.429511
v 1.486619 0.751002 -0.430186
v 1.490981 0.751002 -0.427667
v 1.491656 0.751002 -0.425149
v 1.490981 0.751002 -0.422631
v 1.489138 0.751002 -0.420788
v 1.486619 0.751002 -0.420113
v 1.484101 0.751002 -0.420788
v 1.482258 0.751002 -0.422631
v 1.481583 0.751002 -0.425149
v 1.482258 0.751002 -0.427667
v 1.484101 0.751002 -0.429511
v 1.922984 0.621598 -0.478411
v 1.922984 0.717007 -0.478411
v 1.950959 0.621598 -0.470915
v 1.950959 0.717007 -0.470915
v 1.971438 0.621598 -0.450436
v 1.971438 0.717007 -0.450436
v 1.978934 0.621598 -0.422461
v 1.978934 0.717007 -0.422461
v 1.971438 0.621598 -0.394486
v 1.971438 0.717007 -0.394486
v 1.950959 0.621598 -0.374007
v 1.950959 0.717007 -0.374007
v 1.922984 0.621598 -0.366511
v 1.922984 0.717007 -0.366511
v 1.895009 0.621598 -0.374007
v 1.895009 0.717007 -0.374007
v 1.874530 0.621598 -0.394486
v 1.874530 0.717007 -0.394486
v 1.867034 0.621598 -0.422461
v 1.867034 0.717007 -0.422461
v 1.874530 0.621598 -0.450436
v 1.874530 0.717007 -0.450436
v 1.895009 0.621598 -0.470915
v 1.895009 0.717007 -0.470915
v 1.953944 0.717007 -0.476085
v 1.922984 0.717007 -0.484381
v 1.976608 0.717007 -0.453421
v 1.984904 0.717007 -0.422461
v 1.976608 0.717007 -0.391501
v 1.953944 0.717007 -0.368837
v 1.922984 0.717007 -0.360541
v 1.892024 0.717007 -0.368837
v 1.869360 0.717007 -0.391501
v 1.861065 0.717007 -0.422461
v 1.869360 0.717007 -0.453421
v 1.892024 0.717007 -0.476085
v 1.951194 0.733401 -0.471322
v 1.922984 0.733401 -0.478881
v 1.971846 0.733401 -0.450671
v 1.979405 0.733401 -0.422461
v 1.971846 0.733401 -0.394251
v 1.951194 0.733401 -0.373600
v 1.922984 0.733401 -0.366041
v 1.894774 0.733401 -0.373600
v 1.874123 0.733401 -0.394251
v 1.866564 0.733401 -0.422461
v 1.874123 0.733401 -0.450671
v 1.894774 0.733401 -0.471322
v 1.928486 0.746056 -0.431991
v 1.922984 0.746056 -0.433465
v 1.932514 0.746056 -0.427963
v 1.933988 0.746056 -0.422461
v 1.932514 0.746056 -0.416959
v 1.928486 0.746056 -0.412931
v 1.922984 0.746056 -0.411457
v 1.917482 0.746056 -0.412931
v 1.913455 0.746056 -0.416959
v 1.911981 0.746056 -0.422461
v 1.913455 0.746056 -0.427963
v 1.917482 0.746056 -0.431991
v 1.941965 0.746056 -0.455336
v 1.922984 0.746056 -0.460422
v 1.955859 0.746056 -0.441441
v 1.960945 0.746056 -0.422461
v 1.955859 0.746056 -0.403480
v 1.941965 0.746056 -0.389586
v 1.922984 0.746056 -0.384500
v 1.904004 0.746056 -0.389586
v 1.890109 0.746056 -0.403480
v 1.885023 0.746056 -0.422461
v 1.890109 0.746056 -0.441441
v 1.904004 0.746056 -0.455336
v 1.928486 0.750082 -0.431991
v 1.922984 0.750082 -0.433465
v 1.932514 0.750082 -0.427963
v 1.933988 0.750082 -0.422461
v 1.932514 0.750082 -0.416959
v 1.928486 0.750082 -0.412931
v 1.922984 0.750082 -0.411457
v 1.917482 0.750082 -0.412931
v 1.913455 0.750082 -0.416959
v 1.911981 0.750082 -0.422461
v 1.913455 0.750082 -0.427963
v 1.917482 0.750082 -0.431991
v 1.930031 0.756698 -0.434666
v 1.922984 0.756698 -0.436554
v 1.935189 0.756698 -0.429507
v 1.937077 0.756698 -0.422461
v 1.935189 0.756698 -0.415415
v 1.930031 0.756698 -0.410256
v 1.922984 0.756698 -0.408368
v 1.915938 0.756698 -0.410256
v 1.910780 0.756698 -0.415415
v 1.908892 0.756698 -0.422461
v 1.910780 0.756698 -0.429507
v 1.915938 0.756698 -0.434666
v 1.930031 0.773667 -0.434666
v 1.922984 0.773667 -0.436554
v 1.935189 0.773667 -0.429507
v 1.937077 0.773667 -0.422461
v 1.935189 0.773667 -0.415415
v 1.930031 0.773667 -0.410256
v 1.922984 0.773667 -0.408368
v 1.915938 0.773667 -0.410256
v 1.910780 0.773667 -0.415415
v 1.908892 0.773667 -0.422461
v 1.910780 0.773667 -0.429507
v 1.915938 0.773667 -0.434666
v 1.927758 0.782583 -0.430728
v 1.922984 0.782583 -0.432007
v 1.931252 0.782583 -0.427234
v 1.932531 0.782583 -0.422461
v 1.931252 0.782583 -0.417688
v 1.927758 0.782583 -0.414194
v 1.922984 0.782583 -0.412915
v 1.918211 0.782583 -0.414194
v 1.914717 0.782583 -0.417688
v 1.913438 0.782583 -0.422461
v 1.914717 0.782583 -0.427234
v 1.918211 0.782583 -0.430728
v 1.650656 0.624554 -0.454667
v 1.650656 0.740654 -0.454667
v 1.665415 0.624554 -0.450713
v 1.665415 0.740654 -0.450713
v 1.676220 0.624554 -0.439908
v 1.676220 0.740654 -0.439908
v 1.680174 0.624554 -0.425149
v 1.680174 0.740654 -0.425149
v 1.676220 0.624554 -0.410390
v 1.676220 0.740654 -0.410390
v 1.665415 0.624554 -0.399586
v 1.665415 0.740654 -0.399586
v 1.650656 0.624554 -0.395631
v 1.650656 0.740654 -0.395631
v 1.635898 0.624554 -0.399586
v 1.635898 0.740654 -0.399586
v 1.625093 0.624554 -0.410390
v 1.625093 0.740654 -0.410390
v 1.621139 0.624554 -0.425149
v 1.621139 0.740654 -0.425149
v 1.625093 0.624554 -0.439908
v 1.625093 0.740654 -0.439908
v 1.635898 0.624554 -0.450713
v 1.635898 0.740654 -0.450713
v 1.666990 0.740654 -0.453440
v 1.650656 0.740654 -0.457817
v 1.678947 0.740654 -0.441483
v 1.683324 0.740654 -0.425149
v 1.678947 0.740654 -0.408816
v 1.666990 0.740654 -0.396858
v 1.650656 0.740654 -0.392482
v 1.634323 0.740654 -0.396858
v 1.622366 0.740654 -0.408816
v 1.617989 0.740654 -0.425149
v 1.622366 0.740654 -0.441483
v 1.634323 0.740654 -0.453440
v 1.665540 0.748071 -0.450927
v 1.650656 0.748071 -0.454915
v 1.676435 0.748071 -0.440032
v 1.680422 0.748071 -0.425149
v 1.676435 0.748071 -0.410266
v 1.665540 0.748071 -0.399371
v 1.650656 0.748071 -0.395383
v 1.635773 0.748071 -0.399371
v 1.624878 0.748071 -0.410266
v 1.620890 0.748071 -0.425149
v 1.624878 0.748071 -0.440032
v 1.635773 0.748071 -0.450927
v 1.653559 0.753797 -0.430177
v 1.650656 0.753797 -0.430955
v 1.655684 0.753797 -0.428052
v 1.656462 0.753797 -0.425149
v 1.655684 0.753797 -0.422247
v 1.653559 0.753797 -0.420122
v 1.650656 0.753797 -0.419344
v 1.647754 0.753797 -0.420122
v 1.645629 0.753797 -0.422247
v 1.644851 0.753797 -0.425149
v 1.645629 0.753797 -0.428052
v 1.647754 0.753797 -0.430177
v 1.660670 0.753797 -0.442493
v 1.650656 0.753797 -0.445177
v 1.668001 0.753797 -0.435163
v 1.670684 0.753797 -0.425149
v 1.668001 0.753797 -0.415136
v 1.660670 0.753797 -0.407805
v 1.650656 0.753797 -0.405122
v 1.640643 0.753797 -0.407805
v 1.633312 0.753797 -0.415136
v 1.630629 0.753797 -0.425149
v 1.633312 0.753797 -0.435163
v 1.640643 0.753797 -0.442493
v 1.653559 0.755619 -0.430177
v 1.650656 0.755619 -0.430955
v 1.655684 0.755619 -0.428052
v 1.656462 0.755619 -0.425149
v 1.655684 0.755619 -0.422247
v 1.653559 0.755619 -0.420122
v 1.650656 0.755619 -0.419344
v 1.647754 0.755619 -0.420122
v 1.645629 0.755619 -0.422247
v 1.644851 0.755619 -0.425149
v 1.645629 0.755619 -0.428052
v 1.647754 0.755619 -0.430177
v 1.654374 0.758612 -0.431588
v 1.650656 0.758612 -0.432584
v 1.657095 0.758612 -0.428867
v 1.658091 0.758612 -0.425149
v 1.657095 0.758612 -0.421432
v 1.654374 0.758612 -0.418710
v 1.650656 0.758612 -0.417714
v 1.646939 0.758612 -0.418710
v 1.644218 0.758612 -0.421432
v 1.643221 0.758612 -0.425149
v 1.644218 0.758612 -0.428867
v 1.646939 0.758612 -0.431588
v 1.654374 0.766290 -0.431588
v 1.650656 0.766290 -0.432584
v 1.657095 0.766290 -0.428867
v 1.658091 0.766290 -0.425149
v 1.657095 0.766290 -0.421432
v 1.654374 0.766290 -0.418710
v 1.650656 0.766290 -0.417714
v 1.646939 0.766290 -0.418710
v 1.644218 0.766290 -0.421432
v 1.643221 0.766290 -0.425149
v 1.644218 0.766290 -0.428867
v 1.646939 0.766290 -0.431588
v 1.653175 0.770324 -0.429511
v 1.650656 0.770324 -0.430186
v 1.655018 0.770324 -0.427667
v 1.655693 0.770324 -0.425149
v 1.655018 0.770324 -0.422631
v 1.653175 0.770324 -0.420788
v 1.650656 0.770324 -0.420113
v 1.648138 0.770324 -0.420788
v 1.646295 0.770324 -0.422631
v 1.645620 0.770324 -0.425149
v 1.646295 0.770324 -0.427667
v 1.648138 0.770324 -0.429511
v 1.814308 0.624554 -0.454667
v 1.814308 0.721507 -0.454667
v 1.829067 0.624554 -0.450713
v 1.829067 0.721507 -0.450713
v 1.839872 0.624554 -0.439908
v 1.839872 0.721507 -0.439908
v 1.843826 0.624554 -0.425149
v 1.843826 0.721507 -0.425149
v 1.839872 0.624554 -0.410390
v 1.839872 0.721507 -0.410390
v 1.829067 0.624554 -0.399586
v 1.829067 0.721507 -0.399586
v 1.814308 0.624554 -0.395631
v 1.814308 0.721507 -0.395631
v 1.799549 0.624554 -0.399586
v 1.799549 0.721507 -0.399586
v 1.788745 0.624554 -0.410390
v 1.788745 0.721507 -0.410390
v 1.784791 0.624554 -0.425149
v 1.784791 0.721507 -0.425149
v 1.788745 0.624554 -0.439908
v 1.788745 0.721507 -0.439908
v 1.799549 0.624554 -0.450713
v 1.799549 0.721507 -0.450713
v 1.830642 0.721507 -0.453440
v 1.814308 0.721507 -0.457817
v 1.842599 0.721507 -0.441483
v 1.846976 0.721507 -0.425149
v 1.842599 0.721507 -0.408816
v 1.830642 0.721507 -0.396858
v 1.814308 0.721507 -0.392482
v 1.797975 0.721507 -0.396858
v 1.786018 0.721507 -0.408816
v 1.781641 0.721507 -0.425149
v 1.786018 0.721507 -0.441483
v 1.797975 0.721507 -0.453440
v 1.829191 0.727701 -0.450927
v 1.814308 0.727701 -0.454915
v 1.840086 0.727701 -0.440032
v 1.844074 0.727701 -0.425149
v 1.840086 0.727701 -0.410266
v 1.829191 0.727701 -0.399371
v 1.814308 0.727701 -0.395383
v 1.799425 0.727701 -0.399371
v 1.788530 0.727701 -0.410266
v 1.784542 0.727701 -0.425149
v 1.788530 0.727701 -0.440032
v 1.799425 0.727701 -0.450927
v 1.817211 0.732483 -0.430177
v 1.814308 0.732483 -0.430955
v 1.819336 0.732483 -0.428052
v 1.820114 0.732483 -0.425149
v 1.819336 0.732483 -0.422247
v 1.817211 0.732483 -0.420122
v 1.814308 0.732483 -0.419344
v 1.811406 0.732483 -0.420122
v 1.809281 0.732483 -0.422247
v 1.808503 0.732483 -0.425149
v 1.809281 0.732483 -0.428052
v 1.811406 0.732483 -0.430177
v 1.824322 0.732483 -0.442493
v 1.814308 0.732483 -0.445177
v 1.831653 0.732483 -0.435163
v 1.834336 0.732483 -0.425149
v 1.831653 0.732483 -0.415136
v 1.824322 0.732483 -0.407805
v 1.814308 0.732483 -0.405122
v 1.804295 0.732483 -0.407805
v 1.796964 0.732483 -0.415136
v 1.794281 0.732483 -0.425149
v 1.796964 0.732483 -0.435163
v 1.804295 0.732483 -0.442493
v 1.817211 0.734004 -0.430177
v 1.814308 0.734004 -0.430955
v 1.819336 0.734004 -0.428052
v 1.820114 0.734004 -0.425149
v 1.819336 0.734004 -0.422247
v 1.817211 0.734004 -0.420122
v 1.814308 0.734004 -0.419344
v 1.811406 0.734004 -0.420122
v 1.809281 0.734004 -0.422247
v 1.808503 0.734004 -0.425149
v 1.809281 0.734004 -0.428052
v 1.811406 0.734004 -0.430177
v 1.818026 0.736503 -0.431588
v 1.814308 0.736503 -0.432584
v 1.820747 0.736503 -0.428867
v 1.821743 0.736503 -0.425149
v 1.820747 0.736503 -0.421432
v 1.818026 0.736503 -0.418710
v 1.814308 0.736503 -0.417714
v 1.810591 0.736503 -0.418710
v 1.807869 0.736503 -0.421432
v 1.806873 0.736503 -0.425149
v 1.807869 0.736503 -0.428867
v 1.810591 0.736503 -0.431588
v 1.818026 0.742915 -0.431588
v 1.814308 0.742915 -0.432584
v 1.820747 0.742915 -0.428867
v 1.821743 0.742915 -0.425149
v 1.820747 0.742915 -0.421432
v 1.818026 0.742915 -0.418710
v 1.814308 0.742915 -0.417714
v 1.810591 0.742915 -0.418710
v 1.807869 0.742915 -0.421432
v 1.806873 0.742915 -0.425149
v 1.807869 0.742915 -0.428867
v 1.810591 0.742915 -0.431588
v 1.816827 0.746284 -0.429511
v 1.814308 0.746284 -0.430186
v 1.818670 0.746284 -0.427667
v 1.819345 0.746284 -0.425149
v 1.818670 0.746284 -0.422631
v 1.816827 0.746284 -0.420788
v 1.814308 0.746284 -0.420113
v 1.811790 0.746284 -0.420788
v 1.809947 0.746284 -0.422631
v 1.809272 0.746284 -0.425149
v 1.809947 0.746284 -0.427667
v 1.811790 0.746284 -0.429511
v 1.734069 0.624554 -0.454667
v 1.734069 0.740654 -0.454667
v 1.748827 0.624554 -0.450713
v 1.748827 0.740654 -0.450713
v 1.759632 0.624554 -0.439908
v 1.759632 0.740654 -0.439908
v 1.763586 0.624554 -0.425149
v 1.763586 0.740654 -0.425149
v 1.759632 0.624554 -0.410390
v 1.759632 0.740654 -0.410390
v 1.748827 0.624554 -0.399586
v 1.748827 0.740654 -0.399586
v 1.734069 0.624554 -0.395631
v 1.734069 0.740654 -0.395631
v 1.719310 0.624554 -0.399586
v 1.719310 0.740654 -0.399586
v 1.708505 0.624554 -0.410390
v 1.708505 0.740654 -0.410390
v 1.704551 0.624554 -0.425149
v 1.704551 0.740654 -0.425149
v 1.708505 0.624554 -0.439908
v 1.708505 0.740654 -0.439908
v 1.719310 0.624554 -0.450713
v 1.719310 0.740654 -0.450713
v 1.750402 0.740654 -0.453440
v 1.734069 0.740654 -0.457817
v 1.762359 0.740654 -0.441483
v 1.766736 0.740654 -0.425149
v 1.762359 0.740654 -0.408816
v 1.750402 0.740654 -0.396858
v 1.734069 0.740654 -0.392482
v 1.717735 0.740654 -0.396858
v 1.705778 0.740654 -0.408816
v 1.701401 0.740654 -0.425149
v 1.705778 0.740654 -0.441483
v 1.717735 0.740654 -0.453440
v 1.748952 0.748071 -0.450927
v 1.734069 0.748071 -0.454915
v 1.759847 0.748071 -0.440032
v 1.763834 0.748071 -0.425149
v 1.759847 0.748071 -0.410266
v 1.748952 0.748071 -0.399371
v 1.734069 0.748071 -0.395383
v 1.719186 0.748071 -0.399371
v 1.708290 0.748071 -0.410266
v 1.704303 0.748071 -0.425149
v 1.708290 0.748071 -0.440032
v 1.719186 0.748071 -0.450927
v 1.736971 0.753797 -0.430177
v 1.734069 0.753797 -0.430955
v 1.739096 0.753797 -0.428052
v 1.739874 0.753797 -0.425149
v 1.739096 0.753797 -0.422247
v 1.736971 0.753797 -0.420122
v 1.734069 0.753797 -0.419344
v 1.731166 0.753797 -0.420122
v 1.729041 0.753797 -0.422247
v 1.728263 0.753797 -0.425149
v 1.729041 0.753797 -0.428052
v 1.731166 0.753797 -0.430177
v 1.744082 0.753797 -0.442493
v 1.734069 0.753797 -0.445177
v 1.751413 0.753797 -0.435163
v 1.754096 0.753797 -0.425149
v 1.751413 0.753797 -0.415136
v 1.744082 0.753797 -0.407805
v 1.734069 0.753797 -0.405122
v 1.724055 0.753797 -0.407805
v 1.716724 0.753797 -0.415136
v 1.714041 0.753797 -0.425149
v 1.716724 0.753797 -0.435163
v 1.724055 0.753797 -0.442493
v 1.736971 0.755619 -0.430177
v 1.734069 0.755619 -0.430955
v 1.739096 0.755619 -0.428052
v 1.739874 0.755619 -0.425149
v 1.739096 0.755619 -0.422247
v 1.736971 0.755619 -0.420122
v 1.734069 0.755619 -0.419344
v 1.731166 0.755619 -0.420122
v 1.729041 0.755619 -0.422247
v 1.728263 0.755619 -0.425149
v 1.729041 0.755619 -0.428052
v 1.731166 0.755619 -0.430177
v 1.737786 0.758612 -0.431588
v 1.734069 0.758612 -0.432584
v 1.740507 0.758612 -0.428867
v 1.741503 0.758612 -0.425149
v 1.740507 0.758612 -0.421432
v 1.737786 0.758612 -0.418710
v 1.734069 0.758612 -0.417714
v 1.730351 0.758612 -0.418710
v 1.727630 0.758612 -0.421432
v 1.726634 0.758612 -0.425149
v 1.727630 0.758612 -0.428867
v 1.730351 0.758612 -0.431588
v 1.737786 0.766290 -0.431588
v 1.734069 0.766290 -0.432584
v 1.740507 0.766290 -0.428867
v 1.741503 0.766290 -0.425149
v 1.740507 0.766290 -0.421432
v 1.737786 0.766290 -0.418710
v 1.734069 0.766290 -0.417714
v 1.730351 0.766290 -0.418710
v 1.727630 0.766290 -0.421432
v 1.726634 0.766290 -0.425149
v 1.727630 0.766290 -0.428867
v 1.730351 0.766290 -0.431588
v 1.736587 0.770324 -0.429511
v 1.734069 0.770324 -0.430186
v 1.738430 0.770324 -0.427667
v 1.739105 0.770324 -0.425149
v 1.738430 0.770324 -0.422631
v 1.736587 0.770324 -0.420788
v 1.734069 0.770324 -0.420113
v 1.731550 0.770324 -0.420788
v 1.729707 0.770324 -0.422631
v 1.729032 0.770324 -0.425149
v 1.729707 0.770324 -0.427667
v 1.731550 0.770324 -0.429511
vn -0.5000 -0.0000 -0.8660
vn -0.0000 -0.0000 -1.0000
vn -0.8660 -0.0000 -0.5000
vn -1.0000 -0.0000 -0.0000
vn -0.8660 -0.0000 0.5000
vn -0.5000 -0.0000 0.8660
vn -0.0000 -0.0000 1.0000
vn 0.5000 -0.0000 0.8660
vn 0.8660 -0.0000 0.5000
vn 1.0000 -0.0000 -0.0000
vn 0.8660 -0.0000 -0.5000
vn -0.0000 -1.0000 -0.0000
vn 0.5000 -0.0000 -0.8660
vn 0.9328 0.3603 -0.0000
vn 0.8079 0.3603 -0.4664
vn 0.6797 0.6197 -0.3924
vn 0.7849 0.6197 -0.0000
vn -0.0000 0.6197 0.7849
vn 0.3924 0.6197 0.6797
vn 0.1527 0.9522 0.2645
vn -0.0000 0.9522 0.3054
vn -0.8079 0.3603 -0.4664
vn -0.9328 0.3603 -0.0000
vn -0.7849 0.6197 -0.0000
vn -0.6797 0.6197 -0.3924
vn -0.4664 0.3603 0.8079
vn -0.0000 0.3603 0.9328
vn -0.3924 0.6197 0.6797
vn 0.8079 0.3603 0.4664
vn 0.6797 0.6197 0.3924
vn -0.4664 0.3603 -0.8079
vn -0.3924 0.6197 -0.6797
vn 0.4664 0.3603 -0.8079
vn -0.0000 0.3603 -0.9328
vn -0.0000 0.6197 -0.7849
vn 0.3924 0.6197 -0.6797
vn -0.8079 0.3603 0.4664
vn -0.6797 0.6197 0.3924
vn 0.4664 0.3603 0.8079
vn 0.8376 -0.2542 0.4836
vn 0.4836 -0.2542 0.8376
vn 0.2645 0.9522 -0.1527
vn 0.3054 0.9522 -0.0000
vn -0.3054 0.9522 -0.0000
vn -0.2645 0.9522 -0.1527
vn -0.1527 0.9522 0.2645
vn 0.2645 0.9522 0.1527
vn -0.1527 0.9522 -0.2645
vn -0.0000 0.9522 -0.3054
vn 0.1527 0.9522 -0.2645
vn -0.2645 0.9522 0.1527
vn -0.0000 1.0000 -0.0000
vn -0.8376 -0.2542 0.4836
vn -0.4836 -0.2542 0.8376
vn -0.4860 -0.2351 0.8417
vn -0.8417 -0.2351 0.4860
vn -0.4836 -0.2542 -0.8376
vn -0.0000 -0.2542 -0.9671
vn 0.4836 -0.2542 -0.8376
vn 0.8376 -0.2542 -0.4836
vn -0.9671 -0.2542 -0.0000
vn -0.0000 -0.2542 0.9671
vn 0.9671 -0.2542 -0.0000
vn -0.8376 -0.2542 -0.4836
vn 0.4860 -0.2351 -0.8417
vn -0.0000 -0.2351 -0.9720
vn -0.0000 0.2520 -0.9677
vn 0.4839 0.2520 -0.8381
vn 0.8417 -0.2351 0.4860
vn 0.4860 -0.2351 0.8417
vn -0.4860 -0.2351 -0.8417
vn 0.8417 -0.2351 -0.4860
vn -0.9720 -0.2351 -0.0000
vn -0.0000 -0.2351 0.9720
vn 0.9720 -0.2351 -0.0000
vn -0.8417 -0.2351 -0.4860
vn -0.4839 0.2520 -0.8381
vn -0.8381 0.2520 -0.4839
vn -0.4799 0.8324 -0.2771
vn -0.2770 0.8324 -0.4799
vn -0.4839 0.2520 0.8381
vn -0.8381 0.2520 0.4839
vn 0.8381 0.2520 0.4839
vn 0.4839 0.2520 0.8381
vn 0.8381 0.2520 -0.4839
vn -0.9677 0.2520 -0.0000
vn -0.0000 0.2520 0.9677
vn 0.9677 0.2520 -0.0000
vn 0.2770 0.8324 -0.4799
vn -0.0000 0.8324 -0.5541
vn -0.5541 0.8324 -0.0000
vn -0.4799 0.8324 0.2771
vn -0.2771 0.8324 0.4799
vn -0.0000 0.8324 0.5541
vn 0.2770 0.8324 0.4799
vn 0.4799 0.8324 0.2771
vn 0.5541 0.8324 -0.0000
vn 0.4799 0.8324 -0.2771
vn -0.0000 0.1701 -0.9854
vn -0.0000 0.0719 -0.9974
vn 0.4987 0.0719 -0.8638
vn 0.4927 0.1701 -0.8534
vn 0.8638 0.0719 -0.4987
vn 0.8534 0.1701 -0.4927
vn 0.9974 0.0719 -0.0000
vn 0.9854 0.1701 -0.0000
vn 0.8638 0.0719 0.4987
vn 0.8534 0.1701 0.4927
vn 0.4987 0.0719 0.8638
vn 0.4927 0.1701 0.8534
vn -0.0000 0.0719 0.9974
vn -0.0000 0.1701 0.9854
vn -0.4987 0.0719 0.8638
vn -0.4927 0.1701 0.8534
vn -0.8638 0.0719 0.4987
vn -0.8534 0.1701 0.4927
vn -0.9974 0.0719 -0.0000
vn -0.9854 0.1701 -0.0000
vn -0.8638 0.0719 -0.4987
vn -0.8534 0.1701 -0.4927
vn -0.4987 0.0719 -0.8638
vn -0.4927 0.1701 -0.8534
vn -0.4879 -0.2188 -0.8450
vn -0.4966 0.1159 -0.8602
vn -0.0000 0.1159 -0.9933
vn -0.0000 -0.2188 -0.9758
vn -0.8450 -0.2188 -0.4879
vn -0.8602 0.1159 -0.4966
vn -0.9758 -0.2188 -0.0000
vn -0.9933 0.1159 -0.0000
vn -0.8450 -0.2188 0.4879
vn -0.8602 0.1159 0.4966
vn -0.4879 -0.2188 0.8450
vn -0.4966 0.1159 0.8602
vn -0.0000 -0.2188 0.9758
vn -0.0000 0.1159 0.9933
vn 0.4879 -0.2188 0.8450
vn 0.4966 0.1159 0.8602
vn 0.8450 -0.2188 0.4879
vn 0.8602 0.1159 0.4966
vn 0.9758 -0.2188 -0.0000
vn 0.9933 0.1159 -0.0000
vn 0.8450 -0.2188 -0.4879
vn 0.8602 0.1159 -0.4966
vn 0.4879 -0.2188 -0.8450
vn 0.4966 0.1159 -0.8602
vn -0.0000 -0.4157 -0.9095
vn 0.4547 -0.4157 -0.7876
vn 0.7876 -0.4157 -0.4547
vn 0.9095 -0.4157 -0.0000
vn 0.7876 -0.4157 0.4547
vn 0.4547 -0.4157 0.7876
vn -0.0000 -0.4157 0.9095
vn -0.4547 -0.4157 0.7876
vn -0.7876 -0.4157 0.4547
vn -0.9095 -0.4157 -0.0000
vn -0.7876 -0.4157 -0.4547
vn -0.4547 -0.4157 -0.7876
vn 0.9313 0.3643 -0.0000
vn 0.8065 0.3643 -0.4656
vn 0.6772 0.6233 -0.3910
vn 0.7820 0.6233 -0.0000
vn -0.0000 0.6233 0.7820
vn 0.3910 0.6233 0.6772
vn 0.1512 0.9532 0.2619
vn -0.0000 0.9532 0.3024
vn -0.8065 0.3643 -0.4656
vn -0.9313 0.3643 -0.0000
vn -0.7820 0.6233 -0.0000
vn -0.6772 0.6233 -0.3910
vn -0.4656 0.3643 0.8065
vn -0.0000 0.3643 0.9313
vn -0.3910 0.6233 0.6772
vn 0.8065 0.3643 0.4656
vn 0.6772 0.6233 0.3910
vn -0.4656 0.3643 -0.8065
vn -0.3910 0.6233 -0.6772
vn 0.4656 0.3643 -0.8065
vn -0.0000 0.3643 -0.9313
vn -0.0000 0.6233 -0.7820
vn 0.3910 0.6233 -0.6772
vn -0.8065 0.3643 0.4656
vn -0.6772 0.6233 0.3910
vn 0.4656 0.3643 0.8065
vn 0.8369 -0.2570 0.4832
vn 0.4832 -0.2570 0.8369
vn 0.2619 0.9532 -0.1512
vn 0.3024 0.9532 -0.0000
vn -0.3024 0.9532 -0.0000
vn -0.2619 0.9532 -0.1512
vn -0.1512 0.9532 0.2619
vn 0.2619 0.9532 0.1512
vn -0.1512 0.9532 -0.2619
vn -0.0000 0.9532 -0.3024
vn 0.1512 0.9532 -0.2619
vn -0.2619 0.9532 0.1512
vn -0.8369 -0.2570 0.4832
vn -0.4832 -0.2570 0.8369
vn -0.4857 -0.2375 0.8412
vn -0.8412 -0.2375 0.4857
vn -0.4832 -0.2570 -0.8369
vn -0.0000 -0.2570 -0.9664
vn 0.4832 -0.2570 -0.8369
vn 0.8369 -0.2570 -0.4832
vn -0.9664 -0.2570 -0.0000
vn -0.0000 -0.2570 0.9664
vn 0.9664 -0.2570 -0.0000
vn -0.8369 -0.2570 -0.4832
vn 0.4857 -0.2375 -0.8412
vn -0.0000 -0.2375 -0.9714
vn -0.0000 0.2545 -0.9671
vn 0.4835 0.2545 -0.8375
vn 0.8412 -0.2375 0.4857
vn 0.4857 -0.2375 0.8412
vn -0.4857 -0.2375 -0.8412
vn 0.8412 -0.2375 -0.4857
vn -0.9714 -0.2375 -0.0000
vn -0.0000 -0.2375 0.9714
vn 0.9714 -0.2375 -0.0000
vn -0.8412 -0.2375 -0.4857
vn -0.4835 0.2545 -0.8375
vn -0.8375 0.2545 -0.4836
vn -0.4777 0.8341 -0.2758
vn -0.2758 0.8341 -0.4777
vn -0.4835 0.2545 0.8375
vn -0.8375 0.2545 0.4835
vn 0.8375 0.2545 0.4835
vn 0.4835 0.2545 0.8375
vn 0.8375 0.2545 -0.4835
vn -0.9671 0.2545 -0.0000
vn -0.0000 0.2545 0.9671
vn 0.9671 0.2545 -0.0000
vn 0.2758 0.8341 -0.4777
vn -0.0000 0.8341 -0.5516
vn -0.5517 0.8341 -0.0000
vn -0.4777 0.8341 0.2758
vn -0.2758 0.8341 0.4777
vn -0.0000 0.8341 0.5516
vn 0.2758 0.8341 0.4777
vn 0.4777 0.8341 0.2758
vn 0.5516 0.8341 -0.0000
vn 0.4777 0.8341 -0.2758
vn -0.0000 0.1509 -0.9885
vn -0.0000 0.0636 -0.9980
vn 0.4990 0.0636 -0.8643
vn 0.4943 0.1509 -0.8561
vn 0.8643 0.0636 -0.4990
vn 0.8561 0.1509 -0.4943
vn 0.9980 0.0636 -0.0000
vn 0.9885 0.1509 -0.0000
vn 0.8643 0.0636 0.4990
vn 0.8561 0.1509 0.4943
vn 0.4990 0.0636 0.8643
vn 0.4943 0.1509 0.8561
vn -0.0000 0.0636 0.9980
vn -0.0000 0.1509 0.9885
vn -0.4990 0.0636 0.8643
vn -0.4943 0.1509 0.8561
vn -0.8643 0.0636 0.4990
vn -0.8561 0.1509 0.4943
vn -0.9980 0.0636 -0.0000
vn -0.9885 0.1509 -0.0000
vn -0.8643 0.0636 -0.4990
vn -0.8561 0.1509 -0.4943
vn -0.4990 0.0636 -0.8643
vn -0.4943 0.1509 -0.8561
vn -0.4902 -0.1968 -0.8491
vn -0.4973 0.1034 -0.8614
vn -0.0000 0.1034 -0.9946
vn -0.0000 -0.1968 -0.9804
vn -0.8491 -0.1968 -0.4902
vn -0.8614 0.1034 -0.4973
vn -0.9804 -0.1968 -0.0000
vn -0.9946 0.1034 -0.0000
vn -0.8491 -0.1968 0.4902
vn -0.8614 0.1034 0.4973
vn -0.4902 -0.1968 0.8491
vn -0.4973 0.1034 0.8614
vn -0.0000 -0.1968 0.9804
vn -0.0000 0.1034 0.9946
vn 0.4902 -0.1968 0.8491
vn 0.4973 0.1034 0.8614
vn 0.8491 -0.1968 0.4902
vn 0.8614 0.1034 0.4973
vn 0.9804 -0.1968 -0.0000
vn 0.9946 0.1034 -0.0000
vn 0.8491 -0.1968 -0.4902
vn 0.8614 0.1034 -0.4973
vn 0.4902 -0.1968 -0.8491
vn 0.4973 0.1034 -0.8614
vn -0.0000 -0.3748 -0.9271
vn 0.4636 -0.3748 -0.8029
vn 0.8029 -0.3748 -0.4636
vn 0.9271 -0.3748 -0.0000
vn 0.8029 -0.3748 0.4636
vn 0.4636 -0.3748 0.8029
vn -0.0000 -0.3748 0.9271
vn -0.4636 -0.3748 0.8029
vn -0.8029 -0.3748 0.4636
vn -0.9271 -0.3748 -0.0000
vn -0.8029 -0.3748 -0.4636
vn -0.4636 -0.3748 -0.8029
vn 0.9451 0.3269 -0.0000
vn 0.8184 0.3269 -0.4725
vn 0.7008 0.5876 -0.4046
vn 0.8092 0.5876 -0.0000
vn -0.0000 0.5876 0.8092
vn 0.4046 0.5876 0.7008
vn 0.1660 0.9433 0.2876
vn -0.0000 0.9433 0.3320
vn -0.8184 0.3269 -0.4725
vn -0.9451 0.3269 -0.0000
vn -0.8092 0.5876 -0.0000
vn -0.7008 0.5876 -0.4046
vn -0.4725 0.3269 0.8184
vn -0.0000 0.3269 0.9451
vn -0.4046 0.5876 0.7008
vn 0.8184 0.3269 0.4725
vn 0.7008 0.5876 0.4046
vn -0.4725 0.3269 -0.8184
vn -0.4046 0.5876 -0.7008
vn 0.4725 0.3269 -0.8184
vn -0.0000 0.3269 -0.9451
vn -0.0000 0.5876 -0.8092
vn 0.4046 0.5876 -0.7008
vn -0.8184 0.3269 0.4725
vn -0.7008 0.5876 0.4046
vn 0.4725 0.3269 0.8184
vn 0.8426 -0.2309 0.4865
vn 0.4865 -0.2309 0.8426
vn 0.2876 0.9433 -0.1660
vn 0.3320 0.9433 -0.0000
vn -0.3320 0.9433 -0.0000
vn -0.2876 0.9433 -0.1660
vn -0.1660 0.9433 0.2876
vn 0.2876 0.9433 0.1660
vn -0.1660 0.9433 -0.2876
vn -0.0000 0.9433 -0.3320
vn 0.1660 0.9433 -0.2876
vn -0.2876 0.9433 0.1660
vn -0.8426 -0.2309 0.4865
vn -0.4865 -0.2309 0.8426
vn -0.4883 -0.2149 0.8458
vn -0.8458 -0.2149 0.4883
vn -0.4865 -0.2309 -0.8426
vn -0.0000 -0.2309 -0.9730
vn 0.4865 -0.2309 -0.8426
vn 0.8426 -0.2309 -0.4865
vn -0.9730 -0.2309 -0.0000
vn -0.0000 -0.2309 0.9730
vn 0.9730 -0.2309 -0.0000
vn -0.8426 -0.2309 -0.4865
vn 0.4883 -0.2149 -0.8458
vn -0.0000 -0.2149 -0.9766
vn -0.0000 0.2310 -0.9730
vn 0.4865 0.2310 -0.8426
vn 0.8458 -0.2149 0.4883
vn 0.4883 -0.2149 0.8458
vn -0.4883 -0.2149 -0.8458
vn 0.8458 -0.2149 -0.4883
vn -0.9766 -0.2149 -0.0000
vn -0.0000 -0.2149 0.9766
vn 0.9766 -0.2149 -0.0000
vn -0.8458 -0.2149 -0.4883
vn -0.4865 0.2310 -0.8426
vn -0.8426 0.2310 -0.4865
vn -0.4976 0.8184 -0.2873
vn -0.2873 0.8184 -0.4976
vn -0.4865 0.2310 0.8426
vn -0.8426 0.2310 0.4865
vn 0.8426 0.2310 0.4865
vn 0.4865 0.2310 0.8426
vn 0.8426 0.2310 -0.4865
vn -0.9730 0.2310 -0.0000
vn -0.0000 0.2310 0.9730
vn 0.9730 0.2310 -0.0000
vn 0.2873 0.8184 -0.4976
vn -0.0000 0.8184 -0.5746
vn -0.5746 0.8184 -0.0000
vn -0.4976 0.8184 0.2873
vn -0.2873 0.8184 0.4976
vn -0.0000 0.8184 0.5746
vn 0.2873 0.8184 0.4976
vn 0.4976 0.8184 0.2873
vn 0.5746 0.8184 -0.0000
vn 0.4976 0.8184 -0.2873
vn 0.9056 0.4242 -0.0000
vn 0.7843 0.4242 -0.4528
vn 0.6396 0.6742 -0.3693
vn 0.7386 0.6742 -0.0000
vn -0.0000 0.6742 0.7386
vn 0.3693 0.6742 0.6396
vn 0.1307 0.9652 0.2263
vn -0.0000 0.9652 0.2613
vn -0.7843 0.4242 -0.4528
vn -0.9056 0.4242 -0.0000
vn -0.7386 0.6742 -0.0000
vn -0.6396 0.6742 -0.3693
vn -0.4528 0.4242 0.7843
vn -0.0000 0.4242 0.9056
vn -0.3693 0.6742 0.6396
vn 0.7843 0.4242 0.4528
vn 0.6396 0.6742 0.3693
vn -0.4528 0.4242 -0.7842
vn -0.3693 0.6742 -0.6396
vn 0.4528 0.4242 -0.7843
vn -0.0000 0.4242 -0.9056
vn -0.0000 0.6742 -0.7386
vn 0.3693 0.6742 -0.6396
vn -0.7843 0.4242 0.4528
vn -0.6396 0.6742 0.3693
vn 0.4528 0.4242 0.7843
vn 0.8265 -0.2986 0.4772
vn 0.4772 -0.2986 0.8265
vn 0.2263 0.9652 -0.1307
vn 0.2613 0.9652 -0.0000
vn -0.2613 0.9652 -0.0000
vn -0.2263 0.9652 -0.1307
vn -0.1307 0.9652 0.2263
vn 0.2263 0.9652 0.1307
vn -0.1307 0.9652 -0.2263
vn -0.0000 0.9652 -0.2613
vn 0.1307 0.9652 -0.2263
vn -0.2263 0.9652 0.1307
vn -0.8265 -0.2986 0.4772
vn -0.4772 -0.2986 0.8265
vn -0.4810 -0.2728 0.8332
vn -0.8332 -0.2728 0.4810
vn -0.4772 -0.2986 -0.8265
vn -0.0000 -0.2986 -0.9544
vn 0.4772 -0.2986 -0.8265
vn 0.8265 -0.2986 -0.4772
vn -0.9544 -0.2986 -0.0000
vn -0.0000 -0.2986 0.9544
vn 0.9544 -0.2986 -0.0000
vn -0.8265 -0.2986 -0.4772
vn 0.4810 -0.2728 -0.8332
vn -0.0000 -0.2728 -0.9621
vn -0.0000 0.2908 -0.9568
vn 0.4784 0.2908 -0.8286
vn 0.8332 -0.2728 0.4810
vn 0.4810 -0.2728 0.8332
vn -0.4810 -0.2728 -0.8332
vn 0.8332 -0.2728 -0.4810
vn -0.9621 -0.2728 -0.0000
vn -0.0000 -0.2728 0.9621
vn 0.9621 -0.2728 -0.0000
vn -0.8332 -0.2728 -0.4810
vn -0.4784 0.2908 -0.8286
vn -0.8286 0.2908 -0.4784
vn -0.4454 0.8576 -0.2572
vn -0.2572 0.8576 -0.4454
vn -0.4784 0.2908 0.8286
vn -0.8286 0.2908 0.4784
vn 0.8286 0.2908 0.4784
vn 0.4784 0.2908 0.8286
vn 0.8286 0.2908 -0.4784
vn -0.9568 0.2908 -0.0000
vn -0.0000 0.2908 0.9568
vn 0.9568 0.2908 -0.0000
vn 0.2572 0.8576 -0.4454
vn -0.0000 0.8576 -0.5143
vn -0.5143 0.8576 -0.0000
vn -0.4454 0.8576 0.2572
vn -0.2572 0.8576 0.4454
vn -0.0000 0.8576 0.5143
vn 0.2572 0.8576 0.4454
vn 0.4454 0.8576 0.2572
vn 0.5143 0.8576 -0.0000
vn 0.4454 0.8576 -0.2572
vn -0.8375 0.2545 -0.4835
vn -0.5516 0.8341 -0.0000
vn 0.6644 0.4000 -0.6314
vn 0.5742 0.6103 -0.5457
vn 0.7702 0.6103 -0.1855
vn 0.8910 0.4000 -0.2146
vn 0.7597 0.6103 0.2245
vn 0.7967 0.5985 -0.0846
vn 0.5457 0.6103 0.5742
vn 0.2873 0.5985 0.7478
vn 0.1855 0.6103 0.7702
vn 0.2146 0.4000 0.8910
vn -0.2244 0.6103 0.7597
vn -0.2597 0.4000 0.8790
vn -0.5742 0.6103 0.5457
vn -0.6644 0.4000 0.6314
vn -0.7702 0.6103 0.1855
vn -0.8910 0.4000 0.2146
vn -0.7597 0.6103 -0.2245
vn -0.7924 0.6052 0.0760
vn -0.5457 0.6103 -0.5742
vn -0.2931 0.6052 -0.7401
vn -0.1855 0.6103 -0.7702
vn -0.2146 0.4000 -0.8910
vn 0.2244 0.6103 -0.7597
vn 0.2597 0.4000 -0.8790
vn 0.2543 -0.4409 -0.8608
vn 0.2823 0.0832 -0.9557
vn 0.7224 0.0832 -0.6865
vn 0.6506 -0.4409 -0.6183
vn -0.2102 -0.4409 -0.8726
vn -0.2333 0.0832 -0.9688
vn -0.6183 -0.4409 -0.6506
vn -0.4603 -0.1683 -0.8716
vn -0.8608 -0.4409 -0.2543
vn -0.9856 -0.1683 -0.0131
vn -0.8726 -0.4409 0.2101
vn -0.9688 0.0832 0.2333
vn -0.6506 -0.4409 0.6183
vn -0.7224 0.0832 0.6865
vn -0.2543 -0.4409 0.8608
vn -0.2823 0.0832 0.9557
vn 0.2102 -0.4409 0.8726
vn 0.2333 0.0832 0.9688
vn 0.6183 -0.4409 0.6506
vn 0.4984 -0.1465 0.8545
vn 0.8608 -0.4409 0.2543
vn 0.9877 -0.1465 0.0547
vn 0.8726 -0.4409 -0.2102
vn 0.9688 0.0832 -0.2333
vn 0.4218 -0.8132 -0.4009
vn 0.5658 -0.8132 -0.1363
vn 0.5581 -0.8132 0.1649
vn 0.4009 -0.8132 0.4218
vn 0.1363 -0.8132 0.5658
vn -0.1649 -0.8132 0.5581
vn -0.4218 -0.8132 0.4009
vn -0.5658 -0.8132 0.1363
vn -0.5581 -0.8132 -0.1649
vn -0.4009 -0.8132 -0.4218
vn -0.1363 -0.8132 -0.5658
vn 0.1649 -0.8132 -0.5581
vn 0.6415 0.3643 0.6751
vn 0.8931 0.3643 0.2639
vn 0.7499 0.6233 0.2216
vn 0.5387 0.6233 0.5668
vn -0.5668 0.6233 0.5387
vn -0.2216 0.6233 0.7499
vn -0.0857 0.9532 0.2900
vn -0.2192 0.9532 0.2083
vn -0.2181 0.3643 -0.9054
vn -0.6415 0.3643 -0.6751
vn -0.5387 0.6233 -0.5668
vn -0.1831 0.6233 -0.7602
vn -0.9054 0.3643 0.2181
vn -0.6751 0.3643 0.6415
vn -0.7602 0.6233 0.1831
vn 0.2181 0.3643 0.9054
vn 0.1831 0.6233 0.7602
vn 0.2639 0.3643 -0.8931
vn 0.2216 0.6233 -0.7499
vn 0.9054 0.3643 -0.2181
vn 0.6751 0.3643 -0.6415
vn 0.5668 0.6233 -0.5387
vn 0.7602 0.6233 -0.1831
vn -0.8931 0.3643 -0.2639
vn -0.7499 0.6233 -0.2216
vn -0.2639 0.3643 0.8931
vn -0.2833 -0.0000 0.9590
vn 0.2341 -0.0000 0.9722
vn 0.2263 -0.2570 0.9395
vn -0.2738 -0.2570 0.9268
vn 0.2900 0.9532 0.0857
vn 0.2083 0.9532 0.2192
vn -0.2083 0.9532 -0.2192
vn -0.0708 0.9532 -0.2940
vn -0.2940 0.9532 0.0708
vn 0.0708 0.9532 0.2940
vn 0.0857 0.9532 -0.2900
vn 0.2192 0.9532 -0.2083
vn 0.2940 0.9532 -0.0708
vn -0.2900 0.9532 -0.0857
vn -0.9268 -0.2570 -0.2738
vn -0.9395 -0.2570 0.2263
vn -0.9444 -0.2375 0.2274
vn -0.9316 -0.2375 -0.2752
vn 0.7249 -0.0000 -0.6889
vn 0.2833 -0.0000 -0.9590
vn 0.2738 -0.2570 -0.9268
vn 0.7005 -0.2570 -0.6657
vn 0.9590 -0.0000 0.2833
vn 0.9722 -0.0000 -0.2341
vn 0.9395 -0.2570 -0.2263
vn 0.9268 -0.2570 0.2738
vn -0.6889 -0.0000 -0.7249
vn -0.9590 -0.0000 -0.2833
vn -0.6657 -0.2570 -0.7005
vn -0.7249 -0.0000 0.6889
vn -0.7005 -0.2570 0.6657
vn 0.6889 -0.0000 0.7249
vn 0.6657 -0.2570 0.7005
vn -0.2342 -0.0000 -0.9722
vn -0.2263 -0.2570 -0.9395
vn -0.9722 -0.0000 0.2341
vn 0.9444 -0.2375 -0.2274
vn 0.7041 -0.2375 -0.6692
vn 0.7010 0.2545 -0.6662
vn 0.9402 0.2545 -0.2264
vn 0.2274 -0.2375 0.9444
vn -0.2752 -0.2375 0.9316
vn 0.2752 -0.2375 -0.9316
vn 0.9316 -0.2375 0.2752
vn -0.6692 -0.2375 -0.7041
vn -0.7041 -0.2375 0.6692
vn 0.6692 -0.2375 0.7041
vn -0.2274 -0.2375 -0.9444
vn 0.2740 0.2545 -0.9275
vn -0.2264 0.2545 -0.9402
vn -0.1292 0.8341 -0.5363
vn 0.1563 0.8341 -0.5290
vn -0.9402 0.2545 0.2264
vn -0.9275 0.2545 -0.2740
vn 0.2264 0.2545 0.9402
vn -0.2740 0.2545 0.9275
vn 0.9275 0.2545 0.2740
vn -0.6662 0.2545 -0.7010
vn -0.7010 0.2545 0.6662
vn 0.6662 0.2545 0.7010
vn 0.5363 0.8341 -0.1292
vn 0.3999 0.8341 -0.3800
vn -0.3800 0.8341 -0.3999
vn -0.5290 0.8341 -0.1563
vn -0.5363 0.8341 0.1292
vn -0.3999 0.8341 0.3800
vn -0.1563 0.8341 0.5290
vn 0.1292 0.8341 0.5363
vn 0.3800 0.8341 0.3999
vn 0.5290 0.8341 0.1563
vn -0.3321 0.6690 0.6650
vn -0.7402 -0.5964 0.3105
vn -0.1665 -0.5763 0.8001
vn -0.1597 0.7668 0.6217
vn 0.4409 0.6690 -0.5984
vn 0.1667 0.8434 -0.5107
vn -0.3789 0.8434 0.3809
vn -0.0605 -0.5964 -0.8004
vn -0.9997 -0.0191 0.0173
vn -0.4397 -0.0191 -0.8979
vn 0.6365 -0.5763 -0.5125
vn 0.2071 -0.4408 -0.8734
vn -0.6833 -0.4408 0.5820
vn 0.4808 0.7668 -0.4253
vn 0.7818 0.5850 -0.2156
vn 0.1640 0.5850 0.7942
vn 0.3262 0.1855 0.9269
vn 0.9738 0.1855 -0.1315
vn -0.9383 0.0050 0.3458
vn -0.8608 0.3108 0.4030
vn 0.2837 -0.2761 0.9183
vn -0.1192 0.0050 -0.9929
vn -0.0331 0.3108 -0.9499
vn 0.1352 0.4811 -0.8661
vn -0.7096 0.4812 0.5147
vn 0.9468 -0.2761 -0.1655
vn 0.6071 -0.7047 -0.3672
vn -0.0505 -0.7047 0.7077
vn -0.4738 -0.7351 0.4848
vn 0.2160 -0.7352 -0.6426
vn -0.6113 0.6389 0.4671
vn 0.1376 0.6389 -0.7569
vn -0.3437 0.4927 -0.7995
vn -0.8683 0.4927 0.0580
vn -0.3471 -0.5326 -0.7719
vn -0.8453 -0.5326 0.0424
vn -0.0864 0.9427 0.3223
vn -0.2359 0.9427 0.2359
vn -0.5213 0.6756 0.5213
vn -0.1908 0.6756 0.7121
vn -0.3223 0.9427 0.0864
vn -0.7121 0.6756 0.1908
vn -0.3223 0.9427 -0.0864
vn -0.7121 0.6756 -0.1908
vn -0.2359 0.9427 -0.2359
vn -0.5213 0.6756 -0.5213
vn -0.0864 0.9427 -0.3223
vn -0.1908 0.6756 -0.7121
vn 0.0864 0.9427 -0.3223
vn 0.1908 0.6756 -0.7121
vn 0.2359 0.9427 -0.2359
vn 0.5213 0.6756 -0.5213
vn 0.3223 0.9427 -0.0864
vn 0.7121 0.6756 -0.1908
vn 0.3223 0.9427 0.0864
vn 0.7121 0.6756 0.1908
vn 0.2359 0.9427 0.2359
vn 0.5213 0.6756 0.5213
vn 0.0864 0.9427 0.3223
vn 0.1908 0.6756 0.7121
vn 0.2331 -0.4350 0.8698
vn 0.6367 -0.4350 0.6367
vn -0.8698 -0.4350 0.2331
vn -0.6367 -0.4350 0.6367
vn 0.8698 -0.4350 0.2331
vn 0.8698 -0.4350 -0.2331
vn 0.6367 -0.4350 -0.6367
vn 0.2331 -0.4350 -0.8698
vn -0.2331 -0.4350 -0.8698
vn -0.6367 -0.4350 -0.6367
vn -0.8698 -0.4350 -0.2331
vn -0.2331 -0.4350 0.8698
vn 0.0794 -0.9517 -0.2965
vn 0.1870 -0.6914 -0.6979
vn 0.5109 -0.6914 -0.5109
vn 0.2171 -0.9517 -0.2171
vn 0.6979 -0.6914 -0.1870
vn 0.2965 -0.9517 -0.0794
vn 0.6979 -0.6914 0.1870
vn 0.2965 -0.9517 0.0794
vn 0.5109 -0.6914 0.5109
vn 0.2171 -0.9517 0.2171
vn 0.1870 -0.6914 0.6979
vn 0.0794 -0.9517 0.2965
vn -0.1870 -0.6914 0.6979
vn -0.0794 -0.9517 0.2965
vn -0.5109 -0.6914 0.5109
vn -0.2171 -0.9517 0.2171
vn -0.6979 -0.6914 0.1870
vn -0.2965 -0.9517 0.0794
vn -0.6979 -0.6914 -0.1870
vn -0.2965 -0.9517 -0.0794
vn -0.5109 -0.6914 -0.5109
vn -0.2171 -0.9517 -0.2171
vn -0.1870 -0.6914 -0.6979
vn -0.0794 -0.9517 -0.2965
vn -0.2974 -0.9073 -0.2974
vn -0.1088 -0.9073 -0.4062
vn 0.2974 -0.9073 -0.2974
vn 0.4062 -0.9073 -0.1088
vn -0.4062 -0.9073 -0.1088
vn -0.4062 -0.9073 0.1088
vn -0.2974 -0.9073 0.2974
vn -0.1088 -0.9073 0.4062
vn 0.1088 -0.9073 0.4062
vn 0.2974 -0.9073 0.2974
vn 0.4062 -0.9073 0.1088
vn 0.1088 -0.9073 -0.4062
vn -0.1302 0.9377 0.3223
vn -0.2796 0.9307 0.2359
vn -0.5522 0.6506 0.5213
vn -0.2221 0.6660 0.7121
vn -0.3659 0.9267 0.0863
vn -0.7429 0.6417 0.1908
vn -0.3659 0.9267 -0.0863
vn -0.7429 0.6417 -0.1908
vn -0.2796 0.9307 -0.2359
vn -0.5522 0.6506 -0.5213
vn -0.1302 0.9377 -0.3223
vn -0.2221 0.6660 -0.7121
vn 0.0423 0.9457 -0.3223
vn 0.1591 0.6838 -0.7121
vn 0.1917 0.9527 -0.2359
vn 0.4893 0.6992 -0.5213
vn 0.2780 0.9567 -0.0864
vn 0.6799 0.7081 -0.1908
vn 0.2780 0.9567 0.0864
vn 0.6799 0.7081 0.1908
vn 0.1917 0.9527 0.2359
vn 0.4893 0.6992 0.5213
vn 0.0423 0.9457 0.3223
vn 0.1591 0.6838 0.7121
vn 0.2531 -0.4236 0.8698
vn 0.6563 -0.4048 0.6367
vn -0.8485 -0.4751 0.2331
vn -0.6157 -0.4642 0.6367
vn 0.8891 -0.3939 0.2331
vn 0.8891 -0.3939 -0.2331
vn 0.6563 -0.4048 -0.6367
vn 0.2531 -0.4236 -0.8698
vn -0.2125 -0.4454 -0.8698
vn -0.6157 -0.4642 -0.6367
vn -0.8485 -0.4751 -0.2331
vn -0.2125 -0.4454 0.8698
vn 0.1237 -0.9470 -0.2965
vn 0.2190 -0.6819 -0.6979
vn 0.5426 -0.6668 -0.5109
vn 0.2612 -0.9406 -0.2171
vn 0.7294 -0.6581 -0.1870
vn 0.3405 -0.9369 -0.0794
vn 0.7294 -0.6581 0.1870
vn 0.3405 -0.9369 0.0794
vn 0.5426 -0.6668 0.5109
vn 0.2612 -0.9406 0.2171
vn 0.2190 -0.6819 0.6979
vn 0.1237 -0.9470 0.2965
vn -0.1546 -0.6993 0.6979
vn -0.0350 -0.9544 0.2965
vn -0.4781 -0.7144 0.5109
vn -0.1724 -0.9608 0.2171
vn -0.6649 -0.7232 0.1870
vn -0.2518 -0.9645 0.0794
vn -0.6649 -0.7232 -0.1870
vn -0.2518 -0.9645 -0.0794
vn -0.4781 -0.7144 -0.5109
vn -0.1724 -0.9608 -0.2171
vn -0.1546 -0.6993 -0.6979
vn -0.0350 -0.9544 -0.2965
vn -0.2547 -0.9202 -0.2974
vn -0.0664 -0.9114 -0.4062
vn 0.3393 -0.8924 -0.2974
vn 0.4481 -0.8874 -0.1088
vn -0.3635 -0.9252 -0.1088
vn -0.3635 -0.9252 0.1088
vn -0.2547 -0.9202 0.2974
vn -0.0664 -0.9114 0.4062
vn 0.1510 -0.9012 0.4062
vn 0.3393 -0.8924 0.2974
vn 0.4481 -0.8874 0.1088
vn 0.1510 -0.9012 -0.4062
vn 0.0501 0.9453 0.3223
vn -0.0979 0.9668 0.2359
vn -0.4187 0.7436 0.5213
vn -0.0917 0.6960 0.7121
vn -0.1833 0.9792 0.0864
vn -0.6076 0.7710 0.1908
vn -0.1833 0.9792 -0.0864
vn -0.6076 0.7710 -0.1908
vn -0.0979 0.9668 -0.2359
vn -0.4187 0.7436 -0.5213
vn 0.0501 0.9453 -0.3223
vn -0.0917 0.6960 -0.7121
vn 0.2210 0.9205 -0.3223
vn 0.2860 0.6412 -0.7121
vn 0.3690 0.8990 -0.2359
vn 0.6131 0.5936 -0.5213
vn 0.4545 0.8866 -0.0864
vn 0.8019 0.5662 -0.1908
vn 0.4545 0.8866 0.0864
vn 0.8019 0.5662 0.1908
vn 0.3690 0.8990 0.2359
vn 0.6131 0.5936 0.5213
vn 0.2210 0.9205 0.3223
vn 0.2860 0.6411 0.7121
vn 0.1681 -0.4640 0.8698
vn 0.5675 -0.5220 0.6367
vn -0.9233 -0.3054 0.2331
vn -0.6926 -0.3389 0.6367
vn 0.7982 -0.5555 0.2330
vn 0.7982 -0.5555 -0.2331
vn 0.5675 -0.5220 -0.6367
vn 0.1681 -0.4640 -0.8698
vn -0.2932 -0.3969 -0.8698
vn -0.6926 -0.3389 -0.6367
vn -0.9233 -0.3054 -0.2331
vn -0.2932 -0.3969 0.8698
vn -0.0582 -0.9533 -0.2965
vn 0.0856 -0.7111 -0.6979
vn 0.4061 -0.7577 -0.5109
vn 0.0779 -0.9730 -0.2171
vn 0.5912 -0.7845 -0.1870
vn 0.1566 -0.9845 -0.0794
vn 0.5912 -0.7845 0.1870
vn 0.1566 -0.9845 0.0794
vn 0.4061 -0.7577 0.5109
vn 0.0779 -0.9730 0.2171
vn 0.0856 -0.7111 0.6979
vn -0.0582 -0.9533 0.2965
vn -0.2845 -0.6573 0.6979
vn -0.2155 -0.9304 0.2965
vn -0.6050 -0.6107 0.5109
vn -0.3517 -0.9106 0.2171
vn -0.7901 -0.5838 0.1870
vn -0.4303 -0.8992 0.0794
vn -0.7901 -0.5838 -0.1870
vn -0.4303 -0.8992 -0.0794
vn -0.6050 -0.6107 -0.5109
vn -0.3517 -0.9106 -0.2171
vn -0.2845 -0.6573 -0.6979
vn -0.2155 -0.9304 -0.2965
vn -0.4247 -0.8551 -0.2974
vn -0.2382 -0.8822 -0.4062
vn 0.1638 -0.9406 -0.2974
vn 0.2715 -0.9563 -0.1088
vn -0.5324 -0.8394 -0.1088
vn -0.5324 -0.8394 0.1088
vn -0.4247 -0.8551 0.2974
vn -0.2382 -0.8822 0.4062
vn -0.0228 -0.9135 0.4062
vn 0.1638 -0.9406 0.2974
vn 0.2715 -0.9563 0.1088
vn -0.0228 -0.9135 -0.4062
vn -0.0963 0.9417 0.3223
vn -0.2459 0.9402 0.2359
vn -0.5284 0.6701 0.5213
vn -0.1979 0.6736 0.7121
vn -0.3322 0.9392 0.0863
vn -0.7192 0.6681 0.1908
vn -0.3322 0.9392 -0.0863
vn -0.7192 0.6681 -0.1908
vn -0.2459 0.9402 -0.2359
vn -0.5284 0.6701 -0.5213
vn -0.0963 0.9417 -0.3223
vn -0.1979 0.6736 -0.7121
vn 0.0764 0.9436 -0.3223
vn 0.1837 0.6776 -0.7121
vn 0.2259 0.9451 -0.2359
vn 0.5142 0.6811 -0.5213
vn 0.3123 0.9461 -0.0864
vn 0.7050 0.6831 -0.1908
vn 0.3123 0.9461 0.0864
vn 0.7050 0.6831 0.1908
vn 0.2259 0.9451 0.2359
vn 0.5142 0.6811 0.5213
vn 0.0764 0.9436 0.3223
vn 0.1837 0.6776 0.7121
vn 0.2376 -0.4325 0.8698
vn 0.6413 -0.4282 0.6367
vn -0.8651 -0.4441 0.2331
vn -0.6321 -0.4417 0.6367
vn 0.8743 -0.4258 0.2331
vn 0.8743 -0.4258 -0.2331
vn 0.6413 -0.4282 -0.6367
vn 0.2376 -0.4325 -0.8698
vn -0.2284 -0.4374 -0.8698
vn -0.6321 -0.4417 -0.6367
vn -0.8651 -0.4441 -0.2331
vn -0.2284 -0.4374 0.8698
vn 0.0895 -0.9508 -0.2965
vn 0.1943 -0.6894 -0.6979
vn 0.5182 -0.6859 -0.5109
vn 0.2271 -0.9494 -0.2171
vn 0.7051 -0.6840 -0.1870
vn 0.3065 -0.9485 -0.0794
vn 0.7051 -0.6840 0.1870
vn 0.3065 -0.9485 0.0794
vn 0.5182 -0.6859 0.5109
vn 0.2271 -0.9494 0.2171
vn 0.1943 -0.6894 0.6979
vn 0.0895 -0.9508 0.2965
vn -0.1797 -0.6933 0.6979
vn -0.0694 -0.9525 0.2965
vn -0.5036 -0.6967 0.5109
vn -0.2070 -0.9540 0.2171
vn -0.6905 -0.6987 0.1870
vn -0.2864 -0.9548 0.0794
vn -0.6905 -0.6987 -0.1870
vn -0.2864 -0.9548 -0.0794
vn -0.5036 -0.6967 -0.5109
vn -0.2070 -0.9540 -0.2171
vn -0.1797 -0.6933 -0.6979
vn -0.0694 -0.9525 -0.2965
vn -0.2878 -0.9104 -0.2974
vn -0.0992 -0.9084 -0.4062
vn 0.3069 -0.9041 -0.2974
vn 0.4158 -0.9029 -0.1088
vn -0.3966 -0.9115 -0.1088
vn -0.3966 -0.9115 0.1088
vn -0.2878 -0.9104 0.2974
vn -0.0992 -0.9084 0.4062
vn 0.1184 -0.9061 0.4062
vn 0.3069 -0.9041 0.2974
vn 0.4158 -0.9029 0.1088
vn 0.1184 -0.9061 -0.4062
vn -0.2175 0.3969 -0.8917
vn -0.1888 0.6044 -0.7740
vn 0.2235 0.6044 -0.7647
vn 0.2575 0.3969 -0.8810
vn 0.5759 0.6044 -0.5505
vn 0.3636 0.5996 -0.7129
vn 0.7740 0.6044 -0.1888
vn 0.7966 0.5996 0.0776
vn 0.7647 0.6044 0.2235
vn 0.8810 0.3969 0.2575
vn 0.5505 0.6044 0.5759
vn 0.6342 0.3969 0.6635
vn 0.1888 0.6044 0.7740
vn 0.2175 0.3969 0.8917
vn -0.2235 0.6044 0.7647
vn -0.2575 0.3969 0.8810
vn -0.5759 0.6044 0.5505
vn -0.3300 0.6025 0.7267
vn -0.7740 0.6044 0.1888
vn -0.7900 0.6025 -0.1133
vn -0.7647 0.6044 -0.2235
vn -0.8810 0.3969 -0.2575
vn -0.5505 0.6044 -0.5759
vn -0.6342 0.3969 -0.6635
vn -0.6225 -0.4339 -0.6513
vn -0.6881 0.0910 -0.7199
vn -0.2360 0.0910 -0.9675
vn -0.2135 -0.4339 -0.8753
vn -0.8648 -0.4339 -0.2528
vn -0.9559 0.0910 -0.2794
vn -0.8753 -0.4339 0.2135
vn -0.9865 -0.1602 -0.0339
vn -0.6513 -0.4339 0.6225
vn -0.5027 -0.1602 0.8495
vn -0.2528 -0.4339 0.8648
vn -0.2794 0.0910 0.9559
vn 0.2135 -0.4339 0.8753
vn 0.2360 0.0910 0.9675
vn 0.6225 -0.4339 0.6513
vn 0.6881 0.0910 0.7199
vn 0.8648 -0.4339 0.2528
vn 0.9559 0.0910 0.2794
vn 0.8753 -0.4339 -0.2135
vn 0.9764 -0.1896 0.1037
vn 0.6513 -0.4339 -0.6225
vn 0.4385 -0.1896 -0.8785
vn 0.2528 -0.4339 -0.8648
vn 0.2794 0.0910 -0.9559
vn -0.1379 -0.8132 -0.5654
vn 0.1633 -0.8132 -0.5586
vn 0.4207 -0.8132 -0.4021
vn 0.5654 -0.8132 -0.1379
vn 0.5586 -0.8132 0.1633
vn 0.4021 -0.8132 0.4207
vn 0.1379 -0.8132 0.5654
vn -0.1633 -0.8132 0.5586
vn -0.4207 -0.8132 0.4021
vn -0.5654 -0.8132 0.1379
vn -0.5586 -0.8132 -0.1633
vn -0.4021 -0.8132 -0.4207
vn 0.9048 0.3643 -0.2207
vn 0.6732 0.3643 -0.6435
vn 0.5653 0.6233 -0.5403
vn 0.7597 0.6233 -0.1853
vn 0.1853 0.6233 0.7597
vn 0.5403 0.6233 0.5653
vn 0.2089 0.9532 0.2186
vn 0.0717 0.9532 0.2938
vn -0.8939 0.3643 -0.2613
vn -0.9048 0.3643 0.2207
vn -0.7597 0.6233 0.1853
vn -0.7506 0.6233 -0.2194
vn -0.2613 0.3643 0.8939
vn 0.2207 0.3643 0.9048
vn -0.2194 0.6233 0.7506
vn 0.8939 0.3643 0.2613
vn 0.7506 0.6233 0.2194
vn -0.6435 0.3643 -0.6732
vn -0.5403 0.6233 -0.5653
vn 0.2613 0.3643 -0.8939
vn -0.2207 0.3643 -0.9048
vn -0.1853 0.6233 -0.7597
vn 0.2194 0.6233 -0.7506
vn -0.6732 0.3643 0.6435
vn -0.5653 0.6233 0.5403
vn 0.6435 0.3643 0.6732
vn 0.6910 -0.0000 0.7229
vn 0.9598 -0.0000 0.2805
vn 0.9276 -0.2570 0.2711
vn 0.6678 -0.2570 0.6986
vn 0.2186 0.9532 -0.2089
vn 0.2938 0.9532 -0.0717
vn -0.2938 0.9532 0.0717
vn -0.2902 0.9532 -0.0848
vn -0.0848 0.9532 0.2902
vn 0.2902 0.9532 0.0848
vn -0.2089 0.9532 -0.2186
vn -0.0717 0.9532 -0.2938
vn 0.0848 0.9532 -0.2902
vn -0.2186 0.9532 0.2089
vn -0.6986 -0.2570 0.6678
vn -0.2711 -0.2570 0.9276
vn -0.2725 -0.2375 0.9324
vn -0.7022 -0.2375 0.6712
vn -0.2370 -0.0000 -0.9715
vn -0.6910 -0.0000 -0.7229
vn -0.6678 -0.2570 -0.6986
vn -0.2290 -0.2570 -0.9389
vn 0.7229 -0.0000 -0.6910
vn 0.2806 -0.0000 -0.9598
vn 0.2711 -0.2570 -0.9276
vn 0.6986 -0.2570 -0.6678
vn -0.9715 -0.0000 0.2370
vn -0.7229 -0.0000 0.6910
vn -0.9389 -0.2570 0.2290
vn 0.2370 -0.0000 0.9715
vn 0.2290 -0.2570 0.9389
vn 0.9715 -0.0000 -0.2370
vn 0.9389 -0.2570 -0.2290
vn -0.9598 -0.0000 -0.2805
vn -0.9276 -0.2570 -0.2711
vn -0.2806 -0.0000 0.9598
vn 0.2725 -0.2375 -0.9324
vn -0.2302 -0.2375 -0.9437
vn -0.2292 0.2545 -0.9395
vn 0.2713 0.2545 -0.9282
vn 0.9324 -0.2375 0.2725
vn 0.6712 -0.2375 0.7022
vn -0.6712 -0.2375 -0.7022
vn 0.7022 -0.2375 -0.6712
vn -0.9437 -0.2375 0.2302
vn 0.2302 -0.2375 0.9437
vn 0.9437 -0.2375 -0.2302
vn -0.9324 -0.2375 -0.2725
vn -0.6682 0.2545 -0.6991
vn -0.9282 0.2545 -0.2713
vn -0.5295 0.8341 -0.1548
vn -0.3812 0.8341 -0.3988
vn -0.2713 0.2545 0.9282
vn -0.6991 0.2545 0.6682
vn 0.9282 0.2545 0.2713
vn 0.6682 0.2545 0.6991
vn 0.6991 0.2545 -0.6682
vn -0.9395 0.2545 0.2292
vn 0.2292 0.2545 0.9395
vn 0.9395 0.2545 -0.2292
vn 0.1548 0.8341 -0.5295
vn -0.1307 0.8341 -0.5359
vn -0.5359 0.8341 0.1307
vn -0.3988 0.8341 0.3812
vn -0.1548 0.8341 0.5295
vn 0.1307 0.8341 0.5359
vn 0.3812 0.8341 0.3988
vn 0.5295 0.8341 0.1548
vn 0.5359 0.8341 -0.1307
vn 0.3988 0.8341 -0.3812
vn 0.4116 0.6690 0.6189
vn -0.0989 -0.5964 0.7966
vn 0.2614 -0.5250 0.8100
vn 0.6055 0.7164 0.3466
vn -0.2998 0.6690 -0.6801
vn -0.3601 0.8434 -0.3987
vn 0.1420 0.8434 0.5181
vn -0.7244 -0.5964 -0.3457
vn -0.4823 -0.0191 0.8758
vn -0.9977 -0.0191 -0.0653
vn -0.5417 -0.5250 -0.6565
vn -0.8693 -0.1866 -0.4577
vn -0.0826 -0.1866 0.9790
vn 0.0341 0.7164 -0.6968
vn 0.3337 0.3051 -0.8919
vn 0.9312 0.3051 0.1992
vn 0.9648 -0.1418 0.2217
vn 0.3328 -0.1418 -0.9323
vn -0.2038 0.0657 0.9768
vn -0.0678 0.3127 0.9474
vn 0.8642 -0.4397 0.2447
vn -0.9328 0.0657 -0.3543
vn -0.8348 0.3127 -0.4531
vn -0.6489 0.5297 -0.5462
vn 0.1108 0.5297 0.8409
vn 0.2593 -0.4397 -0.8599
vn -0.0589 -0.7163 -0.6953
vn 0.5542 -0.7163 0.4241
vn 0.1848 -0.7352 0.6522
vn -0.4500 -0.7352 -0.5070
vn 0.1011 0.6389 0.7626
vn -0.5881 0.6389 -0.4959
vn -0.8645 0.4927 -0.0996
vn -0.3817 0.4927 0.7821
vn -0.8423 -0.5326 -0.0829
vn -0.3838 -0.5326 0.7544
vn 0.9481 0.3180 -0.0000
vn 0.8211 0.3180 -0.4740
vn 0.7064 0.5786 -0.4078
vn 0.8156 0.5786 -0.0000
vn -0.0000 0.5786 0.8156
vn 0.4078 0.5786 0.7064
vn 0.1698 0.9406 0.2941
vn -0.0000 0.9406 0.3396
vn -0.8211 0.3180 -0.4740
vn -0.9481 0.3180 -0.0000
vn -0.8156 0.5786 -0.0000
vn -0.7064 0.5786 -0.4078
vn -0.4740 0.3180 0.8211
vn -0.0000 0.3180 0.9481
vn -0.4078 0.5786 0.7064
vn 0.8211 0.3180 0.4740
vn 0.7064 0.5786 0.4078
vn -0.4740 0.3180 -0.8211
vn -0.4078 0.5786 -0.7064
vn 0.4740 0.3180 -0.8211
vn -0.0000 0.3180 -0.9481
vn -0.0000 0.5786 -0.8156
vn 0.4078 0.5786 -0.7064
vn -0.8211 0.3180 0.4740
vn -0.7064 0.5786 0.4078
vn 0.4740 0.3180 0.8211
vn 0.8439 -0.2246 0.4872
vn 0.4872 -0.2246 0.8439
vn 0.2941 0.9406 -0.1698
vn 0.3396 0.9406 -0.0000
vn -0.3396 0.9406 -0.0000
vn -0.2941 0.9406 -0.1698
vn -0.1698 0.9406 0.2941
vn 0.2941 0.9406 0.1698
vn -0.1698 0.9406 -0.2941
vn -0.0000 0.9406 -0.3396
vn 0.1698 0.9406 -0.2941
vn -0.2941 0.9406 0.1698
vn -0.8439 -0.2246 0.4872
vn -0.4872 -0.2246 0.8439
vn -0.4889 -0.2095 0.8468
vn -0.8468 -0.2095 0.4889
vn -0.4872 -0.2246 -0.8439
vn -0.0000 -0.2246 -0.9744
vn 0.4872 -0.2246 -0.8439
vn 0.8439 -0.2246 -0.4872
vn -0.9744 -0.2246 -0.0000
vn -0.0000 -0.2246 0.9744
vn 0.9744 -0.2246 -0.0000
vn -0.8439 -0.2246 -0.4872
vn 0.4889 -0.2095 -0.8468
vn -0.0000 -0.2095 -0.9778
vn -0.0000 0.2253 -0.9743
vn 0.4871 0.2253 -0.8438
vn 0.8468 -0.2095 0.4889
vn 0.4889 -0.2095 0.8468
vn -0.4889 -0.2095 -0.8468
vn 0.8468 -0.2095 -0.4889
vn -0.9778 -0.2095 -0.0000
vn -0.0000 -0.2095 0.9778
vn 0.9778 -0.2095 -0.0000
vn -0.8468 -0.2095 -0.4889
vn -0.4871 0.2253 -0.8438
vn -0.8438 0.2253 -0.4871
vn -0.5023 0.8146 -0.2900
vn -0.2900 0.8146 -0.5023
vn -0.4871 0.2253 0.8438
vn -0.8438 0.2253 0.4871
vn 0.8438 0.2253 0.4871
vn 0.4871 0.2253 0.8438
vn 0.8438 0.2253 -0.4871
vn -0.9743 0.2253 -0.0000
vn -0.0000 0.2253 0.9743
vn 0.9743 0.2253 -0.0000
vn 0.2900 0.8146 -0.5023
vn -0.0000 0.8146 -0.5800
vn -0.5800 0.8146 -0.0000
vn -0.5023 0.8146 0.2900
vn -0.2900 0.8146 0.5023
vn -0.0000 0.8146 0.5800
vn 0.2900 0.8146 0.5023
vn 0.5023 0.8146 0.2900
vn 0.5800 0.8146 -0.0000
vn 0.5023 0.8146 -0.2900
vn -0.4528 0.4242 -0.7843
vn 0.9116 0.4111 -0.0000
vn 0.7895 0.4111 -0.4558
vn 0.6478 0.6636 -0.3740
vn 0.7481 0.6636 -0.0000
vn -0.0000 0.6636 0.7481
vn 0.3740 0.6636 0.6478
vn 0.1349 0.9629 0.2336
vn -0.0000 0.9629 0.2697
vn -0.7895 0.4111 -0.4558
vn -0.9116 0.4111 -0.0000
vn -0.7481 0.6636 -0.0000
vn -0.6478 0.6636 -0.3740
vn -0.4558 0.4111 0.7895
vn -0.0000 0.4111 0.9116
vn -0.3740 0.6636 0.6478
vn 0.7895 0.4111 0.4558
vn 0.6478 0.6636 0.3740
vn -0.4558 0.4111 -0.7895
vn -0.3740 0.6636 -0.6478
vn 0.4558 0.4111 -0.7895
vn -0.0000 0.4111 -0.9116
vn -0.0000 0.6636 -0.7481
vn 0.3740 0.6636 -0.6478
vn -0.7895 0.4111 0.4558
vn -0.6478 0.6636 0.3740
vn 0.4558 0.4111 0.7895
vn 0.8289 -0.2895 0.4786
vn 0.4786 -0.2895 0.8289
vn 0.2336 0.9629 -0.1349
vn 0.2697 0.9629 -0.0000
vn -0.2697 0.9629 -0.0000
vn -0.2336 0.9629 -0.1349
vn -0.1349 0.9629 0.2336
vn 0.2336 0.9629 0.1349
vn -0.1349 0.9629 -0.2336
vn -0.0000 0.9629 -0.2697
vn 0.1349 0.9629 -0.2336
vn -0.2336 0.9629 0.1349
vn -0.8289 -0.2895 0.4786
vn -0.4786 -0.2895 0.8289
vn -0.4821 -0.2652 0.8350
vn -0.8350 -0.2652 0.4821
vn -0.4786 -0.2895 -0.8289
vn -0.0000 -0.2895 -0.9572
vn 0.4786 -0.2895 -0.8289
vn 0.8289 -0.2895 -0.4786
vn -0.9572 -0.2895 -0.0000
vn -0.0000 -0.2895 0.9572
vn 0.9572 -0.2895 -0.0000
vn -0.8289 -0.2895 -0.4786
vn 0.4821 -0.2652 -0.8350
vn -0.0000 -0.2652 -0.9642
vn -0.0000 0.2830 -0.9591
vn 0.4796 0.2830 -0.8306
vn 0.8350 -0.2652 0.4821
vn 0.4821 -0.2652 0.8350
vn -0.4821 -0.2652 -0.8350
vn 0.8350 -0.2652 -0.4821
vn -0.9642 -0.2652 -0.0000
vn -0.0000 -0.2652 0.9642
vn 0.9642 -0.2652 -0.0000
vn -0.8350 -0.2652 -0.4821
vn -0.4796 0.2830 -0.8306
vn -0.8306 0.2830 -0.4796
vn -0.4525 0.8526 -0.2613
vn -0.2613 0.8526 -0.4525
vn -0.4796 0.2830 0.8306
vn -0.8306 0.2830 0.4796
vn 0.8306 0.2830 0.4796
vn 0.4796 0.2830 0.8306
vn 0.8306 0.2830 -0.4796
vn -0.9591 0.2830 -0.0000
vn -0.0000 0.2830 0.9591
vn 0.9591 0.2830 -0.0000
vn 0.2613 0.8526 -0.4525
vn -0.0000 0.8526 -0.5225
vn -0.5225 0.8526 -0.0000
vn -0.4525 0.8526 0.2613
vn -0.2613 0.8526 0.4525
vn -0.0000 0.8526 0.5225
vn 0.2613 0.8526 0.4525
vn 0.4525 0.8526 0.2613
vn 0.5225 0.8526 -0.0000
vn 0.4525 0.8526 -0.2613
vn -0.4872 -0.2247 -0.8439
vn -0.2929 0.9427 -0.1597
vn -0.1738 0.9427 -0.2848
vn -0.3840 0.6756 -0.6293
vn -0.6473 0.6756 -0.3530
vn -0.0081 0.9427 -0.3335
vn -0.0179 0.6756 -0.7370
vn 0.1597 0.9427 -0.2929
vn 0.3530 0.6756 -0.6472
vn 0.2848 0.9427 -0.1738
vn 0.6293 0.6756 -0.3840
vn 0.3335 0.9427 -0.0081
vn 0.7370 0.6756 -0.0179
vn 0.2929 0.9427 0.1597
vn 0.6473 0.6756 0.3530
vn 0.1738 0.9427 0.2848
vn 0.3840 0.6756 0.6293
vn 0.0081 0.9427 0.3335
vn 0.0179 0.6756 0.7370
vn -0.1597 0.9427 0.2929
vn -0.3530 0.6756 0.6473
vn -0.2848 0.9427 0.1738
vn -0.6293 0.6756 0.3840
vn -0.3335 0.9427 0.0081
vn -0.7370 0.6756 0.0179
vn -0.9002 -0.4350 0.0219
vn -0.7686 -0.4350 0.4690
vn -0.0219 -0.4350 -0.9002
vn -0.4690 -0.4350 -0.7686
vn -0.4311 -0.4350 0.7905
vn 0.0219 -0.4350 0.9002
vn 0.4690 -0.4350 0.7686
vn 0.7905 -0.4350 0.4311
vn 0.9002 -0.4350 -0.0219
vn 0.7686 -0.4350 -0.4690
vn 0.4311 -0.4350 -0.7905
vn -0.7905 -0.4350 -0.4311
vn 0.2695 -0.9517 0.1470
vn 0.6343 -0.6914 0.3459
vn 0.3763 -0.6914 0.6167
vn 0.1599 -0.9517 0.2620
vn 0.0176 -0.6914 0.7223
vn 0.0075 -0.9517 0.3069
vn -0.3459 -0.6914 0.6343
vn -0.1470 -0.9517 0.2695
vn -0.6167 -0.6914 0.3763
vn -0.2620 -0.9517 0.1599
vn -0.7223 -0.6914 0.0176
vn -0.3069 -0.9517 0.0075
vn -0.6343 -0.6914 -0.3459
vn -0.2695 -0.9517 -0.1470
vn -0.3763 -0.6914 -0.6167
vn -0.1599 -0.9517 -0.2620
vn -0.0176 -0.6914 -0.7223
vn -0.0075 -0.9517 -0.3069
vn 0.3459 -0.6914 -0.6343
vn 0.1470 -0.9517 -0.2695
vn 0.6167 -0.6914 -0.3763
vn 0.2620 -0.9517 -0.1599
vn 0.7223 -0.6914 -0.0176
vn 0.3069 -0.9517 -0.0075
vn 0.3590 -0.9073 -0.2191
vn 0.4204 -0.9073 -0.0102
vn 0.2191 -0.9073 0.3590
vn 0.0102 -0.9073 0.4204
vn 0.2014 -0.9073 -0.3692
vn -0.0102 -0.9073 -0.4204
vn -0.2191 -0.9073 -0.3590
vn -0.3692 -0.9073 -0.2014
vn -0.4204 -0.9073 0.0102
vn -0.3590 -0.9073 0.2191
vn -0.2014 -0.9073 0.3692
vn 0.3692 -0.9073 0.2014
vn -0.2826 0.9377 -0.2024
vn -0.1635 0.9307 -0.3273
vn -0.3768 0.6506 -0.6594
vn -0.6399 0.6660 -0.3834
vn 0.0022 0.9267 -0.3759
vn -0.0107 0.6417 -0.7669
vn 0.1700 0.9267 -0.3353
vn 0.3602 0.6417 -0.6771
vn 0.2951 0.9307 -0.2163
vn 0.6366 0.6506 -0.4141
vn 0.3439 0.9377 -0.0507
vn 0.7444 0.6660 -0.0483
vn 0.3033 0.9457 0.1169
vn 0.6547 0.6838 0.3222
vn 0.1842 0.9527 0.2418
vn 0.3916 0.6992 0.5982
vn 0.0185 0.9567 0.2905
vn 0.0255 0.7081 0.7057
vn -0.1493 0.9567 0.2498
vn -0.3454 0.7081 0.6159
vn -0.2744 0.9527 0.1308
vn -0.6218 0.6992 0.3529
vn -0.3232 0.9457 -0.0347
vn -0.7296 0.6838 -0.0129
vn -0.9049 -0.4236 0.0413
vn -0.7733 -0.4048 0.4881
vn -0.0269 -0.4751 -0.8795
vn -0.4740 -0.4642 -0.7483
vn -0.4357 -0.3940 0.8093
vn 0.0173 -0.3940 0.9190
vn 0.4644 -0.4048 0.7877
vn 0.7858 -0.4236 0.4506
vn 0.8953 -0.4454 -0.0019
vn 0.7637 -0.4642 -0.4486
vn 0.4261 -0.4751 -0.7699
vn -0.7953 -0.4454 -0.4112
vn 0.2591 -0.9470 0.1900
vn 0.6268 -0.6819 0.3771
vn 0.3689 -0.6668 0.6475
vn 0.1495 -0.9406 0.3049
vn 0.0102 -0.6581 0.7529
vn -0.0029 -0.9369 0.3497
vn -0.3533 -0.6581 0.6649
vn -0.1573 -0.9369 0.3123
vn -0.6242 -0.6668 0.4071
vn -0.2724 -0.9406 0.2028
vn -0.7298 -0.6819 0.0487
vn -0.3173 -0.9470 0.0505
vn -0.6419 -0.6993 -0.3144
vn -0.2799 -0.9544 -0.1038
vn -0.3841 -0.7144 -0.5849
vn -0.1704 -0.9608 -0.2187
vn -0.0253 -0.7232 -0.6902
vn -0.0180 -0.9645 -0.2634
vn 0.3382 -0.7232 -0.6022
vn 0.1365 -0.9645 -0.2260
vn 0.6090 -0.7144 -0.3445
vn 0.2515 -0.9608 -0.1165
vn 0.7147 -0.6993 0.0140
vn 0.2964 -0.9544 0.0358
vn 0.3489 -0.9202 -0.1776
vn 0.4104 -0.9114 0.0310
vn 0.2092 -0.8924 0.3998
vn 0.0004 -0.8874 0.4611
vn 0.1913 -0.9252 -0.3277
vn -0.0203 -0.9252 -0.3789
vn -0.2291 -0.9202 -0.3175
vn -0.3792 -0.9114 -0.1601
vn -0.4303 -0.9012 0.0512
vn -0.3689 -0.8924 0.2599
vn -0.2112 -0.8874 0.4099
vn 0.3593 -0.9012 0.2424
vn -0.9162 0.4000 0.0237
vn -0.7919 0.6103 0.0205
vn -0.6961 0.6103 -0.3782
vn -0.8053 0.4000 -0.4376
vn -0.4137 0.6103 -0.6756
vn -0.6482 0.5985 -0.4708
vn -0.0205 0.6103 -0.7919
vn 0.2876 0.5985 -0.7477
vn 0.3782 0.6103 -0.6961
vn 0.4376 0.4000 -0.8053
vn 0.6756 0.6103 -0.4137
vn 0.7816 0.4000 -0.4787
vn 0.7919 0.6103 -0.0205
vn 0.9162 0.4000 -0.0237
vn 0.6961 0.6103 0.3782
vn 0.8053 0.4000 0.4376
vn 0.4137 0.6103 0.6756
vn 0.6392 0.6052 0.4744
vn 0.0205 0.6103 0.7919
vn -0.2782 0.6052 0.7459
vn -0.3782 0.6103 0.6961
vn -0.4376 0.4000 0.8053
vn -0.6756 0.6103 0.4137
vn -0.7816 0.4000 0.4787
vn -0.7654 -0.4409 0.4687
vn -0.8498 0.0832 0.5204
vn -0.9962 0.0832 0.0258
vn -0.8972 -0.4409 0.0232
vn -0.4285 -0.4409 0.7886
vn -0.4758 0.0832 0.8756
vn 0.0232 -0.4409 0.8972
vn -0.2421 -0.1683 0.9555
vn 0.4687 -0.4409 0.7654
vn 0.7231 -0.1683 0.6699
vn 0.7886 -0.4409 0.4285
vn 0.8756 0.0832 0.4758
vn 0.8972 -0.4409 -0.0232
vn 0.9962 0.0832 -0.0258
vn 0.7654 -0.4409 -0.4687
vn 0.8498 0.0832 -0.5204
vn 0.4285 -0.4409 -0.7886
vn 0.4758 0.0832 -0.8756
vn -0.0232 -0.4409 -0.8972
vn 0.2024 -0.1465 -0.9683
vn -0.4687 -0.4409 -0.7654
vn -0.6967 -0.1465 -0.7022
vn -0.7886 -0.4409 -0.4285
vn -0.8756 0.0832 -0.4758
vn -0.5817 -0.8132 0.0151
vn -0.5113 -0.8132 -0.2778
vn -0.3039 -0.8132 -0.4963
vn -0.0151 -0.8132 -0.5817
vn 0.2778 -0.8132 -0.5113
vn 0.4963 -0.8132 -0.3039
vn 0.5817 -0.8132 -0.0151
vn 0.5113 -0.8132 0.2778
vn 0.3039 -0.8132 0.4963
vn 0.0151 -0.8132 0.5818
vn -0.2778 -0.8132 0.5113
vn -0.4963 -0.8132 0.3039
vn -0.0241 0.3643 -0.9310
vn -0.4864 0.3643 -0.7942
vn -0.4084 0.6233 -0.6669
vn -0.0202 0.6233 -0.7817
vn 0.7817 0.6233 -0.0202
vn 0.6669 0.6233 -0.4084
vn 0.2579 0.9532 -0.1579
vn 0.3023 0.9532 -0.0078
vn -0.4446 0.3643 0.8183
vn 0.0241 0.3643 0.9310
vn 0.0202 0.6233 0.7817
vn -0.3733 0.6233 0.6871
vn 0.8183 0.3643 0.4446
vn 0.9310 0.3643 -0.0241
vn 0.6871 0.6233 0.3733
vn 0.4446 0.3643 -0.8183
vn 0.3733 0.6233 -0.6871
vn -0.7942 0.3643 0.4864
vn -0.6669 0.6233 0.4084
vn -0.8183 0.3643 -0.4446
vn -0.9310 0.3643 0.0241
vn -0.7817 0.6233 0.0202
vn -0.6871 0.6233 -0.3733
vn 0.4864 0.3643 0.7942
vn 0.4084 0.6233 0.6669
vn 0.7942 0.3643 -0.4864
vn 0.8528 -0.0000 -0.5222
vn 0.4774 -0.0000 -0.8787
vn 0.4614 -0.2570 -0.8492
vn 0.8241 -0.2570 -0.5047
vn -0.1579 0.9532 -0.2579
vn -0.0078 0.9532 -0.3023
vn 0.0078 0.9532 0.3023
vn -0.1444 0.9532 0.2657
vn 0.2657 0.9532 0.1444
vn 0.1444 0.9532 -0.2657
vn -0.2579 0.9532 0.1579
vn -0.3023 0.9532 0.0078
vn -0.2657 0.9532 -0.1444
vn 0.1579 0.9532 0.2579
vn 0.5047 -0.2570 0.8241
vn 0.8492 -0.2570 0.4614
vn 0.8535 -0.2375 0.4638
vn 0.5073 -0.2375 0.8284
vn -0.9997 -0.0000 0.0259
vn -0.8528 -0.0000 0.5222
vn -0.8242 -0.2570 0.5047
vn -0.9661 -0.2570 0.0250
vn -0.5223 -0.0000 -0.8528
vn -0.8787 -0.0000 -0.4774
vn -0.8492 -0.2570 -0.4614
vn -0.5047 -0.2570 -0.8241
vn 0.0259 -0.0000 0.9997
vn 0.5223 -0.0000 0.8528
vn 0.0250 -0.2570 0.9661
vn 0.9997 -0.0000 -0.0259
vn 0.9661 -0.2570 -0.0250
vn -0.0259 -0.0000 -0.9997
vn -0.0250 -0.2570 -0.9661
vn -0.4774 -0.0000 0.8787
vn -0.4614 -0.2570 0.8492
vn 0.8787 -0.0000 0.4774
vn -0.8535 -0.2375 -0.4637
vn -0.9711 -0.2375 0.0251
vn -0.9668 0.2545 0.0250
vn -0.8498 0.2545 -0.4617
vn 0.4638 -0.2375 -0.8535
vn 0.8284 -0.2375 -0.5073
vn -0.8284 -0.2375 0.5073
vn -0.5073 -0.2375 -0.8284
vn 0.0251 -0.2375 0.9711
vn 0.9711 -0.2375 -0.0251
vn -0.0251 -0.2375 -0.9711
vn -0.4638 -0.2375 0.8535
vn -0.8247 0.2545 0.5050
vn -0.4617 0.2545 0.8497
vn -0.2634 0.8341 0.4847
vn -0.4704 0.8341 0.2881
vn 0.8498 0.2545 0.4617
vn 0.5051 0.2545 0.8247
vn 0.4617 0.2545 -0.8498
vn 0.8247 0.2545 -0.5050
vn -0.5051 0.2545 -0.8247
vn 0.0250 0.2545 0.9668
vn 0.9668 0.2545 -0.0250
vn -0.0250 0.2545 -0.9668
vn -0.4847 0.8341 -0.2634
vn -0.5515 0.8341 0.0143
vn 0.0143 0.8341 0.5515
vn 0.2881 0.8341 0.4704
vn 0.4847 0.8341 0.2634
vn 0.5515 0.8341 -0.0143
vn 0.4704 0.8341 -0.2881
vn 0.2634 0.8341 -0.4847
vn -0.0143 0.8341 -0.5515
vn -0.2881 0.8341 -0.4704
vn 0.6920 0.6690 -0.2712
vn 0.7576 -0.5964 0.2653
vn 0.6596 -0.5763 -0.4825
vn 0.5351 0.7668 -0.3546
vn -0.7282 0.6690 0.1490
vn -0.4659 0.8434 0.2675
vn 0.5365 0.8434 -0.0290
vn -0.4913 -0.5964 0.6348
vn 0.7538 -0.0191 0.6568
vn -0.2750 -0.0191 0.9612
vn -0.8160 -0.5763 -0.0459
vn -0.7388 -0.4408 0.5097
vn 0.8972 -0.4408 0.0256
vn -0.6419 0.7668 -0.0064
vn -0.7249 0.5850 -0.3637
vn 0.4103 0.5850 -0.6996
vn 0.3787 0.1855 -0.9067
vn -0.8111 0.1855 -0.5547
vn 0.9283 0.0050 0.3718
vn 0.9091 0.3108 0.2775
vn 0.4046 -0.2761 -0.8719
vn -0.5766 0.0050 0.8170
vn -0.6117 0.3108 0.7275
vn -0.6806 0.4811 0.5525
vn 0.8717 0.4811 0.0932
vn -0.8138 -0.2761 -0.5113
vn -0.6967 -0.7047 -0.1341
vn 0.5116 -0.7047 -0.4916
vn 0.6766 -0.7351 -0.0426
vn -0.5908 -0.7352 0.3324
vn 0.7667 0.6389 0.0627
vn -0.6092 0.6389 0.4698
vn -0.2804 0.4927 0.8238
vn 0.6835 0.4927 0.5386
vn -0.2594 -0.5326 0.8056
vn 0.6560 -0.5326 0.5348
vn -0.2614 0.9652 -0.0000
vn -0.4795 0.2830 -0.8306
vn -0.4795 0.2830 0.8306
vn -0.0000 0.8526 -0.5226
vn -0.0000 0.8526 0.5226
vn 0.4857 -0.2375 0.8413
vn -0.0000 0.8341 -0.5517
vt 0.201899 0.217396
vt 0.219894 0.217396
vt 0.219894 0.272758
vt 0.201899 0.272758
vt 0.183905 0.217396
vt 0.183905 0.272758
vt 0.165910 0.217396
vt 0.165910 0.272758
vt 0.147916 0.217396
vt 0.147916 0.272758
vt 0.129922 0.217396
vt 0.129922 0.272758
vt 0.111927 0.217396
vt 0.111927 0.272758
vt 0.093933 0.217396
vt 0.093933 0.272758
vt 0.075938 0.217396
vt 0.075938 0.272758
vt 0.057944 0.217396
vt 0.057944 0.272758
vt 0.039949 0.217396
vt 0.039949 0.272758
vt 0.057944 0.213357
vt 0.075938 0.213357
vt 0.021955 0.217396
vt 0.021955 0.272758
vt 0.003961 0.217396
vt 0.003961 0.272758
vt 0.117776 0.255150
vt 0.137040 0.255150
vt 0.153723 0.264782
vt 0.163355 0.281465
vt 0.163355 0.300729
vt 0.153723 0.317412
vt 0.137040 0.327044
vt 0.117776 0.327044
vt 0.101092 0.317412
vt 0.091460 0.300729
vt 0.091460 0.281465
vt 0.101092 0.264782
vt 0.039949 0.213357
vt 0.039949 0.203142
vt 0.057944 0.203142
vt 0.201899 0.213357
vt 0.219894 0.213357
vt 0.003961 0.213357
vt 0.021955 0.213357
vt 0.183905 0.213357
vt 0.165910 0.213357
vt 0.147916 0.213357
vt 0.129922 0.213357
vt 0.111927 0.213357
vt 0.093933 0.213357
vt 0.111927 0.203142
vt 0.093933 0.203142
vt 0.093933 0.188654
vt 0.111927 0.188654
vt 0.165910 0.203142
vt 0.183905 0.203142
vt 0.129922 0.203142
vt 0.075938 0.203142
vt 0.201899 0.203142
vt 0.003961 0.203142
vt 0.021955 0.203142
vt 0.147916 0.203142
vt 0.219894 0.203142
vt 0.093933 0.170415
vt 0.075938 0.170415
vt 0.075938 0.168078
vt 0.093933 0.168078
vt 0.039949 0.188654
vt 0.057944 0.188654
vt 0.165910 0.188654
vt 0.183905 0.188654
vt 0.129922 0.188654
vt 0.075938 0.188654
vt 0.201899 0.188654
vt 0.003961 0.188654
vt 0.021955 0.188654
vt 0.147916 0.188654
vt 0.219894 0.188654
vt 0.003961 0.170415
vt 0.021955 0.170415
vt 0.039949 0.170414
vt 0.057944 0.170414
vt 0.111927 0.170414
vt 0.129922 0.170415
vt 0.147916 0.170415
vt 0.165910 0.170414
vt 0.183905 0.170415
vt 0.201899 0.170415
vt 0.219894 0.170415
vt 0.147916 0.168078
vt 0.129922 0.168078
vt 0.129922 0.163707
vt 0.147916 0.163707
vt 0.201899 0.168078
vt 0.219894 0.168078
vt 0.021955 0.168078
vt 0.039949 0.168078
vt 0.165910 0.168078
vt 0.111927 0.168078
vt 0.057944 0.168078
vt 0.183905 0.168078
vt 0.003961 0.168078
vt 0.021955 0.163707
vt 0.003961 0.163707
vt 0.003961 0.153861
vt 0.021955 0.153861
vt 0.075938 0.163707
vt 0.093933 0.163707
vt 0.201899 0.163707
vt 0.219894 0.163707
vt 0.039949 0.163707
vt 0.165910 0.163707
vt 0.111927 0.163707
vt 0.057944 0.163707
vt 0.183905 0.163707
vt 0.201899 0.153861
vt 0.183905 0.153861
vt 0.183905 0.147842
vt 0.201899 0.147842
vt 0.129922 0.153861
vt 0.147916 0.153861
vt 0.075938 0.153861
vt 0.093933 0.153861
vt 0.219894 0.153861
vt 0.039949 0.153861
vt 0.165910 0.153861
vt 0.111927 0.153861
vt 0.057944 0.153861
vt 0.212401 0.217298
vt 0.210662 0.214286
vt 0.210662 0.210808
vt 0.212401 0.207796
vt 0.215413 0.206057
vt 0.218890 0.206057
vt 0.221902 0.207796
vt 0.223641 0.210808
vt 0.223641 0.214286
vt 0.221902 0.217298
vt 0.218890 0.219037
vt 0.215413 0.219037
vt 0.003961 0.147842
vt 0.021955 0.147842
vt 0.129922 0.147842
vt 0.147916 0.147842
vt 0.075938 0.147842
vt 0.093933 0.147842
vt 0.219894 0.147842
vt 0.039949 0.147842
vt 0.165910 0.147842
vt 0.111927 0.147842
vt 0.057944 0.147842
vt 0.463458 0.260540
vt 0.463458 0.239493
vt 0.479821 0.239493
vt 0.479821 0.260540
vt 0.496184 0.239493
vt 0.496184 0.260540
vt 0.512546 0.239493
vt 0.512546 0.260540
vt 0.528909 0.239493
vt 0.528909 0.260540
vt 0.545272 0.239493
vt 0.545272 0.260540
vt 0.561634 0.239493
vt 0.561634 0.260540
vt 0.577997 0.239493
vt 0.577997 0.260540
vt 0.594359 0.239493
vt 0.594359 0.260540
vt 0.610722 0.239493
vt 0.610722 0.260540
vt 0.627084 0.239493
vt 0.627084 0.260540
vt 0.512546 0.236347
vt 0.528909 0.236347
vt 0.643447 0.239493
vt 0.643447 0.260540
vt 0.659810 0.239493
vt 0.659810 0.260540
vt 0.787671 0.982318
vt 0.772255 0.982318
vt 0.758904 0.974610
vt 0.751196 0.961259
vt 0.751196 0.945843
vt 0.758904 0.932493
vt 0.772255 0.924785
vt 0.787671 0.924785
vt 0.801021 0.932493
vt 0.808729 0.945843
vt 0.808729 0.961259
vt 0.801021 0.974610
vt 0.643447 0.310156
vt 0.643447 0.282289
vt 0.659810 0.282289
vt 0.659810 0.310156
vt 0.627084 0.310156
vt 0.627084 0.282289
vt 0.610722 0.310156
vt 0.610722 0.282289
vt 0.594359 0.310156
vt 0.594359 0.282289
vt 0.577997 0.310156
vt 0.577997 0.282289
vt 0.561634 0.310156
vt 0.561634 0.282289
vt 0.545272 0.310156
vt 0.545272 0.282289
vt 0.528909 0.310156
vt 0.528909 0.282289
vt 0.512546 0.310156
vt 0.512546 0.282289
vt 0.496184 0.310156
vt 0.496184 0.282289
vt 0.479821 0.310156
vt 0.479821 0.282289
vt 0.463458 0.310156
vt 0.463458 0.282289
vt 0.463458 0.325691
vt 0.479821 0.325691
vt 0.496184 0.325691
vt 0.512546 0.325691
vt 0.528909 0.325691
vt 0.545272 0.325691
vt 0.561634 0.325691
vt 0.577997 0.325691
vt 0.594359 0.325691
vt 0.610722 0.325691
vt 0.627084 0.325691
vt 0.643447 0.325691
vt 0.659810 0.325691
vt 0.496184 0.236347
vt 0.496184 0.228390
vt 0.512546 0.228390
vt 0.643447 0.236347
vt 0.659810 0.236347
vt 0.463458 0.236347
vt 0.479821 0.236346
vt 0.627084 0.236347
vt 0.610722 0.236347
vt 0.594359 0.236347
vt 0.577997 0.236347
vt 0.561634 0.236347
vt 0.545272 0.236347
vt 0.561634 0.228390
vt 0.545272 0.228390
vt 0.545272 0.217104
vt 0.561634 0.217104
vt 0.610722 0.228390
vt 0.627084 0.228390
vt 0.577997 0.228390
vt 0.528909 0.228390
vt 0.643447 0.228390
vt 0.463458 0.228390
vt 0.479821 0.228390
vt 0.594359 0.228390
vt 0.659810 0.228390
vt 0.545272 0.202896
vt 0.528909 0.202896
vt 0.528909 0.201076
vt 0.545272 0.201076
vt 0.496184 0.217104
vt 0.512546 0.217104
vt 0.610722 0.217104
vt 0.627084 0.217104
vt 0.577997 0.217104
vt 0.528909 0.217104
vt 0.643447 0.217104
vt 0.463458 0.217104
vt 0.479821 0.217104
vt 0.594359 0.217104
vt 0.659810 0.217104
vt 0.463458 0.202896
vt 0.479821 0.202896
vt 0.496184 0.202896
vt 0.512546 0.202896
vt 0.561634 0.202896
vt 0.577997 0.202896
vt 0.594359 0.202896
vt 0.610722 0.202896
vt 0.627084 0.202896
vt 0.643447 0.202896
vt 0.659810 0.202896
vt 0.594359 0.201076
vt 0.577997 0.201076
vt 0.577997 0.197671
vt 0.594359 0.197671
vt 0.643447 0.201076
vt 0.659810 0.201076
vt 0.479821 0.201076
vt 0.496184 0.201076
vt 0.610722 0.201076
vt 0.561634 0.201076
vt 0.512546 0.201076
vt 0.627084 0.201076
vt 0.463458 0.201076
vt 0.479821 0.197671
vt 0.463458 0.197671
vt 0.463458 0.190001
vt 0.479821 0.190001
vt 0.528909 0.197671
vt 0.545272 0.197671
vt 0.643447 0.197671
vt 0.659810 0.197671
vt 0.496184 0.197671
vt 0.610722 0.197671
vt 0.561634 0.197671
vt 0.512546 0.197671
vt 0.627084 0.197671
vt 0.643447 0.190001
vt 0.627084 0.190001
vt 0.627084 0.185313
vt 0.643447 0.185313
vt 0.577997 0.190001
vt 0.594359 0.190001
vt 0.528909 0.190001
vt 0.545272 0.190001
vt 0.659810 0.190001
vt 0.496184 0.190001
vt 0.610722 0.190001
vt 0.561634 0.190001
vt 0.512546 0.190001
vt 0.516751 0.152000
vt 0.516751 0.149370
vt 0.518066 0.147092
vt 0.520344 0.145777
vt 0.522974 0.145777
vt 0.525252 0.147092
vt 0.526567 0.149370
vt 0.526567 0.152000
vt 0.525252 0.154278
vt 0.522974 0.155593
vt 0.520344 0.155593
vt 0.518066 0.154278
vt 0.463458 0.185313
vt 0.479821 0.185313
vt 0.577997 0.185313
vt 0.594359 0.185313
vt 0.528909 0.185313
vt 0.545272 0.185313
vt 0.659810 0.185313
vt 0.496184 0.185313
vt 0.610722 0.185313
vt 0.561634 0.185313
vt 0.512546 0.185313
vt 0.837388 0.328450
vt 0.810171 0.328450
vt 0.810171 0.309518
vt 0.837388 0.309518
vt 0.810171 0.290585
vt 0.837388 0.290585
vt 0.810171 0.271652
vt 0.837388 0.271652
vt 0.810171 0.252720
vt 0.837388 0.252720
vt 0.810171 0.233787
vt 0.837388 0.233787
vt 0.810171 0.214854
vt 0.837388 0.214854
vt 0.810171 0.195922
vt 0.837388 0.195922
vt 0.810171 0.176989
vt 0.837388 0.176989
vt 0.810171 0.158056
vt 0.837388 0.158056
vt 0.810171 0.139124
vt 0.837388 0.139124
vt 0.806571 0.271652
vt 0.806571 0.252720
vt 0.810171 0.120191
vt 0.837388 0.120191
vt 0.810171 0.101259
vt 0.837388 0.101259
vt 0.062507 0.985639
vt 0.046201 0.995054
vt 0.027372 0.995054
vt 0.011065 0.985639
vt 0.001650 0.969333
vt 0.001650 0.950503
vt 0.011065 0.934197
vt 0.027372 0.924782
vt 0.046201 0.924782
vt 0.062507 0.934197
vt 0.071922 0.950503
vt 0.071922 0.969333
vt 0.901372 0.120191
vt 0.865319 0.120191
vt 0.865319 0.101259
vt 0.901372 0.101259
vt 0.901372 0.139124
vt 0.865319 0.139124
vt 0.901372 0.158056
vt 0.865319 0.158056
vt 0.901372 0.176989
vt 0.865318 0.176989
vt 0.901372 0.195922
vt 0.865318 0.195922
vt 0.901372 0.214854
vt 0.865318 0.214854
vt 0.901372 0.233787
vt 0.865318 0.233787
vt 0.901372 0.252720
vt 0.865318 0.252720
vt 0.901372 0.271652
vt 0.865318 0.271652
vt 0.901372 0.290585
vt 0.865318 0.290585
vt 0.901372 0.309518
vt 0.865318 0.309518
vt 0.901372 0.328450
vt 0.865318 0.328450
vt 0.921090 0.328450
vt 0.921090 0.309518
vt 0.921090 0.290585
vt 0.921090 0.271652
vt 0.921090 0.252720
vt 0.921090 0.233787
vt 0.921090 0.214854
vt 0.921090 0.195922
vt 0.921090 0.176989
vt 0.921090 0.158057
vt 0.921090 0.139124
vt 0.921090 0.120191
vt 0.921090 0.101259
vt 0.806571 0.290585
vt 0.796425 0.290585
vt 0.796425 0.271652
vt 0.806571 0.120191
vt 0.806571 0.101259
vt 0.806571 0.328450
vt 0.806571 0.309518
vt 0.806571 0.139124
vt 0.806571 0.158056
vt 0.806571 0.176989
vt 0.806571 0.195922
vt 0.806571 0.214854
vt 0.806571 0.233787
vt 0.796425 0.214854
vt 0.796425 0.233787
vt 0.783057 0.233787
vt 0.783057 0.214854
vt 0.796425 0.158056
vt 0.796425 0.139124
vt 0.796425 0.195922
vt 0.796425 0.252720
vt 0.796425 0.120191
vt 0.796425 0.328450
vt 0.796425 0.309518
vt 0.796425 0.176989
vt 0.796425 0.101259
vt 0.766801 0.233787
vt 0.766801 0.252720
vt 0.764446 0.252720
vt 0.764446 0.233787
vt 0.783057 0.290585
vt 0.783057 0.271652
vt 0.783057 0.158056
vt 0.783057 0.139124
vt 0.783057 0.195922
vt 0.783057 0.252720
vt 0.783057 0.120191
vt 0.783057 0.328450
vt 0.783057 0.309518
vt 0.783057 0.176989
vt 0.783057 0.101259
vt 0.766801 0.328450
vt 0.766801 0.309518
vt 0.766801 0.290585
vt 0.766801 0.271652
vt 0.766801 0.214854
vt 0.766801 0.195922
vt 0.766801 0.176989
vt 0.766801 0.158056
vt 0.766801 0.139124
vt 0.766801 0.120191
vt 0.766801 0.101259
vt 0.764446 0.176989
vt 0.764446 0.195922
vt 0.760152 0.195922
vt 0.760152 0.176989
vt 0.764446 0.120191
vt 0.764446 0.101259
vt 0.764446 0.309518
vt 0.764446 0.290585
vt 0.764446 0.158056
vt 0.764446 0.214854
vt 0.764446 0.271652
vt 0.764446 0.139124
vt 0.764446 0.328450
vt 0.760152 0.309518
vt 0.760152 0.328450
vt 0.750228 0.328450
vt 0.750228 0.309518
vt 0.760152 0.252720
vt 0.760152 0.233787
vt 0.760152 0.120191
vt 0.760152 0.101259
vt 0.760152 0.290585
vt 0.760152 0.158056
vt 0.760152 0.214854
vt 0.760152 0.271652
vt 0.760152 0.139124
vt 0.750228 0.120191
vt 0.750228 0.139124
vt 0.744336 0.139124
vt 0.744336 0.120191
vt 0.750228 0.195922
vt 0.750228 0.176989
vt 0.750228 0.252720
vt 0.750228 0.233787
vt 0.750228 0.101259
vt 0.750228 0.290585
vt 0.750228 0.158056
vt 0.750228 0.214854
vt 0.750228 0.271652
vt 0.933454 0.212042
vt 0.930671 0.213649
vt 0.927459 0.213649
vt 0.924676 0.212042
vt 0.923070 0.209260
vt 0.923070 0.206047
vt 0.924676 0.203265
vt 0.927459 0.201659
vt 0.930671 0.201659
vt 0.933454 0.203265
vt 0.935060 0.206048
vt 0.935060 0.209260
vt 0.744336 0.328450
vt 0.744336 0.309518
vt 0.744336 0.195922
vt 0.744336 0.176989
vt 0.744336 0.252720
vt 0.744336 0.233787
vt 0.744336 0.101259
vt 0.744336 0.290585
vt 0.744336 0.158057
vt 0.744336 0.214854
vt 0.744336 0.271652
vt 0.682079 0.174397
vt 0.696504 0.174397
vt 0.696504 0.282599
vt 0.682079 0.282599
vt 0.667655 0.174397
vt 0.667655 0.282599
vt 0.653230 0.174397
vt 0.653230 0.282599
vt 0.638805 0.174397
vt 0.638805 0.282599
vt 0.624380 0.174397
vt 0.624380 0.282599
vt 0.609956 0.174397
vt 0.609956 0.282599
vt 0.595531 0.174397
vt 0.595531 0.282599
vt 0.581106 0.174397
vt 0.581106 0.282599
vt 0.566682 0.174397
vt 0.566682 0.282599
vt 0.552257 0.174397
vt 0.552257 0.282599
vt 0.566682 0.171462
vt 0.581106 0.171462
vt 0.537832 0.174397
vt 0.537832 0.282599
vt 0.523408 0.174397
vt 0.523408 0.282599
vt 0.173574 0.924789
vt 0.187073 0.932584
vt 0.194868 0.946084
vt 0.194868 0.961672
vt 0.187073 0.975172
vt 0.173574 0.982966
vt 0.157985 0.982966
vt 0.144485 0.975172
vt 0.136691 0.961672
vt 0.136691 0.946084
vt 0.144485 0.932584
vt 0.157985 0.924789
vt 0.552257 0.171462
vt 0.552257 0.164039
vt 0.566682 0.164039
vt 0.682079 0.171462
vt 0.696504 0.171462
vt 0.523408 0.171462
vt 0.537832 0.171462
vt 0.667655 0.171462
vt 0.653230 0.171462
vt 0.638805 0.171462
vt 0.624380 0.171462
vt 0.609956 0.171462
vt 0.595531 0.171462
vt 0.609956 0.164039
vt 0.595531 0.164039
vt 0.595531 0.153510
vt 0.609956 0.153510
vt 0.653230 0.164039
vt 0.667655 0.164039
vt 0.624380 0.164039
vt 0.581106 0.164039
vt 0.682079 0.164039
vt 0.523408 0.164039
vt 0.537832 0.164039
vt 0.638805 0.164039
vt 0.696504 0.164039
vt 0.595531 0.140256
vt 0.581106 0.140256
vt 0.581106 0.138558
vt 0.595531 0.138558
vt 0.552257 0.153510
vt 0.566682 0.153510
vt 0.653230 0.153510
vt 0.667655 0.153510
vt 0.624380 0.153510
vt 0.581106 0.153510
vt 0.682079 0.153510
vt 0.523408 0.153510
vt 0.537832 0.153510
vt 0.638805 0.153510
vt 0.696504 0.153510
vt 0.523408 0.140256
vt 0.537832 0.140256
vt 0.552257 0.140256
vt 0.566682 0.140256
vt 0.609956 0.140256
vt 0.624380 0.140256
vt 0.638805 0.140256
vt 0.653230 0.140256
vt 0.667655 0.140256
vt 0.682079 0.140256
vt 0.696504 0.140256
vt 0.638805 0.138558
vt 0.624380 0.138558
vt 0.624380 0.135382
vt 0.638805 0.135382
vt 0.682079 0.138558
vt 0.696504 0.138558
vt 0.537832 0.138558
vt 0.552257 0.138558
vt 0.653230 0.138558
vt 0.609956 0.138558
vt 0.566682 0.138558
vt 0.667655 0.138558
vt 0.523408 0.138558
vt 0.537832 0.135382
vt 0.523408 0.135382
vt 0.523408 0.128226
vt 0.537832 0.128226
vt 0.581106 0.135382
vt 0.595531 0.135382
vt 0.682079 0.135382
vt 0.696504 0.135382
vt 0.552257 0.135382
vt 0.653230 0.135382
vt 0.609956 0.135382
vt 0.566682 0.135382
vt 0.667655 0.135382
vt 0.682079 0.128226
vt 0.667655 0.128226
vt 0.667655 0.123852
vt 0.682079 0.123852
vt 0.624380 0.128226
vt 0.638805 0.128226
vt 0.581106 0.128226
vt 0.595531 0.128226
vt 0.696504 0.128226
vt 0.552257 0.128226
vt 0.653230 0.128226
vt 0.609956 0.128226
vt 0.566682 0.128226
vt 0.596699 0.147541
vt 0.594396 0.146211
vt 0.593066 0.143908
vt 0.593066 0.141248
vt 0.594396 0.138945
vt 0.596699 0.137615
vt 0.599359 0.137615
vt 0.601662 0.138945
vt 0.602992 0.141248
vt 0.602992 0.143908
vt 0.601662 0.146211
vt 0.599359 0.147541
vt 0.523408 0.123852
vt 0.537832 0.123852
vt 0.624380 0.123852
vt 0.638805 0.123852
vt 0.581106 0.123852
vt 0.595531 0.123852
vt 0.696504 0.123852
vt 0.552257 0.123852
vt 0.653230 0.123852
vt 0.609956 0.123852
vt 0.566682 0.123852
vt 0.342240 0.313634
vt 0.342240 0.332715
vt 0.283534 0.332715
vt 0.283534 0.313634
vt 0.342240 0.294553
vt 0.283534 0.294553
vt 0.342240 0.275471
vt 0.283534 0.275471
vt 0.342240 0.256390
vt 0.283534 0.256390
vt 0.342240 0.237309
vt 0.283534 0.237309
vt 0.342240 0.218228
vt 0.283534 0.218228
vt 0.342240 0.199146
vt 0.283534 0.199146
vt 0.342240 0.180065
vt 0.283534 0.180065
vt 0.342240 0.160984
vt 0.283534 0.160984
vt 0.342240 0.141903
vt 0.283534 0.141903
vt 0.346524 0.160984
vt 0.346524 0.180065
vt 0.342240 0.122821
vt 0.283534 0.122821
vt 0.342240 0.103740
vt 0.283534 0.103740
vt 0.367094 0.187725
vt 0.387477 0.187725
vt 0.405130 0.197916
vt 0.415321 0.215569
vt 0.415321 0.235952
vt 0.405130 0.253604
vt 0.387477 0.263796
vt 0.367094 0.263796
vt 0.349442 0.253604
vt 0.339250 0.235952
vt 0.339250 0.215569
vt 0.349442 0.197916
vt 0.346524 0.141903
vt 0.357355 0.141903
vt 0.357355 0.160984
vt 0.346524 0.313634
vt 0.346524 0.332715
vt 0.346524 0.103740
vt 0.346524 0.122821
vt 0.346524 0.294553
vt 0.346524 0.275471
vt 0.346524 0.256390
vt 0.346524 0.237309
vt 0.346524 0.218228
vt 0.346524 0.199146
vt 0.357355 0.218228
vt 0.357355 0.199146
vt 0.372719 0.199146
vt 0.372719 0.218228
vt 0.357355 0.275471
vt 0.357355 0.294553
vt 0.357355 0.237309
vt 0.357355 0.180065
vt 0.357355 0.313634
vt 0.357355 0.103740
vt 0.357355 0.122821
vt 0.357355 0.256390
vt 0.357355 0.332715
vt 0.392060 0.199146
vt 0.392060 0.180065
vt 0.394538 0.180065
vt 0.394538 0.199146
vt 0.372719 0.141903
vt 0.372719 0.160984
vt 0.372719 0.275471
vt 0.372719 0.294553
vt 0.372719 0.237309
vt 0.372719 0.180065
vt 0.372719 0.313634
vt 0.372719 0.103740
vt 0.372719 0.122821
vt 0.372719 0.256390
vt 0.372719 0.332715
vt 0.392060 0.103740
vt 0.392060 0.122821
vt 0.392060 0.141903
vt 0.392060 0.160984
vt 0.392060 0.218228
vt 0.392060 0.237309
vt 0.392060 0.256390
vt 0.392060 0.275471
vt 0.392060 0.294553
vt 0.392060 0.313634
vt 0.392060 0.332715
vt 0.394538 0.256390
vt 0.394538 0.237309
vt 0.399172 0.237309
vt 0.399172 0.256390
vt 0.394538 0.313634
vt 0.394538 0.332715
vt 0.394538 0.122821
vt 0.394538 0.141903
vt 0.394538 0.275471
vt 0.394538 0.218228
vt 0.394538 0.160984
vt 0.394538 0.294553
vt 0.394538 0.103740
vt 0.399172 0.122821
vt 0.399172 0.103740
vt 0.409614 0.103740
vt 0.409614 0.122821
vt 0.399172 0.180065
vt 0.399172 0.199146
vt 0.399172 0.313634
vt 0.399172 0.332715
vt 0.399172 0.141903
vt 0.399172 0.275471
vt 0.399172 0.218228
vt 0.399172 0.160984
vt 0.399172 0.294553
vt 0.409614 0.313634
vt 0.409614 0.294553
vt 0.415996 0.294553
vt 0.415996 0.313634
vt 0.409614 0.237309
vt 0.409614 0.256390
vt 0.409614 0.180065
vt 0.409614 0.199146
vt 0.409614 0.332715
vt 0.409614 0.141903
vt 0.409614 0.275471
vt 0.409614 0.218228
vt 0.409614 0.160984
vt 0.251644 0.130375
vt 0.249905 0.127363
vt 0.249905 0.123885
vt 0.251644 0.120873
vt 0.254656 0.119134
vt 0.258134 0.119134
vt 0.261145 0.120873
vt 0.262884 0.123885
vt 0.262884 0.127363
vt 0.261145 0.130375
vt 0.258134 0.132114
vt 0.254656 0.132114
vt 0.415996 0.103740
vt 0.415996 0.122821
vt 0.415996 0.237309
vt 0.415996 0.256390
vt 0.415996 0.180065
vt 0.415996 0.199146
vt 0.415996 0.332715
vt 0.415996 0.141903
vt 0.415996 0.275471
vt 0.415996 0.218228
vt 0.415996 0.160984
vt 0.144863 0.114878
vt 0.134556 0.114878
vt 0.134556 0.095371
vt 0.144863 0.095371
vt 0.144863 0.329207
vt 0.134556 0.329207
vt 0.134556 0.309701
vt 0.144863 0.309701
vt 0.134556 0.290858
vt 0.144863 0.290858
vt 0.134556 0.271351
vt 0.144863 0.271351
vt 0.134556 0.251844
vt 0.144863 0.251844
vt 0.134556 0.232337
vt 0.144863 0.232338
vt 0.134556 0.212831
vt 0.144863 0.212831
vt 0.134556 0.193324
vt 0.144863 0.193324
vt 0.134556 0.173398
vt 0.144863 0.173398
vt 0.134556 0.153891
vt 0.144863 0.153891
vt 0.130672 0.290858
vt 0.130672 0.271351
vt 0.134556 0.134385
vt 0.144863 0.134385
vt 0.104977 0.229947
vt 0.119793 0.229947
vt 0.132625 0.237356
vt 0.140033 0.250187
vt 0.140033 0.265004
vt 0.132625 0.277835
vt 0.119793 0.285244
vt 0.104977 0.285244
vt 0.092145 0.277835
vt 0.084737 0.265004
vt 0.084737 0.250187
vt 0.092145 0.237356
vt 0.193609 0.134385
vt 0.158469 0.134385
vt 0.158469 0.114878
vt 0.193609 0.114878
vt 0.193609 0.153891
vt 0.158469 0.153891
vt 0.193609 0.173398
vt 0.158469 0.173398
vt 0.193609 0.193324
vt 0.158469 0.193324
vt 0.193609 0.212831
vt 0.158469 0.212831
vt 0.193609 0.232337
vt 0.158469 0.232338
vt 0.193609 0.251844
vt 0.158469 0.251844
vt 0.193609 0.271351
vt 0.158469 0.271351
vt 0.193609 0.290858
vt 0.158469 0.290858
vt 0.193609 0.309701
vt 0.158469 0.309701
vt 0.193609 0.329207
vt 0.158469 0.329207
vt 0.158469 0.095371
vt 0.193609 0.095371
vt 0.212467 0.114878
vt 0.212467 0.095371
vt 0.212467 0.329207
vt 0.212467 0.309701
vt 0.212467 0.290858
vt 0.212467 0.271351
vt 0.212467 0.251844
vt 0.212467 0.232337
vt 0.212467 0.212831
vt 0.212467 0.193324
vt 0.212467 0.173398
vt 0.212467 0.153891
vt 0.212467 0.134385
vt 0.130672 0.309701
vt 0.120850 0.309701
vt 0.120850 0.290858
vt 0.130672 0.134385
vt 0.130672 0.114878
vt 0.130672 0.095371
vt 0.130672 0.153891
vt 0.130672 0.329207
vt 0.130672 0.173398
vt 0.130672 0.193324
vt 0.130672 0.212831
vt 0.130672 0.232338
vt 0.130672 0.251844
vt 0.120850 0.232338
vt 0.120850 0.251844
vt 0.106917 0.251844
vt 0.106917 0.232338
vt 0.120850 0.173398
vt 0.120850 0.153891
vt 0.120850 0.212831
vt 0.120850 0.271351
vt 0.120850 0.134385
vt 0.120850 0.114878
vt 0.120850 0.095371
vt 0.120850 0.193324
vt 0.120850 0.329207
vt 0.089378 0.251844
vt 0.089378 0.271351
vt 0.087131 0.271351
vt 0.087131 0.251844
vt 0.106917 0.309701
vt 0.106917 0.290858
vt 0.106917 0.173398
vt 0.106917 0.153891
vt 0.106917 0.212831
vt 0.106917 0.271351
vt 0.106917 0.134385
vt 0.106917 0.114878
vt 0.106917 0.095371
vt 0.106917 0.193324
vt 0.106917 0.329207
vt 0.089378 0.114878
vt 0.089378 0.095371
vt 0.089378 0.329207
vt 0.089378 0.309701
vt 0.089378 0.290858
vt 0.089378 0.232338
vt 0.089378 0.212831
vt 0.089378 0.193324
vt 0.089378 0.173398
vt 0.089378 0.153891
vt 0.089378 0.134385
vt 0.087131 0.193324
vt 0.087131 0.212831
vt 0.082928 0.212831
vt 0.082928 0.193324
vt 0.087131 0.134385
vt 0.087131 0.114878
vt 0.087131 0.329207
vt 0.087131 0.309701
vt 0.087131 0.173398
vt 0.087131 0.232337
vt 0.087131 0.290858
vt 0.087131 0.153891
vt 0.087131 0.095371
vt 0.082928 0.095371
vt 0.082928 0.114878
vt 0.073459 0.114878
vt 0.073459 0.095371
vt 0.082928 0.271351
vt 0.082928 0.251844
vt 0.082928 0.134385
vt 0.082928 0.329207
vt 0.082928 0.309701
vt 0.082928 0.173398
vt 0.082928 0.232338
vt 0.082928 0.290858
vt 0.082928 0.153891
vt 0.073459 0.134385
vt 0.073459 0.153891
vt 0.067671 0.153891
vt 0.067671 0.134385
vt 0.073459 0.212831
vt 0.073459 0.193324
vt 0.073459 0.271351
vt 0.073459 0.251844
vt 0.073459 0.329207
vt 0.073459 0.309701
vt 0.073459 0.173398
vt 0.073459 0.232337
vt 0.073459 0.290858
vt 0.155161 0.241378
vt 0.153627 0.244036
vt 0.150970 0.245570
vt 0.147902 0.245570
vt 0.145245 0.244036
vt 0.143710 0.241378
vt 0.143710 0.238310
vt 0.145245 0.235653
vt 0.147902 0.234119
vt 0.150970 0.234119
vt 0.153627 0.235653
vt 0.155161 0.238310
vt 0.067671 0.114878
vt 0.067671 0.095371
vt 0.067671 0.212831
vt 0.067671 0.193324
vt 0.067671 0.271351
vt 0.067671 0.251844
vt 0.067671 0.329207
vt 0.067671 0.309701
vt 0.067671 0.173398
vt 0.067671 0.232337
vt 0.067671 0.290858
vt 0.180496 0.275104
vt 0.162326 0.276570
vt 0.163144 0.260425
vt 0.176290 0.260673
vt 0.181761 0.195211
vt 0.179757 0.210951
vt 0.163614 0.206598
vt 0.167364 0.192657
vt 0.146231 0.258990
vt 0.149169 0.247566
vt 0.160872 0.248293
vt 0.200380 0.263747
vt 0.190200 0.253363
vt 0.141613 0.273188
vt 0.210374 0.248911
vt 0.196382 0.242461
vt 0.169385 0.244629
vt 0.155936 0.238253
vt 0.164036 0.233749
vt 0.180379 0.238553
vt 0.188682 0.233591
vt 0.159255 0.225424
vt 0.144248 0.220767
vt 0.148081 0.201359
vt 0.173643 0.231145
vt 0.181220 0.175891
vt 0.167146 0.179284
vt 0.166808 0.244115
vt 0.154778 0.238499
vt 0.152099 0.180866
vt 0.151698 0.190813
vt 0.134999 0.188647
vt 0.136764 0.179803
vt 0.141080 0.231512
vt 0.133128 0.198294
vt 0.123553 0.195153
vt 0.125381 0.186523
vt 0.129188 0.214419
vt 0.125178 0.223658
vt 0.119081 0.211946
vt 0.107639 0.206103
vt 0.112329 0.193375
vt 0.115679 0.221360
vt 0.127128 0.177188
vt 0.112716 0.175487
vt 0.112658 0.184733
vt 0.104958 0.185835
vt 0.102899 0.177669
vt 0.101058 0.213880
vt 0.105513 0.192423
vt 0.101514 0.201346
vt 0.096787 0.197229
vt 0.099505 0.191380
vt 0.095258 0.205753
vt 0.092426 0.194928
vt 0.094934 0.189530
vt 0.092752 0.200106
vt 0.099511 0.186522
vt 0.097765 0.180909
vt 0.853229 0.890298
vt 0.854067 0.881758
vt 0.858769 0.881388
vt 0.857657 0.891527
vt 0.851789 0.873364
vt 0.856134 0.871144
vt 0.811010 0.874018
vt 0.808041 0.880688
vt 0.804185 0.879757
vt 0.807762 0.871622
vt 0.807657 0.888061
vt 0.803624 0.888525
vt 0.809867 0.895316
vt 0.806127 0.897169
vt 0.814535 0.901575
vt 0.811529 0.904666
vt 0.821001 0.906081
vt 0.819243 0.909890
vt 0.828623 0.908078
vt 0.828265 0.912385
vt 0.836574 0.907266
vt 0.837703 0.911470
vt 0.843935 0.903840
vt 0.846485 0.907496
vt 0.849712 0.897968
vt 0.853420 0.900561
vt 0.837747 0.787500
vt 0.845633 0.787500
vt 0.852462 0.791443
vt 0.856404 0.798272
vt 0.856404 0.806157
vt 0.852462 0.812986
vt 0.845633 0.816929
vt 0.837747 0.816929
vt 0.830919 0.812986
vt 0.826976 0.806157
vt 0.826976 0.798272
vt 0.830919 0.791443
vt 0.858915 0.904585
vt 0.850221 0.912947
vt 0.862898 0.868520
vt 0.865752 0.880945
vt 0.839407 0.917895
vt 0.827697 0.918798
vt 0.816496 0.915815
vt 0.806988 0.909167
vt 0.800446 0.899817
vt 0.797541 0.889079
vt 0.798406 0.878289
vt 0.864421 0.893444
vt 0.802616 0.868520
vt 0.809287 0.839330
vt 0.805288 0.839501
vt 0.806713 0.830208
vt 0.810553 0.831612
vt 0.811640 0.821820
vt 0.814721 0.824756
vt 0.839917 0.825028
vt 0.841930 0.822097
vt 0.847576 0.828226
vt 0.844535 0.830033
vt 0.850362 0.836087
vt 0.846758 0.836555
vt 0.849810 0.844646
vt 0.846213 0.843632
vt 0.845830 0.852511
vt 0.842849 0.850113
vt 0.838969 0.858244
vt 0.837112 0.854856
vt 0.830322 0.861069
vt 0.829938 0.857138
vt 0.821230 0.860020
vt 0.822407 0.856284
vt 0.813132 0.855702
vt 0.815725 0.852656
vt 0.807602 0.848399
vt 0.811107 0.846700
vt 0.890302 0.792367
vt 0.896845 0.788590
vt 0.904400 0.788590
vt 0.910943 0.792367
vt 0.914720 0.798910
vt 0.914720 0.806464
vt 0.910943 0.813007
vt 0.904400 0.816785
vt 0.896845 0.816785
vt 0.890302 0.813007
vt 0.886525 0.806465
vt 0.886525 0.798910
vt 0.808884 0.860673
vt 0.801613 0.851415
vt 0.800018 0.827870
vt 0.806352 0.817600
vt 0.819171 0.866550
vt 0.831002 0.867601
vt 0.842272 0.864187
vt 0.851030 0.856521
vt 0.855990 0.846207
vt 0.856493 0.835122
vt 0.852699 0.825063
vt 0.798441 0.839963
vt 0.845525 0.817630
vt 0.797541 0.840025
vt 0.799121 0.827552
vt 0.831097 0.868520
vt 0.818893 0.867417
vt 0.856844 0.846423
vt 0.851729 0.857063
vt 0.805722 0.816929
vt 0.808289 0.861353
vt 0.842698 0.864956
vt 0.853398 0.824626
vt 0.857302 0.834995
vt 0.800803 0.851816
vt 0.845945 0.816929
vt 0.784441 0.890733
vt 0.785394 0.881954
vt 0.790253 0.881674
vt 0.788971 0.892080
vt 0.783310 0.873227
vt 0.787775 0.871064
vt 0.743042 0.874164
vt 0.739870 0.880724
vt 0.736085 0.879701
vt 0.739808 0.871666
vt 0.739309 0.888006
vt 0.735310 0.888367
vt 0.741320 0.895232
vt 0.737581 0.896973
vt 0.745775 0.901529
vt 0.742738 0.904468
vt 0.751934 0.906183
vt 0.750094 0.909906
vt 0.759366 0.908247
vt 0.758930 0.912465
vt 0.767261 0.907628
vt 0.768312 0.911854
vt 0.774675 0.904276
vt 0.777164 0.907994
vt 0.780673 0.898453
vt 0.784375 0.901180
vt 0.891300 0.872472
vt 0.895252 0.879318
vt 0.895252 0.887223
vt 0.891300 0.894068
vt 0.884454 0.898021
vt 0.876550 0.898021
vt 0.869704 0.894068
vt 0.865752 0.887223
vt 0.865752 0.879318
vt 0.869704 0.872472
vt 0.876550 0.868520
vt 0.884454 0.868520
vt 0.789843 0.905422
vt 0.780770 0.913684
vt 0.794864 0.868484
vt 0.797541 0.881456
vt 0.769737 0.918253
vt 0.758127 0.918798
vt 0.747313 0.915502
vt 0.738164 0.908875
vt 0.731896 0.899463
vt 0.729277 0.888771
vt 0.730380 0.878118
vt 0.795732 0.894275
vt 0.734751 0.868484
vt 0.869395 0.839284
vt 0.865240 0.839567
vt 0.866541 0.830079
vt 0.870402 0.831385
vt 0.871295 0.821607
vt 0.874418 0.824473
vt 0.898492 0.825360
vt 0.900581 0.822196
vt 0.906587 0.828499
vt 0.903471 0.830486
vt 0.909545 0.836498
vt 0.906004 0.837096
vt 0.909360 0.844992
vt 0.905794 0.844100
vt 0.905611 0.852674
vt 0.902686 0.850404
vt 0.899054 0.858345
vt 0.897195 0.855080
vt 0.890651 0.861264
vt 0.890216 0.857419
vt 0.881660 0.860412
vt 0.882816 0.856686
vt 0.873607 0.856049
vt 0.876183 0.853020
vt 0.867796 0.848739
vt 0.871428 0.846924
vt 0.729277 0.798857
vt 0.733064 0.792298
vt 0.739623 0.788512
vt 0.747196 0.788512
vt 0.753755 0.792298
vt 0.757542 0.798857
vt 0.757542 0.806430
vt 0.753755 0.812989
vt 0.747196 0.816776
vt 0.739623 0.816776
vt 0.733064 0.812989
vt 0.729277 0.806431
vt 0.869331 0.861311
vt 0.861683 0.851965
vt 0.859713 0.827821
vt 0.865940 0.817472
vt 0.879825 0.866788
vt 0.891430 0.867622
vt 0.902375 0.864047
vt 0.910695 0.856440
vt 0.915292 0.846459
vt 0.915874 0.835448
vt 0.911835 0.825127
vt 0.858246 0.840153
vt 0.904278 0.817493
vt 0.857302 0.840224
vt 0.858824 0.827515
vt 0.891540 0.868520
vt 0.879572 0.867651
vt 0.916107 0.846667
vt 0.911367 0.856933
vt 0.865276 0.816785
vt 0.868748 0.862017
vt 0.902820 0.864799
vt 0.912553 0.824662
vt 0.916713 0.835319
vt 0.860853 0.852393
vt 0.904689 0.816785
vt 0.853281 0.940758
vt 0.854555 0.932198
vt 0.859216 0.932008
vt 0.857803 0.942171
vt 0.852624 0.923853
vt 0.856901 0.921818
vt 0.811460 0.924924
vt 0.808411 0.931308
vt 0.804700 0.930305
vt 0.808376 0.922519
vt 0.807847 0.938439
vt 0.803928 0.938784
vt 0.809799 0.945521
vt 0.806133 0.947221
vt 0.814155 0.951689
vt 0.811198 0.954610
vt 0.820524 0.956148
vt 0.818647 0.960015
vt 0.828060 0.958372
vt 0.827614 0.962582
vt 0.835990 0.957750
vt 0.837046 0.961994
vt 0.843443 0.954378
vt 0.845946 0.958116
vt 0.849474 0.948521
vt 0.853194 0.951266
vt 0.857302 0.806088
vt 0.857302 0.798258
vt 0.861217 0.791476
vt 0.867998 0.787561
vt 0.875828 0.787561
vt 0.882610 0.791476
vt 0.886525 0.798258
vt 0.886525 0.806088
vt 0.882610 0.812869
vt 0.875828 0.816785
vt 0.867998 0.816785
vt 0.861217 0.812869
vt 0.858693 0.955525
vt 0.849574 0.963836
vt 0.863673 0.919380
vt 0.866206 0.931752
vt 0.838480 0.968436
vt 0.826799 0.969002
vt 0.815757 0.965680
vt 0.806654 0.958886
vt 0.800555 0.949642
vt 0.798021 0.939162
vt 0.799140 0.928733
vt 0.864592 0.944308
vt 0.803473 0.919380
vt 0.876836 0.937838
vt 0.873141 0.937444
vt 0.875901 0.929357
vt 0.879047 0.931150
vt 0.881502 0.922744
vt 0.883744 0.925786
vt 0.908009 0.925386
vt 0.910854 0.922487
vt 0.915938 0.930445
vt 0.912214 0.931931
vt 0.917603 0.939538
vt 0.913691 0.939481
vt 0.915633 0.948504
vt 0.912050 0.946836
vt 0.910136 0.955832
vt 0.907487 0.952862
vt 0.902243 0.960374
vt 0.900951 0.956733
vt 0.893419 0.961626
vt 0.893630 0.957872
vt 0.884927 0.959364
vt 0.886672 0.956003
vt 0.878190 0.953761
vt 0.881090 0.951376
vt 0.873973 0.946062
vt 0.877604 0.944945
vt 0.905501 0.870022
vt 0.913003 0.870022
vt 0.919500 0.873773
vt 0.923251 0.880270
vt 0.923251 0.887772
vt 0.919500 0.894269
vt 0.913003 0.898021
vt 0.905501 0.898021
vt 0.899003 0.894269
vt 0.895252 0.887772
vt 0.895252 0.880270
vt 0.899003 0.873773
vt 0.873112 0.957942
vt 0.867852 0.947808
vt 0.870352 0.926252
vt 0.877526 0.918208
vt 0.882037 0.964966
vt 0.892900 0.968127
vt 0.904471 0.966817
vt 0.914636 0.960764
vt 0.921546 0.951262
vt 0.924363 0.939762
vt 0.922409 0.927909
vt 0.867027 0.936745
vt 0.915852 0.918194
vt 0.866206 0.936650
vt 0.869609 0.925830
vt 0.892821 0.969002
vt 0.881649 0.965720
vt 0.922362 0.951648
vt 0.915240 0.961436
vt 0.877076 0.917519
vt 0.872425 0.958510
vt 0.904754 0.967672
vt 0.923255 0.927566
vt 0.925295 0.939796
vt 0.867021 0.948039
vt 0.916437 0.917519
vt 0.785800 0.940284
vt 0.786489 0.931921
vt 0.791089 0.931512
vt 0.790176 0.941483
vt 0.784182 0.923644
vt 0.788460 0.921425
vt 0.742685 0.924377
vt 0.739671 0.930961
vt 0.735842 0.930018
vt 0.739488 0.921966
vt 0.739290 0.938262
vt 0.735297 0.938727
vt 0.741489 0.945435
vt 0.737797 0.947278
vt 0.746115 0.951600
vt 0.743190 0.954667
vt 0.752734 0.955946
vt 0.750976 0.959924
vt 0.760629 0.957845
vt 0.760285 0.962248
vt 0.768838 0.957071
vt 0.769997 0.961408
vt 0.776351 0.953547
vt 0.778964 0.957303
vt 0.782267 0.947752
vt 0.785857 0.950307
vt 0.826976 0.806155
vt 0.823032 0.812985
vt 0.816202 0.816929
vt 0.808315 0.816929
vt 0.801484 0.812985
vt 0.797541 0.806155
vt 0.797541 0.798268
vt 0.801484 0.791437
vt 0.808315 0.787494
vt 0.816202 0.787494
vt 0.823032 0.791437
vt 0.826976 0.798268
vt 0.791427 0.954270
vt 0.782776 0.962784
vt 0.795156 0.918798
vt 0.798021 0.931103
vt 0.771814 0.967893
vt 0.759738 0.969002
vt 0.748185 0.965863
vt 0.738672 0.959176
vt 0.732173 0.949914
vt 0.729277 0.939291
vt 0.730092 0.928614
vt 0.796665 0.943317
vt 0.734292 0.918798
vt 0.741035 0.838953
vt 0.736980 0.839112
vt 0.738524 0.829884
vt 0.742266 0.831278
vt 0.743437 0.821677
vt 0.746427 0.824591
vt 0.771493 0.825052
vt 0.773522 0.822079
vt 0.779272 0.828289
vt 0.776182 0.830104
vt 0.781988 0.836258
vt 0.778356 0.836688
vt 0.781337 0.844860
vt 0.777726 0.843801
vt 0.777278 0.852743
vt 0.774264 0.850302
vt 0.770373 0.858384
vt 0.768568 0.855058
vt 0.761820 0.861127
vt 0.761483 0.857242
vt 0.752785 0.860018
vt 0.754046 0.856302
vt 0.744878 0.855407
vt 0.747475 0.852452
vt 0.739191 0.848135
vt 0.742806 0.846411
vt 0.767864 0.788575
vt 0.775421 0.788575
vt 0.781965 0.792353
vt 0.785743 0.798897
vt 0.785743 0.806454
vt 0.781965 0.812998
vt 0.775421 0.816776
vt 0.767864 0.816776
vt 0.761320 0.812998
vt 0.757542 0.806454
vt 0.757542 0.798897
vt 0.761320 0.792353
vt 0.740327 0.860606
vt 0.733221 0.851003
vt 0.731908 0.827501
vt 0.738284 0.817446
vt 0.750742 0.866408
vt 0.762433 0.867574
vt 0.773612 0.864316
vt 0.782433 0.856788
vt 0.787525 0.846497
vt 0.788159 0.835365
vt 0.784460 0.825196
vt 0.730176 0.839496
vt 0.777394 0.817451
vt 0.729277 0.839546
vt 0.731024 0.827175
vt 0.762518 0.868484
vt 0.750463 0.867271
vt 0.788380 0.846724
vt 0.783126 0.857337
vt 0.737670 0.816776
vt 0.739718 0.861290
vt 0.774027 0.865084
vt 0.785174 0.824766
vt 0.788974 0.835247
vt 0.732397 0.851392
vt 0.777823 0.816776
vt 0.142066 0.317284
vt 0.151330 0.317284
vt 0.151330 0.324947
vt 0.142066 0.324947
vt 0.142066 0.232782
vt 0.151330 0.232782
vt 0.151330 0.240446
vt 0.142066 0.240446
vt 0.151330 0.248164
vt 0.142066 0.248164
vt 0.151330 0.255827
vt 0.142066 0.255827
vt 0.151330 0.263491
vt 0.142066 0.263491
vt 0.151330 0.271154
vt 0.142066 0.271154
vt 0.151330 0.278817
vt 0.142066 0.278817
vt 0.151330 0.286480
vt 0.142066 0.286480
vt 0.151330 0.294294
vt 0.142066 0.294294
vt 0.151330 0.301957
vt 0.142066 0.301957
vt 0.155151 0.248164
vt 0.155151 0.255827
vt 0.151330 0.309620
vt 0.142066 0.309620
vt 0.697731 0.974958
vt 0.689970 0.961515
vt 0.689970 0.945992
vt 0.697731 0.932549
vt 0.711174 0.924788
vt 0.726697 0.924788
vt 0.740140 0.932549
vt 0.747901 0.945992
vt 0.747901 0.961515
vt 0.740140 0.974958
vt 0.726697 0.982719
vt 0.711174 0.982719
vt 0.045232 0.309620
vt 0.128445 0.309620
vt 0.128445 0.317284
vt 0.045232 0.317284
vt 0.045232 0.301957
vt 0.128445 0.301957
vt 0.045232 0.294294
vt 0.128446 0.294294
vt 0.045232 0.286480
vt 0.128446 0.286480
vt 0.045232 0.278817
vt 0.128446 0.278817
vt 0.045232 0.271154
vt 0.128445 0.271154
vt 0.045232 0.263491
vt 0.128445 0.263491
vt 0.045232 0.255827
vt 0.128445 0.255827
vt 0.045232 0.248164
vt 0.128445 0.248164
vt 0.045232 0.240446
vt 0.128445 0.240446
vt 0.045232 0.232782
vt 0.128445 0.232782
vt 0.128445 0.324947
vt 0.045232 0.324947
vt 0.026944 0.317284
vt 0.026944 0.324947
vt 0.026944 0.232782
vt 0.026944 0.240446
vt 0.026944 0.248164
vt 0.026944 0.255827
vt 0.026944 0.263491
vt 0.026944 0.271154
vt 0.026944 0.278817
vt 0.026944 0.286480
vt 0.026944 0.294294
vt 0.026944 0.301957
vt 0.026944 0.309620
vt 0.155151 0.240446
vt 0.164812 0.240446
vt 0.164812 0.248164
vt 0.155151 0.309620
vt 0.155151 0.317284
vt 0.155151 0.324947
vt 0.155151 0.301957
vt 0.155151 0.232782
vt 0.155151 0.294294
vt 0.155151 0.286480
vt 0.155151 0.278817
vt 0.155151 0.271154
vt 0.155151 0.263491
vt 0.164812 0.271154
vt 0.164812 0.263491
vt 0.178515 0.263491
vt 0.178515 0.271154
vt 0.164812 0.294294
vt 0.164812 0.301957
vt 0.164812 0.278817
vt 0.164812 0.255827
vt 0.164812 0.309620
vt 0.164812 0.317284
vt 0.164812 0.324947
vt 0.164812 0.286480
vt 0.164812 0.232782
vt 0.195765 0.263491
vt 0.195765 0.255827
vt 0.197975 0.255827
vt 0.197975 0.263491
vt 0.178515 0.240446
vt 0.178515 0.248164
vt 0.178515 0.294294
vt 0.178515 0.301957
vt 0.178515 0.278817
vt 0.178515 0.255827
vt 0.178515 0.309620
vt 0.178515 0.317284
vt 0.178515 0.324947
vt 0.178515 0.286480
vt 0.178515 0.232782
vt 0.195765 0.317284
vt 0.195765 0.324947
vt 0.195765 0.232782
vt 0.195765 0.240446
vt 0.195765 0.248164
vt 0.195765 0.271154
vt 0.195765 0.278817
vt 0.195765 0.286480
vt 0.195765 0.294294
vt 0.195765 0.301957
vt 0.195765 0.309620
vt 0.197975 0.286480
vt 0.197975 0.278817
vt 0.202109 0.278817
vt 0.202109 0.286480
vt 0.197975 0.309620
vt 0.197975 0.317284
vt 0.197975 0.232782
vt 0.197975 0.240446
vt 0.197975 0.294294
vt 0.197975 0.271154
vt 0.197975 0.248164
vt 0.197975 0.301957
vt 0.197975 0.324947
vt 0.202109 0.324947
vt 0.202109 0.317284
vt 0.211422 0.317284
vt 0.211422 0.324947
vt 0.202109 0.255827
vt 0.202109 0.263491
vt 0.202109 0.309620
vt 0.202109 0.232782
vt 0.202109 0.240446
vt 0.202109 0.294294
vt 0.202109 0.271154
vt 0.202109 0.248164
vt 0.202109 0.301957
vt 0.211422 0.309620
vt 0.211422 0.301957
vt 0.217115 0.301957
vt 0.217115 0.309620
vt 0.211422 0.278817
vt 0.211422 0.286480
vt 0.211422 0.255827
vt 0.211422 0.263491
vt 0.211422 0.232782
vt 0.211422 0.240446
vt 0.211422 0.294294
vt 0.211422 0.271154
vt 0.211422 0.248164
vt 0.296911 0.301187
vt 0.294088 0.299557
vt 0.292458 0.296734
vt 0.292458 0.293473
vt 0.294088 0.290650
vt 0.296911 0.289020
vt 0.300171 0.289020
vt 0.302995 0.290650
vt 0.304625 0.293473
vt 0.304625 0.296734
vt 0.302995 0.299557
vt 0.300171 0.301187
vt 0.217115 0.317284
vt 0.217115 0.324947
vt 0.217115 0.278817
vt 0.217115 0.286480
vt 0.217115 0.255827
vt 0.217115 0.263491
vt 0.217115 0.232782
vt 0.217115 0.240446
vt 0.217115 0.294294
vt 0.217115 0.271154
vt 0.217115 0.248164
vt 0.031855 0.267526
vt 0.028794 0.252256
vt 0.042567 0.251406
vt 0.043533 0.262563
vt 0.066308 0.304310
vt 0.069986 0.291677
vt 0.098178 0.293744
vt 0.096207 0.305569
vt 0.042201 0.236880
vt 0.052219 0.238301
vt 0.052710 0.248347
vt 0.043452 0.282911
vt 0.051119 0.273397
vt 0.029687 0.234304
vt 0.056666 0.289728
vt 0.060681 0.277543
vt 0.056637 0.255293
vt 0.060844 0.243189
vt 0.065452 0.249703
vt 0.062483 0.264113
vt 0.067265 0.270472
vt 0.097216 0.276753
vt 0.120402 0.277029
vt 0.119795 0.295091
vt 0.071029 0.275054
vt 0.067724 0.323517
vt 0.096921 0.317868
vt 0.069188 0.263075
vt 0.096020 0.265373
vt 0.122440 0.317857
vt 0.121697 0.306064
vt 0.141014 0.303493
vt 0.142313 0.314665
vt 0.123747 0.265734
vt 0.140976 0.293582
vt 0.159703 0.293931
vt 0.158764 0.302305
vt 0.141495 0.279987
vt 0.142547 0.270543
vt 0.160243 0.281421
vt 0.177223 0.283198
vt 0.176141 0.293609
vt 0.159860 0.273075
vt 0.159880 0.311438
vt 0.178808 0.308418
vt 0.176834 0.300338
vt 0.183230 0.298095
vt 0.186540 0.304562
vt 0.179518 0.276024
vt 0.181498 0.292982
vt 0.182668 0.285264
vt 0.187210 0.287241
vt 0.186485 0.292486
vt 0.186205 0.280415
vt 0.191186 0.287997
vt 0.190517 0.292837
vt 0.189529 0.284046
vt 0.187496 0.296393
vt 0.190307 0.300664
vt 0.416834 0.286526
vt 0.431941 0.286526
vt 0.431941 0.333004
vt 0.416834 0.333004
vt 0.401727 0.286526
vt 0.401727 0.333004
vt 0.386620 0.286526
vt 0.386620 0.333004
vt 0.371513 0.286526
vt 0.371513 0.333004
vt 0.356406 0.286526
vt 0.356406 0.333004
vt 0.341299 0.286526
vt 0.341299 0.333004
vt 0.326192 0.286526
vt 0.326192 0.333004
vt 0.311085 0.286526
vt 0.311085 0.333004
vt 0.295978 0.286526
vt 0.295978 0.333004
vt 0.280872 0.286526
vt 0.280871 0.333004
vt 0.295978 0.283134
vt 0.311085 0.283134
vt 0.265765 0.286526
vt 0.265765 0.333004
vt 0.250658 0.286526
vt 0.250658 0.333004
vt 0.870821 0.676421
vt 0.891204 0.676421
vt 0.908856 0.686612
vt 0.919048 0.704265
vt 0.919048 0.724648
vt 0.908856 0.742300
vt 0.891204 0.752492
vt 0.870821 0.752492
vt 0.853169 0.742300
vt 0.842977 0.724648
vt 0.842977 0.704265
vt 0.853169 0.686612
vt 0.280871 0.283134
vt 0.280872 0.274559
vt 0.295978 0.274559
vt 0.416834 0.283134
vt 0.431941 0.283134
vt 0.250658 0.283134
vt 0.265765 0.283134
vt 0.401727 0.283134
vt 0.386620 0.283134
vt 0.371513 0.283134
vt 0.356406 0.283134
vt 0.341299 0.283134
vt 0.326192 0.283134
vt 0.341299 0.274559
vt 0.326192 0.274559
vt 0.326192 0.262395
vt 0.341299 0.262395
vt 0.386620 0.274559
vt 0.401727 0.274559
vt 0.356406 0.274559
vt 0.311085 0.274559
vt 0.416834 0.274559
vt 0.250658 0.274559
vt 0.265765 0.274559
vt 0.371513 0.274559
vt 0.431941 0.274559
vt 0.326192 0.247083
vt 0.311085 0.247083
vt 0.311085 0.245121
vt 0.326192 0.245121
vt 0.280872 0.262395
vt 0.295978 0.262395
vt 0.386620 0.262395
vt 0.401727 0.262395
vt 0.356406 0.262395
vt 0.311085 0.262395
vt 0.416834 0.262395
vt 0.250658 0.262395
vt 0.265765 0.262395
vt 0.371513 0.262395
vt 0.431941 0.262395
vt 0.250658 0.247083
vt 0.265765 0.247083
vt 0.280872 0.247083
vt 0.295978 0.247083
vt 0.341299 0.247083
vt 0.356406 0.247083
vt 0.371513 0.247083
vt 0.386620 0.247083
vt 0.401727 0.247083
vt 0.416834 0.247083
vt 0.431941 0.247083
vt 0.371513 0.245121
vt 0.356406 0.245121
vt 0.356406 0.241452
vt 0.371513 0.241452
vt 0.416834 0.245121
vt 0.431941 0.245121
vt 0.265765 0.245121
vt 0.280871 0.245121
vt 0.386620 0.245121
vt 0.341299 0.245121
vt 0.295978 0.245121
vt 0.401727 0.245121
vt 0.250658 0.245121
vt 0.265765 0.241452
vt 0.250658 0.241452
vt 0.250658 0.233185
vt 0.265765 0.233185
vt 0.311085 0.241452
vt 0.326192 0.241452
vt 0.416834 0.241452
vt 0.431941 0.241452
vt 0.280872 0.241452
vt 0.386620 0.241452
vt 0.341299 0.241452
vt 0.295978 0.241452
vt 0.401727 0.241452
vt 0.416834 0.233185
vt 0.401727 0.233185
vt 0.401727 0.228132
vt 0.416834 0.228132
vt 0.356406 0.233185
vt 0.371513 0.233185
vt 0.311085 0.233185
vt 0.326192 0.233185
vt 0.431941 0.233185
vt 0.280872 0.233185
vt 0.386620 0.233185
vt 0.341299 0.233185
vt 0.295978 0.233185
vt 0.303169 0.188996
vt 0.301431 0.185984
vt 0.301431 0.182507
vt 0.303169 0.179495
vt 0.306181 0.177756
vt 0.309659 0.177756
vt 0.312671 0.179495
vt 0.314410 0.182507
vt 0.314410 0.185984
vt 0.312671 0.188996
vt 0.309659 0.190735
vt 0.306181 0.190735
vt 0.250658 0.228132
vt 0.265765 0.228132
vt 0.356406 0.228132
vt 0.371513 0.228132
vt 0.311085 0.228132
vt 0.326192 0.228132
vt 0.431941 0.228132
vt 0.280871 0.228132
vt 0.386620 0.228132
vt 0.341299 0.228132
vt 0.295978 0.228132
vt 0.413001 0.195551
vt 0.427426 0.195551
vt 0.427426 0.303755
vt 0.413001 0.303755
vt 0.398576 0.195551
vt 0.398576 0.303755
vt 0.384152 0.195551
vt 0.384152 0.303755
vt 0.369727 0.195551
vt 0.369727 0.303755
vt 0.355302 0.195551
vt 0.355302 0.303755
vt 0.340878 0.195551
vt 0.340878 0.303755
vt 0.326453 0.195551
vt 0.326453 0.303755
vt 0.312028 0.195551
vt 0.312028 0.303755
vt 0.297604 0.195551
vt 0.297604 0.303755
vt 0.283179 0.195551
vt 0.283179 0.303755
vt 0.297604 0.192616
vt 0.312028 0.192616
vt 0.268754 0.195551
vt 0.268754 0.303755
vt 0.254330 0.195551
vt 0.254330 0.303755
vt 0.306307 0.238835
vt 0.298517 0.225333
vt 0.298521 0.209745
vt 0.306319 0.196247
vt 0.319821 0.188456
vt 0.335409 0.188460
vt 0.348907 0.196258
vt 0.356698 0.209760
vt 0.356694 0.225349
vt 0.348896 0.238846
vt 0.335394 0.246637
vt 0.319805 0.246633
vt 0.283179 0.192616
vt 0.283179 0.185193
vt 0.297604 0.185193
vt 0.413001 0.192616
vt 0.427426 0.192616
vt 0.254330 0.192616
vt 0.268754 0.192616
vt 0.398576 0.192616
vt 0.384152 0.192616
vt 0.369727 0.192616
vt 0.355302 0.192616
vt 0.340878 0.192616
vt 0.326453 0.192616
vt 0.340878 0.185193
vt 0.326453 0.185193
vt 0.326453 0.174664
vt 0.340878 0.174664
vt 0.384152 0.185193
vt 0.398576 0.185193
vt 0.355302 0.185193
vt 0.312028 0.185193
vt 0.413001 0.185193
vt 0.254330 0.185193
vt 0.268754 0.185193
vt 0.369727 0.185193
vt 0.427426 0.185193
vt 0.326453 0.161409
vt 0.312028 0.161409
vt 0.312028 0.159711
vt 0.326453 0.159711
vt 0.283179 0.174664
vt 0.297604 0.174664
vt 0.384152 0.174664
vt 0.398576 0.174664
vt 0.355302 0.174664
vt 0.312028 0.174664
vt 0.413001 0.174664
vt 0.254330 0.174664
vt 0.268754 0.174664
vt 0.369727 0.174664
vt 0.427426 0.174664
vt 0.254330 0.161409
vt 0.268754 0.161409
vt 0.283179 0.161409
vt 0.297604 0.161409
vt 0.340878 0.161409
vt 0.355302 0.161409
vt 0.369727 0.161409
vt 0.384152 0.161409
vt 0.398576 0.161409
vt 0.413001 0.161409
vt 0.427426 0.161409
vt 0.369727 0.159711
vt 0.355302 0.159711
vt 0.355302 0.156535
vt 0.369727 0.156535
vt 0.413001 0.159711
vt 0.427426 0.159711
vt 0.268754 0.159711
vt 0.283179 0.159711
vt 0.384152 0.159711
vt 0.340878 0.159711
vt 0.297604 0.159711
vt 0.398576 0.159711
vt 0.254330 0.159711
vt 0.268754 0.156535
vt 0.254330 0.156535
vt 0.254330 0.149379
vt 0.268754 0.149379
vt 0.312028 0.156535
vt 0.326453 0.156535
vt 0.413001 0.156535
vt 0.427426 0.156535
vt 0.283179 0.156535
vt 0.384152 0.156535
vt 0.340878 0.156535
vt 0.297604 0.156535
vt 0.398576 0.156535
vt 0.413001 0.149379
vt 0.398576 0.149379
vt 0.398576 0.145005
vt 0.413001 0.145005
vt 0.355302 0.149379
vt 0.369727 0.149379
vt 0.312028 0.149379
vt 0.326453 0.149379
vt 0.427426 0.149379
vt 0.283179 0.149379
vt 0.384152 0.149379
vt 0.340878 0.149379
vt 0.297604 0.149379
vt 0.318017 0.289497
vt 0.315713 0.288167
vt 0.314384 0.285864
vt 0.314384 0.283204
vt 0.315713 0.280901
vt 0.318017 0.279571
vt 0.320677 0.279571
vt 0.322980 0.280901
vt 0.324310 0.283204
vt 0.324310 0.285864
vt 0.322980 0.288167
vt 0.320677 0.289497
vt 0.254330 0.145005
vt 0.268754 0.145005
vt 0.355302 0.145005
vt 0.369727 0.145005
vt 0.312028 0.145005
vt 0.326453 0.145005
vt 0.427426 0.145005
vt 0.283179 0.145005
vt 0.384152 0.145005
vt 0.340878 0.145005
vt 0.297604 0.145005
vt 0.360571 0.310733
vt 0.360571 0.329814
vt 0.301865 0.329814
vt 0.301865 0.310733
vt 0.360571 0.291652
vt 0.301865 0.291652
vt 0.360571 0.272570
vt 0.301865 0.272570
vt 0.360571 0.253489
vt 0.301865 0.253489
vt 0.360571 0.234408
vt 0.301865 0.234408
vt 0.360571 0.215326
vt 0.301865 0.215326
vt 0.360571 0.196245
vt 0.301865 0.196245
vt 0.360571 0.177164
vt 0.301865 0.177164
vt 0.360571 0.158082
vt 0.301865 0.158082
vt 0.360571 0.139001
vt 0.301865 0.139001
vt 0.364855 0.158082
vt 0.364855 0.177164
vt 0.360571 0.119920
vt 0.301865 0.119920
vt 0.360571 0.100838
vt 0.301865 0.100838
vt 0.934480 0.779717
vt 0.954864 0.779717
vt 0.972516 0.789909
vt 0.982708 0.807561
vt 0.982708 0.827945
vt 0.972516 0.845597
vt 0.954864 0.855788
vt 0.934480 0.855788
vt 0.916828 0.845597
vt 0.906637 0.827944
vt 0.906637 0.807561
vt 0.916828 0.789909
vt 0.364855 0.139001
vt 0.375686 0.139001
vt 0.375686 0.158082
vt 0.364855 0.310733
vt 0.364855 0.329814
vt 0.364855 0.100838
vt 0.364855 0.119920
vt 0.364855 0.291651
vt 0.364855 0.272570
vt 0.364855 0.253489
vt 0.364855 0.234408
vt 0.364855 0.215326
vt 0.364855 0.196245
vt 0.375686 0.215326
vt 0.375686 0.196245
vt 0.391050 0.196245
vt 0.391050 0.215326
vt 0.375686 0.272570
vt 0.375686 0.291652
vt 0.375686 0.234408
vt 0.375686 0.177164
vt 0.375686 0.310733
vt 0.375686 0.100838
vt 0.375686 0.119920
vt 0.375686 0.253489
vt 0.375686 0.329814
vt 0.410391 0.196245
vt 0.410391 0.177164
vt 0.412869 0.177164
vt 0.412869 0.196245
vt 0.391050 0.139001
vt 0.391050 0.158082
vt 0.391050 0.272570
vt 0.391050 0.291651
vt 0.391050 0.234408
vt 0.391050 0.177164
vt 0.391050 0.310733
vt 0.391050 0.100838
vt 0.391050 0.119920
vt 0.391050 0.253489
vt 0.391050 0.329814
vt 0.410391 0.100838
vt 0.410391 0.119920
vt 0.410391 0.139001
vt 0.410391 0.158082
vt 0.410391 0.215326
vt 0.410391 0.234408
vt 0.410391 0.253489
vt 0.410391 0.272570
vt 0.410391 0.291652
vt 0.410391 0.310733
vt 0.410391 0.329814
vt 0.412869 0.253489
vt 0.412869 0.234408
vt 0.417503 0.234408
vt 0.417503 0.253489
vt 0.412869 0.310733
vt 0.412869 0.329814
vt 0.412869 0.119920
vt 0.412869 0.139001
vt 0.412869 0.272570
vt 0.412869 0.215326
vt 0.412869 0.158082
vt 0.412869 0.291651
vt 0.412869 0.100838
vt 0.417503 0.119920
vt 0.417503 0.100838
vt 0.427945 0.100838
vt 0.427945 0.119920
vt 0.417503 0.177164
vt 0.417503 0.196245
vt 0.417503 0.310733
vt 0.417503 0.329814
vt 0.417503 0.139001
vt 0.417503 0.272570
vt 0.417503 0.215326
vt 0.417503 0.158082
vt 0.417503 0.291652
vt 0.427945 0.310733
vt 0.427945 0.291651
vt 0.434327 0.291652
vt 0.434327 0.310733
vt 0.427945 0.234408
vt 0.427945 0.253489
vt 0.427945 0.177164
vt 0.427945 0.196245
vt 0.427945 0.329814
vt 0.427945 0.139001
vt 0.427945 0.272570
vt 0.427945 0.215326
vt 0.427945 0.158082
vt 0.325353 0.204384
vt 0.323614 0.201373
vt 0.323614 0.197895
vt 0.325353 0.194883
vt 0.328365 0.193144
vt 0.331842 0.193144
vt 0.334854 0.194883
vt 0.336593 0.197895
vt 0.336593 0.201373
vt 0.334854 0.204384
vt 0.331842 0.206123
vt 0.328365 0.206123
vt 0.434327 0.100838
vt 0.434327 0.119920
vt 0.434327 0.234408
vt 0.434327 0.253489
vt 0.434327 0.177164
vt 0.434327 0.196245
vt 0.434327 0.329814
vt 0.434327 0.139001
vt 0.434327 0.272570
vt 0.434327 0.215326
vt 0.434327 0.158082
vt 0.661240 0.169413
vt 0.675665 0.169413
vt 0.675665 0.277617
vt 0.661240 0.277617
vt 0.646816 0.169413
vt 0.646816 0.277617
vt 0.632391 0.169413
vt 0.632391 0.277617
vt 0.617966 0.169413
vt 0.617966 0.277617
vt 0.603541 0.169413
vt 0.603541 0.277617
vt 0.589117 0.169413
vt 0.589117 0.277617
vt 0.574692 0.169413
vt 0.574692 0.277617
vt 0.560267 0.169413
vt 0.560267 0.277617
vt 0.545843 0.169413
vt 0.545843 0.277617
vt 0.531418 0.169413
vt 0.531418 0.277617
vt 0.545843 0.166477
vt 0.560267 0.166477
vt 0.516993 0.169412
vt 0.516993 0.277617
vt 0.502569 0.169412
vt 0.502569 0.277617
vt 0.451861 0.975164
vt 0.444071 0.961662
vt 0.444075 0.946073
vt 0.451872 0.932575
vt 0.465375 0.924785
vt 0.480963 0.924789
vt 0.494461 0.932587
vt 0.502252 0.946089
vt 0.502247 0.961677
vt 0.494450 0.975175
vt 0.480947 0.982966
vt 0.465359 0.982961
vt 0.531418 0.166477
vt 0.531418 0.159054
vt 0.545843 0.159054
vt 0.661240 0.166477
vt 0.675665 0.166477
vt 0.502569 0.166477
vt 0.516993 0.166477
vt 0.646816 0.166477
vt 0.632391 0.166477
vt 0.617966 0.166477
vt 0.603541 0.166477
vt 0.589117 0.166477
vt 0.574692 0.166477
vt 0.589117 0.159054
vt 0.574692 0.159054
vt 0.574692 0.148525
vt 0.589117 0.148525
vt 0.632391 0.159054
vt 0.646816 0.159054
vt 0.603541 0.159054
vt 0.560267 0.159054
vt 0.661240 0.159054
vt 0.502569 0.159054
vt 0.516993 0.159054
vt 0.617966 0.159054
vt 0.675665 0.159054
vt 0.574692 0.135270
vt 0.560267 0.135270
vt 0.560267 0.133572
vt 0.574692 0.133572
vt 0.531418 0.148525
vt 0.545843 0.148525
vt 0.632391 0.148525
vt 0.646816 0.148525
vt 0.603541 0.148525
vt 0.560267 0.148525
vt 0.661240 0.148525
vt 0.502569 0.148525
vt 0.516993 0.148525
vt 0.617966 0.148525
vt 0.675665 0.148525
vt 0.502569 0.135270
vt 0.516993 0.135270
vt 0.531418 0.135270
vt 0.545843 0.135270
vt 0.589117 0.135270
vt 0.603541 0.135270
vt 0.617966 0.135270
vt 0.632391 0.135270
vt 0.646816 0.135270
vt 0.661240 0.135270
vt 0.675665 0.135270
vt 0.617966 0.133572
vt 0.603541 0.133572
vt 0.603541 0.130396
vt 0.617966 0.130396
vt 0.661240 0.133572
vt 0.675665 0.133572
vt 0.516993 0.133572
vt 0.531418 0.133572
vt 0.632391 0.133572
vt 0.589117 0.133572
vt 0.545843 0.133572
vt 0.646816 0.133572
vt 0.502569 0.133572
vt 0.516993 0.130396
vt 0.502569 0.130396
vt 0.502569 0.123240
vt 0.516993 0.123240
vt 0.560267 0.130396
vt 0.574692 0.130396
vt 0.661240 0.130396
vt 0.675665 0.130396
vt 0.531418 0.130396
vt 0.632391 0.130396
vt 0.589117 0.130396
vt 0.545843 0.130396
vt 0.646816 0.130396
vt 0.661240 0.123240
vt 0.646816 0.123240
vt 0.646816 0.118866
vt 0.661240 0.118866
vt 0.603541 0.123240
vt 0.617966 0.123240
vt 0.560267 0.123240
vt 0.574692 0.123240
vt 0.675665 0.123240
vt 0.531418 0.123240
vt 0.632391 0.123240
vt 0.589117 0.123240
vt 0.545843 0.123240
vt 0.609918 0.147547
vt 0.607614 0.146218
vt 0.606284 0.143914
vt 0.606284 0.141254
vt 0.607614 0.138951
vt 0.609918 0.137621
vt 0.612578 0.137621
vt 0.614881 0.138951
vt 0.616211 0.141254
vt 0.616211 0.143914
vt 0.614881 0.146218
vt 0.612578 0.147547
vt 0.502569 0.118866
vt 0.516993 0.118866
vt 0.603541 0.118866
vt 0.617966 0.118866
vt 0.560267 0.118866
vt 0.574692 0.118866
vt 0.675665 0.118866
vt 0.531418 0.118866
vt 0.632391 0.118866
vt 0.589117 0.118866
vt 0.545843 0.118866
vt 0.322858 0.115829
vt 0.322858 0.096748
vt 0.381564 0.096748
vt 0.381564 0.115829
vt 0.322858 0.134910
vt 0.381564 0.134910
vt 0.322858 0.153992
vt 0.381564 0.153992
vt 0.322858 0.173073
vt 0.381564 0.173073
vt 0.322858 0.192154
vt 0.381564 0.192154
vt 0.322858 0.211236
vt 0.381564 0.211236
vt 0.322858 0.230317
vt 0.381564 0.230317
vt 0.322858 0.249398
vt 0.381564 0.249398
vt 0.322858 0.268480
vt 0.381564 0.268480
vt 0.322858 0.287561
vt 0.381564 0.287561
vt 0.318574 0.268480
vt 0.318574 0.249398
vt 0.322858 0.306642
vt 0.381564 0.306642
vt 0.322858 0.325724
vt 0.381564 0.325724
vt 0.949769 0.617073
vt 0.970152 0.617073
vt 0.987804 0.627265
vt 0.997996 0.644917
vt 0.997996 0.665300
vt 0.987804 0.682953
vt 0.970152 0.693144
vt 0.949769 0.693144
vt 0.932116 0.682953
vt 0.921925 0.665300
vt 0.921925 0.644917
vt 0.932116 0.627265
vt 0.318574 0.287561
vt 0.307742 0.287561
vt 0.307742 0.268480
vt 0.318574 0.115829
vt 0.318574 0.096748
vt 0.318574 0.325724
vt 0.318574 0.306642
vt 0.318574 0.134910
vt 0.318574 0.153992
vt 0.318574 0.173073
vt 0.318574 0.192154
vt 0.318574 0.211236
vt 0.318574 0.230317
vt 0.307742 0.211236
vt 0.307742 0.230317
vt 0.292379 0.230317
vt 0.292379 0.211236
vt 0.307742 0.153992
vt 0.307742 0.134910
vt 0.307742 0.192154
vt 0.307742 0.249398
vt 0.307742 0.115829
vt 0.307742 0.325724
vt 0.307742 0.306642
vt 0.307742 0.173073
vt 0.307742 0.096748
vt 0.273037 0.230317
vt 0.273037 0.249398
vt 0.270560 0.249398
vt 0.270560 0.230317
vt 0.292379 0.287561
vt 0.292379 0.268480
vt 0.292379 0.153992
vt 0.292379 0.134910
vt 0.292379 0.192154
vt 0.292379 0.249398
vt 0.292379 0.115829
vt 0.292379 0.325724
vt 0.292379 0.306642
vt 0.292379 0.173073
vt 0.292379 0.096748
vt 0.273037 0.325724
vt 0.273037 0.306642
vt 0.273037 0.287561
vt 0.273037 0.268480
vt 0.273037 0.211236
vt 0.273037 0.192154
vt 0.273037 0.173073
vt 0.273037 0.153992
vt 0.273037 0.134910
vt 0.273037 0.115829
vt 0.273037 0.096748
vt 0.270560 0.173073
vt 0.270560 0.192154
vt 0.265925 0.192154
vt 0.265925 0.173073
vt 0.270560 0.115829
vt 0.270560 0.096748
vt 0.270560 0.306642
vt 0.270560 0.287561
vt 0.270560 0.153992
vt 0.270560 0.211236
vt 0.270560 0.268480
vt 0.270560 0.134910
vt 0.270560 0.325724
vt 0.265925 0.306642
vt 0.265925 0.325724
vt 0.255484 0.325724
vt 0.255484 0.306642
vt 0.265925 0.249398
vt 0.265925 0.230317
vt 0.265925 0.115829
vt 0.265925 0.096748
vt 0.265925 0.287561
vt 0.265925 0.153992
vt 0.265925 0.211236
vt 0.265925 0.268480
vt 0.265925 0.134910
vt 0.255484 0.115829
vt 0.255484 0.134910
vt 0.249101 0.134910
vt 0.249101 0.115829
vt 0.255484 0.192154
vt 0.255484 0.173073
vt 0.255484 0.249398
vt 0.255484 0.230317
vt 0.255484 0.096748
vt 0.255484 0.287561
vt 0.255484 0.153992
vt 0.255484 0.211236
vt 0.255484 0.268480
vt 0.387694 0.217295
vt 0.385955 0.214283
vt 0.385955 0.210806
vt 0.387694 0.207794
vt 0.390706 0.206055
vt 0.394184 0.206055
vt 0.397196 0.207794
vt 0.398935 0.210806
vt 0.398935 0.214283
vt 0.397196 0.217295
vt 0.394184 0.219034
vt 0.390706 0.219034
vt 0.249101 0.325724
vt 0.249101 0.306642
vt 0.249101 0.192154
vt 0.249101 0.173073
vt 0.249101 0.249398
vt 0.249101 0.230317
vt 0.249101 0.096748
vt 0.249101 0.287561
vt 0.249101 0.153992
vt 0.249101 0.211236
vt 0.249101 0.268480
vt 0.890453 0.164929
vt 0.904877 0.164929
vt 0.904877 0.273133
vt 0.890453 0.273133
vt 0.876028 0.164929
vt 0.876028 0.273133
vt 0.861603 0.164929
vt 0.861603 0.273133
vt 0.847178 0.164929
vt 0.847178 0.273133
vt 0.832754 0.164929
vt 0.832754 0.273133
vt 0.818329 0.164929
vt 0.818329 0.273133
vt 0.803904 0.164929
vt 0.803904 0.273133
vt 0.789480 0.164929
vt 0.789480 0.273133
vt 0.775055 0.164929
vt 0.775055 0.273133
vt 0.760630 0.164929
vt 0.760630 0.273133
vt 0.775055 0.161993
vt 0.789480 0.161993
vt 0.746205 0.164929
vt 0.746205 0.273133
vt 0.731781 0.164929
vt 0.731781 0.273133
vt 0.866790 0.171076
vt 0.866786 0.155487
vt 0.874576 0.141985
vt 0.888074 0.134188
vt 0.903663 0.134183
vt 0.917165 0.141974
vt 0.924963 0.155472
vt 0.924967 0.171060
vt 0.917176 0.184562
vt 0.903678 0.192360
vt 0.888090 0.192364
vt 0.874588 0.184574
vt 0.760630 0.161993
vt 0.760630 0.154570
vt 0.775055 0.154570
vt 0.890453 0.161993
vt 0.904877 0.161993
vt 0.731781 0.161993
vt 0.746205 0.161993
vt 0.876028 0.161993
vt 0.861603 0.161993
vt 0.847178 0.161993
vt 0.832754 0.161993
vt 0.818329 0.161993
vt 0.803904 0.161993
vt 0.818329 0.154570
vt 0.803904 0.154570
vt 0.803904 0.144041
vt 0.818329 0.144041
vt 0.861603 0.154570
vt 0.876028 0.154570
vt 0.832754 0.154570
vt 0.789480 0.154570
vt 0.890453 0.154570
vt 0.731781 0.154570
vt 0.746205 0.154570
vt 0.847178 0.154570
vt 0.904877 0.154570
vt 0.803904 0.130786
vt 0.789480 0.130786
vt 0.789480 0.129088
vt 0.803904 0.129088
vt 0.760630 0.144041
vt 0.775055 0.144041
vt 0.861603 0.144041
vt 0.876028 0.144041
vt 0.832754 0.144041
vt 0.789480 0.144041
vt 0.890453 0.144041
vt 0.731781 0.144041
vt 0.746205 0.144041
vt 0.847178 0.144041
vt 0.904877 0.144041
vt 0.731781 0.130786
vt 0.746205 0.130786
vt 0.760630 0.130786
vt 0.775055 0.130786
vt 0.818329 0.130786
vt 0.832754 0.130786
vt 0.847178 0.130786
vt 0.861603 0.130786
vt 0.876028 0.130786
vt 0.890453 0.130786
vt 0.904877 0.130786
vt 0.847178 0.129088
vt 0.832754 0.129088
vt 0.832754 0.125912
vt 0.847178 0.125912
vt 0.890453 0.129088
vt 0.904877 0.129088
vt 0.746205 0.129088
vt 0.760630 0.129088
vt 0.861603 0.129088
vt 0.818329 0.129088
vt 0.775055 0.129088
vt 0.876028 0.129088
vt 0.731781 0.129088
vt 0.746205 0.125912
vt 0.731781 0.125912
vt 0.731781 0.118756
vt 0.746205 0.118756
vt 0.789480 0.125912
vt 0.803904 0.125912
vt 0.890453 0.125912
vt 0.904877 0.125912
vt 0.760630 0.125912
vt 0.861603 0.125912
vt 0.818329 0.125912
vt 0.775055 0.125912
vt 0.876028 0.125912
vt 0.890453 0.118756
vt 0.876028 0.118756
vt 0.876028 0.114382
vt 0.890453 0.114382
vt 0.832754 0.118756
vt 0.847178 0.118756
vt 0.789480 0.118756
vt 0.803904 0.118756
vt 0.904877 0.118756
vt 0.760630 0.118756
vt 0.861603 0.118756
vt 0.818329 0.118756
vt 0.775055 0.118756
vt 0.940843 0.268732
vt 0.938540 0.267402
vt 0.937210 0.265098
vt 0.937210 0.262439
vt 0.938540 0.260135
vt 0.940843 0.258805
vt 0.943503 0.258805
vt 0.945807 0.260135
vt 0.947136 0.262439
vt 0.947136 0.265098
vt 0.945807 0.267402
vt 0.943503 0.268732
vt 0.731781 0.114382
vt 0.746205 0.114382
vt 0.832754 0.114382
vt 0.847178 0.114382
vt 0.789480 0.114382
vt 0.803904 0.114382
vt 0.904877 0.114382
vt 0.760630 0.114382
vt 0.861603 0.114382
vt 0.818329 0.114382
vt 0.775055 0.114382
vt 0.203609 0.163487
vt 0.221399 0.163487
vt 0.221399 0.218223
vt 0.203609 0.218223
vt 0.185818 0.163487
vt 0.185818 0.218223
vt 0.168027 0.163487
vt 0.168027 0.218223
vt 0.150236 0.163487
vt 0.150236 0.218223
vt 0.132445 0.163487
vt 0.132445 0.218223
vt 0.114654 0.163487
vt 0.114654 0.218223
vt 0.096864 0.163487
vt 0.096864 0.218223
vt 0.079073 0.163487
vt 0.079073 0.218223
vt 0.061282 0.163487
vt 0.061282 0.218223
vt 0.043491 0.163487
vt 0.043491 0.218223
vt 0.061282 0.159493
vt 0.079073 0.159493
vt 0.025700 0.163487
vt 0.025700 0.218223
vt 0.007909 0.163487
vt 0.007909 0.218223
vt 0.137272 0.101438
vt 0.156536 0.101438
vt 0.173219 0.111070
vt 0.182851 0.127754
vt 0.182851 0.147018
vt 0.173219 0.163701
vt 0.156536 0.173333
vt 0.137272 0.173333
vt 0.120589 0.163701
vt 0.110956 0.147018
vt 0.110956 0.127754
vt 0.120589 0.111070
vt 0.043491 0.159494
vt 0.043491 0.149394
vt 0.061282 0.149394
vt 0.203609 0.159494
vt 0.221399 0.159494
vt 0.007909 0.159494
vt 0.025700 0.159493
vt 0.185818 0.159493
vt 0.168027 0.159493
vt 0.150236 0.159494
vt 0.132445 0.159493
vt 0.114654 0.159493
vt 0.096864 0.159494
vt 0.114654 0.149394
vt 0.096864 0.149394
vt 0.096864 0.135070
vt 0.114654 0.135070
vt 0.168027 0.149394
vt 0.185818 0.149394
vt 0.132445 0.149394
vt 0.079073 0.149394
vt 0.203609 0.149394
vt 0.007909 0.149394
vt 0.025700 0.149394
vt 0.150236 0.149394
vt 0.221399 0.149394
vt 0.096864 0.117037
vt 0.079073 0.117037
vt 0.079073 0.114727
vt 0.096864 0.114727
vt 0.043491 0.135070
vt 0.061282 0.135070
vt 0.168027 0.135070
vt 0.185818 0.135070
vt 0.132445 0.135070
vt 0.079073 0.135070
vt 0.203609 0.135070
vt 0.007909 0.135070
vt 0.025700 0.135070
vt 0.150236 0.135070
vt 0.221399 0.135070
vt 0.007909 0.117037
vt 0.025700 0.117037
vt 0.043491 0.117037
vt 0.061282 0.117037
vt 0.114654 0.117037
vt 0.132445 0.117037
vt 0.150236 0.117037
vt 0.168027 0.117037
vt 0.185818 0.117037
vt 0.203609 0.117037
vt 0.221399 0.117037
vt 0.150236 0.114727
vt 0.132445 0.114727
vt 0.132445 0.110405
vt 0.150236 0.110405
vt 0.203609 0.114727
vt 0.221399 0.114727
vt 0.025700 0.114727
vt 0.043491 0.114727
vt 0.168027 0.114727
vt 0.114654 0.114727
vt 0.061282 0.114727
vt 0.185818 0.114727
vt 0.007909 0.114727
vt 0.025700 0.110405
vt 0.007909 0.110405
vt 0.007909 0.100670
vt 0.025700 0.100670
vt 0.079073 0.110405
vt 0.096864 0.110405
vt 0.203609 0.110405
vt 0.221399 0.110405
vt 0.043491 0.110405
vt 0.168027 0.110405
vt 0.114654 0.110405
vt 0.061282 0.110405
vt 0.185818 0.110405
vt 0.203609 0.100670
vt 0.185818 0.100670
vt 0.185818 0.094719
vt 0.203609 0.094719
vt 0.132445 0.100670
vt 0.150236 0.100670
vt 0.079073 0.100670
vt 0.096864 0.100670
vt 0.221399 0.100670
vt 0.043491 0.100670
vt 0.168027 0.100670
vt 0.114654 0.100670
vt 0.061282 0.100670
vt 0.174556 0.250976
vt 0.172817 0.247964
vt 0.172817 0.244486
vt 0.174556 0.241474
vt 0.177568 0.239735
vt 0.181046 0.239735
vt 0.184058 0.241474
vt 0.185797 0.244486
vt 0.185797 0.247964
vt 0.184058 0.250976
vt 0.181046 0.252715
vt 0.177568 0.252715
vt 0.007909 0.094719
vt 0.025700 0.094719
vt 0.132445 0.094719
vt 0.150236 0.094719
vt 0.079073 0.094719
vt 0.096864 0.094719
vt 0.221399 0.094719
vt 0.043491 0.094719
vt 0.168027 0.094719
vt 0.114654 0.094719
vt 0.061282 0.094719
vt 0.954577 0.160306
vt 0.969002 0.160306
vt 0.969002 0.268508
vt 0.954577 0.268508
vt 0.940152 0.160306
vt 0.940152 0.268508
vt 0.925728 0.160306
vt 0.925728 0.268508
vt 0.911303 0.160306
vt 0.911303 0.268508
vt 0.896878 0.160306
vt 0.896878 0.268508
vt 0.882454 0.160306
vt 0.882454 0.268508
vt 0.868029 0.160306
vt 0.868029 0.268508
vt 0.853604 0.160306
vt 0.853604 0.268508
vt 0.839179 0.160306
vt 0.839179 0.268508
vt 0.824755 0.160306
vt 0.824755 0.268508
vt 0.839179 0.157371
vt 0.853604 0.157371
vt 0.810330 0.160306
vt 0.810330 0.268508
vt 0.795905 0.160306
vt 0.795905 0.268508
vt 0.967910 0.201664
vt 0.981410 0.209458
vt 0.989204 0.222958
vt 0.989204 0.238546
vt 0.981410 0.252046
vt 0.967910 0.259841
vt 0.952321 0.259841
vt 0.938821 0.252046
vt 0.931027 0.238546
vt 0.931027 0.222958
vt 0.938821 0.209458
vt 0.952321 0.201664
vt 0.824755 0.157371
vt 0.824755 0.149948
vt 0.839179 0.149948
vt 0.954577 0.157371
vt 0.969002 0.157371
vt 0.795905 0.157371
vt 0.810330 0.157371
vt 0.940152 0.157371
vt 0.925728 0.157371
vt 0.911303 0.157371
vt 0.896878 0.157371
vt 0.882454 0.157371
vt 0.868029 0.157371
vt 0.882454 0.149948
vt 0.868029 0.149948
vt 0.868029 0.139419
vt 0.882454 0.139419
vt 0.925728 0.149948
vt 0.940152 0.149948
vt 0.896878 0.149948
vt 0.853604 0.149948
vt 0.954577 0.149948
vt 0.795905 0.149948
vt 0.810330 0.149948
vt 0.911303 0.149948
vt 0.969002 0.149948
vt 0.868029 0.126164
vt 0.853604 0.126164
vt 0.853604 0.124466
vt 0.868029 0.124466
vt 0.824755 0.139419
vt 0.839179 0.139419
vt 0.925728 0.139419
vt 0.940152 0.139419
vt 0.896878 0.139419
vt 0.853604 0.139419
vt 0.954577 0.139419
vt 0.795905 0.139419
vt 0.810330 0.139419
vt 0.911303 0.139419
vt 0.969002 0.139419
vt 0.795905 0.126164
vt 0.810330 0.126164
vt 0.824755 0.126164
vt 0.839179 0.126164
vt 0.882454 0.126164
vt 0.896878 0.126164
vt 0.911303 0.126164
vt 0.925728 0.126164
vt 0.940152 0.126164
vt 0.954577 0.126164
vt 0.969002 0.126164
vt 0.911303 0.124466
vt 0.896878 0.124466
vt 0.896878 0.121290
vt 0.911303 0.121290
vt 0.954577 0.124466
vt 0.969002 0.124466
vt 0.810330 0.124466
vt 0.824755 0.124466
vt 0.925728 0.124466
vt 0.882454 0.124466
vt 0.839179 0.124466
vt 0.940152 0.124466
vt 0.795905 0.124466
vt 0.810330 0.121290
vt 0.795905 0.121290
vt 0.795905 0.114135
vt 0.810330 0.114135
vt 0.853604 0.121290
vt 0.868029 0.121290
vt 0.954577 0.121290
vt 0.969002 0.121290
vt 0.824755 0.121290
vt 0.925728 0.121290
vt 0.882454 0.121290
vt 0.839179 0.121290
vt 0.940152 0.121290
vt 0.954577 0.114135
vt 0.940152 0.114135
vt 0.940152 0.109761
vt 0.954577 0.109761
vt 0.896878 0.114135
vt 0.911303 0.114135
vt 0.853604 0.114135
vt 0.868029 0.114135
vt 0.969002 0.114135
vt 0.824755 0.114135
vt 0.925728 0.114135
vt 0.882454 0.114135
vt 0.839179 0.114135
vt 0.861572 0.308298
vt 0.859269 0.306968
vt 0.857939 0.304665
vt 0.857939 0.302005
vt 0.859269 0.299702
vt 0.861572 0.298372
vt 0.864232 0.298372
vt 0.866536 0.299702
vt 0.867865 0.302005
vt 0.867865 0.304665
vt 0.866536 0.306968
vt 0.864232 0.308298
vt 0.795905 0.109761
vt 0.810330 0.109761
vt 0.896878 0.109761
vt 0.911303 0.109761
vt 0.853604 0.109761
vt 0.868029 0.109761
vt 0.969002 0.109761
vt 0.824755 0.109761
vt 0.925728 0.109761
vt 0.882454 0.109761
vt 0.839179 0.109761
vt 0.201465 0.270959
vt 0.218749 0.270959
vt 0.218749 0.324132
vt 0.201465 0.324132
vt 0.184182 0.270959
vt 0.184182 0.324132
vt 0.166899 0.270959
vt 0.166899 0.324132
vt 0.149616 0.270959
vt 0.149616 0.324132
vt 0.132333 0.270959
vt 0.132333 0.324132
vt 0.115050 0.270959
vt 0.115050 0.324132
vt 0.097766 0.270959
vt 0.097766 0.324132
vt 0.080483 0.270959
vt 0.080483 0.324132
vt 0.063200 0.270959
vt 0.063200 0.324132
vt 0.045917 0.270959
vt 0.045917 0.324132
vt 0.063200 0.267079
vt 0.080483 0.267079
vt 0.028634 0.270959
vt 0.028634 0.324132
vt 0.011351 0.270959
vt 0.011350 0.324132
vt 0.110697 0.228102
vt 0.131080 0.228102
vt 0.148732 0.238294
vt 0.158924 0.255946
vt 0.158924 0.276329
vt 0.148732 0.293981
vt 0.131080 0.304173
vt 0.110697 0.304173
vt 0.093044 0.293981
vt 0.082853 0.276329
vt 0.082853 0.255946
vt 0.093044 0.238294
vt 0.045917 0.267079
vt 0.045917 0.257268
vt 0.063200 0.257268
vt 0.201465 0.267079
vt 0.218749 0.267079
vt 0.011351 0.267079
vt 0.028634 0.267079
vt 0.184182 0.267079
vt 0.166899 0.267079
vt 0.149616 0.267079
vt 0.132333 0.267079
vt 0.115050 0.267079
vt 0.097766 0.267079
vt 0.115050 0.257268
vt 0.097766 0.257268
vt 0.097766 0.243353
vt 0.115050 0.243353
vt 0.166899 0.257268
vt 0.184182 0.257268
vt 0.132333 0.257268
vt 0.080483 0.257268
vt 0.201465 0.257268
vt 0.011351 0.257268
vt 0.028634 0.257268
vt 0.149616 0.257268
vt 0.218749 0.257268
vt 0.097766 0.225834
vt 0.080483 0.225834
vt 0.080483 0.223590
vt 0.097766 0.223590
vt 0.045917 0.243353
vt 0.063200 0.243353
vt 0.166899 0.243353
vt 0.184182 0.243353
vt 0.132333 0.243353
vt 0.080483 0.243353
vt 0.201465 0.243353
vt 0.011350 0.243353
vt 0.028634 0.243353
vt 0.149616 0.243353
vt 0.218749 0.243353
vt 0.011351 0.225834
vt 0.028634 0.225834
vt 0.045917 0.225834
vt 0.063200 0.225834
vt 0.115050 0.225834
vt 0.132333 0.225834
vt 0.149616 0.225834
vt 0.166899 0.225834
vt 0.184182 0.225834
vt 0.201465 0.225834
vt 0.218749 0.225834
vt 0.149616 0.223590
vt 0.132333 0.223590
vt 0.132333 0.219392
vt 0.149616 0.219392
vt 0.201465 0.223590
vt 0.218749 0.223590
vt 0.028634 0.223590
vt 0.045917 0.223590
vt 0.166899 0.223590
vt 0.115050 0.223590
vt 0.063200 0.223590
vt 0.184182 0.223590
vt 0.011350 0.223590
vt 0.028634 0.219392
vt 0.011351 0.219392
vt 0.011350 0.209935
vt 0.028634 0.209935
vt 0.080483 0.219392
vt 0.097766 0.219392
vt 0.201465 0.219392
vt 0.218749 0.219392
vt 0.045917 0.219392
vt 0.166899 0.219392
vt 0.115050 0.219392
vt 0.063200 0.219392
vt 0.184182 0.219392
vt 0.201465 0.209935
vt 0.184182 0.209935
vt 0.184182 0.204153
vt 0.201466 0.204153
vt 0.132333 0.209935
vt 0.149616 0.209935
vt 0.080483 0.209935
vt 0.097766 0.209935
vt 0.218749 0.209935
vt 0.045917 0.209935
vt 0.166899 0.209935
vt 0.115050 0.209935
vt 0.063200 0.209935
vt 0.180463 0.228992
vt 0.178724 0.225980
vt 0.178724 0.222502
vt 0.180463 0.219491
vt 0.183475 0.217752
vt 0.186952 0.217752
vt 0.189964 0.219491
vt 0.191703 0.222502
vt 0.191703 0.225980
vt 0.189964 0.228992
vt 0.186952 0.230731
vt 0.183475 0.230731
vt 0.011350 0.204153
vt 0.028634 0.204153
vt 0.132333 0.204153
vt 0.149616 0.204153
vt 0.080483 0.204153
vt 0.097766 0.204153
vt 0.218749 0.204153
vt 0.045917 0.204153
vt 0.166899 0.204153
vt 0.115050 0.204153
vt 0.063200 0.204153
vt 0.911499 0.174384
vt 0.925924 0.174384
vt 0.925924 0.282588
vt 0.911499 0.282588
vt 0.897075 0.174384
vt 0.897075 0.282588
vt 0.882650 0.174384
vt 0.882650 0.282588
vt 0.868225 0.174384
vt 0.868225 0.282588
vt 0.853801 0.174384
vt 0.853801 0.282588
vt 0.839376 0.174384
vt 0.839376 0.282588
vt 0.824951 0.174384
vt 0.824951 0.282588
vt 0.810527 0.174384
vt 0.810527 0.282588
vt 0.796102 0.174384
vt 0.796102 0.282588
vt 0.781677 0.174384
vt 0.781677 0.282588
vt 0.796102 0.171449
vt 0.810526 0.171449
vt 0.767253 0.174384
vt 0.767253 0.282588
vt 0.752828 0.174384
vt 0.752828 0.282588
vt 0.930465 0.276800
vt 0.943966 0.284594
vt 0.951760 0.298094
vt 0.951760 0.313683
vt 0.943966 0.327183
vt 0.930465 0.334977
vt 0.914877 0.334977
vt 0.901377 0.327183
vt 0.893583 0.313683
vt 0.893583 0.298094
vt 0.901377 0.284594
vt 0.914877 0.276800
vt 0.781677 0.171449
vt 0.781677 0.164025
vt 0.796102 0.164025
vt 0.911499 0.171449
vt 0.925924 0.171449
vt 0.752828 0.171449
vt 0.767253 0.171449
vt 0.897075 0.171449
vt 0.882650 0.171449
vt 0.868225 0.171449
vt 0.853801 0.171449
vt 0.839376 0.171449
vt 0.824951 0.171449
vt 0.839376 0.164025
vt 0.824951 0.164025
vt 0.824951 0.153497
vt 0.839376 0.153497
vt 0.882650 0.164025
vt 0.897075 0.164025
vt 0.853801 0.164025
vt 0.810526 0.164025
vt 0.911499 0.164025
vt 0.752828 0.164025
vt 0.767253 0.164025
vt 0.868225 0.164025
vt 0.925924 0.164025
vt 0.824951 0.140242
vt 0.810527 0.140242
vt 0.810527 0.138544
vt 0.824951 0.138544
vt 0.781677 0.153497
vt 0.796102 0.153497
vt 0.882650 0.153497
vt 0.897075 0.153497
vt 0.853801 0.153497
vt 0.810526 0.153497
vt 0.911499 0.153497
vt 0.752828 0.153497
vt 0.767253 0.153497
vt 0.868225 0.153497
vt 0.925924 0.153496
vt 0.752828 0.140242
vt 0.767253 0.140242
vt 0.781677 0.140242
vt 0.796102 0.140242
vt 0.839376 0.140242
vt 0.853801 0.140242
vt 0.868225 0.140242
vt 0.882650 0.140242
vt 0.897075 0.140242
vt 0.911499 0.140242
vt 0.925924 0.140242
vt 0.868225 0.138544
vt 0.853801 0.138544
vt 0.853801 0.135368
vt 0.868225 0.135368
vt 0.911499 0.138544
vt 0.925924 0.138544
vt 0.767253 0.138544
vt 0.781677 0.138544
vt 0.882650 0.138544
vt 0.839376 0.138544
vt 0.796102 0.138544
vt 0.897075 0.138544
vt 0.752828 0.138544
vt 0.767253 0.135368
vt 0.752828 0.135368
vt 0.752828 0.128212
vt 0.767253 0.128212
vt 0.810526 0.135368
vt 0.824951 0.135368
vt 0.911499 0.135368
vt 0.925924 0.135368
vt 0.781677 0.135368
vt 0.882650 0.135368
vt 0.839376 0.135368
vt 0.796102 0.135368
vt 0.897075 0.135368
vt 0.911499 0.128212
vt 0.897075 0.128212
vt 0.897075 0.123838
vt 0.911499 0.123838
vt 0.853801 0.128212
vt 0.868225 0.128212
vt 0.810526 0.128212
vt 0.824951 0.128212
vt 0.925924 0.128212
vt 0.781677 0.128212
vt 0.882650 0.128212
vt 0.839376 0.128212
vt 0.796102 0.128212
vt 0.931280 0.248700
vt 0.928976 0.247370
vt 0.927647 0.245067
vt 0.927647 0.242407
vt 0.928976 0.240104
vt 0.931280 0.238774
vt 0.933940 0.238774
vt 0.936243 0.240104
vt 0.937573 0.242407
vt 0.937573 0.245067
vt 0.936243 0.247370
vt 0.933940 0.248700
vt 0.752828 0.123838
vt 0.767253 0.123838
vt 0.853801 0.123838
vt 0.868225 0.123838
vt 0.810527 0.123838
vt 0.824951 0.123838
vt 0.925924 0.123838
vt 0.781677 0.123838
vt 0.882650 0.123838
vt 0.839376 0.123838
vt 0.796102 0.123838
vt 0.680689 0.233610
vt 0.699770 0.233610
vt 0.699770 0.292316
vt 0.680689 0.292316
vt 0.661608 0.233610
vt 0.661608 0.292316
vt 0.642526 0.233610
vt 0.642526 0.292316
vt 0.623445 0.233610
vt 0.623445 0.292316
vt 0.604364 0.233610
vt 0.604364 0.292316
vt 0.585283 0.233610
vt 0.585283 0.292316
vt 0.566201 0.233610
vt 0.566201 0.292316
vt 0.547120 0.233610
vt 0.547120 0.292316
vt 0.528039 0.233610
vt 0.528039 0.292316
vt 0.508957 0.233610
vt 0.508957 0.292316
vt 0.528039 0.229327
vt 0.547120 0.229327
vt 0.489876 0.233610
vt 0.489876 0.292316
vt 0.470795 0.233610
vt 0.470795 0.292316
vt 0.647588 0.105232
vt 0.667971 0.105232
vt 0.685624 0.115423
vt 0.695815 0.133076
vt 0.695815 0.153459
vt 0.685624 0.171111
vt 0.667971 0.181303
vt 0.647588 0.181303
vt 0.629936 0.171111
vt 0.619744 0.153459
vt 0.619744 0.133076
vt 0.629936 0.115423
vt 0.508957 0.229327
vt 0.508957 0.218496
vt 0.528039 0.218496
vt 0.680689 0.229327
vt 0.699770 0.229327
vt 0.470795 0.229327
vt 0.489876 0.229327
vt 0.661608 0.229327
vt 0.642526 0.229327
vt 0.623445 0.229327
vt 0.604364 0.229327
vt 0.585283 0.229327
vt 0.566201 0.229327
vt 0.585283 0.218496
vt 0.566201 0.218496
vt 0.566201 0.203132
vt 0.585283 0.203132
vt 0.642526 0.218496
vt 0.661608 0.218496
vt 0.604364 0.218496
vt 0.547120 0.218496
vt 0.680689 0.218496
vt 0.470795 0.218496
vt 0.489876 0.218496
vt 0.623445 0.218496
vt 0.699770 0.218496
vt 0.566201 0.183791
vt 0.547120 0.183791
vt 0.547120 0.181313
vt 0.566201 0.181313
vt 0.508957 0.203132
vt 0.528039 0.203132
vt 0.642526 0.203132
vt 0.661608 0.203132
vt 0.604364 0.203132
vt 0.547120 0.203132
vt 0.680689 0.203132
vt 0.470795 0.203132
vt 0.489876 0.203132
vt 0.623445 0.203132
vt 0.699770 0.203132
vt 0.470795 0.183791
vt 0.489876 0.183791
vt 0.508957 0.183791
vt 0.528039 0.183791
vt 0.585283 0.183791
vt 0.604364 0.183791
vt 0.623445 0.183791
vt 0.642526 0.183791
vt 0.661608 0.183791
vt 0.680689 0.183791
vt 0.699770 0.183791
vt 0.623445 0.181313
vt 0.604364 0.181313
vt 0.604364 0.176679
vt 0.623445 0.176679
vt 0.680689 0.181313
vt 0.699770 0.181313
vt 0.489876 0.181313
vt 0.508957 0.181313
vt 0.642526 0.181313
vt 0.585283 0.181313
vt 0.528039 0.181313
vt 0.661608 0.181313
vt 0.470795 0.181313
vt 0.489876 0.176679
vt 0.470795 0.176679
vt 0.470795 0.166237
vt 0.489876 0.166237
vt 0.547120 0.176679
vt 0.566201 0.176679
vt 0.680689 0.176679
vt 0.699770 0.176679
vt 0.508957 0.176679
vt 0.642526 0.176679
vt 0.585283 0.176679
vt 0.528039 0.176679
vt 0.661608 0.176679
vt 0.680689 0.166237
vt 0.661608 0.166237
vt 0.661608 0.159855
vt 0.680689 0.159855
vt 0.604364 0.166237
vt 0.623445 0.166237
vt 0.547120 0.166237
vt 0.566201 0.166237
vt 0.699770 0.166237
vt 0.508957 0.166237
vt 0.642526 0.166237
vt 0.585283 0.166237
vt 0.528039 0.166237
vt 0.493456 0.131277
vt 0.491718 0.128265
vt 0.491718 0.124787
vt 0.493456 0.121776
vt 0.496468 0.120037
vt 0.499946 0.120037
vt 0.502958 0.121775
vt 0.504697 0.124787
vt 0.504697 0.128265
vt 0.502958 0.131277
vt 0.499946 0.133016
vt 0.496468 0.133016
vt 0.470795 0.159855
vt 0.489876 0.159855
vt 0.604364 0.159855
vt 0.623445 0.159855
vt 0.547120 0.159855
vt 0.566201 0.159855
vt 0.699770 0.159855
vt 0.508957 0.159855
vt 0.642526 0.159855
vt 0.585283 0.159855
vt 0.528039 0.159855
vt 0.646322 0.818747
vt 0.647516 0.806584
vt 0.654212 0.806057
vt 0.652629 0.820498
vt 0.644270 0.794630
vt 0.650460 0.791468
vt 0.586194 0.795562
vt 0.581966 0.805061
vt 0.576474 0.803734
vt 0.581567 0.792149
vt 0.581419 0.815561
vt 0.575674 0.816222
vt 0.584566 0.825894
vt 0.579240 0.828534
vt 0.591214 0.834808
vt 0.586933 0.839211
vt 0.600423 0.841225
vt 0.597919 0.846650
vt 0.611277 0.844070
vt 0.610769 0.850204
vt 0.622601 0.842913
vt 0.624210 0.848900
vt 0.633085 0.838034
vt 0.636717 0.843241
vt 0.641313 0.829671
vt 0.646595 0.833364
vt 0.679497 0.829746
vt 0.690728 0.829746
vt 0.700454 0.835361
vt 0.706069 0.845087
vt 0.706069 0.856317
vt 0.700454 0.866043
vt 0.690728 0.871658
vt 0.679497 0.871658
vt 0.669772 0.866043
vt 0.664157 0.856317
vt 0.664157 0.845087
vt 0.669772 0.835361
vt 0.654421 0.839094
vt 0.642039 0.851004
vt 0.660093 0.787731
vt 0.664157 0.805427
vt 0.626637 0.858050
vt 0.609959 0.859337
vt 0.594006 0.855089
vt 0.580466 0.845620
vt 0.571148 0.832304
vt 0.567011 0.817012
vt 0.568243 0.801644
vt 0.662262 0.823227
vt 0.574239 0.787731
vt 0.536926 0.901680
vt 0.536682 0.895986
vt 0.549917 0.898015
vt 0.547918 0.903483
vt 0.561864 0.905032
vt 0.557682 0.909419
vt 0.557295 0.945304
vt 0.561470 0.948171
vt 0.552740 0.956213
vt 0.550166 0.951881
vt 0.541544 0.960180
vt 0.540879 0.955047
vt 0.529355 0.959394
vt 0.530799 0.954271
vt 0.518154 0.953725
vt 0.521569 0.949480
vt 0.509989 0.943954
vt 0.514813 0.941310
vt 0.505965 0.931639
vt 0.511563 0.931092
vt 0.507459 0.918690
vt 0.512779 0.920366
vt 0.513609 0.907156
vt 0.517948 0.910850
vt 0.524010 0.899281
vt 0.526429 0.904273
vt 0.669536 0.917292
vt 0.678854 0.911912
vt 0.689614 0.911912
vt 0.698932 0.917292
vt 0.704312 0.926610
vt 0.704312 0.937369
vt 0.698932 0.946688
vt 0.689614 0.952067
vt 0.678854 0.952067
vt 0.669536 0.946688
vt 0.664157 0.937369
vt 0.664157 0.926610
vt 0.506530 0.901107
vt 0.519715 0.890752
vt 0.553248 0.888480
vt 0.567874 0.897500
vt 0.498159 0.915758
vt 0.496663 0.932607
vt 0.501525 0.948658
vt 0.512442 0.961131
vt 0.527132 0.968196
vt 0.542919 0.968911
vt 0.557246 0.963507
vt 0.536024 0.886233
vt 0.567831 0.953291
vt 0.535936 0.884952
vt 0.553700 0.887202
vt 0.495354 0.932742
vt 0.496924 0.915361
vt 0.526824 0.969412
vt 0.511671 0.962126
vt 0.568830 0.896603
vt 0.505561 0.900260
vt 0.500430 0.949265
vt 0.557867 0.964504
vt 0.543099 0.970063
vt 0.519143 0.889597
vt 0.568830 0.953890
vt 0.535323 0.866295
vt 0.547827 0.867652
vt 0.548225 0.874573
vt 0.533406 0.872746
vt 0.560256 0.864685
vt 0.563337 0.871043
vt 0.558922 0.807334
vt 0.549578 0.802817
vt 0.551035 0.797426
vt 0.562479 0.802729
vt 0.539208 0.802018
vt 0.538693 0.796322
vt 0.528915 0.804882
vt 0.526436 0.799556
vt 0.519948 0.811227
vt 0.515763 0.806901
vt 0.513320 0.819998
vt 0.508018 0.817378
vt 0.510381 0.830584
vt 0.504372 0.829962
vt 0.511262 0.841828
vt 0.505243 0.843325
vt 0.516036 0.852386
vt 0.510740 0.855931
vt 0.524329 0.860928
vt 0.520446 0.866200
vt 0.700543 0.793360
vt 0.706172 0.803109
vt 0.706172 0.814367
vt 0.700543 0.824117
vt 0.690793 0.829746
vt 0.679535 0.829746
vt 0.669786 0.824117
vt 0.664157 0.814367
vt 0.664157 0.803109
vt 0.669786 0.793360
vt 0.679535 0.787731
vt 0.690793 0.787731
vt 0.514404 0.873988
vt 0.502637 0.861067
vt 0.567011 0.881139
vt 0.548535 0.884952
vt 0.496129 0.845353
vt 0.495354 0.828819
vt 0.500048 0.813418
vt 0.509486 0.800388
vt 0.522890 0.791461
vt 0.538117 0.787731
vt 0.553290 0.789302
vt 0.530279 0.882376
vt 0.567011 0.795526
vt 0.610468 0.902175
vt 0.610064 0.896257
vt 0.623578 0.898111
vt 0.621718 0.903609
vt 0.635643 0.904881
vt 0.631562 0.909329
vt 0.630298 0.943615
vt 0.634805 0.946590
vt 0.625827 0.955145
vt 0.622998 0.950707
vt 0.614436 0.959357
vt 0.613585 0.954313
vt 0.602338 0.959093
vt 0.603609 0.954015
vt 0.591397 0.953754
vt 0.594630 0.949588
vt 0.583321 0.944416
vt 0.587972 0.941768
vt 0.579163 0.932448
vt 0.584639 0.931829
vt 0.580377 0.919643
vt 0.585684 0.921289
vt 0.586591 0.908174
vt 0.590905 0.911842
vt 0.597002 0.899899
vt 0.599588 0.905070
vt 0.664157 0.886392
vt 0.669550 0.877051
vt 0.678891 0.871658
vt 0.689677 0.871658
vt 0.699018 0.877051
vt 0.704411 0.886392
vt 0.704411 0.897178
vt 0.699018 0.906519
vt 0.689677 0.911912
vt 0.678891 0.911912
vt 0.669550 0.906519
vt 0.664157 0.897178
vt 0.579096 0.902085
vt 0.592408 0.891192
vt 0.626793 0.888386
vt 0.641532 0.897255
vt 0.571297 0.917030
vt 0.570109 0.933557
vt 0.575200 0.949145
vt 0.586035 0.960994
vt 0.600249 0.967542
vt 0.615930 0.968371
vt 0.630630 0.962619
vt 0.609229 0.886296
vt 0.641502 0.951855
vt 0.609129 0.884952
vt 0.627229 0.887120
vt 0.568830 0.933714
vt 0.570068 0.916670
vt 0.599953 0.968703
vt 0.585332 0.961951
vt 0.642511 0.896309
vt 0.578091 0.901253
vt 0.574129 0.949780
vt 0.631293 0.963642
vt 0.616115 0.969565
vt 0.591798 0.890010
vt 0.642511 0.952441
vt 0.196169 0.264957
vt 0.196124 0.257825
vt 0.209625 0.257739
vt 0.209670 0.264872
vt 0.047833 0.265894
vt 0.047788 0.258761
vt 0.061289 0.258676
vt 0.061334 0.265809
vt 0.074329 0.258594
vt 0.074375 0.265726
vt 0.087830 0.258508
vt 0.087875 0.265641
vt 0.101331 0.258423
vt 0.101376 0.265556
vt 0.114831 0.258338
vt 0.114876 0.265471
vt 0.128332 0.258253
vt 0.128377 0.265385
vt 0.141832 0.258167
vt 0.141877 0.265300
vt 0.155623 0.258080
vt 0.155668 0.265213
vt 0.169123 0.257995
vt 0.169168 0.265128
vt 0.074312 0.255905
vt 0.087813 0.255820
vt 0.182624 0.257910
vt 0.182669 0.265043
vt 0.654934 0.928255
vt 0.654934 0.943276
vt 0.647424 0.956284
vt 0.634415 0.963795
vt 0.619394 0.963795
vt 0.606386 0.956284
vt 0.598876 0.943276
vt 0.598876 0.928255
vt 0.606386 0.915246
vt 0.619394 0.907736
vt 0.634415 0.907736
vt 0.647424 0.915246
vt 0.182882 0.298780
vt 0.182728 0.274459
vt 0.196229 0.274374
vt 0.196382 0.298695
vt 0.169381 0.298865
vt 0.169228 0.274545
vt 0.155881 0.298951
vt 0.155727 0.274630
vt 0.142090 0.299038
vt 0.141937 0.274717
vt 0.128590 0.299123
vt 0.128436 0.274802
vt 0.115089 0.299208
vt 0.114936 0.274887
vt 0.101589 0.299293
vt 0.101435 0.274973
vt 0.088088 0.299379
vt 0.087935 0.275058
vt 0.074588 0.299464
vt 0.074434 0.275143
vt 0.061547 0.299546
vt 0.061393 0.275225
vt 0.048046 0.299631
vt 0.047892 0.275311
vt 0.209729 0.274289
vt 0.209883 0.298610
vt 0.196465 0.311746
vt 0.209965 0.311661
vt 0.048128 0.312683
vt 0.061629 0.312597
vt 0.074670 0.312515
vt 0.088170 0.312430
vt 0.101671 0.312345
vt 0.115172 0.312259
vt 0.128672 0.312174
vt 0.142173 0.312089
vt 0.155963 0.312002
vt 0.169464 0.311917
vt 0.182964 0.311831
vt 0.061272 0.255988
vt 0.061229 0.249189
vt 0.074270 0.249107
vt 0.182607 0.255222
vt 0.196107 0.255136
vt 0.209608 0.255051
vt 0.169106 0.255307
vt 0.047771 0.256073
vt 0.155606 0.255392
vt 0.141815 0.255479
vt 0.128315 0.255564
vt 0.114814 0.255650
vt 0.101314 0.255735
vt 0.114771 0.248851
vt 0.101271 0.248937
vt 0.101210 0.239294
vt 0.114710 0.239209
vt 0.155563 0.248594
vt 0.169063 0.248508
vt 0.128272 0.248766
vt 0.087770 0.249022
vt 0.182564 0.248423
vt 0.196064 0.248338
vt 0.209565 0.248253
vt 0.141772 0.248681
vt 0.047728 0.249275
vt 0.101133 0.227155
vt 0.087633 0.227240
vt 0.087623 0.225685
vt 0.101123 0.225600
vt 0.061168 0.239547
vt 0.074209 0.239464
vt 0.155502 0.238951
vt 0.169003 0.238866
vt 0.128211 0.239123
vt 0.087709 0.239379
vt 0.182503 0.238781
vt 0.196003 0.238695
vt 0.209504 0.238610
vt 0.141711 0.239038
vt 0.047667 0.239632
vt 0.195927 0.226557
vt 0.209427 0.226471
vt 0.047591 0.227493
vt 0.061091 0.227408
vt 0.074132 0.227326
vt 0.114634 0.227070
vt 0.128134 0.226985
vt 0.141635 0.226899
vt 0.155425 0.226812
vt 0.168926 0.226727
vt 0.182426 0.226642
vt 0.141625 0.225344
vt 0.128124 0.225430
vt 0.128106 0.222521
vt 0.141607 0.222436
vt 0.182417 0.225087
vt 0.195917 0.225002
vt 0.047581 0.225938
vt 0.061081 0.225853
vt 0.155415 0.225257
vt 0.114624 0.225515
vt 0.074122 0.225771
vt 0.168916 0.225172
vt 0.209418 0.224916
vt 0.209399 0.222007
vt 0.195899 0.222093
vt 0.195857 0.215539
vt 0.209358 0.215454
vt 0.087604 0.222776
vt 0.101105 0.222691
vt 0.182398 0.222178
vt 0.047562 0.223029
vt 0.061063 0.222944
vt 0.155397 0.222348
vt 0.114605 0.222606
vt 0.074104 0.222862
vt 0.168898 0.222263
vt 0.182357 0.215625
vt 0.168856 0.215710
vt 0.168831 0.211704
vt 0.182332 0.211619
vt 0.128065 0.215967
vt 0.141565 0.215882
vt 0.087563 0.216223
vt 0.101064 0.216138
vt 0.047521 0.216476
vt 0.061022 0.216391
vt 0.155356 0.215795
vt 0.114564 0.216053
vt 0.074063 0.216308
vt 0.060555 0.242424
vt 0.057861 0.240868
vt 0.056306 0.238175
vt 0.056306 0.235064
vt 0.057861 0.232370
vt 0.060555 0.230815
vt 0.063665 0.230815
vt 0.066359 0.232370
vt 0.067914 0.235064
vt 0.067914 0.238175
vt 0.066359 0.240868
vt 0.063665 0.242424
vt 0.195832 0.211534
vt 0.209332 0.211448
vt 0.128039 0.211962
vt 0.141540 0.211876
vt 0.087538 0.212217
vt 0.101038 0.212132
vt 0.047496 0.212470
vt 0.060996 0.212385
vt 0.155330 0.211789
vt 0.114539 0.212047
vt 0.074037 0.212303
vt 0.123138 0.286114
vt 0.104717 0.287600
vt 0.105546 0.271232
vt 0.118873 0.271484
vt 0.180971 0.241841
vt 0.182867 0.257814
vt 0.165920 0.257499
vt 0.166184 0.242865
vt 0.088400 0.269778
vt 0.091378 0.258197
vt 0.103243 0.258933
vt 0.143296 0.274601
vt 0.132975 0.264073
vt 0.083718 0.284172
vt 0.153428 0.259560
vt 0.139242 0.253021
vt 0.111874 0.255219
vt 0.098239 0.248755
vt 0.106451 0.244189
vt 0.123019 0.249059
vt 0.131437 0.244029
vt 0.166258 0.277087
vt 0.150353 0.276193
vt 0.149355 0.256161
vt 0.181815 0.279178
vt 0.175693 0.222971
vt 0.162685 0.229766
vt 0.178278 0.293615
vt 0.165066 0.291047
vt 0.148273 0.235018
vt 0.150322 0.244901
vt 0.133366 0.246873
vt 0.132929 0.237740
vt 0.149877 0.287539
vt 0.133895 0.256821
vt 0.123705 0.256083
vt 0.123384 0.247146
vt 0.133981 0.273648
vt 0.132306 0.283720
vt 0.123432 0.273699
vt 0.110744 0.270763
vt 0.112229 0.257091
vt 0.122399 0.283794
vt 0.122808 0.237535
vt 0.108216 0.239402
vt 0.110430 0.248510
vt 0.103127 0.251486
vt 0.099096 0.243961
vt 0.106181 0.280028
vt 0.105292 0.257830
vt 0.103550 0.267588
vt 0.097889 0.264700
vt 0.099126 0.258280
vt 0.098479 0.273459
vt 0.093035 0.263508
vt 0.094176 0.257583
vt 0.094627 0.268521
vt 0.097938 0.253500
vt 0.094842 0.248408
vt 0.904949 0.215899
vt 0.919374 0.215899
vt 0.919374 0.324103
vt 0.904949 0.324103
vt 0.890525 0.215899
vt 0.890525 0.324103
vt 0.876100 0.215899
vt 0.876100 0.324103
vt 0.861675 0.215899
vt 0.861675 0.324103
vt 0.847250 0.215899
vt 0.847250 0.324103
vt 0.832826 0.215899
vt 0.832826 0.324103
vt 0.818401 0.215899
vt 0.818401 0.324103
vt 0.803976 0.215899
vt 0.803976 0.324103
vt 0.789552 0.215899
vt 0.789552 0.324103
vt 0.775127 0.215899
vt 0.775127 0.324103
vt 0.789552 0.212963
vt 0.803977 0.212963
vt 0.760702 0.215899
vt 0.760702 0.324103
vt 0.746278 0.215899
vt 0.746278 0.324103
vt 0.867267 0.192910
vt 0.880767 0.200704
vt 0.888561 0.214204
vt 0.888561 0.229792
vt 0.880767 0.243292
vt 0.867267 0.251087
vt 0.851679 0.251087
vt 0.838179 0.243292
vt 0.830384 0.229792
vt 0.830384 0.214204
vt 0.838179 0.200704
vt 0.851679 0.192910
vt 0.775127 0.212963
vt 0.775127 0.205540
vt 0.789552 0.205540
vt 0.904949 0.212963
vt 0.919374 0.212963
vt 0.746278 0.212963
vt 0.760702 0.212963
vt 0.890525 0.212963
vt 0.876100 0.212963
vt 0.861675 0.212963
vt 0.847250 0.212963
vt 0.832826 0.212963
vt 0.818401 0.212963
vt 0.832826 0.205540
vt 0.818401 0.205540
vt 0.818401 0.195011
vt 0.832826 0.195011
vt 0.876100 0.205540
vt 0.890525 0.205540
vt 0.847250 0.205540
vt 0.803977 0.205540
vt 0.904949 0.205540
vt 0.746278 0.205540
vt 0.760702 0.205540
vt 0.861675 0.205540
vt 0.919374 0.205540
vt 0.818401 0.181756
vt 0.803976 0.181756
vt 0.803976 0.180058
vt 0.818401 0.180058
vt 0.775127 0.195011
vt 0.789552 0.195011
vt 0.876100 0.195011
vt 0.890525 0.195011
vt 0.847250 0.195011
vt 0.803977 0.195011
vt 0.904949 0.195011
vt 0.746278 0.195011
vt 0.760702 0.195011
vt 0.861675 0.195011
vt 0.919374 0.195011
vt 0.746278 0.181756
vt 0.760702 0.181756
vt 0.775127 0.181756
vt 0.789552 0.181756
vt 0.832826 0.181756
vt 0.847250 0.181756
vt 0.861675 0.181756
vt 0.876100 0.181756
vt 0.890525 0.181756
vt 0.904949 0.181756
vt 0.919374 0.181756
vt 0.861675 0.180058
vt 0.847250 0.180058
vt 0.847250 0.176882
vt 0.861675 0.176882
vt 0.904949 0.180058
vt 0.919374 0.180058
vt 0.760702 0.180058
vt 0.775127 0.180058
vt 0.876100 0.180058
vt 0.832826 0.180058
vt 0.789552 0.180058
vt 0.890525 0.180058
vt 0.746278 0.180058
vt 0.760702 0.176882
vt 0.746278 0.176882
vt 0.746278 0.169726
vt 0.760702 0.169726
vt 0.803977 0.176882
vt 0.818401 0.176882
vt 0.904949 0.176882
vt 0.919374 0.176882
vt 0.775127 0.176882
vt 0.876100 0.176882
vt 0.832826 0.176882
vt 0.789552 0.176882
vt 0.890525 0.176882
vt 0.904949 0.169726
vt 0.890525 0.169726
vt 0.890525 0.165352
vt 0.904949 0.165352
vt 0.847250 0.169726
vt 0.861675 0.169726
vt 0.803977 0.169726
vt 0.818401 0.169726
vt 0.919374 0.169726
vt 0.775127 0.169726
vt 0.876100 0.169726
vt 0.832826 0.169726
vt 0.789552 0.169726
vt 0.769223 0.175467
vt 0.766919 0.174137
vt 0.765590 0.171834
vt 0.765590 0.169174
vt 0.766919 0.166871
vt 0.769223 0.165541
vt 0.771883 0.165541
vt 0.774186 0.166871
vt 0.775516 0.169174
vt 0.775516 0.171834
vt 0.774186 0.174137
vt 0.771883 0.175467
vt 0.746278 0.165352
vt 0.760702 0.165352
vt 0.847250 0.165352
vt 0.861675 0.165352
vt 0.803976 0.165352
vt 0.818401 0.165352
vt 0.919374 0.165352
vt 0.775127 0.165352
vt 0.876100 0.165352
vt 0.832826 0.165352
vt 0.789552 0.165352
vt 0.956040 0.149722
vt 0.965546 0.149722
vt 0.965546 0.221030
vt 0.956040 0.221030
vt 0.946534 0.149722
vt 0.946534 0.221030
vt 0.937028 0.149722
vt 0.937028 0.221030
vt 0.927521 0.149722
vt 0.927521 0.221030
vt 0.918015 0.149722
vt 0.918015 0.221030
vt 0.908509 0.149722
vt 0.908509 0.221030
vt 0.899003 0.149722
vt 0.899003 0.221030
vt 0.889496 0.149722
vt 0.889496 0.221030
vt 0.879990 0.149722
vt 0.879990 0.221030
vt 0.870484 0.149722
vt 0.870484 0.221030
vt 0.879990 0.147787
vt 0.889496 0.147788
vt 0.860978 0.149722
vt 0.860978 0.221030
vt 0.851471 0.149722
vt 0.851471 0.221030
vt 0.899115 0.252634
vt 0.908011 0.257771
vt 0.913148 0.266668
vt 0.913148 0.276941
vt 0.908011 0.285838
vt 0.899115 0.290974
vt 0.888841 0.290974
vt 0.879944 0.285838
vt 0.874808 0.276941
vt 0.874808 0.266668
vt 0.879944 0.257771
vt 0.888841 0.252634
vt 0.870484 0.147788
vt 0.870484 0.142895
vt 0.879990 0.142895
vt 0.956040 0.147788
vt 0.965546 0.147787
vt 0.851471 0.147787
vt 0.860978 0.147788
vt 0.946534 0.147788
vt 0.937028 0.147787
vt 0.927521 0.147788
vt 0.918015 0.147788
vt 0.908509 0.147787
vt 0.899003 0.147788
vt 0.908509 0.142895
vt 0.899003 0.142895
vt 0.899003 0.135957
vt 0.908509 0.135957
vt 0.937028 0.142895
vt 0.946534 0.142895
vt 0.918015 0.142895
vt 0.889496 0.142895
vt 0.956040 0.142895
vt 0.851471 0.142895
vt 0.860978 0.142895
vt 0.927521 0.142895
vt 0.965546 0.142895
vt 0.899003 0.127222
vt 0.889496 0.127222
vt 0.889496 0.126103
vt 0.899003 0.126103
vt 0.870484 0.135957
vt 0.879990 0.135957
vt 0.937028 0.135957
vt 0.946534 0.135957
vt 0.918015 0.135957
vt 0.889496 0.135957
vt 0.956040 0.135957
vt 0.851471 0.135957
vt 0.860978 0.135957
vt 0.927521 0.135957
vt 0.965546 0.135957
vt 0.851471 0.127222
vt 0.860978 0.127222
vt 0.870484 0.127222
vt 0.879990 0.127222
vt 0.908509 0.127222
vt 0.918015 0.127222
vt 0.927521 0.127222
vt 0.937028 0.127222
vt 0.946534 0.127222
vt 0.956040 0.127222
vt 0.965546 0.127222
vt 0.927521 0.126103
vt 0.918015 0.126103
vt 0.918015 0.124009
vt 0.927521 0.124009
vt 0.956040 0.126103
vt 0.965546 0.126103
vt 0.860978 0.126103
vt 0.870484 0.126103
vt 0.937028 0.126103
vt 0.908509 0.126103
vt 0.879990 0.126103
vt 0.946534 0.126103
vt 0.851471 0.126103
vt 0.860978 0.124009
vt 0.851471 0.124010
vt 0.851471 0.119294
vt 0.860978 0.119294
vt 0.889496 0.124009
vt 0.899003 0.124009
vt 0.956040 0.124009
vt 0.965546 0.124010
vt 0.870484 0.124010
vt 0.937028 0.124009
vt 0.908509 0.124010
vt 0.879990 0.124010
vt 0.946534 0.124009
vt 0.956040 0.119294
vt 0.946534 0.119294
vt 0.946534 0.116411
vt 0.956040 0.116411
vt 0.918015 0.119294
vt 0.927521 0.119294
vt 0.889496 0.119294
vt 0.899003 0.119294
vt 0.965546 0.119294
vt 0.870484 0.119294
vt 0.937028 0.119294
vt 0.908509 0.119294
vt 0.879990 0.119294
vt 0.957587 0.285232
vt 0.956069 0.284356
vt 0.955192 0.282838
vt 0.955192 0.281085
vt 0.956069 0.279567
vt 0.957587 0.278690
vt 0.959339 0.278690
vt 0.960857 0.279567
vt 0.961734 0.281085
vt 0.961734 0.282838
vt 0.960857 0.284356
vt 0.959339 0.285232
vt 0.851471 0.116411
vt 0.860978 0.116411
vt 0.918015 0.116411
vt 0.927521 0.116411
vt 0.889496 0.116411
vt 0.899003 0.116411
vt 0.965546 0.116411
vt 0.870484 0.116411
vt 0.937028 0.116411
vt 0.908509 0.116411
vt 0.879990 0.116411
vt 0.151094 0.125797
vt 0.151094 0.107646
vt 0.206937 0.107646
vt 0.206937 0.125797
vt 0.151094 0.143948
vt 0.206937 0.143948
vt 0.151094 0.162099
vt 0.206937 0.162099
vt 0.151094 0.180249
vt 0.206937 0.180249
vt 0.151094 0.198400
vt 0.206937 0.198400
vt 0.151094 0.216551
vt 0.206937 0.216551
vt 0.151094 0.234701
vt 0.206937 0.234702
vt 0.151094 0.252852
vt 0.206937 0.252852
vt 0.151094 0.271003
vt 0.206937 0.271003
vt 0.151094 0.289154
vt 0.206937 0.289154
vt 0.147019 0.271003
vt 0.147019 0.252852
vt 0.151094 0.307304
vt 0.206937 0.307304
vt 0.151094 0.325455
vt 0.206937 0.325455
vt 0.131468 0.137676
vt 0.151851 0.137676
vt 0.169503 0.147868
vt 0.179695 0.165520
vt 0.179695 0.185903
vt 0.169503 0.203555
vt 0.151851 0.213747
vt 0.131468 0.213747
vt 0.113815 0.203555
vt 0.103624 0.185903
vt 0.103624 0.165520
vt 0.113815 0.147868
vt 0.147019 0.289154
vt 0.136716 0.289154
vt 0.136716 0.271003
vt 0.147019 0.125797
vt 0.147019 0.107646
vt 0.147019 0.325455
vt 0.147019 0.307304
vt 0.147019 0.143948
vt 0.147019 0.162099
vt 0.147019 0.180249
vt 0.147019 0.198400
vt 0.147019 0.216551
vt 0.147019 0.234702
vt 0.136716 0.216551
vt 0.136716 0.234701
vt 0.122101 0.234702
vt 0.122101 0.216551
vt 0.136716 0.162099
vt 0.136716 0.143948
vt 0.136716 0.198400
vt 0.136716 0.252852
vt 0.136716 0.125797
vt 0.136716 0.325455
vt 0.136716 0.307304
vt 0.136716 0.180249
vt 0.136716 0.107646
vt 0.103703 0.234702
vt 0.103703 0.252852
vt 0.101346 0.252852
vt 0.101346 0.234702
vt 0.122101 0.289154
vt 0.122101 0.271003
vt 0.122101 0.162099
vt 0.122101 0.143948
vt 0.122101 0.198400
vt 0.122101 0.252852
vt 0.122101 0.125797
vt 0.122101 0.325455
vt 0.122101 0.307304
vt 0.122101 0.180249
vt 0.122101 0.107646
vt 0.103703 0.325455
vt 0.103703 0.307304
vt 0.103703 0.289154
vt 0.103703 0.271003
vt 0.103703 0.216551
vt 0.103703 0.198400
vt 0.103703 0.180249
vt 0.103703 0.162099
vt 0.103703 0.143948
vt 0.103703 0.125797
vt 0.103703 0.107646
vt 0.101346 0.180249
vt 0.101346 0.198400
vt 0.096938 0.198400
vt 0.096938 0.180249
vt 0.101346 0.125797
vt 0.101346 0.107646
vt 0.101346 0.307304
vt 0.101346 0.289154
vt 0.101346 0.162099
vt 0.101346 0.216551
vt 0.101346 0.271003
vt 0.101346 0.143948
vt 0.101346 0.325455
vt 0.096938 0.307304
vt 0.096938 0.325455
vt 0.087005 0.325455
vt 0.087005 0.307304
vt 0.096938 0.252852
vt 0.096938 0.234702
vt 0.096938 0.125797
vt 0.096938 0.107646
vt 0.096938 0.289154
vt 0.096938 0.162099
vt 0.096938 0.216551
vt 0.096938 0.271003
vt 0.096938 0.143948
vt 0.087005 0.125797
vt 0.087005 0.143948
vt 0.080934 0.143948
vt 0.080934 0.125797
vt 0.087005 0.198400
vt 0.087005 0.180249
vt 0.087005 0.252852
vt 0.087005 0.234702
vt 0.087005 0.107646
vt 0.087005 0.289154
vt 0.087005 0.162099
vt 0.087005 0.216551
vt 0.087005 0.271003
vt 0.041234 0.242098
vt 0.039495 0.239087
vt 0.039495 0.235609
vt 0.041234 0.232597
vt 0.044246 0.230858
vt 0.047724 0.230858
vt 0.050736 0.232597
vt 0.052475 0.235609
vt 0.052475 0.239086
vt 0.050736 0.242098
vt 0.047724 0.243837
vt 0.044246 0.243837
vt 0.080934 0.325455
vt 0.080934 0.307304
vt 0.080934 0.198400
vt 0.080934 0.180249
vt 0.080934 0.252852
vt 0.080934 0.234701
vt 0.080934 0.107646
vt 0.080934 0.289154
vt 0.080934 0.162099
vt 0.080934 0.216551
vt 0.080934 0.271003
vt 0.968364 0.149148
vt 0.981418 0.149148
vt 0.981418 0.247071
vt 0.968364 0.247071
vt 0.955310 0.149148
vt 0.955310 0.247071
vt 0.942255 0.149148
vt 0.942255 0.247071
vt 0.929201 0.149148
vt 0.929201 0.247071
vt 0.916147 0.149148
vt 0.916147 0.247071
vt 0.903092 0.149148
vt 0.903092 0.247071
vt 0.890038 0.149148
vt 0.890038 0.247071
vt 0.876984 0.149148
vt 0.876984 0.247071
vt 0.863930 0.149148
vt 0.863929 0.247071
vt 0.850875 0.149148
vt 0.850875 0.247071
vt 0.863929 0.146492
vt 0.876984 0.146492
vt 0.837821 0.149148
vt 0.837821 0.247071
vt 0.824766 0.149148
vt 0.824766 0.247071
vt 0.772361 0.254578
vt 0.784578 0.261632
vt 0.791632 0.273849
vt 0.791632 0.287957
vt 0.784578 0.300174
vt 0.772361 0.307228
vt 0.758253 0.307228
vt 0.746036 0.300174
vt 0.738982 0.287957
vt 0.738982 0.273849
vt 0.746036 0.261632
vt 0.758253 0.254578
vt 0.850875 0.146492
vt 0.850875 0.139774
vt 0.863930 0.139774
vt 0.968364 0.146492
vt 0.981418 0.146492
vt 0.824766 0.146492
vt 0.837821 0.146492
vt 0.955310 0.146492
vt 0.942255 0.146492
vt 0.929201 0.146492
vt 0.916147 0.146492
vt 0.903092 0.146492
vt 0.890038 0.146492
vt 0.903092 0.139774
vt 0.890038 0.139774
vt 0.890038 0.130245
vt 0.903092 0.130245
vt 0.942255 0.139774
vt 0.955310 0.139774
vt 0.916147 0.139774
vt 0.876984 0.139774
vt 0.968364 0.139774
vt 0.824766 0.139774
vt 0.837821 0.139774
vt 0.929201 0.139774
vt 0.981418 0.139774
vt 0.890038 0.118250
vt 0.876984 0.118250
vt 0.876984 0.116713
vt 0.890038 0.116713
vt 0.850875 0.130245
vt 0.863929 0.130245
vt 0.942255 0.130245
vt 0.955310 0.130245
vt 0.916147 0.130245
vt 0.876984 0.130245
vt 0.968364 0.130245
vt 0.824766 0.130245
vt 0.837821 0.130245
vt 0.929201 0.130245
vt 0.981418 0.130245
vt 0.824766 0.118250
vt 0.837821 0.118250
vt 0.850875 0.118250
vt 0.863930 0.118250
vt 0.903092 0.118250
vt 0.916147 0.118250
vt 0.929201 0.118250
vt 0.942255 0.118250
vt 0.955310 0.118250
vt 0.968364 0.118250
vt 0.981418 0.118250
vt 0.929201 0.116713
vt 0.916147 0.116713
vt 0.916147 0.113839
vt 0.929201 0.113839
vt 0.968364 0.116713
vt 0.981418 0.116713
vt 0.837821 0.116713
vt 0.850875 0.116713
vt 0.942255 0.116713
vt 0.903092 0.116713
vt 0.863930 0.116713
vt 0.955310 0.116713
vt 0.824766 0.116713
vt 0.837821 0.113839
vt 0.824766 0.113839
vt 0.824766 0.107363
vt 0.837821 0.107363
vt 0.876984 0.113839
vt 0.890038 0.113839
vt 0.968364 0.113839
vt 0.981418 0.113839
vt 0.850875 0.113839
vt 0.942255 0.113839
vt 0.903092 0.113839
vt 0.863929 0.113839
vt 0.955310 0.113839
vt 0.968364 0.107363
vt 0.955310 0.107363
vt 0.955310 0.103404
vt 0.968364 0.103404
vt 0.916147 0.107363
vt 0.929201 0.107363
vt 0.876984 0.107363
vt 0.890038 0.107363
vt 0.981418 0.107363
vt 0.850875 0.107363
vt 0.942255 0.107363
vt 0.903092 0.107363
vt 0.863930 0.107363
vt 0.875148 0.144598
vt 0.872844 0.143269
vt 0.871514 0.140965
vt 0.871514 0.138305
vt 0.872844 0.136002
vt 0.875148 0.134672
vt 0.877807 0.134672
vt 0.880111 0.136002
vt 0.881441 0.138305
vt 0.881441 0.140965
vt 0.880111 0.143269
vt 0.877807 0.144598
vt 0.824766 0.103404
vt 0.837821 0.103404
vt 0.916147 0.103404
vt 0.929201 0.103404
vt 0.876984 0.103404
vt 0.890038 0.103404
vt 0.981418 0.103404
vt 0.850875 0.103404
vt 0.942255 0.103404
vt 0.903092 0.103404
vt 0.863929 0.103404
vt 0.192442 0.196419
vt 0.206867 0.196419
vt 0.206867 0.304623
vt 0.192442 0.304623
vt 0.178017 0.196419
vt 0.178017 0.304623
vt 0.163593 0.196419
vt 0.163593 0.304623
vt 0.149168 0.196419
vt 0.149168 0.304623
vt 0.134744 0.196419
vt 0.134744 0.304623
vt 0.120319 0.196419
vt 0.120319 0.304623
vt 0.105894 0.196419
vt 0.105894 0.304623
vt 0.091469 0.196419
vt 0.091470 0.304623
vt 0.077045 0.196419
vt 0.077045 0.304623
vt 0.062620 0.196419
vt 0.062620 0.304623
vt 0.077045 0.193484
vt 0.091469 0.193484
vt 0.048195 0.196419
vt 0.048195 0.304623
vt 0.033771 0.196419
vt 0.033771 0.304623
vt 0.145210 0.194315
vt 0.158710 0.202109
vt 0.166504 0.215609
vt 0.166504 0.231197
vt 0.158710 0.244697
vt 0.145210 0.252491
vt 0.129621 0.252491
vt 0.116121 0.244697
vt 0.108327 0.231197
vt 0.108327 0.215609
vt 0.116121 0.202109
vt 0.129621 0.194315
vt 0.062620 0.193484
vt 0.062620 0.186060
vt 0.077045 0.186060
vt 0.192442 0.193484
vt 0.206867 0.193484
vt 0.033771 0.193484
vt 0.048196 0.193484
vt 0.178018 0.193484
vt 0.163593 0.193484
vt 0.149168 0.193484
vt 0.134744 0.193484
vt 0.120319 0.193484
vt 0.105894 0.193484
vt 0.120319 0.186060
vt 0.105894 0.186060
vt 0.105894 0.175531
vt 0.120319 0.175531
vt 0.163593 0.186060
vt 0.178018 0.186060
vt 0.134744 0.186060
vt 0.091469 0.186060
vt 0.192442 0.186060
vt 0.033771 0.186060
vt 0.048196 0.186060
vt 0.149168 0.186060
vt 0.206867 0.186060
vt 0.105894 0.162277
vt 0.091470 0.162277
vt 0.091470 0.160578
vt 0.105894 0.160578
vt 0.062620 0.175531
vt 0.077045 0.175531
vt 0.163593 0.175531
vt 0.178018 0.175531
vt 0.134744 0.175531
vt 0.091469 0.175531
vt 0.192442 0.175531
vt 0.033771 0.175531
vt 0.048196 0.175531
vt 0.149168 0.175531
vt 0.206867 0.175531
vt 0.033771 0.162277
vt 0.048196 0.162277
vt 0.062620 0.162277
vt 0.077045 0.162277
vt 0.120319 0.162277
vt 0.134744 0.162277
vt 0.149168 0.162277
vt 0.163593 0.162277
vt 0.178018 0.162277
vt 0.192442 0.162277
vt 0.206867 0.162277
vt 0.149168 0.160578
vt 0.134744 0.160578
vt 0.134744 0.157402
vt 0.149168 0.157402
vt 0.192442 0.160578
vt 0.206867 0.160578
vt 0.048196 0.160578
vt 0.062620 0.160578
vt 0.163593 0.160578
vt 0.120319 0.160578
vt 0.077045 0.160578
vt 0.178018 0.160578
vt 0.033771 0.160578
vt 0.048196 0.157402
vt 0.033771 0.157402
vt 0.033771 0.150247
vt 0.048196 0.150247
vt 0.091469 0.157402
vt 0.105894 0.157402
vt 0.192442 0.157402
vt 0.206867 0.157402
vt 0.062620 0.157402
vt 0.163593 0.157402
vt 0.120319 0.157402
vt 0.077045 0.157402
vt 0.178018 0.157402
vt 0.192442 0.150247
vt 0.178018 0.150247
vt 0.178018 0.145872
vt 0.192442 0.145872
vt 0.134744 0.150247
vt 0.149168 0.150247
vt 0.091469 0.150247
vt 0.105894 0.150247
vt 0.206867 0.150247
vt 0.062620 0.150247
vt 0.163593 0.150247
vt 0.120319 0.150247
vt 0.077045 0.150247
vt 0.149901 0.186470
vt 0.147598 0.185141
vt 0.146268 0.182837
vt 0.146268 0.180177
vt 0.147598 0.177874
vt 0.149901 0.176544
vt 0.152561 0.176544
vt 0.154864 0.177874
vt 0.156194 0.180177
vt 0.156194 0.182837
vt 0.154864 0.185141
vt 0.152561 0.186470
vt 0.033771 0.145872
vt 0.048196 0.145872
vt 0.134744 0.145872
vt 0.149168 0.145872
vt 0.091470 0.145872
vt 0.105894 0.145872
vt 0.206867 0.145872
vt 0.062620 0.145872
vt 0.163593 0.145872
vt 0.120319 0.145872
vt 0.077045 0.145872
vt 0.888910 0.216111
vt 0.903335 0.216111
vt 0.903335 0.324315
vt 0.888910 0.324315
vt 0.874486 0.216111
vt 0.874486 0.324315
vt 0.860061 0.216111
vt 0.860061 0.324315
vt 0.845636 0.216111
vt 0.845636 0.324315
vt 0.831211 0.216111
vt 0.831211 0.324315
vt 0.816787 0.216111
vt 0.816787 0.324315
vt 0.802362 0.216111
vt 0.802362 0.324315
vt 0.787937 0.216111
vt 0.787937 0.324315
vt 0.773512 0.216111
vt 0.773512 0.324315
vt 0.759088 0.216111
vt 0.759088 0.324315
vt 0.773512 0.213175
vt 0.787937 0.213175
vt 0.744663 0.216111
vt 0.744663 0.324315
vt 0.730238 0.216111
vt 0.730238 0.324315
vt 0.857302 0.300171
vt 0.850252 0.287952
vt 0.850256 0.273844
vt 0.857313 0.261629
vt 0.869532 0.254578
vt 0.883640 0.254582
vt 0.895855 0.261639
vt 0.902906 0.273858
vt 0.902902 0.287966
vt 0.895845 0.300182
vt 0.883625 0.307232
vt 0.869518 0.307228
vt 0.759088 0.213175
vt 0.759088 0.205752
vt 0.773512 0.205752
vt 0.888910 0.213175
vt 0.903335 0.213175
vt 0.730238 0.213175
vt 0.744663 0.213175
vt 0.874486 0.213175
vt 0.860061 0.213175
vt 0.845636 0.213175
vt 0.831211 0.213175
vt 0.816787 0.213175
vt 0.802362 0.213175
vt 0.816787 0.205752
vt 0.802362 0.205752
vt 0.802362 0.195223
vt 0.816787 0.195223
vt 0.860061 0.205752
vt 0.874486 0.205752
vt 0.831211 0.205752
vt 0.787937 0.205752
vt 0.888910 0.205752
vt 0.730238 0.205752
vt 0.744663 0.205752
vt 0.845636 0.205752
vt 0.903335 0.205752
vt 0.802362 0.181968
vt 0.787937 0.181968
vt 0.787937 0.180270
vt 0.802362 0.180270
vt 0.759088 0.195223
vt 0.773512 0.195223
vt 0.860061 0.195223
vt 0.874486 0.195223
vt 0.831211 0.195223
vt 0.787937 0.195223
vt 0.888910 0.195223
vt 0.730238 0.195223
vt 0.744663 0.195223
vt 0.845636 0.195223
vt 0.903335 0.195223
vt 0.730238 0.181968
vt 0.744663 0.181968
vt 0.759088 0.181968
vt 0.773512 0.181968
vt 0.816787 0.181968
vt 0.831211 0.181968
vt 0.845636 0.181968
vt 0.860061 0.181968
vt 0.874486 0.181968
vt 0.888910 0.181968
vt 0.903335 0.181968
vt 0.845636 0.180270
vt 0.831211 0.180270
vt 0.831211 0.177094
vt 0.845636 0.177094
vt 0.888910 0.180270
vt 0.903335 0.180270
vt 0.744663 0.180270
vt 0.759088 0.180270
vt 0.860061 0.180270
vt 0.816787 0.180270
vt 0.773512 0.180270
vt 0.874486 0.180270
vt 0.730238 0.180270
vt 0.744663 0.177094
vt 0.730238 0.177094
vt 0.730238 0.169938
vt 0.744663 0.169938
vt 0.787937 0.177094
vt 0.802362 0.177094
vt 0.888910 0.177094
vt 0.903335 0.177094
vt 0.759088 0.177094
vt 0.860061 0.177094
vt 0.816787 0.177094
vt 0.773512 0.177094
vt 0.874486 0.177094
vt 0.888910 0.169938
vt 0.874486 0.169938
vt 0.874486 0.165564
vt 0.888910 0.165564
vt 0.831211 0.169938
vt 0.845636 0.169938
vt 0.787937 0.169938
vt 0.802362 0.169938
vt 0.903335 0.169938
vt 0.759088 0.169938
vt 0.860061 0.169938
vt 0.816787 0.169938
vt 0.773512 0.169938
vt 0.865525 0.157792
vt 0.863222 0.156462
vt 0.861892 0.154159
vt 0.861892 0.151499
vt 0.863222 0.149196
vt 0.865525 0.147866
vt 0.868185 0.147866
vt 0.870489 0.149196
vt 0.871818 0.151499
vt 0.871818 0.154159
vt 0.870489 0.156462
vt 0.868185 0.157792
vt 0.730238 0.165564
vt 0.744663 0.165564
vt 0.831211 0.165564
vt 0.845636 0.165564
vt 0.787937 0.165564
vt 0.802362 0.165564
vt 0.903335 0.165564
vt 0.759088 0.165564
vt 0.860061 0.165564
vt 0.816787 0.165564
vt 0.773512 0.165564
s 1
f 24/1/1 2/2/2 1/3/2 23/4/1
f 22/5/3 24/1/1 23/4/1 21/6/3
f 20/7/4 22/5/3 21/6/3 19/8/4
f 18/9/5 20/7/4 19/8/4 17/10/5
f 16/11/6 18/9/5 17/10/5 15/12/6
f 14/13/7 16/11/6 15/12/6 13/14/7
f 12/15/8 14/13/7 13/14/7 11/16/8
f 10/17/9 12/15/8 11/16/8 9/18/9
f 8/19/10 10/17/9 9/18/9 7/20/10
f 6/21/11 8/19/10 7/20/10 5/22/11
f 10/17/12 8/19/12 28/23/12 29/24/12
f 4/25/13 6/21/11 5/22/11 3/26/13
f 2/27/2 4/25/13 3/26/13 1/28/2
f 1/29/12 3/30/12 5/31/12 7/32/12 9/33/12 11/34/12 13/35/12 15/36/12 17/37/12 19/38/12 21/39/12 23/40/12
f 28/23/14 27/41/15 39/42/16 40/43/17
f 2/2/12 24/1/12 36/44/12 26/45/12
f 4/25/12 2/27/12 26/46/12 25/47/12
f 8/19/12 6/21/12 27/41/12 28/23/12
f 24/1/12 22/5/12 35/48/12 36/44/12
f 6/21/12 4/25/12 25/47/12 27/41/12
f 22/5/12 20/7/12 34/49/12 35/48/12
f 20/7/12 18/9/12 33/50/12 34/49/12
f 18/9/12 16/11/12 32/51/12 33/50/12
f 16/11/12 14/13/12 31/52/12 32/51/12
f 14/13/12 12/15/12 30/53/12 31/52/12
f 12/15/12 10/17/12 29/24/12 30/53/12
f 43/54/18 42/55/19 66/56/20 67/57/21
f 35/48/22 34/49/23 46/58/24 47/59/25
f 32/51/26 31/52/27 43/54/18 44/60/28
f 29/24/29 28/23/14 40/43/17 41/61/30
f 36/44/31 35/48/22 47/59/25 48/62/32
f 25/47/33 26/46/34 38/63/35 37/64/36
f 33/50/37 32/51/26 44/60/28 45/65/38
f 30/53/39 29/24/29 41/61/30 42/55/19
f 26/45/34 36/44/31 48/62/32 38/66/35
f 27/41/15 25/47/33 37/64/36 39/42/16
f 34/49/23 33/50/37 45/65/38 46/58/24
f 31/52/27 30/53/39 42/55/19 43/54/18
f 54/67/8 53/68/9 77/69/40 78/70/41
f 40/43/17 39/42/16 63/71/42 64/72/43
f 47/59/25 46/58/24 70/73/44 71/74/45
f 44/60/28 43/54/18 67/57/21 68/75/46
f 41/61/30 40/43/17 64/72/43 65/76/47
f 48/62/32 47/59/25 71/74/45 72/77/48
f 37/64/36 38/63/35 62/78/49 61/79/50
f 45/65/38 44/60/28 68/75/46 69/80/51
f 42/55/19 41/61/30 65/76/47 66/56/20
f 38/66/35 48/62/32 72/77/48 62/81/49
f 39/42/16 37/64/36 61/79/50 63/71/42
f 46/58/24 45/65/38 69/80/51 70/73/44
f 50/82/52 49/83/52 61/79/50 62/78/49
f 49/83/52 51/84/52 63/71/42 61/79/50
f 51/84/52 52/85/52 64/72/43 63/71/42
f 52/85/52 53/68/52 65/76/47 64/72/43
f 53/68/52 54/67/52 66/56/20 65/76/47
f 54/67/52 55/86/52 67/57/21 66/56/20
f 55/86/52 56/87/52 68/75/46 67/57/21
f 56/87/52 57/88/52 69/80/51 68/75/46
f 57/88/52 58/89/52 70/73/44 69/80/51
f 58/89/52 59/90/52 71/74/45 70/73/44
f 59/90/52 60/91/52 72/77/48 71/74/45
f 60/91/52 50/92/52 62/81/49 72/77/48
f 81/93/53 80/94/54 92/95/55 93/96/56
f 50/92/2 60/91/1 84/97/57 74/98/58
f 51/84/11 49/83/13 73/99/59 75/100/60
f 58/89/4 57/88/5 81/93/53 82/101/61
f 55/86/7 54/67/8 78/70/41 79/102/62
f 52/85/10 51/84/11 75/100/60 76/103/63
f 59/90/3 58/89/4 82/101/61 83/104/64
f 56/87/6 55/86/7 79/102/62 80/94/54
f 53/68/9 52/85/10 76/103/63 77/69/40
f 60/91/1 59/90/3 83/104/64 84/97/57
f 49/83/13 50/82/2 74/105/58 73/99/59
f 57/88/5 56/87/6 80/94/54 81/93/53
f 85/106/65 86/107/66 98/108/67 97/109/68
f 78/70/41 77/69/40 89/110/69 90/111/70
f 74/98/58 84/97/57 96/112/71 86/113/66
f 75/100/60 73/99/59 85/106/65 87/114/72
f 82/101/61 81/93/53 93/96/56 94/115/73
f 79/102/62 78/70/41 90/111/70 91/116/74
f 76/103/63 75/100/60 87/114/72 88/117/75
f 83/104/64 82/101/61 94/115/73 95/118/76
f 80/94/54 79/102/62 91/116/74 92/95/55
f 77/69/40 76/103/63 88/117/75 89/110/69
f 84/97/57 83/104/64 95/118/76 96/112/71
f 73/99/59 74/105/58 86/107/66 85/106/65
f 108/119/77 107/120/78 119/121/79 120/122/80
f 93/96/56 92/95/55 104/123/81 105/124/82
f 90/111/70 89/110/69 101/125/83 102/126/84
f 86/113/66 96/112/71 108/119/77 98/127/67
f 87/114/72 85/106/65 97/109/68 99/128/85
f 94/115/73 93/96/56 105/124/82 106/129/86
f 91/116/74 90/111/70 102/126/84 103/130/87
f 88/117/75 87/114/72 99/128/85 100/131/88
f 95/118/76 94/115/73 106/129/86 107/120/78
f 92/95/55 91/116/74 103/130/87 104/123/81
f 89/110/69 88/117/75 100/131/88 101/125/83
f 96/112/71 95/118/76 107/120/78 108/119/77
f 109/132/89 110/133/90 120/134/80 119/135/79 118/136/91 117/137/92 116/138/93 115/139/94 114/140/95 113/141/96 112/142/97 111/143/98
f 97/109/68 98/108/67 110/144/90 109/145/89
f 105/124/82 104/123/81 116/146/93 117/147/92
f 102/126/84 101/125/83 113/148/96 114/149/95
f 98/127/67 108/119/77 120/122/80 110/150/90
f 99/128/85 97/109/68 109/145/89 111/151/98
f 106/129/86 105/124/82 117/147/92 118/152/91
f 103/130/87 102/126/84 114/149/95 115/153/94
f 100/131/88 99/128/85 111/151/98 112/154/97
f 107/120/78 106/129/86 118/152/91 119/121/79
f 104/123/81 103/130/87 115/153/94 116/146/93
f 101/125/83 100/131/88 112/154/97 113/148/96
f 265/155/99 122/156/100 124/157/101 266/158/102
f 266/158/102 124/157/101 126/159/103 267/160/104
f 267/160/104 126/159/103 128/161/105 268/162/106
f 268/162/106 128/161/105 130/163/107 269/164/108
f 269/164/108 130/163/107 132/165/109 270/166/110
f 270/166/110 132/165/109 134/167/111 271/168/112
f 271/168/112 134/167/111 136/169/113 272/170/114
f 272/170/114 136/169/113 138/171/115 273/172/116
f 273/172/116 138/171/115 140/173/117 274/174/118
f 274/174/118 140/173/117 142/175/119 275/176/120
f 130/163/12 128/161/12 172/177/12 173/178/12
f 275/176/120 142/175/119 144/179/121 276/180/122
f 276/180/122 144/179/121 122/181/100 265/182/99
f 121/183/12 123/184/12 125/185/12 127/186/12 129/187/12 131/188/12 133/189/12 135/190/12 137/191/12 139/192/12 141/193/12 143/194/12
f 167/195/123 156/196/124 145/197/125 168/198/126
f 166/199/127 155/200/128 156/196/124 167/195/123
f 165/201/129 154/202/130 155/200/128 166/199/127
f 164/203/131 153/204/132 154/202/130 165/201/129
f 163/205/133 152/206/134 153/204/132 164/203/131
f 162/207/135 151/208/136 152/206/134 163/205/133
f 161/209/137 150/210/138 151/208/136 162/207/135
f 160/211/139 149/212/140 150/210/138 161/209/137
f 159/213/141 148/214/142 149/212/140 160/211/139
f 158/215/143 147/216/144 148/214/142 159/213/141
f 157/217/145 146/218/146 147/216/144 158/215/143
f 168/219/126 145/220/125 146/218/146 157/217/145
f 121/221/147 168/219/126 157/217/145 123/222/148
f 123/222/148 157/217/145 158/215/143 125/223/149
f 125/223/149 158/215/143 159/213/141 127/224/150
f 127/224/150 159/213/141 160/211/139 129/225/151
f 129/225/151 160/211/139 161/209/137 131/226/152
f 131/226/152 161/209/137 162/207/135 133/227/153
f 133/227/153 162/207/135 163/205/133 135/228/154
f 135/228/154 163/205/133 164/203/131 137/229/155
f 137/229/155 164/203/131 165/201/129 139/230/156
f 139/230/156 165/201/129 166/199/127 141/231/157
f 141/231/157 166/199/127 167/195/123 143/232/158
f 143/232/158 167/195/123 168/198/126 121/233/147
f 172/177/159 171/234/160 183/235/161 184/236/162
f 122/181/12 144/179/12 180/237/12 170/238/12
f 124/157/12 122/156/12 170/239/12 169/240/12
f 128/161/12 126/159/12 171/234/12 172/177/12
f 144/179/12 142/175/12 179/241/12 180/237/12
f 126/159/12 124/157/12 169/240/12 171/234/12
f 142/175/12 140/173/12 178/242/12 179/241/12
f 140/173/12 138/171/12 177/243/12 178/242/12
f 138/171/12 136/169/12 176/244/12 177/243/12
f 136/169/12 134/167/12 175/245/12 176/244/12
f 134/167/12 132/165/12 174/246/12 175/245/12
f 132/165/12 130/163/12 173/178/12 174/246/12
f 187/247/163 186/248/164 210/249/165 211/250/166
f 179/241/167 178/242/168 190/251/169 191/252/170
f 176/244/171 175/245/172 187/247/163 188/253/173
f 173/178/174 172/177/159 184/236/162 185/254/175
f 180/237/176 179/241/167 191/252/170 192/255/177
f 169/240/178 170/239/179 182/256/180 181/257/181
f 177/243/182 176/244/171 188/253/173 189/258/183
f 174/246/184 173/178/174 185/254/175 186/248/164
f 170/238/179 180/237/176 192/255/177 182/259/180
f 171/234/160 169/240/178 181/257/181 183/235/161
f 178/242/168 177/243/182 189/258/183 190/251/169
f 175/245/172 174/246/184 186/248/164 187/247/163
f 198/260/8 197/261/9 221/262/185 222/263/186
f 184/236/162 183/235/161 207/264/187 208/265/188
f 191/252/170 190/251/169 214/266/189 215/267/190
f 188/253/173 187/247/163 211/250/166 212/268/191
f 185/254/175 184/236/162 208/265/188 209/269/192
f 192/255/177 191/252/170 215/267/190 216/270/193
f 181/257/181 182/256/180 206/271/194 205/272/195
f 189/258/183 188/253/173 212/268/191 213/273/196
f 186/248/164 185/254/175 209/269/192 210/249/165
f 182/259/180 192/255/177 216/270/193 206/274/194
f 183/235/161 181/257/181 205/272/195 207/264/187
f 190/251/169 189/258/183 213/273/196 214/266/189
f 194/275/52 193/276/52 205/272/195 206/271/194
f 193/276/52 195/277/52 207/264/187 205/272/195
f 195/277/52 196/278/52 208/265/188 207/264/187
f 196/278/52 197/261/52 209/269/192 208/265/188
f 197/261/52 198/260/52 210/249/165 209/269/192
f 198/260/52 199/279/52 211/250/166 210/249/165
f 199/279/52 200/280/52 212/268/191 211/250/166
f 200/280/52 201/281/52 213/273/196 212/268/191
f 201/281/52 202/282/52 214/266/189 213/273/196
f 202/282/52 203/283/52 215/267/190 214/266/189
f 203/283/52 204/284/52 216/270/193 215/267/190
f 204/284/52 194/285/52 206/274/194 216/270/193
f 225/286/197 224/287/198 236/288/199 237/289/200
f 194/285/2 204/284/1 228/290/201 218/291/202
f 195/277/11 193/276/13 217/292/203 219/293/204
f 202/282/4 201/281/5 225/286/197 226/294/205
f 199/279/7 198/260/8 222/263/186 223/295/206
f 196/278/10 195/277/11 219/293/204 220/296/207
f 203/283/3 202/282/4 226/294/205 227/297/208
f 200/280/6 199/279/7 223/295/206 224/287/198
f 197/261/9 196/278/10 220/296/207 221/262/185
f 204/284/1 203/283/3 227/297/208 228/290/201
f 193/276/13 194/275/2 218/298/202 217/292/203
f 201/281/5 200/280/6 224/287/198 225/286/197
f 229/299/209 230/300/210 242/301/211 241/302/212
f 222/263/186 221/262/185 233/303/213 234/304/214
f 218/291/202 228/290/201 240/305/215 230/306/210
f 219/293/204 217/292/203 229/299/209 231/307/216
f 226/294/205 225/286/197 237/289/200 238/308/217
f 223/295/206 222/263/186 234/304/214 235/309/218
f 220/296/207 219/293/204 231/307/216 232/310/219
f 227/297/208 226/294/205 238/308/217 239/311/220
f 224/287/198 223/295/206 235/309/218 236/288/199
f 221/262/185 220/296/207 232/310/219 233/303/213
f 228/290/201 227/297/208 239/311/220 240/305/215
f 217/292/203 218/298/202 230/300/210 229/299/209
f 252/312/221 251/313/222 263/314/223 264/315/224
f 237/289/200 236/288/199 248/316/225 249/317/226
f 234/304/214 233/303/213 245/318/227 246/319/228
f 230/306/210 240/305/215 252/312/221 242/320/211
f 231/307/216 229/299/209 241/302/212 243/321/229
f 238/308/217 237/289/200 249/317/226 250/322/230
f 235/309/218 234/304/214 246/319/228 247/323/231
f 232/310/219 231/307/216 243/321/229 244/324/232
f 239/311/220 238/308/217 250/322/230 251/313/222
f 236/288/199 235/309/218 247/323/231 248/316/225
f 233/303/213 232/310/219 244/324/232 245/318/227
f 240/305/215 239/311/220 251/313/222 252/312/221
f 253/325/233 254/326/234 264/327/224 263/328/223 262/329/235 261/330/236 260/331/237 259/332/238 258/333/239 257/334/240 256/335/241 255/336/242
f 241/302/212 242/301/211 254/337/234 253/338/233
f 249/317/226 248/316/225 260/339/237 261/340/236
f 246/319/228 245/318/227 257/341/240 258/342/239
f 242/320/211 252/312/221 264/315/224 254/343/234
f 243/321/229 241/302/212 253/338/233 255/344/242
f 250/322/230 249/317/226 261/340/236 262/345/235
f 247/323/231 246/319/228 258/342/239 259/346/238
f 244/324/232 243/321/229 255/344/242 256/347/241
f 251/313/222 250/322/230 262/345/235 263/314/223
f 248/316/225 247/323/231 259/346/238 260/339/237
f 245/318/227 244/324/232 256/347/241 257/341/240
f 156/196/124 276/180/122 265/182/99 145/197/125
f 155/200/128 275/176/120 276/180/122 156/196/124
f 154/202/130 274/174/118 275/176/120 155/200/128
f 153/204/132 273/172/116 274/174/118 154/202/130
f 152/206/134 272/170/114 273/172/116 153/204/132
f 151/208/136 271/168/112 272/170/114 152/206/134
f 150/210/138 270/166/110 271/168/112 151/208/136
f 149/212/140 269/164/108 270/166/110 150/210/138
f 148/214/142 268/162/106 269/164/108 149/212/140
f 147/216/144 267/160/104 268/162/106 148/214/142
f 146/218/146 266/158/102 267/160/104 147/216/144
f 145/220/125 265/155/99 266/158/102 146/218/146
f 421/348/243 278/349/244 280/350/245 422/351/246
f 422/351/246 280/350/245 282/352/247 423/353/248
f 423/353/248 282/352/247 284/354/249 424/355/250
f 424/355/250 284/354/249 286/356/251 425/357/252
f 425/357/252 286/356/251 288/358/253 426/359/254
f 426/359/254 288/358/253 290/360/255 427/361/256
f 427/361/256 290/360/255 292/362/257 428/363/258
f 428/363/258 292/362/257 294/364/259 429/365/260
f 429/365/260 294/364/259 296/366/261 430/367/262
f 430/367/262 296/366/261 298/368/263 431/369/264
f 286/356/12 284/354/12 328/370/12 329/371/12
f 431/369/264 298/368/263 300/372/265 432/373/266
f 432/373/266 300/372/265 278/374/244 421/375/243
f 277/376/12 279/377/12 281/378/12 283/379/12 285/380/12 287/381/12 289/382/12 291/383/12 293/384/12 295/385/12 297/386/12 299/387/12
f 323/388/267 312/389/268 301/390/269 324/391/270
f 322/392/271 311/393/272 312/389/268 323/388/267
f 321/394/273 310/395/274 311/393/272 322/392/271
f 320/396/275 309/397/276 310/395/274 321/394/273
f 319/398/277 308/399/278 309/397/276 320/396/275
f 318/400/279 307/401/280 308/399/278 319/398/277
f 317/402/281 306/403/282 307/401/280 318/400/279
f 316/404/283 305/405/284 306/403/282 317/402/281
f 315/406/285 304/407/286 305/405/284 316/404/283
f 314/408/287 303/409/288 304/407/286 315/406/285
f 313/410/289 302/411/290 303/409/288 314/408/287
f 324/412/270 301/413/269 302/411/290 313/410/289
f 277/414/291 324/412/270 313/410/289 279/415/292
f 279/415/292 313/410/289 314/408/287 281/416/293
f 281/416/293 314/408/287 315/406/285 283/417/294
f 283/417/294 315/406/285 316/404/283 285/418/295
f 285/418/295 316/404/283 317/402/281 287/419/296
f 287/419/296 317/402/281 318/400/279 289/420/297
f 289/420/297 318/400/279 319/398/277 291/421/298
f 291/421/298 319/398/277 320/396/275 293/422/299
f 293/422/299 320/396/275 321/394/273 295/423/300
f 295/423/300 321/394/273 322/392/271 297/424/301
f 297/424/301 322/392/271 323/388/267 299/425/302
f 299/425/302 323/388/267 324/391/270 277/426/291
f 328/370/303 327/427/304 339/428/305 340/429/306
f 278/374/12 300/372/12 336/430/12 326/431/12
f 280/350/12 278/349/12 326/432/12 325/433/12
f 284/354/12 282/352/12 327/427/12 328/370/12
f 300/372/12 298/368/12 335/434/12 336/430/12
f 282/352/12 280/350/12 325/433/12 327/427/12
f 298/368/12 296/366/12 334/435/12 335/434/12
f 296/366/12 294/364/12 333/436/12 334/435/12
f 294/364/12 292/362/12 332/437/12 333/436/12
f 292/362/12 290/360/12 331/438/12 332/437/12
f 290/360/12 288/358/12 330/439/12 331/438/12
f 288/358/12 286/356/12 329/371/12 330/439/12
f 343/440/307 342/441/308 366/442/309 367/443/310
f 335/434/311 334/435/312 346/444/313 347/445/314
f 332/437/315 331/438/316 343/440/307 344/446/317
f 329/371/318 328/370/303 340/429/306 341/447/319
f 336/430/320 335/434/311 347/445/314 348/448/321
f 325/433/322 326/432/323 338/449/324 337/450/325
f 333/436/326 332/437/315 344/446/317 345/451/327
f 330/439/328 329/371/318 341/447/319 342/441/308
f 326/431/323 336/430/320 348/448/321 338/452/324
f 327/427/304 325/433/322 337/450/325 339/428/305
f 334/435/312 333/436/326 345/451/327 346/444/313
f 331/438/316 330/439/328 342/441/308 343/440/307
f 354/453/8 353/454/9 377/455/329 378/456/330
f 340/429/306 339/428/305 363/457/331 364/458/332
f 347/445/314 346/444/313 370/459/333 371/460/334
f 344/446/317 343/440/307 367/443/310 368/461/335
f 341/447/319 340/429/306 364/458/332 365/462/336
f 348/448/321 347/445/314 371/460/334 372/463/337
f 337/450/325 338/449/324 362/464/338 361/465/339
f 345/451/327 344/446/317 368/461/335 369/466/340
f 342/441/308 341/447/319 365/462/336 366/442/309
f 338/452/324 348/448/321 372/463/337 362/467/338
f 339/428/305 337/450/325 361/465/339 363/457/331
f 346/444/313 345/451/327 369/466/340 370/459/333
f 350/468/52 349/469/52 361/465/339 362/464/338
f 349/469/52 351/470/52 363/457/331 361/465/339
f 351/470/52 352/471/52 364/458/332 363/457/331
f 352/471/52 353/454/52 365/462/336 364/458/332
f 353/454/52 354/453/52 366/442/309 365/462/336
f 354/453/52 355/472/52 367/443/310 366/442/309
f 355/472/52 356/473/52 368/461/335 367/443/310
f 356/473/52 357/474/52 369/466/340 368/461/335
f 357/474/52 358/475/52 370/459/333 369/466/340
f 358/475/52 359/476/52 371/460/334 370/459/333
f 359/476/52 360/477/52 372/463/337 371/460/334
f 360/477/52 350/478/52 362/467/338 372/463/337
f 381/479/341 380/480/342 392/481/343 393/482/344
f 350/478/2 360/477/1 384/483/345 374/484/346
f 351/470/11 349/469/13 373/485/347 375/486/348
f 358/475/4 357/474/5 381/479/341 382/487/349
f 355/472/7 354/453/8 378/456/330 379/488/350
f 352/471/10 351/470/11 375/486/348 376/489/351
f 359/476/3 358/475/4 382/487/349 383/490/352
f 356/473/6 355/472/7 379/488/350 380/480/342
f 353/454/9 352/471/10 376/489/351 377/455/329
f 360/477/1 359/476/3 383/490/352 384/483/345
f 349/469/13 350/468/2 374/491/346 373/485/347
f 357/474/5 356/473/6 380/480/342 381/479/341
f 385/492/353 386/493/354 398/494/355 397/495/356
f 378/456/330 377/455/329 389/496/357 390/497/358
f 374/484/346 384/483/345 396/498/359 386/499/354
f 375/486/348 373/485/347 385/492/353 387/500/360
f 382/487/349 381/479/341 393/482/344 394/501/361
f 379/488/350 378/456/330 390/497/358 391/502/362
f 376/489/351 375/486/348 387/500/360 388/503/363
f 383/490/352 382/487/349 394/501/361 395/504/364
f 380/480/342 379/488/350 391/502/362 392/481/343
f 377/455/329 376/489/351 388/503/363 389/496/357
f 384/483/345 383/490/352 395/504/364 396/498/359
f 373/485/347 374/491/346 386/493/354 385/492/353
f 408/505/365 407/506/366 419/507/367 420/508/368
f 393/482/344 392/481/343 404/509/369 405/510/370
f 390/497/358 389/496/357 401/511/371 402/512/372
f 386/499/354 396/498/359 408/505/365 398/513/355
f 387/500/360 385/492/353 397/495/356 399/514/373
f 394/501/361 393/482/344 405/510/370 406/515/374
f 391/502/362 390/497/358 402/512/372 403/516/375
f 388/503/363 387/500/360 399/514/373 400/517/376
f 395/504/364 394/501/361 406/515/374 407/506/366
f 392/481/343 391/502/362 403/516/375 404/509/369
f 389/496/357 388/503/363 400/517/376 401/511/371
f 396/498/359 395/504/364 407/506/366 408/505/365
f 409/518/377 410/519/378 420/520/368 419/521/367 418/522/379 417/523/380 416/524/381 415/525/382 414/526/383 413/527/384 412/528/385 411/529/386
f 397/495/356 398/494/355 410/530/378 409/531/377
f 405/510/370 404/509/369 416/532/381 417/533/380
f 402/512/372 401/511/371 413/534/384 414/535/383
f 398/513/355 408/505/365 420/508/368 410/536/378
f 399/514/373 397/495/356 409/531/377 411/537/386
f 406/515/374 405/510/370 417/533/380 418/538/379
f 403/516/375 402/512/372 414/535/383 415/539/382
f 400/517/376 399/514/373 411/537/386 412/540/385
f 407/506/366 406/515/374 418/538/379 419/507/367
f 404/509/369 403/516/375 415/539/382 416/532/381
f 401/511/371 400/517/376 412/540/385 413/534/384
f 312/389/268 432/373/266 421/375/243 301/390/269
f 311/393/272 431/369/264 432/373/266 312/389/268
f 310/395/274 430/367/262 431/369/264 311/393/272
f 309/397/276 429/365/260 430/367/262 310/395/274
f 308/399/278 428/363/258 429/365/260 309/397/276
f 307/401/280 427/361/256 428/363/258 308/399/278
f 306/403/282 426/359/254 427/361/256 307/401/280
f 305/405/284 425/357/252 426/359/254 306/403/282
f 304/407/286 424/355/250 425/357/252 305/405/284
f 303/409/288 423/353/248 424/355/250 304/407/286
f 302/411/290 422/351/246 423/353/248 303/409/288
f 301/413/269 421/348/243 422/351/246 302/411/290
f 456/541/1 434/542/2 433/543/2 455/544/1
f 454/545/3 456/541/1 455/544/1 453/546/3
f 452/547/4 454/545/3 453/546/3 451/548/4
f 450/549/5 452/547/4 451/548/4 449/550/5
f 448/551/6 450/549/5 449/550/5 447/552/6
f 446/553/7 448/551/6 447/552/6 445/554/7
f 444/555/8 446/553/7 445/554/7 443/556/8
f 442/557/9 444/555/8 443/556/8 441/558/9
f 440/559/10 442/557/9 441/558/9 439/560/10
f 438/561/11 440/559/10 439/560/10 437/562/11
f 442/557/12 440/559/12 460/563/12 461/564/12
f 436/565/13 438/561/11 437/562/11 435/566/13
f 434/567/2 436/565/13 435/566/13 433/568/2
f 433/569/12 435/570/12 437/571/12 439/572/12 441/573/12 443/574/12 445/575/12 447/576/12 449/577/12 451/578/12 453/579/12 455/580/12
f 460/563/387 459/581/388 471/582/389 472/583/390
f 434/542/12 456/541/12 468/584/12 458/585/12
f 436/565/12 434/567/12 458/586/12 457/587/12
f 440/559/12 438/561/12 459/581/12 460/563/12
f 456/541/12 454/545/12 467/588/12 468/584/12
f 438/561/12 436/565/12 457/587/12 459/581/12
f 454/545/12 452/547/12 466/589/12 467/588/12
f 452/547/12 450/549/12 465/590/12 466/589/12
f 450/549/12 448/551/12 464/591/12 465/590/12
f 448/551/12 446/553/12 463/592/12 464/591/12
f 446/553/12 444/555/12 462/593/12 463/592/12
f 444/555/12 442/557/12 461/564/12 462/593/12
f 475/594/391 474/595/392 498/596/393 499/597/394
f 467/588/395 466/589/396 478/598/397 479/599/398
f 464/591/399 463/592/400 475/594/391 476/600/401
f 461/564/402 460/563/387 472/583/390 473/601/403
f 468/584/404 467/588/395 479/599/398 480/602/405
f 457/587/406 458/586/407 470/603/408 469/604/409
f 465/590/410 464/591/399 476/600/401 477/605/411
f 462/593/412 461/564/402 473/601/403 474/595/392
f 458/585/407 468/584/404 480/602/405 470/606/408
f 459/581/388 457/587/406 469/604/409 471/582/389
f 466/589/396 465/590/410 477/605/411 478/598/397
f 463/592/400 462/593/412 474/595/392 475/594/391
f 486/607/8 485/608/9 509/609/413 510/610/414
f 472/583/390 471/582/389 495/611/415 496/612/416
f 479/599/398 478/598/397 502/613/417 503/614/418
f 476/600/401 475/594/391 499/597/394 500/615/419
f 473/601/403 472/583/390 496/612/416 497/616/420
f 480/602/405 479/599/398 503/614/418 504/617/421
f 469/604/409 470/603/408 494/618/422 493/619/423
f 477/605/411 476/600/401 500/615/419 501/620/424
f 474/595/392 473/601/403 497/616/420 498/596/393
f 470/606/408 480/602/405 504/617/421 494/621/422
f 471/582/389 469/604/409 493/619/423 495/611/415
f 478/598/397 477/605/411 501/620/424 502/613/417
f 482/622/52 481/623/52 493/619/423 494/618/422
f 481/623/52 483/624/52 495/611/415 493/619/423
f 483/624/52 484/625/52 496/612/416 495/611/415
f 484/625/52 485/608/52 497/616/420 496/612/416
f 485/608/52 486/607/52 498/596/393 497/616/420
f 486/607/52 487/626/52 499/597/394 498/596/393
f 487/626/52 488/627/52 500/615/419 499/597/394
f 488/627/52 489/628/52 501/620/424 500/615/419
f 489/628/52 490/629/52 502/613/417 501/620/424
f 490/629/52 491/630/52 503/614/418 502/613/417
f 491/630/52 492/631/52 504/617/421 503/614/418
f 492/631/52 482/632/52 494/621/422 504/617/421
f 513/633/425 512/634/426 524/635/427 525/636/428
f 482/632/2 492/631/1 516/637/429 506/638/430
f 483/624/11 481/623/13 505/639/431 507/640/432
f 490/629/4 489/628/5 513/633/425 514/641/433
f 487/626/7 486/607/8 510/610/414 511/642/434
f 484/625/10 483/624/11 507/640/432 508/643/435
f 491/630/3 490/629/4 514/641/433 515/644/436
f 488/627/6 487/626/7 511/642/434 512/634/426
f 485/608/9 484/625/10 508/643/435 509/609/413
f 492/631/1 491/630/3 515/644/436 516/637/429
f 481/623/13 482/622/2 506/645/430 505/639/431
f 489/628/5 488/627/6 512/634/426 513/633/425
f 517/646/437 518/647/438 530/648/439 529/649/440
f 510/610/414 509/609/413 521/650/441 522/651/442
f 506/638/430 516/637/429 528/652/443 518/653/438
f 507/640/432 505/639/431 517/646/437 519/654/444
f 514/641/433 513/633/425 525/636/428 526/655/445
f 511/642/434 510/610/414 522/651/442 523/656/446
f 508/643/435 507/640/432 519/654/444 520/657/447
f 515/644/436 514/641/433 526/655/445 527/658/448
f 512/634/426 511/642/434 523/656/446 524/635/427
f 509/609/413 508/643/435 520/657/447 521/650/441
f 516/637/429 515/644/436 527/658/448 528/652/443
f 505/639/431 506/645/430 518/647/438 517/646/437
f 540/659/449 539/660/450 551/661/451 552/662/452
f 525/636/428 524/635/427 536/663/453 537/664/454
f 522/651/442 521/650/441 533/665/455 534/666/456
f 518/653/438 528/652/443 540/659/449 530/667/439
f 519/654/444 517/646/437 529/649/440 531/668/457
f 526/655/445 525/636/428 537/664/454 538/669/458
f 523/656/446 522/651/442 534/666/456 535/670/459
f 520/657/447 519/654/444 531/668/457 532/671/460
f 527/658/448 526/655/445 538/669/458 539/660/450
f 524/635/427 523/656/446 535/670/459 536/663/453
f 521/650/441 520/657/447 532/671/460 533/665/455
f 528/652/443 527/658/448 539/660/450 540/659/449
f 541/672/461 542/673/462 552/674/452 551/675/451 550/676/463 549/677/464 548/678/465 547/679/466 546/680/467 545/681/468 544/682/469 543/683/470
f 529/649/440 530/648/439 542/684/462 541/685/461
f 537/664/454 536/663/453 548/686/465 549/687/464
f 534/666/456 533/665/455 545/688/468 546/689/467
f 530/667/439 540/659/449 552/662/452 542/690/462
f 531/668/457 529/649/440 541/685/461 543/691/470
f 538/669/458 537/664/454 549/687/464 550/692/463
f 535/670/459 534/666/456 546/689/467 547/693/466
f 532/671/460 531/668/457 543/691/470 544/694/469
f 539/660/450 538/669/458 550/692/463 551/661/451
f 536/663/453 535/670/459 547/693/466 548/686/465
f 533/665/455 532/671/460 544/694/469 545/688/468
f 576/695/1 554/696/2 553/697/2 575/698/1
f 574/699/3 576/695/1 575/698/1 573/700/3
f 572/701/4 574/699/3 573/700/3 571/702/4
f 570/703/5 572/701/4 571/702/4 569/704/5
f 568/705/6 570/703/5 569/704/5 567/706/6
f 566/707/7 568/705/6 567/706/6 565/708/7
f 564/709/8 566/707/7 565/708/7 563/710/8
f 562/711/9 564/709/8 563/710/8 561/712/9
f 560/713/10 562/711/9 561/712/9 559/714/10
f 558/715/11 560/713/10 559/714/10 557/716/11
f 562/711/12 560/713/12 580/717/12 581/718/12
f 556/719/13 558/715/11 557/716/11 555/720/13
f 554/721/2 556/719/13 555/720/13 553/722/2
f 553/723/12 555/724/12 557/725/12 559/726/12 561/727/12 563/728/12 565/729/12 567/730/12 569/731/12 571/732/12 573/733/12 575/734/12
f 580/717/159 579/735/160 591/736/161 592/737/162
f 554/696/12 576/695/12 588/738/12 578/739/12
f 556/719/12 554/721/12 578/740/12 577/741/12
f 560/713/12 558/715/12 579/735/12 580/717/12
f 576/695/12 574/699/12 587/742/12 588/738/12
f 558/715/12 556/719/12 577/741/12 579/735/12
f 574/699/12 572/701/12 586/743/12 587/742/12
f 572/701/12 570/703/12 585/744/12 586/743/12
f 570/703/12 568/705/12 584/745/12 585/744/12
f 568/705/12 566/707/12 583/746/12 584/745/12
f 566/707/12 564/709/12 582/747/12 583/746/12
f 564/709/12 562/711/12 581/718/12 582/747/12
f 595/748/163 594/749/164 618/750/165 619/751/166
f 587/742/167 586/743/168 598/752/169 599/753/170
f 584/745/171 583/746/172 595/748/163 596/754/173
f 581/718/174 580/717/159 592/737/162 593/755/175
f 588/738/176 587/742/167 599/753/170 600/756/177
f 577/741/178 578/740/179 590/757/180 589/758/181
f 585/744/182 584/745/171 596/754/173 597/759/183
f 582/747/184 581/718/174 593/755/175 594/749/164
f 578/739/179 588/738/176 600/756/177 590/760/180
f 579/735/160 577/741/178 589/758/181 591/736/161
f 586/743/168 585/744/182 597/759/183 598/752/169
f 583/746/172 582/747/184 594/749/164 595/748/163
f 606/761/8 605/762/9 629/763/185 630/764/186
f 592/737/162 591/736/161 615/765/187 616/766/188
f 599/753/170 598/752/169 622/767/189 623/768/190
f 596/754/173 595/748/163 619/751/166 620/769/191
f 593/755/175 592/737/162 616/766/188 617/770/192
f 600/756/177 599/753/170 623/768/190 624/771/193
f 589/758/181 590/757/180 614/772/194 613/773/195
f 597/759/183 596/754/173 620/769/191 621/774/196
f 594/749/164 593/755/175 617/770/192 618/750/165
f 590/760/180 600/756/177 624/771/193 614/775/194
f 591/736/161 589/758/181 613/773/195 615/765/187
f 598/752/169 597/759/183 621/774/196 622/767/189
f 602/776/52 601/777/52 613/773/195 614/772/194
f 601/777/52 603/778/52 615/765/187 613/773/195
f 603/778/52 604/779/52 616/766/188 615/765/187
f 604/779/52 605/762/52 617/770/192 616/766/188
f 605/762/52 606/761/52 618/750/165 617/770/192
f 606/761/52 607/780/52 619/751/166 618/750/165
f 607/780/52 608/781/52 620/769/191 619/751/166
f 608/781/52 609/782/52 621/774/196 620/769/191
f 609/782/52 610/783/52 622/767/189 621/774/196
f 610/783/52 611/784/52 623/768/190 622/767/189
f 611/784/52 612/785/52 624/771/193 623/768/190
f 612/785/52 602/786/52 614/775/194 624/771/193
f 633/787/197 632/788/198 644/789/199 645/790/200
f 602/786/2 612/785/1 636/791/201 626/792/202
f 603/778/11 601/777/13 625/793/203 627/794/204
f 610/783/4 609/782/5 633/787/197 634/795/205
f 607/780/7 606/761/8 630/764/186 631/796/206
f 604/779/10 603/778/11 627/794/204 628/797/207
f 611/784/3 610/783/4 634/795/205 635/798/208
f 608/781/6 607/780/7 631/796/206 632/788/198
f 605/762/9 604/779/10 628/797/207 629/763/185
f 612/785/1 611/784/3 635/798/208 636/791/201
f 601/777/13 602/776/2 626/799/202 625/793/203
f 609/782/5 608/781/6 632/788/198 633/787/197
f 637/800/209 638/801/210 650/802/211 649/803/212
f 630/764/186 629/763/185 641/804/213 642/805/214
f 626/792/202 636/791/201 648/806/215 638/807/210
f 627/794/204 625/793/203 637/800/209 639/808/216
f 634/795/205 633/787/197 645/790/200 646/809/217
f 631/796/206 630/764/186 642/805/214 643/810/218
f 628/797/207 627/794/204 639/808/216 640/811/219
f 635/798/208 634/795/205 646/809/217 647/812/220
f 632/788/198 631/796/206 643/810/218 644/789/199
f 629/763/185 628/797/207 640/811/219 641/804/213
f 636/791/201 635/798/208 647/812/220 648/806/215
f 625/793/203 626/799/202 638/801/210 637/800/209
f 660/813/221 659/814/471 671/815/223 672/816/224
f 645/790/200 644/789/199 656/817/225 657/818/226
f 642/805/214 641/804/213 653/819/227 654/820/228
f 638/807/210 648/806/215 660/813/221 650/821/211
f 639/808/216 637/800/209 649/803/212 651/822/229
f 646/809/217 645/790/200 657/818/226 658/823/230
f 643/810/218 642/805/214 654/820/228 655/824/231
f 640/811/219 639/808/216 651/822/229 652/825/232
f 647/812/220 646/809/217 658/823/230 659/814/471
f 644/789/199 643/810/218 655/824/231 656/817/225
f 641/804/213 640/811/219 652/825/232 653/819/227
f 648/806/215 647/812/220 659/814/471 660/813/221
f 661/826/233 662/827/234 672/828/224 671/829/223 670/830/472 669/831/236 668/832/237 667/833/238 666/834/239 665/835/240 664/836/241 663/837/242
f 649/803/212 650/802/211 662/838/234 661/839/233
f 657/818/226 656/817/225 668/840/237 669/841/236
f 654/820/228 653/819/227 665/842/240 666/843/239
f 650/821/211 660/813/221 672/816/224 662/844/234
f 651/822/229 649/803/212 661/839/233 663/845/242
f 658/823/230 657/818/226 669/841/236 670/846/472
f 655/824/231 654/820/228 666/843/239 667/847/238
f 652/825/232 651/822/229 663/845/242 664/848/241
f 659/814/471 658/823/230 670/846/472 671/815/223
f 656/817/225 655/824/231 667/847/238 668/840/237
f 653/819/227 652/825/232 664/848/241 665/842/240
f 817/849/473 674/850/474 676/851/475 818/852/476
f 818/853/476 676/854/475 678/855/477 819/856/478
f 819/856/478 678/855/477 680/857/479 820/858/480
f 820/858/480 680/857/479 682/859/481 821/860/482
f 821/860/482 682/859/481 684/861/483 822/862/484
f 822/862/484 684/861/483 686/863/485 823/864/486
f 823/864/486 686/863/485 688/865/487 824/866/488
f 824/866/488 688/865/487 690/867/489 825/868/490
f 825/868/490 690/867/489 692/869/491 826/870/492
f 826/870/492 692/869/491 694/871/493 827/872/494
f 682/859/12 680/857/12 724/873/12 725/874/12
f 827/872/494 694/871/493 696/875/495 828/876/496
f 828/876/496 696/875/495 674/850/474 817/849/473
f 673/877/12 675/878/12 677/879/12 679/880/12 681/881/12 683/882/12 685/883/12 687/884/12 689/885/12 691/886/12 693/887/12 695/888/12
f 719/889/497 708/890/498 697/891/499 720/892/500
f 718/893/501 707/894/502 708/890/498 719/889/497
f 717/895/503 706/896/504 707/894/502 718/893/501
f 716/897/505 705/898/506 706/896/504 717/895/503
f 715/899/507 704/900/508 705/898/506 716/897/505
f 714/901/509 703/902/510 704/900/508 715/899/507
f 713/903/511 702/904/512 703/902/510 714/901/509
f 712/905/513 701/906/514 702/904/512 713/903/511
f 711/907/515 700/908/516 701/906/514 712/905/513
f 710/909/517 699/910/518 700/908/516 711/907/515
f 709/911/519 698/912/520 699/910/518 710/909/517
f 720/892/500 697/891/499 698/913/520 709/914/519
f 673/915/521 720/892/500 709/914/519 675/916/522
f 675/917/522 709/911/519 710/909/517 677/918/523
f 677/918/523 710/909/517 711/907/515 679/919/524
f 679/919/524 711/907/515 712/905/513 681/920/525
f 681/920/525 712/905/513 713/903/511 683/921/526
f 683/921/526 713/903/511 714/901/509 685/922/527
f 685/922/527 714/901/509 715/899/507 687/923/528
f 687/923/528 715/899/507 716/897/505 689/924/529
f 689/924/529 716/897/505 717/895/503 691/925/530
f 691/925/530 717/895/503 718/893/501 693/926/531
f 693/926/531 718/893/501 719/889/497 695/927/532
f 695/927/532 719/889/497 720/892/500 673/915/521
f 724/873/533 723/928/534 735/929/535 736/930/536
f 674/850/12 696/875/12 732/931/12 722/932/12
f 676/851/12 674/850/12 722/932/12 721/933/12
f 680/857/12 678/855/12 723/928/12 724/873/12
f 696/875/12 694/871/12 731/934/12 732/931/12
f 678/855/12 676/854/12 721/935/12 723/928/12
f 694/871/12 692/869/12 730/936/12 731/934/12
f 692/869/12 690/867/12 729/937/12 730/936/12
f 690/867/12 688/865/12 728/938/12 729/937/12
f 688/865/12 686/863/12 727/939/12 728/938/12
f 686/863/12 684/861/12 726/940/12 727/939/12
f 684/861/12 682/859/12 725/874/12 726/940/12
f 739/941/537 738/942/538 762/943/539 763/944/540
f 731/934/541 730/936/542 742/945/543 743/946/544
f 728/938/545 727/939/546 739/941/537 740/947/547
f 725/874/548 724/873/533 736/930/536 737/948/549
f 732/931/550 731/934/541 743/946/544 744/949/551
f 721/933/552 722/932/553 734/950/554 733/951/555
f 729/937/556 728/938/545 740/947/547 741/952/557
f 726/940/558 725/874/548 737/948/549 738/942/538
f 722/932/553 732/931/550 744/949/551 734/950/554
f 723/928/534 721/935/552 733/953/555 735/929/535
f 730/936/542 729/937/556 741/952/557 742/945/543
f 727/939/546 726/940/558 738/942/538 739/941/537
f 750/954/559 749/955/560 773/956/561 774/957/562
f 736/930/536 735/929/535 759/958/563 760/959/564
f 743/946/544 742/945/543 766/960/565 767/961/566
f 740/947/547 739/941/537 763/944/540 764/962/567
f 737/948/549 736/930/536 760/959/564 761/963/568
f 744/949/551 743/946/544 767/961/566 768/964/569
f 733/951/555 734/950/554 758/965/570 757/966/571
f 741/952/557 740/947/547 764/962/567 765/967/572
f 738/942/538 737/948/549 761/963/568 762/943/539
f 734/950/554 744/949/551 768/964/569 758/965/570
f 735/929/535 733/953/555 757/968/571 759/958/563
f 742/945/543 741/952/557 765/967/572 766/960/565
f 746/969/52 745/970/52 757/966/571 758/965/570
f 745/971/52 747/972/52 759/958/563 757/968/571
f 747/972/52 748/973/52 760/959/564 759/958/563
f 748/973/52 749/955/52 761/963/568 760/959/564
f 749/955/52 750/954/52 762/943/539 761/963/568
f 750/954/52 751/974/52 763/944/540 762/943/539
f 751/974/52 752/975/52 764/962/567 763/944/540
f 752/975/52 753/976/52 765/967/572 764/962/567
f 753/976/52 754/977/52 766/960/565 765/967/572
f 754/977/52 755/978/52 767/961/566 766/960/565
f 755/978/52 756/979/52 768/964/569 767/961/566
f 756/979/52 746/969/52 758/965/570 768/964/569
f 777/980/573 776/981/574 788/982/575 789/983/576
f 746/969/577 756/979/578 780/984/579 770/985/580
f 747/972/581 745/971/582 769/986/583 771/987/584
f 754/977/585 753/976/586 777/980/573 778/988/587
f 751/974/588 750/954/559 774/957/562 775/989/589
f 748/973/590 747/972/581 771/987/584 772/990/591
f 755/978/592 754/977/585 778/988/587 779/991/593
f 752/975/594 751/974/588 775/989/589 776/981/574
f 749/955/560 748/973/590 772/990/591 773/956/561
f 756/979/578 755/978/592 779/991/593 780/984/579
f 745/970/582 746/969/577 770/985/580 769/992/583
f 753/976/586 752/975/594 776/981/574 777/980/573
f 781/993/595 782/994/596 794/995/597 793/996/598
f 774/957/562 773/956/561 785/997/599 786/998/600
f 770/985/580 780/984/579 792/999/601 782/994/596
f 771/987/584 769/986/583 781/1000/595 783/1001/602
f 778/988/587 777/980/573 789/983/576 790/1002/603
f 775/989/589 774/957/562 786/998/600 787/1003/604
f 772/990/591 771/987/584 783/1001/602 784/1004/605
f 779/991/593 778/988/587 790/1002/603 791/1005/606
f 776/981/574 775/989/589 787/1003/604 788/982/575
f 773/956/561 772/990/591 784/1004/605 785/997/599
f 780/984/579 779/991/593 791/1005/606 792/999/601
f 769/992/583 770/985/580 782/994/596 781/993/595
f 804/1006/607 803/1007/608 815/1008/609 816/1009/610
f 789/983/576 788/982/575 800/1010/611 801/1011/612
f 786/998/600 785/997/599 797/1012/613 798/1013/614
f 782/994/596 792/999/601 804/1006/607 794/995/597
f 783/1001/602 781/1000/595 793/1014/598 795/1015/615
f 790/1002/603 789/983/576 801/1011/612 802/1016/616
f 787/1003/604 786/998/600 798/1013/614 799/1017/617
f 784/1004/605 783/1001/602 795/1015/615 796/1018/618
f 791/1005/606 790/1002/603 802/1016/616 803/1007/608
f 788/982/575 787/1003/604 799/1017/617 800/1010/611
f 785/997/599 784/1004/605 796/1018/618 797/1012/613
f 792/999/601 791/1005/606 803/1007/608 804/1006/607
f 805/1019/619 806/1020/620 816/1021/610 815/1022/609 814/1023/621 813/1024/622 812/1025/623 811/1026/624 810/1027/625 809/1028/626 808/1029/627 807/1030/628
f 793/996/598 794/995/597 806/1031/620 805/1032/619
f 801/1011/612 800/1010/611 812/1033/623 813/1034/622
f 798/1013/614 797/1012/613 809/1035/626 810/1036/625
f 794/995/597 804/1006/607 816/1009/610 806/1031/620
f 795/1015/615 793/1014/598 805/1037/619 807/1038/628
f 802/1016/616 801/1011/612 813/1034/622 814/1039/621
f 799/1017/617 798/1013/614 810/1036/625 811/1040/624
f 796/1018/618 795/1015/615 807/1038/628 808/1041/627
f 803/1007/608 802/1016/616 814/1039/621 815/1008/609
f 800/1010/611 799/1017/617 811/1040/624 812/1033/623
f 797/1012/613 796/1018/618 808/1041/627 809/1035/626
f 708/890/498 828/876/496 817/849/473 697/891/499
f 707/894/502 827/872/494 828/876/496 708/890/498
f 706/896/504 826/870/492 827/872/494 707/894/502
f 705/1042/506 825/1043/490 829/1044/629 830/1045/630
f 704/900/508 824/866/488 825/868/490 705/898/506
f 703/902/510 823/864/486 824/866/488 704/900/508
f 702/904/512 822/862/484 823/864/486 703/902/510
f 701/906/514 821/860/482 822/862/484 702/904/512
f 700/908/516 820/858/480 821/860/482 701/906/514
f 820/1046/480 700/1047/516 840/1048/631 839/1049/632
f 698/912/520 818/853/476 819/856/478 699/910/518
f 697/891/499 817/849/473 818/852/476 698/913/520
f 829/1044/629 831/1050/633 835/1051/634 833/1052/635
f 706/1053/504 705/1042/506 830/1045/630 832/1054/636
f 825/1043/490 826/1055/492 831/1050/633 829/1044/629
f 826/1056/492 706/1053/504 832/1054/636 831/1057/633
f 834/1058/637 833/1052/635 835/1059/634 836/1060/638
f 831/1057/633 832/1054/636 836/1061/638 835/1062/634
f 832/1054/636 830/1045/630 834/1058/637 836/1061/638
f 830/1045/630 829/1044/629 833/1052/635 834/1058/637
f 840/1048/631 838/1063/639 842/1064/640 844/1065/641
f 700/1047/516 699/1066/518 838/1063/639 840/1048/631
f 819/1067/478 820/1046/480 839/1049/632 837/1068/642
f 699/1066/518 819/1069/478 837/1070/642 838/1063/639
f 841/1071/643 843/1072/644 847/1073/645 845/1074/646
f 838/1063/639 837/1070/642 841/1075/643 842/1064/640
f 837/1068/642 839/1049/632 843/1072/644 841/1071/643
f 839/1049/632 840/1048/631 844/1065/641 843/1072/644
f 847/1073/645 848/1076/647 852/1077/648 851/1078/649
f 843/1072/644 844/1065/641 848/1076/647 847/1073/645
f 844/1065/641 842/1064/640 846/1079/650 848/1076/647
f 842/1064/640 841/1075/643 845/1080/646 846/1079/650
f 852/1077/648 850/1081/651 854/1082/652 856/1083/653
f 848/1076/647 846/1079/650 850/1081/651 852/1077/648
f 846/1079/650 845/1080/646 849/1084/654 850/1081/651
f 845/1074/646 847/1073/645 851/1078/649 849/1085/654
f 853/1086/655 855/1087/656 859/1088/657 857/1089/658
f 850/1081/651 849/1084/654 853/1090/655 854/1082/652
f 849/1085/654 851/1078/649 855/1087/656 853/1086/655
f 851/1078/649 852/1077/648 856/1083/653 855/1087/656
f 860/1091/659 858/1092/660 862/1093/661 864/1094/662
f 855/1087/656 856/1083/653 860/1091/659 859/1088/657
f 856/1083/653 854/1082/652 858/1092/660 860/1091/659
f 854/1082/652 853/1090/655 857/1095/658 858/1092/660
f 862/1093/661 861/1096/663 863/1097/664 864/1094/662
f 858/1092/660 857/1095/658 861/1098/663 862/1093/661
f 857/1089/658 859/1088/657 863/1099/664 861/1100/663
f 859/1088/657 860/1091/659 864/1094/662 863/1099/664
f 865/1101/665 867/1102/666 868/1103/667 866/1104/668
f 867/1102/666 869/1105/669 900/1106/670 868/1103/667
f 869/1107/669 870/1108/671 899/1109/672 900/1110/670
f 870/1108/671 871/1111/673 872/1112/674 899/1109/672
f 871/1111/673 873/1113/675 874/1114/676 872/1112/674
f 873/1113/675 875/1115/677 876/1116/678 874/1114/676
f 875/1115/677 877/1117/679 878/1118/680 876/1116/678
f 877/1117/679 879/1119/681 880/1120/682 878/1118/680
f 879/1119/681 881/1121/683 882/1122/684 880/1120/682
f 881/1121/683 883/1123/685 884/1124/686 882/1122/684
f 883/1123/685 885/1125/687 886/1126/688 884/1124/686
f 885/1125/687 865/1101/665 866/1104/668 886/1126/688
f 865/1127/665 885/1128/687 883/1129/685 881/1130/683 879/1131/681 877/1132/679 875/1133/677 873/1134/675 871/1135/673 870/1136/671 869/1137/669 867/1138/666
f 886/1126/688 898/1139/689 897/1140/690 884/1124/686
f 900/1106/670 889/1141/691 887/1142/692 868/1103/667
f 884/1124/686 897/1140/690 896/1143/693 882/1122/684
f 882/1122/684 896/1143/693 895/1144/694 880/1120/682
f 880/1120/682 895/1144/694 894/1145/695 878/1118/680
f 878/1118/680 894/1145/695 893/1146/696 876/1116/678
f 876/1116/678 893/1146/696 892/1147/697 874/1114/676
f 874/1114/676 892/1147/697 891/1148/698 872/1112/674
f 872/1112/674 891/1148/698 890/1149/699 899/1109/672
f 866/1104/668 888/1150/700 898/1139/689 886/1126/688
f 868/1103/667 887/1142/692 888/1150/700 866/1104/668
f 899/1109/672 890/1149/699 889/1151/691 900/1110/670
f 901/1152/701 904/1153/702 903/1154/703 902/1155/704
f 902/1155/704 903/1154/703 906/1156/705 905/1157/706
f 905/1158/706 906/1159/705 908/1160/707 907/1161/708
f 907/1161/708 908/1160/707 910/1162/709 909/1163/710
f 909/1163/710 910/1162/709 912/1164/711 911/1165/712
f 911/1165/712 912/1164/711 914/1166/713 913/1167/714
f 913/1167/714 914/1166/713 916/1168/715 915/1169/716
f 915/1169/716 916/1168/715 918/1170/717 917/1171/718
f 917/1171/718 918/1170/717 920/1172/719 919/1173/720
f 919/1173/720 920/1172/719 922/1174/721 921/1175/722
f 921/1175/722 922/1174/721 924/1176/723 923/1177/724
f 923/1177/724 924/1176/723 904/1153/702 901/1152/701
f 901/1178/701 902/1179/704 905/1180/706 907/1181/708 909/1182/710 911/1183/712 913/1184/714 915/1185/716 917/1186/718 919/1187/720 921/1188/722 923/1189/724
f 924/1176/723 922/1174/721 935/1190/725 936/1191/726
f 906/1156/705 903/1154/703 925/1192/727 927/1193/728
f 922/1174/721 920/1172/719 934/1194/729 935/1190/725
f 920/1172/719 918/1170/717 933/1195/730 934/1194/729
f 918/1170/717 916/1168/715 932/1196/731 933/1195/730
f 916/1168/715 914/1166/713 931/1197/732 932/1196/731
f 914/1166/713 912/1164/711 930/1198/733 931/1197/732
f 912/1164/711 910/1162/709 928/1199/734 930/1198/733
f 910/1162/709 908/1160/707 929/1200/735 928/1199/734
f 904/1153/702 924/1176/723 936/1191/726 926/1201/736
f 903/1154/703 904/1153/702 926/1201/736 925/1192/727
f 908/1160/707 906/1159/705 927/1202/728 929/1200/735
f 888/1203/700 887/1204/692 925/1192/727 926/1201/736
f 895/1205/694 896/1206/693 934/1194/729 933/1195/730
f 892/1207/697 893/1208/696 931/1197/732 930/1198/733
f 887/1204/692 889/1209/691 927/1193/728 925/1192/727
f 896/1206/693 897/1210/690 935/1190/725 934/1194/729
f 893/1208/696 894/1211/695 932/1196/731 931/1197/732
f 890/1212/699 891/1213/698 928/1199/734 929/1200/735
f 897/1210/690 898/1214/689 936/1191/726 935/1190/725
f 889/1215/691 890/1212/699 929/1200/735 927/1202/728
f 894/1211/695 895/1205/694 933/1195/730 932/1196/731
f 891/1213/698 892/1207/697 930/1198/733 928/1199/734
f 898/1214/689 888/1203/700 926/1201/736 936/1191/726
f 937/1216/737 939/1217/738 940/1218/739 938/1219/740
f 939/1217/738 941/1220/741 972/1221/742 940/1218/739
f 941/1222/741 942/1223/743 971/1224/744 972/1225/742
f 942/1223/743 943/1226/745 944/1227/746 971/1224/744
f 943/1226/745 945/1228/747 946/1229/748 944/1227/746
f 945/1228/747 947/1230/749 948/1231/750 946/1229/748
f 947/1230/749 949/1232/751 950/1233/752 948/1231/750
f 949/1232/751 951/1234/753 952/1235/754 950/1233/752
f 951/1234/753 953/1236/755 954/1237/756 952/1235/754
f 953/1236/755 955/1238/757 956/1239/758 954/1237/756
f 955/1238/757 957/1240/759 958/1241/760 956/1239/758
f 957/1240/759 937/1216/737 938/1219/740 958/1241/760
f 937/1242/737 957/1243/759 955/1244/757 953/1245/755 951/1246/753 949/1247/751 947/1248/749 945/1249/747 943/1250/745 942/1251/743 941/1252/741 939/1253/738
f 958/1241/760 970/1254/761 969/1255/762 956/1239/758
f 972/1221/742 961/1256/763 959/1257/764 940/1218/739
f 956/1239/758 969/1255/762 968/1258/765 954/1237/756
f 954/1237/756 968/1258/765 967/1259/766 952/1235/754
f 952/1235/754 967/1259/766 966/1260/767 950/1233/752
f 950/1233/752 966/1260/767 965/1261/768 948/1231/750
f 948/1231/750 965/1261/768 964/1262/769 946/1229/748
f 946/1229/748 964/1262/769 963/1263/770 944/1227/746
f 944/1227/746 963/1263/770 962/1264/771 971/1224/744
f 938/1219/740 960/1265/772 970/1254/761 958/1241/760
f 940/1218/739 959/1257/764 960/1265/772 938/1219/740
f 971/1224/744 962/1264/771 961/1266/763 972/1225/742
f 973/1267/773 976/1268/774 975/1269/775 974/1270/776
f 974/1270/776 975/1269/775 978/1271/777 977/1272/778
f 977/1273/778 978/1274/777 980/1275/779 979/1276/780
f 979/1276/780 980/1275/779 982/1277/781 981/1278/782
f 981/1278/782 982/1277/781 984/1279/783 983/1280/784
f 983/1280/784 984/1279/783 986/1281/785 985/1282/786
f 985/1282/786 986/1281/785 988/1283/787 987/1284/788
f 987/1284/788 988/1283/787 990/1285/789 989/1286/790
f 989/1286/790 990/1285/789 992/1287/791 991/1288/792
f 991/1288/792 992/1287/791 994/1289/793 993/1290/794
f 993/1290/794 994/1289/793 996/1291/795 995/1292/796
f 995/1292/796 996/1291/795 976/1268/774 973/1267/773
f 973/1293/773 974/1294/776 977/1295/778 979/1296/780 981/1297/782 983/1298/784 985/1299/786 987/1300/788 989/1301/790 991/1302/792 993/1303/794 995/1304/796
f 996/1291/795 994/1289/793 1007/1305/797 1008/1306/798
f 978/1271/777 975/1269/775 997/1307/799 999/1308/800
f 994/1289/793 992/1287/791 1006/1309/801 1007/1305/797
f 992/1287/791 990/1285/789 1005/1310/802 1006/1309/801
f 990/1285/789 988/1283/787 1004/1311/803 1005/1310/802
f 988/1283/787 986/1281/785 1003/1312/804 1004/1311/803
f 986/1281/785 984/1279/783 1002/1313/805 1003/1312/804
f 984/1279/783 982/1277/781 1000/1314/806 1002/1313/805
f 982/1277/781 980/1275/779 1001/1315/807 1000/1314/806
f 976/1268/774 996/1291/795 1008/1306/798 998/1316/808
f 975/1269/775 976/1268/774 998/1316/808 997/1307/799
f 980/1275/779 978/1274/777 999/1317/800 1001/1315/807
f 960/1318/772 959/1319/764 997/1307/799 998/1316/808
f 967/1320/766 968/1321/765 1006/1309/801 1005/1310/802
f 964/1322/769 965/1323/768 1003/1312/804 1002/1313/805
f 959/1319/764 961/1324/763 999/1308/800 997/1307/799
f 968/1321/765 969/1325/762 1007/1305/797 1006/1309/801
f 965/1323/768 966/1326/767 1004/1311/803 1003/1312/804
f 962/1327/771 963/1328/770 1000/1314/806 1001/1315/807
f 969/1325/762 970/1329/761 1008/1306/798 1007/1305/797
f 961/1330/763 962/1327/771 1001/1315/807 999/1317/800
f 966/1326/767 967/1320/766 1005/1310/802 1004/1311/803
f 963/1328/770 964/1322/769 1002/1313/805 1000/1314/806
f 970/1329/761 960/1318/772 998/1316/808 1008/1306/798
f 1009/1331/809 1011/1332/810 1012/1333/811 1010/1334/812
f 1011/1332/810 1013/1335/813 1044/1336/814 1012/1333/811
f 1013/1337/813 1014/1338/815 1043/1339/816 1044/1340/814
f 1014/1338/815 1015/1341/817 1016/1342/818 1043/1339/816
f 1015/1341/817 1017/1343/819 1018/1344/820 1016/1342/818
f 1017/1343/819 1019/1345/821 1020/1346/822 1018/1344/820
f 1019/1345/821 1021/1347/823 1022/1348/824 1020/1346/822
f 1021/1347/823 1023/1349/825 1024/1350/826 1022/1348/824
f 1023/1349/825 1025/1351/827 1026/1352/828 1024/1350/826
f 1025/1351/827 1027/1353/829 1028/1354/830 1026/1352/828
f 1027/1353/829 1029/1355/831 1030/1356/832 1028/1354/830
f 1029/1355/831 1009/1331/809 1010/1334/812 1030/1356/832
f 1009/1357/809 1029/1358/831 1027/1359/829 1025/1360/827 1023/1361/825 1021/1362/823 1019/1363/821 1017/1364/819 1015/1365/817 1014/1366/815 1013/1367/813 1011/1368/810
f 1030/1356/832 1042/1369/833 1041/1370/834 1028/1354/830
f 1044/1336/814 1033/1371/835 1031/1372/836 1012/1333/811
f 1028/1354/830 1041/1370/834 1040/1373/837 1026/1352/828
f 1026/1352/828 1040/1373/837 1039/1374/838 1024/1350/826
f 1024/1350/826 1039/1374/838 1038/1375/839 1022/1348/824
f 1022/1348/824 1038/1375/839 1037/1376/840 1020/1346/822
f 1020/1346/822 1037/1376/840 1036/1377/841 1018/1344/820
f 1018/1344/820 1036/1377/841 1035/1378/842 1016/1342/818
f 1016/1342/818 1035/1378/842 1034/1379/843 1043/1339/816
f 1010/1334/812 1032/1380/844 1042/1369/833 1030/1356/832
f 1012/1333/811 1031/1372/836 1032/1380/844 1010/1334/812
f 1043/1339/816 1034/1379/843 1033/1381/835 1044/1340/814
f 1045/1382/845 1048/1383/846 1047/1384/847 1046/1385/848
f 1046/1385/848 1047/1384/847 1050/1386/849 1049/1387/850
f 1049/1388/850 1050/1389/849 1052/1390/851 1051/1391/852
f 1051/1391/852 1052/1390/851 1054/1392/853 1053/1393/854
f 1053/1393/854 1054/1392/853 1056/1394/855 1055/1395/856
f 1055/1395/856 1056/1394/855 1058/1396/857 1057/1397/858
f 1057/1397/858 1058/1396/857 1060/1398/859 1059/1399/860
f 1059/1399/860 1060/1398/859 1062/1400/861 1061/1401/862
f 1061/1401/862 1062/1400/861 1064/1402/863 1063/1403/864
f 1063/1403/864 1064/1402/863 1066/1404/865 1065/1405/866
f 1065/1405/866 1066/1404/865 1068/1406/867 1067/1407/868
f 1067/1407/868 1068/1406/867 1048/1383/846 1045/1382/845
f 1045/1408/845 1046/1409/848 1049/1410/850 1051/1411/852 1053/1412/854 1055/1413/856 1057/1414/858 1059/1415/860 1061/1416/862 1063/1417/864 1065/1418/866 1067/1419/868
f 1068/1406/867 1066/1404/865 1079/1420/869 1080/1421/870
f 1050/1386/849 1047/1384/847 1069/1422/871 1071/1423/872
f 1066/1404/865 1064/1402/863 1078/1424/873 1079/1420/869
f 1064/1402/863 1062/1400/861 1077/1425/874 1078/1424/873
f 1062/1400/861 1060/1398/859 1076/1426/875 1077/1425/874
f 1060/1398/859 1058/1396/857 1075/1427/876 1076/1426/875
f 1058/1396/857 1056/1394/855 1074/1428/877 1075/1427/876
f 1056/1394/855 1054/1392/853 1072/1429/878 1074/1428/877
f 1054/1392/853 1052/1390/851 1073/1430/879 1072/1429/878
f 1048/1383/846 1068/1406/867 1080/1421/870 1070/1431/880
f 1047/1384/847 1048/1383/846 1070/1431/880 1069/1422/871
f 1052/1390/851 1050/1389/849 1071/1432/872 1073/1430/879
f 1032/1433/844 1031/1434/836 1069/1422/871 1070/1431/880
f 1039/1435/838 1040/1436/837 1078/1424/873 1077/1425/874
f 1036/1437/841 1037/1438/840 1075/1427/876 1074/1428/877
f 1031/1434/836 1033/1439/835 1071/1423/872 1069/1422/871
f 1040/1436/837 1041/1440/834 1079/1420/869 1078/1424/873
f 1037/1438/840 1038/1441/839 1076/1426/875 1075/1427/876
f 1034/1442/843 1035/1443/842 1072/1429/878 1073/1430/879
f 1041/1440/834 1042/1444/833 1080/1421/870 1079/1420/869
f 1033/1445/835 1034/1442/843 1073/1430/879 1071/1432/872
f 1038/1441/839 1039/1435/838 1077/1425/874 1076/1426/875
f 1035/1443/842 1036/1437/841 1074/1428/877 1072/1429/878
f 1042/1444/833 1032/1433/844 1070/1431/880 1080/1421/870
f 1081/1446/881 1083/1447/882 1084/1448/883 1082/1449/884
f 1083/1447/882 1085/1450/885 1116/1451/886 1084/1448/883
f 1085/1452/885 1086/1453/887 1115/1454/888 1116/1455/886
f 1086/1453/887 1087/1456/889 1088/1457/890 1115/1454/888
f 1087/1456/889 1089/1458/891 1090/1459/892 1088/1457/890
f 1089/1458/891 1091/1460/893 1092/1461/894 1090/1459/892
f 1091/1460/893 1093/1462/895 1094/1463/896 1092/1461/894
f 1093/1462/895 1095/1464/897 1096/1465/898 1094/1463/896
f 1095/1464/897 1097/1466/899 1098/1467/900 1096/1465/898
f 1097/1466/899 1099/1468/901 1100/1469/902 1098/1467/900
f 1099/1468/901 1101/1470/903 1102/1471/904 1100/1469/902
f 1101/1470/903 1081/1446/881 1082/1449/884 1102/1471/904
f 1081/1472/881 1101/1473/903 1099/1474/901 1097/1475/899 1095/1476/897 1093/1477/895 1091/1478/893 1089/1479/891 1087/1480/889 1086/1481/887 1085/1482/885 1083/1483/882
f 1102/1471/904 1114/1484/905 1113/1485/906 1100/1469/902
f 1116/1451/886 1105/1486/907 1103/1487/908 1084/1448/883
f 1100/1469/902 1113/1485/906 1112/1488/909 1098/1467/900
f 1098/1467/900 1112/1488/909 1111/1489/910 1096/1465/898
f 1096/1465/898 1111/1489/910 1110/1490/911 1094/1463/896
f 1094/1463/896 1110/1490/911 1109/1491/912 1092/1461/894
f 1092/1461/894 1109/1491/912 1108/1492/913 1090/1459/892
f 1090/1459/892 1108/1492/913 1107/1493/914 1088/1457/890
f 1088/1457/890 1107/1493/914 1106/1494/915 1115/1454/888
f 1082/1449/884 1104/1495/916 1114/1484/905 1102/1471/904
f 1084/1448/883 1103/1487/908 1104/1495/916 1082/1449/884
f 1115/1454/888 1106/1494/915 1105/1496/907 1116/1455/886
f 1117/1497/917 1120/1498/918 1119/1499/919 1118/1500/920
f 1118/1500/920 1119/1499/919 1122/1501/921 1121/1502/922
f 1121/1503/922 1122/1504/921 1124/1505/923 1123/1506/924
f 1123/1506/924 1124/1505/923 1126/1507/925 1125/1508/926
f 1125/1508/926 1126/1507/925 1128/1509/927 1127/1510/928
f 1127/1510/928 1128/1509/927 1130/1511/929 1129/1512/930
f 1129/1512/930 1130/1511/929 1132/1513/931 1131/1514/932
f 1131/1514/932 1132/1513/931 1134/1515/933 1133/1516/934
f 1133/1516/934 1134/1515/933 1136/1517/935 1135/1518/936
f 1135/1518/936 1136/1517/935 1138/1519/937 1137/1520/938
f 1137/1520/938 1138/1519/937 1140/1521/939 1139/1522/940
f 1139/1522/940 1140/1521/939 1120/1498/918 1117/1497/917
f 1117/1523/917 1118/1524/920 1121/1525/922 1123/1526/924 1125/1527/926 1127/1528/928 1129/1529/930 1131/1530/932 1133/1531/934 1135/1532/936 1137/1533/938 1139/1534/940
f 1140/1521/939 1138/1519/937 1151/1535/941 1152/1536/942
f 1122/1501/921 1119/1499/919 1141/1537/943 1143/1538/944
f 1138/1519/937 1136/1517/935 1150/1539/945 1151/1535/941
f 1136/1517/935 1134/1515/933 1149/1540/946 1150/1539/945
f 1134/1515/933 1132/1513/931 1148/1541/947 1149/1540/946
f 1132/1513/931 1130/1511/929 1147/1542/948 1148/1541/947
f 1130/1511/929 1128/1509/927 1146/1543/949 1147/1542/948
f 1128/1509/927 1126/1507/925 1144/1544/950 1146/1543/949
f 1126/1507/925 1124/1505/923 1145/1545/951 1144/1544/950
f 1120/1498/918 1140/1521/939 1152/1536/942 1142/1546/952
f 1119/1499/919 1120/1498/918 1142/1546/952 1141/1537/943
f 1124/1505/923 1122/1504/921 1143/1547/944 1145/1545/951
f 1104/1548/916 1103/1549/908 1141/1537/943 1142/1546/952
f 1111/1550/910 1112/1551/909 1150/1539/945 1149/1540/946
f 1108/1552/913 1109/1553/912 1147/1542/948 1146/1543/949
f 1103/1549/908 1105/1554/907 1143/1538/944 1141/1537/943
f 1112/1551/909 1113/1555/906 1151/1535/941 1150/1539/945
f 1109/1553/912 1110/1556/911 1148/1541/947 1147/1542/948
f 1106/1557/915 1107/1558/914 1144/1544/950 1145/1545/951
f 1113/1555/906 1114/1559/905 1152/1536/942 1151/1535/941
f 1105/1560/907 1106/1557/915 1145/1545/951 1143/1547/944
f 1110/1556/911 1111/1550/910 1149/1540/946 1148/1541/947
f 1107/1558/914 1108/1552/913 1146/1543/949 1144/1544/950
f 1114/1559/905 1104/1548/916 1142/1546/952 1152/1536/942
f 1297/1561/953 1154/1562/954 1156/1563/955 1298/1564/956
f 1298/1565/956 1156/1566/955 1158/1567/957 1299/1568/958
f 1299/1568/958 1158/1567/957 1160/1569/959 1300/1570/960
f 1300/1570/960 1160/1569/959 1162/1571/961 1301/1572/962
f 1301/1572/962 1162/1571/961 1164/1573/963 1302/1574/964
f 1302/1574/964 1164/1573/963 1166/1575/965 1303/1576/966
f 1303/1576/966 1166/1575/965 1168/1577/967 1304/1578/968
f 1304/1578/968 1168/1577/967 1170/1579/969 1305/1580/970
f 1305/1580/970 1170/1579/969 1172/1581/971 1306/1582/972
f 1306/1582/972 1172/1581/971 1174/1583/973 1307/1584/974
f 1162/1571/12 1160/1569/12 1204/1585/12 1205/1586/12
f 1307/1584/974 1174/1583/973 1176/1587/975 1308/1588/976
f 1308/1588/976 1176/1587/975 1154/1562/954 1297/1561/953
f 1153/1589/12 1155/1590/12 1157/1591/12 1159/1592/12 1161/1593/12 1163/1594/12 1165/1595/12 1167/1596/12 1169/1597/12 1171/1598/12 1173/1599/12 1175/1600/12
f 1199/1601/977 1188/1602/978 1177/1603/979 1200/1604/980
f 1198/1605/981 1187/1606/982 1188/1602/978 1199/1601/977
f 1197/1607/983 1186/1608/984 1187/1606/982 1198/1605/981
f 1196/1609/985 1185/1610/986 1186/1608/984 1197/1607/983
f 1195/1611/987 1184/1612/988 1185/1610/986 1196/1609/985
f 1194/1613/989 1183/1614/990 1184/1612/988 1195/1611/987
f 1193/1615/991 1182/1616/992 1183/1614/990 1194/1613/989
f 1192/1617/993 1181/1618/994 1182/1616/992 1193/1615/991
f 1191/1619/995 1180/1620/996 1181/1618/994 1192/1617/993
f 1190/1621/997 1179/1622/998 1180/1620/996 1191/1619/995
f 1189/1623/999 1178/1624/1000 1179/1622/998 1190/1621/997
f 1200/1604/980 1177/1603/979 1178/1625/1000 1189/1626/999
f 1153/1627/1001 1200/1604/980 1189/1626/999 1155/1628/1002
f 1155/1629/1002 1189/1623/999 1190/1621/997 1157/1630/1003
f 1157/1630/1003 1190/1621/997 1191/1619/995 1159/1631/1004
f 1159/1631/1004 1191/1619/995 1192/1617/993 1161/1632/1005
f 1161/1632/1005 1192/1617/993 1193/1615/991 1163/1633/1006
f 1163/1633/1006 1193/1615/991 1194/1613/989 1165/1634/1007
f 1165/1634/1007 1194/1613/989 1195/1611/987 1167/1635/1008
f 1167/1635/1008 1195/1611/987 1196/1609/985 1169/1636/1009
f 1169/1636/1009 1196/1609/985 1197/1607/983 1171/1637/1010
f 1171/1637/1010 1197/1607/983 1198/1605/981 1173/1638/1011
f 1173/1638/1011 1198/1605/981 1199/1601/977 1175/1639/1012
f 1175/1639/1012 1199/1601/977 1200/1604/980 1153/1627/1001
f 1204/1585/1013 1203/1640/1014 1215/1641/1015 1216/1642/1016
f 1154/1562/12 1176/1587/12 1212/1643/12 1202/1644/12
f 1156/1563/12 1154/1562/12 1202/1644/12 1201/1645/12
f 1160/1569/12 1158/1567/12 1203/1640/12 1204/1585/12
f 1176/1587/12 1174/1583/12 1211/1646/12 1212/1643/12
f 1158/1567/12 1156/1566/12 1201/1647/12 1203/1640/12
f 1174/1583/12 1172/1581/12 1210/1648/12 1211/1646/12
f 1172/1581/12 1170/1579/12 1209/1649/12 1210/1648/12
f 1170/1579/12 1168/1577/12 1208/1650/12 1209/1649/12
f 1168/1577/12 1166/1575/12 1207/1651/12 1208/1650/12
f 1166/1575/12 1164/1573/12 1206/1652/12 1207/1651/12
f 1164/1573/12 1162/1571/12 1205/1586/12 1206/1652/12
f 1219/1653/1017 1218/1654/1018 1242/1655/1019 1243/1656/1020
f 1211/1646/1021 1210/1648/1022 1222/1657/1023 1223/1658/1024
f 1208/1650/1025 1207/1651/1026 1219/1653/1017 1220/1659/1027
f 1205/1586/1028 1204/1585/1013 1216/1642/1016 1217/1660/1029
f 1212/1643/1030 1211/1646/1021 1223/1658/1024 1224/1661/1031
f 1201/1645/1032 1202/1644/1033 1214/1662/1034 1213/1663/1035
f 1209/1649/1036 1208/1650/1025 1220/1659/1027 1221/1664/1037
f 1206/1652/1038 1205/1586/1028 1217/1660/1029 1218/1654/1018
f 1202/1644/1033 1212/1643/1030 1224/1661/1031 1214/1662/1034
f 1203/1640/1014 1201/1647/1032 1213/1665/1035 1215/1641/1015
f 1210/1648/1022 1209/1649/1036 1221/1664/1037 1222/1657/1023
f 1207/1651/1026 1206/1652/1038 1218/1654/1018 1219/1653/1017
f 1230/1666/1039 1229/1667/1040 1253/1668/1041 1254/1669/1042
f 1216/1642/1016 1215/1641/1015 1239/1670/1043 1240/1671/1044
f 1223/1658/1024 1222/1657/1023 1246/1672/1045 1247/1673/1046
f 1220/1659/1027 1219/1653/1017 1243/1656/1020 1244/1674/1047
f 1217/1660/1029 1216/1642/1016 1240/1671/1044 1241/1675/1048
f 1224/1661/1031 1223/1658/1024 1247/1673/1046 1248/1676/1049
f 1213/1663/1035 1214/1662/1034 1238/1677/1050 1237/1678/1051
f 1221/1664/1037 1220/1659/1027 1244/1674/1047 1245/1679/1052
f 1218/1654/1018 1217/1660/1029 1241/1675/1048 1242/1655/1019
f 1214/1662/1034 1224/1661/1031 1248/1676/1049 1238/1677/1050
f 1215/1641/1015 1213/1665/1035 1237/1680/1051 1239/1670/1043
f 1222/1657/1023 1221/1664/1037 1245/1679/1052 1246/1672/1045
f 1226/1681/52 1225/1682/52 1237/1678/1051 1238/1677/1050
f 1225/1683/52 1227/1684/52 1239/1670/1043 1237/1680/1051
f 1227/1684/52 1228/1685/52 1240/1671/1044 1239/1670/1043
f 1228/1685/52 1229/1667/52 1241/1675/1048 1240/1671/1044
f 1229/1667/52 1230/1666/52 1242/1655/1019 1241/1675/1048
f 1230/1666/52 1231/1686/52 1243/1656/1020 1242/1655/1019
f 1231/1686/52 1232/1687/52 1244/1674/1047 1243/1656/1020
f 1232/1687/52 1233/1688/52 1245/1679/1052 1244/1674/1047
f 1233/1688/52 1234/1689/52 1246/1672/1045 1245/1679/1052
f 1234/1689/52 1235/1690/52 1247/1673/1046 1246/1672/1045
f 1235/1690/52 1236/1691/52 1248/1676/1049 1247/1673/1046
f 1236/1691/52 1226/1681/52 1238/1677/1050 1248/1676/1049
f 1257/1692/1053 1256/1693/1054 1268/1694/1055 1269/1695/1056
f 1226/1681/1057 1236/1691/1058 1260/1696/1059 1250/1697/1060
f 1227/1684/1061 1225/1683/1062 1249/1698/1063 1251/1699/1064
f 1234/1689/1065 1233/1688/1066 1257/1692/1053 1258/1700/1067
f 1231/1686/1068 1230/1666/1039 1254/1669/1042 1255/1701/1069
f 1228/1685/1070 1227/1684/1061 1251/1699/1064 1252/1702/1071
f 1235/1690/1072 1234/1689/1065 1258/1700/1067 1259/1703/1073
f 1232/1687/1074 1231/1686/1068 1255/1701/1069 1256/1693/1054
f 1229/1667/1040 1228/1685/1070 1252/1702/1071 1253/1668/1041
f 1236/1691/1058 1235/1690/1072 1259/1703/1073 1260/1696/1059
f 1225/1682/1062 1226/1681/1057 1250/1697/1060 1249/1704/1063
f 1233/1688/1066 1232/1687/1074 1256/1693/1054 1257/1692/1053
f 1261/1705/1075 1262/1706/1076 1274/1707/1077 1273/1708/1078
f 1254/1669/1042 1253/1668/1041 1265/1709/1079 1266/1710/1080
f 1250/1697/1060 1260/1696/1059 1272/1711/1081 1262/1706/1076
f 1251/1699/1064 1249/1698/1063 1261/1712/1075 1263/1713/1082
f 1258/1700/1067 1257/1692/1053 1269/1695/1056 1270/1714/1083
f 1255/1701/1069 1254/1669/1042 1266/1710/1080 1267/1715/1084
f 1252/1702/1071 1251/1699/1064 1263/1713/1082 1264/1716/1085
f 1259/1703/1073 1258/1700/1067 1270/1714/1083 1271/1717/1086
f 1256/1693/1054 1255/1701/1069 1267/1715/1084 1268/1694/1055
f 1253/1668/1041 1252/1702/1071 1264/1716/1085 1265/1709/1079
f 1260/1696/1059 1259/1703/1073 1271/1717/1086 1272/1711/1081
f 1249/1704/1063 1250/1697/1060 1262/1706/1076 1261/1705/1075
f 1284/1718/1087 1283/1719/1088 1295/1720/1089 1296/1721/1090
f 1269/1695/1056 1268/1694/1055 1280/1722/1091 1281/1723/1092
f 1266/1710/1080 1265/1709/1079 1277/1724/1093 1278/1725/1094
f 1262/1706/1076 1272/1711/1081 1284/1718/1087 1274/1707/1077
f 1263/1713/1082 1261/1712/1075 1273/1726/1078 1275/1727/1095
f 1270/1714/1083 1269/1695/1056 1281/1723/1092 1282/1728/1096
f 1267/1715/1084 1266/1710/1080 1278/1725/1094 1279/1729/1097
f 1264/1716/1085 1263/1713/1082 1275/1727/1095 1276/1730/1098
f 1271/1717/1086 1270/1714/1083 1282/1728/1096 1283/1719/1088
f 1268/1694/1055 1267/1715/1084 1279/1729/1097 1280/1722/1091
f 1265/1709/1079 1264/1716/1085 1276/1730/1098 1277/1724/1093
f 1272/1711/1081 1271/1717/1086 1283/1719/1088 1284/1718/1087
f 1285/1731/1099 1286/1732/1100 1296/1733/1090 1295/1734/1089 1294/1735/1101 1293/1736/1102 1292/1737/1103 1291/1738/1104 1290/1739/1105 1289/1740/1106 1288/1741/1107 1287/1742/1108
f 1273/1708/1078 1274/1707/1077 1286/1743/1100 1285/1744/1099
f 1281/1723/1092 1280/1722/1091 1292/1745/1103 1293/1746/1102
f 1278/1725/1094 1277/1724/1093 1289/1747/1106 1290/1748/1105
f 1274/1707/1077 1284/1718/1087 1296/1721/1090 1286/1743/1100
f 1275/1727/1095 1273/1726/1078 1285/1749/1099 1287/1750/1108
f 1282/1728/1096 1281/1723/1092 1293/1746/1102 1294/1751/1101
f 1279/1729/1097 1278/1725/1094 1290/1748/1105 1291/1752/1104
f 1276/1730/1098 1275/1727/1095 1287/1750/1108 1288/1753/1107
f 1283/1719/1088 1282/1728/1096 1294/1751/1101 1295/1720/1089
f 1280/1722/1091 1279/1729/1097 1291/1752/1104 1292/1745/1103
f 1277/1724/1093 1276/1730/1098 1288/1753/1107 1289/1747/1106
f 1188/1602/978 1308/1588/976 1297/1561/953 1177/1603/979
f 1187/1606/982 1307/1584/974 1308/1588/976 1188/1602/978
f 1186/1608/984 1306/1582/972 1307/1584/974 1187/1606/982
f 1185/1754/986 1305/1755/970 1309/1756/1109 1310/1757/1110
f 1184/1612/988 1304/1578/968 1305/1580/970 1185/1610/986
f 1183/1614/990 1303/1576/966 1304/1578/968 1184/1612/988
f 1182/1616/992 1302/1574/964 1303/1576/966 1183/1614/990
f 1181/1618/994 1301/1572/962 1302/1574/964 1182/1616/992
f 1180/1620/996 1300/1570/960 1301/1572/962 1181/1618/994
f 1300/1758/960 1180/1759/996 1320/1760/1111 1319/1761/1112
f 1178/1624/1000 1298/1565/956 1299/1568/958 1179/1622/998
f 1177/1603/979 1297/1561/953 1298/1564/956 1178/1625/1000
f 1309/1756/1109 1311/1762/1113 1315/1763/1114 1313/1764/1115
f 1186/1765/984 1185/1754/986 1310/1757/1110 1312/1766/1116
f 1305/1755/970 1306/1767/972 1311/1762/1113 1309/1756/1109
f 1306/1768/972 1186/1765/984 1312/1766/1116 1311/1769/1113
f 1314/1770/1117 1313/1764/1115 1315/1771/1114 1316/1772/1118
f 1311/1769/1113 1312/1766/1116 1316/1773/1118 1315/1774/1114
f 1312/1766/1116 1310/1757/1110 1314/1770/1117 1316/1773/1118
f 1310/1757/1110 1309/1756/1109 1313/1764/1115 1314/1770/1117
f 1320/1760/1111 1318/1775/1119 1322/1776/1120 1324/1777/1121
f 1180/1759/996 1179/1778/998 1318/1775/1119 1320/1760/1111
f 1299/1779/958 1300/1758/960 1319/1761/1112 1317/1780/1122
f 1179/1778/998 1299/1781/958 1317/1782/1122 1318/1775/1119
f 1321/1783/1123 1323/1784/1124 1327/1785/1125 1325/1786/1126
f 1318/1775/1119 1317/1782/1122 1321/1787/1123 1322/1776/1120
f 1317/1780/1122 1319/1761/1112 1323/1784/1124 1321/1783/1123
f 1319/1761/1112 1320/1760/1111 1324/1777/1121 1323/1784/1124
f 1327/1785/1125 1328/1788/1127 1332/1789/1128 1331/1790/1129
f 1323/1784/1124 1324/1777/1121 1328/1788/1127 1327/1785/1125
f 1324/1777/1121 1322/1776/1120 1326/1791/1130 1328/1788/1127
f 1322/1776/1120 1321/1787/1123 1325/1792/1126 1326/1791/1130
f 1332/1789/1128 1330/1793/1131 1334/1794/1132 1336/1795/1133
f 1328/1788/1127 1326/1791/1130 1330/1793/1131 1332/1789/1128
f 1326/1791/1130 1325/1792/1126 1329/1796/1134 1330/1793/1131
f 1325/1786/1126 1327/1785/1125 1331/1790/1129 1329/1797/1134
f 1333/1798/1135 1335/1799/1136 1339/1800/1137 1337/1801/1138
f 1330/1793/1131 1329/1796/1134 1333/1802/1135 1334/1794/1132
f 1329/1797/1134 1331/1790/1129 1335/1799/1136 1333/1798/1135
f 1331/1790/1129 1332/1789/1128 1336/1795/1133 1335/1799/1136
f 1340/1803/1139 1338/1804/1140 1342/1805/1141 1344/1806/1142
f 1335/1799/1136 1336/1795/1133 1340/1803/1139 1339/1800/1137
f 1336/1795/1133 1334/1794/1132 1338/1804/1140 1340/1803/1139
f 1334/1794/1132 1333/1802/1135 1337/1807/1138 1338/1804/1140
f 1342/1805/1141 1341/1808/1143 1343/1809/1144 1344/1806/1142
f 1338/1804/1140 1337/1807/1138 1341/1810/1143 1342/1805/1141
f 1337/1801/1138 1339/1800/1137 1343/1811/1144 1341/1812/1143
f 1339/1800/1137 1340/1803/1139 1344/1806/1142 1343/1811/1144
f 1368/1813/1 1346/1814/2 1345/1815/2 1367/1816/1
f 1366/1817/3 1368/1813/1 1367/1816/1 1365/1818/3
f 1364/1819/4 1366/1817/3 1365/1818/3 1363/1820/4
f 1362/1821/5 1364/1819/4 1363/1820/4 1361/1822/5
f 1360/1823/6 1362/1821/5 1361/1822/5 1359/1824/6
f 1358/1825/7 1360/1823/6 1359/1824/6 1357/1826/7
f 1356/1827/8 1358/1825/7 1357/1826/7 1355/1828/8
f 1354/1829/9 1356/1827/8 1355/1828/8 1353/1830/9
f 1352/1831/10 1354/1829/9 1353/1830/9 1351/1832/10
f 1350/1833/11 1352/1831/10 1351/1832/10 1349/1834/11
f 1354/1829/12 1352/1831/12 1372/1835/12 1373/1836/12
f 1348/1837/13 1350/1833/11 1349/1834/11 1347/1838/13
f 1346/1839/2 1348/1837/13 1347/1838/13 1345/1840/2
f 1345/1841/12 1347/1842/12 1349/1843/12 1351/1844/12 1353/1845/12 1355/1846/12 1357/1847/12 1359/1848/12 1361/1849/12 1363/1850/12 1365/1851/12 1367/1852/12
f 1372/1835/159 1371/1853/160 1383/1854/161 1384/1855/162
f 1346/1814/12 1368/1813/12 1380/1856/12 1370/1857/12
f 1348/1837/12 1346/1839/12 1370/1858/12 1369/1859/12
f 1352/1831/12 1350/1833/12 1371/1853/12 1372/1835/12
f 1368/1813/12 1366/1817/12 1379/1860/12 1380/1856/12
f 1350/1833/12 1348/1837/12 1369/1859/12 1371/1853/12
f 1366/1817/12 1364/1819/12 1378/1861/12 1379/1860/12
f 1364/1819/12 1362/1821/12 1377/1862/12 1378/1861/12
f 1362/1821/12 1360/1823/12 1376/1863/12 1377/1862/12
f 1360/1823/12 1358/1825/12 1375/1864/12 1376/1863/12
f 1358/1825/12 1356/1827/12 1374/1865/12 1375/1864/12
f 1356/1827/12 1354/1829/12 1373/1836/12 1374/1865/12
f 1387/1866/163 1386/1867/164 1410/1868/165 1411/1869/166
f 1379/1860/167 1378/1861/168 1390/1870/169 1391/1871/170
f 1376/1863/171 1375/1864/172 1387/1866/163 1388/1872/173
f 1373/1836/174 1372/1835/159 1384/1855/162 1385/1873/175
f 1380/1856/176 1379/1860/167 1391/1871/170 1392/1874/177
f 1369/1859/178 1370/1858/179 1382/1875/180 1381/1876/181
f 1377/1862/182 1376/1863/171 1388/1872/173 1389/1877/183
f 1374/1865/184 1373/1836/174 1385/1873/175 1386/1867/164
f 1370/1857/179 1380/1856/176 1392/1874/177 1382/1878/180
f 1371/1853/160 1369/1859/178 1381/1876/181 1383/1854/161
f 1378/1861/168 1377/1862/182 1389/1877/183 1390/1870/169
f 1375/1864/172 1374/1865/184 1386/1867/164 1387/1866/163
f 1398/1879/8 1397/1880/9 1421/1881/185 1422/1882/186
f 1384/1855/162 1383/1854/161 1407/1883/187 1408/1884/188
f 1391/1871/170 1390/1870/169 1414/1885/189 1415/1886/190
f 1388/1872/173 1387/1866/163 1411/1869/166 1412/1887/191
f 1385/1873/175 1384/1855/162 1408/1884/188 1409/1888/192
f 1392/1874/177 1391/1871/170 1415/1886/190 1416/1889/193
f 1381/1876/181 1382/1875/180 1406/1890/194 1405/1891/195
f 1389/1877/183 1388/1872/173 1412/1887/191 1413/1892/196
f 1386/1867/164 1385/1873/175 1409/1888/192 1410/1868/165
f 1382/1878/180 1392/1874/177 1416/1889/193 1406/1893/194
f 1383/1854/161 1381/1876/181 1405/1891/195 1407/1883/187
f 1390/1870/169 1389/1877/183 1413/1892/196 1414/1885/189
f 1394/1894/52 1393/1895/52 1405/1891/195 1406/1890/194
f 1393/1895/52 1395/1896/52 1407/1883/187 1405/1891/195
f 1395/1896/52 1396/1897/52 1408/1884/188 1407/1883/187
f 1396/1897/52 1397/1880/52 1409/1888/192 1408/1884/188
f 1397/1880/52 1398/1879/52 1410/1868/165 1409/1888/192
f 1398/1879/52 1399/1898/52 1411/1869/166 1410/1868/165
f 1399/1898/52 1400/1899/52 1412/1887/191 1411/1869/166
f 1400/1899/52 1401/1900/52 1413/1892/196 1412/1887/191
f 1401/1900/52 1402/1901/52 1414/1885/189 1413/1892/196
f 1402/1901/52 1403/1902/52 1415/1886/190 1414/1885/189
f 1403/1902/52 1404/1903/52 1416/1889/193 1415/1886/190
f 1404/1903/52 1394/1904/52 1406/1893/194 1416/1889/193
f 1425/1905/197 1424/1906/198 1436/1907/199 1437/1908/200
f 1394/1904/2 1404/1903/1 1428/1909/201 1418/1910/202
f 1395/1896/11 1393/1895/13 1417/1911/203 1419/1912/204
f 1402/1901/4 1401/1900/5 1425/1905/197 1426/1913/205
f 1399/1898/7 1398/1879/8 1422/1882/186 1423/1914/206
f 1396/1897/10 1395/1896/11 1419/1912/204 1420/1915/207
f 1403/1902/3 1402/1901/4 1426/1913/205 1427/1916/208
f 1400/1899/6 1399/1898/7 1423/1914/206 1424/1906/198
f 1397/1880/9 1396/1897/10 1420/1915/207 1421/1881/185
f 1404/1903/1 1403/1902/3 1427/1916/208 1428/1909/201
f 1393/1895/13 1394/1894/2 1418/1917/202 1417/1911/203
f 1401/1900/5 1400/1899/6 1424/1906/198 1425/1905/197
f 1429/1918/209 1430/1919/210 1442/1920/211 1441/1921/212
f 1422/1882/186 1421/1881/185 1433/1922/213 1434/1923/214
f 1418/1910/202 1428/1909/201 1440/1924/215 1430/1925/210
f 1419/1912/204 1417/1911/203 1429/1918/209 1431/1926/216
f 1426/1913/205 1425/1905/197 1437/1908/200 1438/1927/217
f 1423/1914/206 1422/1882/186 1434/1923/214 1435/1928/218
f 1420/1915/207 1419/1912/204 1431/1926/216 1432/1929/219
f 1427/1916/208 1426/1913/205 1438/1927/217 1439/1930/220
f 1424/1906/198 1423/1914/206 1435/1928/218 1436/1907/199
f 1421/1881/185 1420/1915/207 1432/1929/219 1433/1922/213
f 1428/1909/201 1427/1916/208 1439/1930/220 1440/1924/215
f 1417/1911/203 1418/1917/202 1430/1919/210 1429/1918/209
f 1452/1931/221 1451/1932/471 1463/1933/223 1464/1934/224
f 1437/1908/200 1436/1907/199 1448/1935/225 1449/1936/226
f 1434/1923/214 1433/1922/213 1445/1937/227 1446/1938/228
f 1430/1925/210 1440/1924/215 1452/1931/221 1442/1939/211
f 1431/1926/216 1429/1918/209 1441/1921/212 1443/1940/229
f 1438/1927/217 1437/1908/200 1449/1936/226 1450/1941/230
f 1435/1928/218 1434/1923/214 1446/1938/228 1447/1942/231
f 1432/1929/219 1431/1926/216 1443/1940/229 1444/1943/232
f 1439/1930/220 1438/1927/217 1450/1941/230 1451/1932/471
f 1436/1907/199 1435/1928/218 1447/1942/231 1448/1935/225
f 1433/1922/213 1432/1929/219 1444/1943/232 1445/1937/227
f 1440/1924/215 1439/1930/220 1451/1932/471 1452/1931/221
f 1453/1944/233 1454/1945/234 1464/1946/224 1463/1947/223 1462/1948/472 1461/1949/236 1460/1950/237 1459/1951/238 1458/1952/239 1457/1953/240 1456/1954/241 1455/1955/242
f 1441/1921/212 1442/1920/211 1454/1956/234 1453/1957/233
f 1449/1936/226 1448/1935/225 1460/1958/237 1461/1959/236
f 1446/1938/228 1445/1937/227 1457/1960/240 1458/1961/239
f 1442/1939/211 1452/1931/221 1464/1934/224 1454/1962/234
f 1443/1940/229 1441/1921/212 1453/1957/233 1455/1963/242
f 1450/1941/230 1449/1936/226 1461/1959/236 1462/1964/472
f 1447/1942/231 1446/1938/228 1458/1961/239 1459/1965/238
f 1444/1943/232 1443/1940/229 1455/1963/242 1456/1966/241
f 1451/1932/471 1450/1941/230 1462/1964/472 1463/1933/223
f 1448/1935/225 1447/1942/231 1459/1965/238 1460/1958/237
f 1445/1937/227 1444/1943/232 1456/1966/241 1457/1960/240
f 1488/1967/1 1466/1968/2 1465/1969/2 1487/1970/1
f 1486/1971/3 1488/1967/1 1487/1970/1 1485/1972/3
f 1484/1973/4 1486/1971/3 1485/1972/3 1483/1974/4
f 1482/1975/5 1484/1973/4 1483/1974/4 1481/1976/5
f 1480/1977/6 1482/1975/5 1481/1976/5 1479/1978/6
f 1478/1979/7 1480/1977/6 1479/1978/6 1477/1980/7
f 1476/1981/8 1478/1979/7 1477/1980/7 1475/1982/8
f 1474/1983/9 1476/1981/8 1475/1982/8 1473/1984/9
f 1472/1985/10 1474/1983/9 1473/1984/9 1471/1986/10
f 1470/1987/11 1472/1985/10 1471/1986/10 1469/1988/11
f 1474/1983/12 1472/1985/12 1492/1989/12 1493/1990/12
f 1468/1991/13 1470/1987/11 1469/1988/11 1467/1992/13
f 1466/1993/2 1468/1991/13 1467/1992/13 1465/1994/2
f 1465/1995/12 1467/1996/12 1469/1997/12 1471/1998/12 1473/1999/12 1475/2000/12 1477/2001/12 1479/2002/12 1481/2003/12 1483/2004/12 1485/2005/12 1487/2006/12
f 1492/1989/159 1491/2007/160 1503/2008/161 1504/2009/162
f 1466/1968/12 1488/1967/12 1500/2010/12 1490/2011/12
f 1468/1991/12 1466/1993/12 1490/2012/12 1489/2013/12
f 1472/1985/12 1470/1987/12 1491/2007/12 1492/1989/12
f 1488/1967/12 1486/1971/12 1499/2014/12 1500/2010/12
f 1470/1987/12 1468/1991/12 1489/2013/12 1491/2007/12
f 1486/1971/12 1484/1973/12 1498/2015/12 1499/2014/12
f 1484/1973/12 1482/1975/12 1497/2016/12 1498/2015/12
f 1482/1975/12 1480/1977/12 1496/2017/12 1497/2016/12
f 1480/1977/12 1478/1979/12 1495/2018/12 1496/2017/12
f 1478/1979/12 1476/1981/12 1494/2019/12 1495/2018/12
f 1476/1981/12 1474/1983/12 1493/1990/12 1494/2019/12
f 1507/2020/163 1506/2021/164 1530/2022/165 1531/2023/166
f 1499/2014/167 1498/2015/168 1510/2024/169 1511/2025/170
f 1496/2017/171 1495/2018/172 1507/2020/163 1508/2026/173
f 1493/1990/174 1492/1989/159 1504/2009/162 1505/2027/175
f 1500/2010/176 1499/2014/167 1511/2025/170 1512/2028/177
f 1489/2013/178 1490/2012/179 1502/2029/180 1501/2030/181
f 1497/2016/182 1496/2017/171 1508/2026/173 1509/2031/183
f 1494/2019/184 1493/1990/174 1505/2027/175 1506/2021/164
f 1490/2011/179 1500/2010/176 1512/2028/177 1502/2032/180
f 1491/2007/160 1489/2013/178 1501/2030/181 1503/2008/161
f 1498/2015/168 1497/2016/182 1509/2031/183 1510/2024/169
f 1495/2018/172 1494/2019/184 1506/2021/164 1507/2020/163
f 1518/2033/8 1517/2034/9 1541/2035/185 1542/2036/186
f 1504/2009/162 1503/2008/161 1527/2037/187 1528/2038/188
f 1511/2025/170 1510/2024/169 1534/2039/189 1535/2040/190
f 1508/2026/173 1507/2020/163 1531/2023/166 1532/2041/191
f 1505/2027/175 1504/2009/162 1528/2038/188 1529/2042/192
f 1512/2028/177 1511/2025/170 1535/2040/190 1536/2043/193
f 1501/2030/181 1502/2029/180 1526/2044/194 1525/2045/195
f 1509/2031/183 1508/2026/173 1532/2041/191 1533/2046/196
f 1506/2021/164 1505/2027/175 1529/2042/192 1530/2022/165
f 1502/2032/180 1512/2028/177 1536/2043/193 1526/2047/194
f 1503/2008/161 1501/2030/181 1525/2045/195 1527/2037/187
f 1510/2024/169 1509/2031/183 1533/2046/196 1534/2039/189
f 1514/2048/52 1513/2049/52 1525/2045/195 1526/2044/194
f 1513/2049/52 1515/2050/52 1527/2037/187 1525/2045/195
f 1515/2050/52 1516/2051/52 1528/2038/188 1527/2037/187
f 1516/2051/52 1517/2034/52 1529/2042/192 1528/2038/188
f 1517/2034/52 1518/2033/52 1530/2022/165 1529/2042/192
f 1518/2033/52 1519/2052/52 1531/2023/166 1530/2022/165
f 1519/2052/52 1520/2053/52 1532/2041/191 1531/2023/166
f 1520/2053/52 1521/2054/52 1533/2046/196 1532/2041/191
f 1521/2054/52 1522/2055/52 1534/2039/189 1533/2046/196
f 1522/2055/52 1523/2056/52 1535/2040/190 1534/2039/189
f 1523/2056/52 1524/2057/52 1536/2043/193 1535/2040/190
f 1524/2057/52 1514/2058/52 1526/2047/194 1536/2043/193
f 1545/2059/197 1544/2060/198 1556/2061/199 1557/2062/200
f 1514/2058/2 1524/2057/1 1548/2063/201 1538/2064/202
f 1515/2050/11 1513/2049/13 1537/2065/203 1539/2066/204
f 1522/2055/4 1521/2054/5 1545/2059/197 1546/2067/205
f 1519/2052/7 1518/2033/8 1542/2036/186 1543/2068/206
f 1516/2051/10 1515/2050/11 1539/2066/204 1540/2069/207
f 1523/2056/3 1522/2055/4 1546/2067/205 1547/2070/208
f 1520/2053/6 1519/2052/7 1543/2068/206 1544/2060/198
f 1517/2034/9 1516/2051/10 1540/2069/207 1541/2035/185
f 1524/2057/1 1523/2056/3 1547/2070/208 1548/2063/201
f 1513/2049/13 1514/2048/2 1538/2071/202 1537/2065/203
f 1521/2054/5 1520/2053/6 1544/2060/198 1545/2059/197
f 1549/2072/209 1550/2073/210 1562/2074/211 1561/2075/212
f 1542/2036/186 1541/2035/185 1553/2076/213 1554/2077/214
f 1538/2064/202 1548/2063/201 1560/2078/215 1550/2079/210
f 1539/2066/204 1537/2065/203 1549/2072/209 1551/2080/216
f 1546/2067/205 1545/2059/197 1557/2062/200 1558/2081/217
f 1543/2068/206 1542/2036/186 1554/2077/214 1555/2082/218
f 1540/2069/207 1539/2066/204 1551/2080/216 1552/2083/219
f 1547/2070/208 1546/2067/205 1558/2081/217 1559/2084/220
f 1544/2060/198 1543/2068/206 1555/2082/218 1556/2061/199
f 1541/2035/185 1540/2069/207 1552/2083/219 1553/2076/213
f 1548/2063/201 1547/2070/208 1559/2084/220 1560/2078/215
f 1537/2065/203 1538/2071/202 1550/2073/210 1549/2072/209
f 1572/2085/221 1571/2086/471 1583/2087/223 1584/2088/224
f 1557/2062/200 1556/2061/199 1568/2089/225 1569/2090/226
f 1554/2077/214 1553/2076/213 1565/2091/227 1566/2092/228
f 1550/2079/210 1560/2078/215 1572/2085/221 1562/2093/211
f 1551/2080/216 1549/2072/209 1561/2075/212 1563/2094/229
f 1558/2081/217 1557/2062/200 1569/2090/226 1570/2095/230
f 1555/2082/218 1554/2077/214 1566/2092/228 1567/2096/231
f 1552/2083/219 1551/2080/216 1563/2094/229 1564/2097/232
f 1559/2084/220 1558/2081/217 1570/2095/230 1571/2086/471
f 1556/2061/199 1555/2082/218 1567/2096/231 1568/2089/225
f 1553/2076/213 1552/2083/219 1564/2097/232 1565/2091/227
f 1560/2078/215 1559/2084/220 1571/2086/471 1572/2085/221
f 1573/2098/233 1574/2099/234 1584/2100/224 1583/2101/223 1582/2102/472 1581/2103/236 1580/2104/237 1579/2105/238 1578/2106/239 1577/2107/240 1576/2108/241 1575/2109/242
f 1561/2075/212 1562/2074/211 1574/2110/234 1573/2111/233
f 1569/2090/226 1568/2089/225 1580/2112/237 1581/2113/236
f 1566/2092/228 1565/2091/227 1577/2114/240 1578/2115/239
f 1562/2093/211 1572/2085/221 1584/2088/224 1574/2116/234
f 1563/2094/229 1561/2075/212 1573/2111/233 1575/2117/242
f 1570/2095/230 1569/2090/226 1581/2113/236 1582/2118/472
f 1567/2096/231 1566/2092/228 1578/2115/239 1579/2119/238
f 1564/2097/232 1563/2094/229 1575/2117/242 1576/2120/241
f 1571/2086/471 1570/2095/230 1582/2118/472 1583/2087/223
f 1568/2089/225 1567/2096/231 1579/2119/238 1580/2112/237
f 1565/2091/227 1564/2097/232 1576/2120/241 1577/2114/240
f 1608/2121/1 1586/2122/2 1585/2123/2 1607/2124/1
f 1606/2125/3 1608/2121/1 1607/2124/1 1605/2126/3
f 1604/2127/4 1606/2125/3 1605/2126/3 1603/2128/4
f 1602/2129/5 1604/2127/4 1603/2128/4 1601/2130/5
f 1600/2131/6 1602/2129/5 1601/2130/5 1599/2132/6
f 1598/2133/7 1600/2131/6 1599/2132/6 1597/2134/7
f 1596/2135/8 1598/2133/7 1597/2134/7 1595/2136/8
f 1594/2137/9 1596/2135/8 1595/2136/8 1593/2138/9
f 1592/2139/10 1594/2137/9 1593/2138/9 1591/2140/10
f 1590/2141/11 1592/2139/10 1591/2140/10 1589/2142/11
f 1594/2137/12 1592/2139/12 1612/2143/12 1613/2144/12
f 1588/2145/13 1590/2141/11 1589/2142/11 1587/2146/13
f 1586/2147/2 1588/2145/13 1587/2146/13 1585/2148/2
f 1585/2149/12 1587/2150/12 1589/2151/12 1591/2152/12 1593/2153/12 1595/2154/12 1597/2155/12 1599/2156/12 1601/2157/12 1603/2158/12 1605/2159/12 1607/2160/12
f 1612/2143/1145 1611/2161/1146 1623/2162/1147 1624/2163/1148
f 1586/2122/12 1608/2121/12 1620/2164/12 1610/2165/12
f 1588/2145/12 1586/2147/12 1610/2166/12 1609/2167/12
f 1592/2139/12 1590/2141/12 1611/2161/12 1612/2143/12
f 1608/2121/12 1606/2125/12 1619/2168/12 1620/2164/12
f 1590/2141/12 1588/2145/12 1609/2167/12 1611/2161/12
f 1606/2125/12 1604/2127/12 1618/2169/12 1619/2168/12
f 1604/2127/12 1602/2129/12 1617/2170/12 1618/2169/12
f 1602/2129/12 1600/2131/12 1616/2171/12 1617/2170/12
f 1600/2131/12 1598/2133/12 1615/2172/12 1616/2171/12
f 1598/2133/12 1596/2135/12 1614/2173/12 1615/2172/12
f 1596/2135/12 1594/2137/12 1613/2144/12 1614/2173/12
f 1627/2174/1149 1626/2175/1150 1650/2176/1151 1651/2177/1152
f 1619/2168/1153 1618/2169/1154 1630/2178/1155 1631/2179/1156
f 1616/2171/1157 1615/2172/1158 1627/2174/1149 1628/2180/1159
f 1613/2144/1160 1612/2143/1145 1624/2163/1148 1625/2181/1161
f 1620/2164/1162 1619/2168/1153 1631/2179/1156 1632/2182/1163
f 1609/2167/1164 1610/2166/1165 1622/2183/1166 1621/2184/1167
f 1617/2170/1168 1616/2171/1157 1628/2180/1159 1629/2185/1169
f 1614/2173/1170 1613/2144/1160 1625/2181/1161 1626/2175/1150
f 1610/2165/1165 1620/2164/1162 1632/2182/1163 1622/2186/1166
f 1611/2161/1146 1609/2167/1164 1621/2184/1167 1623/2162/1147
f 1618/2169/1154 1617/2170/1168 1629/2185/1169 1630/2178/1155
f 1615/2172/1158 1614/2173/1170 1626/2175/1150 1627/2174/1149
f 1638/2187/8 1637/2188/9 1661/2189/1171 1662/2190/1172
f 1624/2163/1148 1623/2162/1147 1647/2191/1173 1648/2192/1174
f 1631/2179/1156 1630/2178/1155 1654/2193/1175 1655/2194/1176
f 1628/2180/1159 1627/2174/1149 1651/2177/1152 1652/2195/1177
f 1625/2181/1161 1624/2163/1148 1648/2192/1174 1649/2196/1178
f 1632/2182/1163 1631/2179/1156 1655/2194/1176 1656/2197/1179
f 1621/2184/1167 1622/2183/1166 1646/2198/1180 1645/2199/1181
f 1629/2185/1169 1628/2180/1159 1652/2195/1177 1653/2200/1182
f 1626/2175/1150 1625/2181/1161 1649/2196/1178 1650/2176/1151
f 1622/2186/1166 1632/2182/1163 1656/2197/1179 1646/2201/1180
f 1623/2162/1147 1621/2184/1167 1645/2199/1181 1647/2191/1173
f 1630/2178/1155 1629/2185/1169 1653/2200/1182 1654/2193/1175
f 1634/2202/52 1633/2203/52 1645/2199/1181 1646/2198/1180
f 1633/2203/52 1635/2204/52 1647/2191/1173 1645/2199/1181
f 1635/2204/52 1636/2205/52 1648/2192/1174 1647/2191/1173
f 1636/2205/52 1637/2188/52 1649/2196/1178 1648/2192/1174
f 1637/2188/52 1638/2187/52 1650/2176/1151 1649/2196/1178
f 1638/2187/52 1639/2206/52 1651/2177/1152 1650/2176/1151
f 1639/2206/52 1640/2207/52 1652/2195/1177 1651/2177/1152
f 1640/2207/52 1641/2208/52 1653/2200/1182 1652/2195/1177
f 1641/2208/52 1642/2209/52 1654/2193/1175 1653/2200/1182
f 1642/2209/52 1643/2210/52 1655/2194/1176 1654/2193/1175
f 1643/2210/52 1644/2211/52 1656/2197/1179 1655/2194/1176
f 1644/2211/52 1634/2212/52 1646/2201/1180 1656/2197/1179
f 1665/2213/1183 1664/2214/1184 1676/2215/1185 1677/2216/1186
f 1634/2212/2 1644/2211/1 1668/2217/1187 1658/2218/1188
f 1635/2204/11 1633/2203/13 1657/2219/1189 1659/2220/1190
f 1642/2209/4 1641/2208/5 1665/2213/1183 1666/2221/1191
f 1639/2206/7 1638/2187/8 1662/2190/1172 1663/2222/1192
f 1636/2205/10 1635/2204/11 1659/2220/1190 1660/2223/1193
f 1643/2210/3 1642/2209/4 1666/2221/1191 1667/2224/1194
f 1640/2207/6 1639/2206/7 1663/2222/1192 1664/2214/1184
f 1637/2188/9 1636/2205/10 1660/2223/1193 1661/2189/1171
f 1644/2211/1 1643/2210/3 1667/2224/1194 1668/2217/1187
f 1633/2203/13 1634/2202/2 1658/2225/1188 1657/2219/1189
f 1641/2208/5 1640/2207/6 1664/2214/1184 1665/2213/1183
f 1669/2226/1195 1670/2227/1196 1682/2228/1197 1681/2229/1198
f 1662/2190/1172 1661/2189/1171 1673/2230/1199 1674/2231/1200
f 1658/2218/1188 1668/2217/1187 1680/2232/1201 1670/2233/1196
f 1659/2220/1190 1657/2219/1189 1669/2226/1195 1671/2234/1202
f 1666/2221/1191 1665/2213/1183 1677/2216/1186 1678/2235/1203
f 1663/2222/1192 1662/2190/1172 1674/2231/1200 1675/2236/1204
f 1660/2223/1193 1659/2220/1190 1671/2234/1202 1672/2237/1205
f 1667/2224/1194 1666/2221/1191 1678/2235/1203 1679/2238/1206
f 1664/2214/1184 1663/2222/1192 1675/2236/1204 1676/2215/1185
f 1661/2189/1171 1660/2223/1193 1672/2237/1205 1673/2230/1199
f 1668/2217/1187 1667/2224/1194 1679/2238/1206 1680/2232/1201
f 1657/2219/1189 1658/2225/1188 1670/2227/1196 1669/2226/1195
f 1692/2239/1207 1691/2240/1208 1703/2241/1209 1704/2242/1210
f 1677/2216/1186 1676/2215/1185 1688/2243/1211 1689/2244/1212
f 1674/2231/1200 1673/2230/1199 1685/2245/1213 1686/2246/1214
f 1670/2233/1196 1680/2232/1201 1692/2239/1207 1682/2247/1197
f 1671/2234/1202 1669/2226/1195 1681/2229/1198 1683/2248/1215
f 1678/2235/1203 1677/2216/1186 1689/2244/1212 1690/2249/1216
f 1675/2236/1204 1674/2231/1200 1686/2246/1214 1687/2250/1217
f 1672/2237/1205 1671/2234/1202 1683/2248/1215 1684/2251/1218
f 1679/2238/1206 1678/2235/1203 1690/2249/1216 1691/2240/1208
f 1676/2215/1185 1675/2236/1204 1687/2250/1217 1688/2243/1211
f 1673/2230/1199 1672/2237/1205 1684/2251/1218 1685/2245/1213
f 1680/2232/1201 1679/2238/1206 1691/2240/1208 1692/2239/1207
f 1693/2252/1219 1694/2253/1220 1704/2254/1210 1703/2255/1209 1702/2256/1221 1701/2257/1222 1700/2258/1223 1699/2259/1224 1698/2260/1225 1697/2261/1226 1696/2262/1227 1695/2263/1228
f 1681/2229/1198 1682/2228/1197 1694/2264/1220 1693/2265/1219
f 1689/2244/1212 1688/2243/1211 1700/2266/1223 1701/2267/1222
f 1686/2246/1214 1685/2245/1213 1697/2268/1226 1698/2269/1225
f 1682/2247/1197 1692/2239/1207 1704/2242/1210 1694/2270/1220
f 1683/2248/1215 1681/2229/1198 1693/2265/1219 1695/2271/1228
f 1690/2249/1216 1689/2244/1212 1701/2267/1222 1702/2272/1221
f 1687/2250/1217 1686/2246/1214 1698/2269/1225 1699/2273/1224
f 1684/2251/1218 1683/2248/1215 1695/2271/1228 1696/2274/1227
f 1691/2240/1208 1690/2249/1216 1702/2272/1221 1703/2241/1209
f 1688/2243/1211 1687/2250/1217 1699/2273/1224 1700/2266/1223
f 1685/2245/1213 1684/2251/1218 1696/2274/1227 1697/2268/1226
f 1728/2275/1 1706/2276/2 1705/2277/2 1727/2278/1
f 1726/2279/3 1728/2275/1 1727/2278/1 1725/2280/3
f 1724/2281/4 1726/2279/3 1725/2280/3 1723/2282/4
f 1722/2283/5 1724/2281/4 1723/2282/4 1721/2284/5
f 1720/2285/6 1722/2283/5 1721/2284/5 1719/2286/6
f 1718/2287/7 1720/2285/6 1719/2286/6 1717/2288/7
f 1716/2289/8 1718/2287/7 1717/2288/7 1715/2290/8
f 1714/2291/9 1716/2289/8 1715/2290/8 1713/2292/9
f 1712/2293/10 1714/2291/9 1713/2292/9 1711/2294/10
f 1710/2295/11 1712/2293/10 1711/2294/10 1709/2296/11
f 1714/2291/12 1712/2293/12 1732/2297/12 1733/2298/12
f 1708/2299/13 1710/2295/11 1709/2296/11 1707/2300/13
f 1706/2301/2 1708/2299/13 1707/2300/13 1705/2302/2
f 1705/2303/12 1707/2304/12 1709/2305/12 1711/2306/12 1713/2307/12 1715/2308/12 1717/2309/12 1719/2310/12 1721/2311/12 1723/2312/12 1725/2313/12 1727/2314/12
f 1732/2297/159 1731/2315/160 1743/2316/161 1744/2317/162
f 1706/2276/12 1728/2275/12 1740/2318/12 1730/2319/12
f 1708/2299/12 1706/2301/12 1730/2320/12 1729/2321/12
f 1712/2293/12 1710/2295/12 1731/2315/12 1732/2297/12
f 1728/2275/12 1726/2279/12 1739/2322/12 1740/2318/12
f 1710/2295/12 1708/2299/12 1729/2321/12 1731/2315/12
f 1726/2279/12 1724/2281/12 1738/2323/12 1739/2322/12
f 1724/2281/12 1722/2283/12 1737/2324/12 1738/2323/12
f 1722/2283/12 1720/2285/12 1736/2325/12 1737/2324/12
f 1720/2285/12 1718/2287/12 1735/2326/12 1736/2325/12
f 1718/2287/12 1716/2289/12 1734/2327/12 1735/2326/12
f 1716/2289/12 1714/2291/12 1733/2298/12 1734/2327/12
f 1747/2328/163 1746/2329/164 1770/2330/165 1771/2331/166
f 1739/2322/167 1738/2323/168 1750/2332/169 1751/2333/170
f 1736/2325/171 1735/2326/172 1747/2328/163 1748/2334/173
f 1733/2298/174 1732/2297/159 1744/2317/162 1745/2335/175
f 1740/2318/176 1739/2322/167 1751/2333/170 1752/2336/177
f 1729/2321/178 1730/2320/179 1742/2337/180 1741/2338/181
f 1737/2324/182 1736/2325/171 1748/2334/173 1749/2339/183
f 1734/2327/184 1733/2298/174 1745/2335/175 1746/2329/164
f 1730/2319/179 1740/2318/176 1752/2336/177 1742/2340/180
f 1731/2315/160 1729/2321/178 1741/2338/181 1743/2316/161
f 1738/2323/168 1737/2324/182 1749/2339/183 1750/2332/169
f 1735/2326/172 1734/2327/184 1746/2329/164 1747/2328/163
f 1758/2341/8 1757/2342/9 1781/2343/185 1782/2344/186
f 1744/2317/162 1743/2316/161 1767/2345/187 1768/2346/188
f 1751/2333/170 1750/2332/169 1774/2347/189 1775/2348/190
f 1748/2334/173 1747/2328/163 1771/2331/166 1772/2349/191
f 1745/2335/175 1744/2317/162 1768/2346/188 1769/2350/192
f 1752/2336/177 1751/2333/170 1775/2348/190 1776/2351/193
f 1741/2338/181 1742/2337/180 1766/2352/194 1765/2353/195
f 1749/2339/183 1748/2334/173 1772/2349/191 1773/2354/196
f 1746/2329/164 1745/2335/175 1769/2350/192 1770/2330/165
f 1742/2340/180 1752/2336/177 1776/2351/193 1766/2355/194
f 1743/2316/161 1741/2338/181 1765/2353/195 1767/2345/187
f 1750/2332/169 1749/2339/183 1773/2354/196 1774/2347/189
f 1754/2356/52 1753/2357/52 1765/2353/195 1766/2352/194
f 1753/2357/52 1755/2358/52 1767/2345/187 1765/2353/195
f 1755/2358/52 1756/2359/52 1768/2346/188 1767/2345/187
f 1756/2359/52 1757/2342/52 1769/2350/192 1768/2346/188
f 1757/2342/52 1758/2341/52 1770/2330/165 1769/2350/192
f 1758/2341/52 1759/2360/52 1771/2331/166 1770/2330/165
f 1759/2360/52 1760/2361/52 1772/2349/191 1771/2331/166
f 1760/2361/52 1761/2362/52 1773/2354/196 1772/2349/191
f 1761/2362/52 1762/2363/52 1774/2347/189 1773/2354/196
f 1762/2363/52 1763/2364/52 1775/2348/190 1774/2347/189
f 1763/2364/52 1764/2365/52 1776/2351/193 1775/2348/190
f 1764/2365/52 1754/2366/52 1766/2355/194 1776/2351/193
f 1785/2367/197 1784/2368/198 1796/2369/199 1797/2370/200
f 1754/2366/2 1764/2365/1 1788/2371/201 1778/2372/202
f 1755/2358/11 1753/2357/13 1777/2373/203 1779/2374/204
f 1762/2363/4 1761/2362/5 1785/2367/197 1786/2375/205
f 1759/2360/7 1758/2341/8 1782/2344/186 1783/2376/206
f 1756/2359/10 1755/2358/11 1779/2374/204 1780/2377/207
f 1763/2364/3 1762/2363/4 1786/2375/205 1787/2378/208
f 1760/2361/6 1759/2360/7 1783/2376/206 1784/2368/198
f 1757/2342/9 1756/2359/10 1780/2377/207 1781/2343/185
f 1764/2365/1 1763/2364/3 1787/2378/208 1788/2371/201
f 1753/2357/13 1754/2356/2 1778/2379/202 1777/2373/203
f 1761/2362/5 1760/2361/6 1784/2368/198 1785/2367/197
f 1789/2380/209 1790/2381/210 1802/2382/211 1801/2383/212
f 1782/2344/186 1781/2343/185 1793/2384/213 1794/2385/214
f 1778/2372/202 1788/2371/201 1800/2386/215 1790/2387/210
f 1779/2374/204 1777/2373/203 1789/2380/209 1791/2388/216
f 1786/2375/205 1785/2367/197 1797/2370/200 1798/2389/217
f 1783/2376/206 1782/2344/186 1794/2385/214 1795/2390/218
f 1780/2377/207 1779/2374/204 1791/2388/216 1792/2391/219
f 1787/2378/208 1786/2375/205 1798/2389/217 1799/2392/220
f 1784/2368/198 1783/2376/206 1795/2390/218 1796/2369/199
f 1781/2343/185 1780/2377/207 1792/2391/219 1793/2384/213
f 1788/2371/201 1787/2378/208 1799/2392/220 1800/2386/215
f 1777/2373/203 1778/2379/202 1790/2381/210 1789/2380/209
f 1812/2393/221 1811/2394/471 1823/2395/223 1824/2396/224
f 1797/2370/200 1796/2369/199 1808/2397/225 1809/2398/226
f 1794/2385/214 1793/2384/213 1805/2399/227 1806/2400/228
f 1790/2387/210 1800/2386/215 1812/2393/221 1802/2401/211
f 1791/2388/216 1789/2380/209 1801/2383/212 1803/2402/229
f 1798/2389/217 1797/2370/200 1809/2398/226 1810/2403/230
f 1795/2390/218 1794/2385/214 1806/2400/228 1807/2404/231
f 1792/2391/219 1791/2388/216 1803/2402/229 1804/2405/232
f 1799/2392/220 1798/2389/217 1810/2403/230 1811/2394/471
f 1796/2369/199 1795/2390/218 1807/2404/231 1808/2397/225
f 1793/2384/213 1792/2391/219 1804/2405/232 1805/2399/227
f 1800/2386/215 1799/2392/220 1811/2394/471 1812/2393/221
f 1813/2406/233 1814/2407/234 1824/2408/224 1823/2409/223 1822/2410/472 1821/2411/236 1820/2412/237 1819/2413/238 1818/2414/239 1817/2415/240 1816/2416/241 1815/2417/242
f 1801/2383/212 1802/2382/211 1814/2418/234 1813/2419/233
f 1809/2398/226 1808/2397/225 1820/2420/237 1821/2421/236
f 1806/2400/228 1805/2399/227 1817/2422/240 1818/2423/239
f 1802/2401/211 1812/2393/221 1824/2396/224 1814/2424/234
f 1803/2402/229 1801/2383/212 1813/2419/233 1815/2425/242
f 1810/2403/230 1809/2398/226 1821/2421/236 1822/2426/472
f 1807/2404/231 1806/2400/228 1818/2423/239 1819/2427/238
f 1804/2405/232 1803/2402/229 1815/2425/242 1816/2428/241
f 1811/2394/471 1810/2403/230 1822/2426/472 1823/2395/223
f 1808/2397/225 1807/2404/231 1819/2427/238 1820/2420/237
f 1805/2399/227 1804/2405/232 1816/2428/241 1817/2422/240
f 1848/2429/1 1826/2430/2 1825/2431/2 1847/2432/1
f 1846/2433/3 1848/2429/1 1847/2432/1 1845/2434/3
f 1844/2435/4 1846/2433/3 1845/2434/3 1843/2436/4
f 1842/2437/5 1844/2435/4 1843/2436/4 1841/2438/5
f 1840/2439/6 1842/2437/5 1841/2438/5 1839/2440/6
f 1838/2441/7 1840/2439/6 1839/2440/6 1837/2442/7
f 1836/2443/8 1838/2441/7 1837/2442/7 1835/2444/8
f 1834/2445/9 1836/2443/8 1835/2444/8 1833/2446/9
f 1832/2447/10 1834/2445/9 1833/2446/9 1831/2448/10
f 1830/2449/11 1832/2447/10 1831/2448/10 1829/2450/11
f 1834/2445/12 1832/2447/12 1852/2451/12 1853/2452/12
f 1828/2453/13 1830/2449/11 1829/2450/11 1827/2454/13
f 1826/2455/2 1828/2453/13 1827/2454/13 1825/2456/2
f 1825/2457/12 1827/2458/12 1829/2459/12 1831/2460/12 1833/2461/12 1835/2462/12 1837/2463/12 1839/2464/12 1841/2465/12 1843/2466/12 1845/2467/12 1847/2468/12
f 1852/2451/159 1851/2469/160 1863/2470/161 1864/2471/162
f 1826/2430/12 1848/2429/12 1860/2472/12 1850/2473/12
f 1828/2453/12 1826/2455/12 1850/2474/12 1849/2475/12
f 1832/2447/12 1830/2449/12 1851/2469/12 1852/2451/12
f 1848/2429/12 1846/2433/12 1859/2476/12 1860/2472/12
f 1830/2449/12 1828/2453/12 1849/2475/12 1851/2469/12
f 1846/2433/12 1844/2435/12 1858/2477/12 1859/2476/12
f 1844/2435/12 1842/2437/12 1857/2478/12 1858/2477/12
f 1842/2437/12 1840/2439/12 1856/2479/12 1857/2478/12
f 1840/2439/12 1838/2441/12 1855/2480/12 1856/2479/12
f 1838/2441/12 1836/2443/12 1854/2481/12 1855/2480/12
f 1836/2443/12 1834/2445/12 1853/2452/12 1854/2481/12
f 1867/2482/163 1866/2483/164 1890/2484/165 1891/2485/166
f 1859/2476/167 1858/2477/168 1870/2486/169 1871/2487/170
f 1856/2479/171 1855/2480/172 1867/2482/163 1868/2488/173
f 1853/2452/174 1852/2451/159 1864/2471/162 1865/2489/175
f 1860/2472/176 1859/2476/167 1871/2487/170 1872/2490/177
f 1849/2475/178 1850/2474/179 1862/2491/180 1861/2492/181
f 1857/2478/182 1856/2479/171 1868/2488/173 1869/2493/183
f 1854/2481/184 1853/2452/174 1865/2489/175 1866/2483/164
f 1850/2473/179 1860/2472/176 1872/2490/177 1862/2494/180
f 1851/2469/160 1849/2475/178 1861/2492/181 1863/2470/161
f 1858/2477/168 1857/2478/182 1869/2493/183 1870/2486/169
f 1855/2480/172 1854/2481/184 1866/2483/164 1867/2482/163
f 1878/2495/8 1877/2496/9 1901/2497/185 1902/2498/186
f 1864/2471/162 1863/2470/161 1887/2499/187 1888/2500/188
f 1871/2487/170 1870/2486/169 1894/2501/189 1895/2502/190
f 1868/2488/173 1867/2482/163 1891/2485/166 1892/2503/191
f 1865/2489/175 1864/2471/162 1888/2500/188 1889/2504/192
f 1872/2490/177 1871/2487/170 1895/2502/190 1896/2505/193
f 1861/2492/181 1862/2491/180 1886/2506/194 1885/2507/195
f 1869/2493/183 1868/2488/173 1892/2503/191 1893/2508/196
f 1866/2483/164 1865/2489/175 1889/2504/192 1890/2484/165
f 1862/2494/180 1872/2490/177 1896/2505/193 1886/2509/194
f 1863/2470/161 1861/2492/181 1885/2507/195 1887/2499/187
f 1870/2486/169 1869/2493/183 1893/2508/196 1894/2501/189
f 1874/2510/52 1873/2511/52 1885/2507/195 1886/2506/194
f 1873/2511/52 1875/2512/52 1887/2499/187 1885/2507/195
f 1875/2512/52 1876/2513/52 1888/2500/188 1887/2499/187
f 1876/2513/52 1877/2496/52 1889/2504/192 1888/2500/188
f 1877/2496/52 1878/2495/52 1890/2484/165 1889/2504/192
f 1878/2495/52 1879/2514/52 1891/2485/166 1890/2484/165
f 1879/2514/52 1880/2515/52 1892/2503/191 1891/2485/166
f 1880/2515/52 1881/2516/52 1893/2508/196 1892/2503/191
f 1881/2516/52 1882/2517/52 1894/2501/189 1893/2508/196
f 1882/2517/52 1883/2518/52 1895/2502/190 1894/2501/189
f 1883/2518/52 1884/2519/52 1896/2505/193 1895/2502/190
f 1884/2519/52 1874/2520/52 1886/2509/194 1896/2505/193
f 1905/2521/197 1904/2522/198 1916/2523/199 1917/2524/200
f 1874/2520/2 1884/2519/1 1908/2525/201 1898/2526/202
f 1875/2512/11 1873/2511/13 1897/2527/203 1899/2528/204
f 1882/2517/4 1881/2516/5 1905/2521/197 1906/2529/205
f 1879/2514/7 1878/2495/8 1902/2498/186 1903/2530/206
f 1876/2513/10 1875/2512/11 1899/2528/204 1900/2531/207
f 1883/2518/3 1882/2517/4 1906/2529/205 1907/2532/208
f 1880/2515/6 1879/2514/7 1903/2530/206 1904/2522/198
f 1877/2496/9 1876/2513/10 1900/2531/207 1901/2497/185
f 1884/2519/1 1883/2518/3 1907/2532/208 1908/2525/201
f 1873/2511/13 1874/2510/2 1898/2533/202 1897/2527/203
f 1881/2516/5 1880/2515/6 1904/2522/198 1905/2521/197
f 1909/2534/209 1910/2535/210 1922/2536/211 1921/2537/212
f 1902/2498/186 1901/2497/185 1913/2538/213 1914/2539/214
f 1898/2526/202 1908/2525/201 1920/2540/215 1910/2541/210
f 1899/2528/204 1897/2527/203 1909/2534/209 1911/2542/216
f 1906/2529/205 1905/2521/197 1917/2524/200 1918/2543/217
f 1903/2530/206 1902/2498/186 1914/2539/214 1915/2544/218
f 1900/2531/207 1899/2528/204 1911/2542/216 1912/2545/219
f 1907/2532/208 1906/2529/205 1918/2543/217 1919/2546/220
f 1904/2522/198 1903/2530/206 1915/2544/218 1916/2523/199
f 1901/2497/185 1900/2531/207 1912/2545/219 1913/2538/213
f 1908/2525/201 1907/2532/208 1919/2546/220 1920/2540/215
f 1897/2527/203 1898/2533/202 1910/2535/210 1909/2534/209
f 1932/2547/221 1931/2548/471 1943/2549/223 1944/2550/224
f 1917/2524/200 1916/2523/199 1928/2551/225 1929/2552/226
f 1914/2539/214 1913/2538/213 1925/2553/227 1926/2554/228
f 1910/2541/210 1920/2540/215 1932/2547/221 1922/2555/211
f 1911/2542/216 1909/2534/209 1921/2537/212 1923/2556/229
f 1918/2543/217 1917/2524/200 1929/2552/226 1930/2557/230
f 1915/2544/218 1914/2539/214 1926/2554/228 1927/2558/231
f 1912/2545/219 1911/2542/216 1923/2556/229 1924/2559/232
f 1919/2546/220 1918/2543/217 1930/2557/230 1931/2548/471
f 1916/2523/199 1915/2544/218 1927/2558/231 1928/2551/225
f 1913/2538/213 1912/2545/219 1924/2559/232 1925/2553/227
f 1920/2540/215 1919/2546/220 1931/2548/471 1932/2547/221
f 1933/2560/233 1934/2561/234 1944/2562/224 1943/2563/223 1942/2564/472 1941/2565/236 1940/2566/237 1939/2567/238 1938/2568/239 1937/2569/240 1936/2570/241 1935/2571/242
f 1921/2537/212 1922/2536/211 1934/2572/234 1933/2573/233
f 1929/2552/226 1928/2551/225 1940/2574/237 1941/2575/236
f 1926/2554/228 1925/2553/227 1937/2576/240 1938/2577/239
f 1922/2555/211 1932/2547/221 1944/2550/224 1934/2578/234
f 1923/2556/229 1921/2537/212 1933/2573/233 1935/2579/242
f 1930/2557/230 1929/2552/226 1941/2575/236 1942/2580/472
f 1927/2558/231 1926/2554/228 1938/2577/239 1939/2581/238
f 1924/2559/232 1923/2556/229 1935/2579/242 1936/2582/241
f 1931/2548/471 1930/2557/230 1942/2580/472 1943/2549/223
f 1928/2551/225 1927/2558/231 1939/2581/238 1940/2574/237
f 1925/2553/227 1924/2559/232 1936/2582/241 1937/2576/240
f 1968/2583/1 1946/2584/2 1945/2585/2 1967/2586/1
f 1966/2587/3 1968/2583/1 1967/2586/1 1965/2588/3
f 1964/2589/4 1966/2587/3 1965/2588/3 1963/2590/4
f 1962/2591/5 1964/2589/4 1963/2590/4 1961/2592/5
f 1960/2593/6 1962/2591/5 1961/2592/5 1959/2594/6
f 1958/2595/7 1960/2593/6 1959/2594/6 1957/2596/7
f 1956/2597/8 1958/2595/7 1957/2596/7 1955/2598/8
f 1954/2599/9 1956/2597/8 1955/2598/8 1953/2600/9
f 1952/2601/10 1954/2599/9 1953/2600/9 1951/2602/10
f 1950/2603/11 1952/2601/10 1951/2602/10 1949/2604/11
f 1954/2599/12 1952/2601/12 1972/2605/12 1973/2606/12
f 1948/2607/13 1950/2603/11 1949/2604/11 1947/2608/13
f 1946/2609/2 1948/2607/13 1947/2608/13 1945/2610/2
f 1945/2611/12 1947/2612/12 1949/2613/12 1951/2614/12 1953/2615/12 1955/2616/12 1957/2617/12 1959/2618/12 1961/2619/12 1963/2620/12 1965/2621/12 1967/2622/12
f 1972/2605/387 1971/2623/388 1983/2624/389 1984/2625/390
f 1946/2584/12 1968/2583/12 1980/2626/12 1970/2627/12
f 1948/2607/12 1946/2609/12 1970/2628/12 1969/2629/12
f 1952/2601/12 1950/2603/12 1971/2623/12 1972/2605/12
f 1968/2583/12 1966/2587/12 1979/2630/12 1980/2626/12
f 1950/2603/12 1948/2607/12 1969/2629/12 1971/2623/12
f 1966/2587/12 1964/2589/12 1978/2631/12 1979/2630/12
f 1964/2589/12 1962/2591/12 1977/2632/12 1978/2631/12
f 1962/2591/12 1960/2593/12 1976/2633/12 1977/2632/12
f 1960/2593/12 1958/2595/12 1975/2634/12 1976/2633/12
f 1958/2595/12 1956/2597/12 1974/2635/12 1975/2634/12
f 1956/2597/12 1954/2599/12 1973/2606/12 1974/2635/12
f 1987/2636/391 1986/2637/392 2010/2638/393 2011/2639/394
f 1979/2630/395 1978/2631/396 1990/2640/397 1991/2641/398
f 1976/2633/399 1975/2634/400 1987/2636/391 1988/2642/401
f 1973/2606/402 1972/2605/387 1984/2625/390 1985/2643/403
f 1980/2626/1229 1979/2630/395 1991/2641/398 1992/2644/405
f 1969/2629/406 1970/2628/407 1982/2645/408 1981/2646/409
f 1977/2632/410 1976/2633/399 1988/2642/401 1989/2647/411
f 1974/2635/412 1973/2606/402 1985/2643/403 1986/2637/392
f 1970/2627/407 1980/2626/1229 1992/2644/405 1982/2648/408
f 1971/2623/388 1969/2629/406 1981/2646/409 1983/2624/389
f 1978/2631/396 1977/2632/410 1989/2647/411 1990/2640/397
f 1975/2634/400 1974/2635/412 1986/2637/392 1987/2636/391
f 1998/2649/8 1997/2650/9 2021/2651/413 2022/2652/414
f 1984/2625/390 1983/2624/389 2007/2653/415 2008/2654/416
f 1991/2641/398 1990/2640/397 2014/2655/417 2015/2656/418
f 1988/2642/401 1987/2636/391 2011/2639/394 2012/2657/419
f 1985/2643/403 1984/2625/390 2008/2654/416 2009/2658/420
f 1992/2644/405 1991/2641/398 2015/2656/418 2016/2659/421
f 1981/2646/409 1982/2645/408 2006/2660/422 2005/2661/423
f 1989/2647/411 1988/2642/401 2012/2657/419 2013/2662/424
f 1986/2637/392 1985/2643/403 2009/2658/420 2010/2638/393
f 1982/2648/408 1992/2644/405 2016/2659/421 2006/2663/422
f 1983/2624/389 1981/2646/409 2005/2661/423 2007/2653/415
f 1990/2640/397 1989/2647/411 2013/2662/424 2014/2655/417
f 1994/2664/52 1993/2665/52 2005/2661/423 2006/2660/422
f 1993/2665/52 1995/2666/52 2007/2653/415 2005/2661/423
f 1995/2666/52 1996/2667/52 2008/2654/416 2007/2653/415
f 1996/2667/52 1997/2650/52 2009/2658/420 2008/2654/416
f 1997/2650/52 1998/2649/52 2010/2638/393 2009/2658/420
f 1998/2649/52 1999/2668/52 2011/2639/394 2010/2638/393
f 1999/2668/52 2000/2669/52 2012/2657/419 2011/2639/394
f 2000/2669/52 2001/2670/52 2013/2662/424 2012/2657/419
f 2001/2670/52 2002/2671/52 2014/2655/417 2013/2662/424
f 2002/2671/52 2003/2672/52 2015/2656/418 2014/2655/417
f 2003/2672/52 2004/2673/52 2016/2659/421 2015/2656/418
f 2004/2673/52 1994/2674/52 2006/2663/422 2016/2659/421
f 2025/2675/425 2024/2676/426 2036/2677/427 2037/2678/428
f 1994/2674/2 2004/2673/1 2028/2679/429 2018/2680/430
f 1995/2666/11 1993/2665/13 2017/2681/431 2019/2682/432
f 2002/2671/4 2001/2670/5 2025/2675/425 2026/2683/433
f 1999/2668/7 1998/2649/8 2022/2652/414 2023/2684/434
f 1996/2667/10 1995/2666/11 2019/2682/432 2020/2685/435
f 2003/2672/3 2002/2671/4 2026/2683/433 2027/2686/436
f 2000/2669/6 1999/2668/7 2023/2684/434 2024/2676/426
f 1997/2650/9 1996/2667/10 2020/2685/435 2021/2651/413
f 2004/2673/1 2003/2672/3 2027/2686/436 2028/2679/429
f 1993/2665/13 1994/2664/2 2018/2687/430 2017/2681/431
f 2001/2670/5 2000/2669/6 2024/2676/426 2025/2675/425
f 2029/2688/437 2030/2689/438 2042/2690/439 2041/2691/440
f 2022/2652/414 2021/2651/413 2033/2692/441 2034/2693/442
f 2018/2680/430 2028/2679/429 2040/2694/443 2030/2695/438
f 2019/2682/432 2017/2681/431 2029/2688/437 2031/2696/444
f 2026/2683/433 2025/2675/425 2037/2678/428 2038/2697/445
f 2023/2684/434 2022/2652/414 2034/2693/442 2035/2698/446
f 2020/2685/435 2019/2682/432 2031/2696/444 2032/2699/447
f 2027/2686/436 2026/2683/433 2038/2697/445 2039/2700/448
f 2024/2676/426 2023/2684/434 2035/2698/446 2036/2677/427
f 2021/2651/413 2020/2685/435 2032/2699/447 2033/2692/441
f 2028/2679/429 2027/2686/436 2039/2700/448 2040/2694/443
f 2017/2681/431 2018/2687/430 2030/2689/438 2029/2688/437
f 2052/2701/449 2051/2702/450 2063/2703/451 2064/2704/452
f 2037/2678/428 2036/2677/427 2048/2705/453 2049/2706/454
f 2034/2693/442 2033/2692/441 2045/2707/455 2046/2708/456
f 2030/2695/438 2040/2694/443 2052/2701/449 2042/2709/439
f 2031/2696/444 2029/2688/437 2041/2691/440 2043/2710/457
f 2038/2697/445 2037/2678/428 2049/2706/454 2050/2711/458
f 2035/2698/446 2034/2693/442 2046/2708/456 2047/2712/459
f 2032/2699/447 2031/2696/444 2043/2710/457 2044/2713/460
f 2039/2700/448 2038/2697/445 2050/2711/458 2051/2702/450
f 2036/2677/427 2035/2698/446 2047/2712/459 2048/2705/453
f 2033/2692/441 2032/2699/447 2044/2713/460 2045/2707/455
f 2040/2694/443 2039/2700/448 2051/2702/450 2052/2701/449
f 2053/2714/461 2054/2715/462 2064/2716/452 2063/2717/451 2062/2718/463 2061/2719/464 2060/2720/465 2059/2721/466 2058/2722/467 2057/2723/468 2056/2724/469 2055/2725/470
f 2041/2691/440 2042/2690/439 2054/2726/462 2053/2727/461
f 2049/2706/454 2048/2705/453 2060/2728/465 2061/2729/464
f 2046/2708/456 2045/2707/455 2057/2730/468 2058/2731/467
f 2042/2709/439 2052/2701/449 2064/2704/452 2054/2732/462
f 2043/2710/457 2041/2691/440 2053/2727/461 2055/2733/470
f 2050/2711/458 2049/2706/454 2061/2729/464 2062/2734/463
f 2047/2712/459 2046/2708/456 2058/2731/467 2059/2735/466
f 2044/2713/460 2043/2710/457 2055/2733/470 2056/2736/469
f 2051/2702/450 2050/2711/458 2062/2734/463 2063/2703/451
f 2048/2705/453 2047/2712/459 2059/2735/466 2060/2728/465
f 2045/2707/455 2044/2713/460 2056/2736/469 2057/2730/468
f 2088/2737/1 2066/2738/2 2065/2739/2 2087/2740/1
f 2086/2741/3 2088/2737/1 2087/2740/1 2085/2742/3
f 2084/2743/4 2086/2741/3 2085/2742/3 2083/2744/4
f 2082/2745/5 2084/2743/4 2083/2744/4 2081/2746/5
f 2080/2747/6 2082/2745/5 2081/2746/5 2079/2748/6
f 2078/2749/7 2080/2747/6 2079/2748/6 2077/2750/7
f 2076/2751/8 2078/2749/7 2077/2750/7 2075/2752/8
f 2074/2753/9 2076/2751/8 2075/2752/8 2073/2754/9
f 2072/2755/10 2074/2753/9 2073/2754/9 2071/2756/10
f 2070/2757/11 2072/2755/10 2071/2756/10 2069/2758/11
f 2074/2753/12 2072/2755/12 2092/2759/12 2093/2760/12
f 2068/2761/13 2070/2757/11 2069/2758/11 2067/2762/13
f 2066/2763/2 2068/2761/13 2067/2762/13 2065/2764/2
f 2065/2765/12 2067/2766/12 2069/2767/12 2071/2768/12 2073/2769/12 2075/2770/12 2077/2771/12 2079/2772/12 2081/2773/12 2083/2774/12 2085/2775/12 2087/2776/12
f 2092/2759/159 2091/2777/160 2103/2778/161 2104/2779/162
f 2066/2738/12 2088/2737/12 2100/2780/12 2090/2781/12
f 2068/2761/12 2066/2763/12 2090/2782/12 2089/2783/12
f 2072/2755/12 2070/2757/12 2091/2777/12 2092/2759/12
f 2088/2737/12 2086/2741/12 2099/2784/12 2100/2780/12
f 2070/2757/12 2068/2761/12 2089/2783/12 2091/2777/12
f 2086/2741/12 2084/2743/12 2098/2785/12 2099/2784/12
f 2084/2743/12 2082/2745/12 2097/2786/12 2098/2785/12
f 2082/2745/12 2080/2747/12 2096/2787/12 2097/2786/12
f 2080/2747/12 2078/2749/12 2095/2788/12 2096/2787/12
f 2078/2749/12 2076/2751/12 2094/2789/12 2095/2788/12
f 2076/2751/12 2074/2753/12 2093/2760/12 2094/2789/12
f 2107/2790/163 2106/2791/164 2130/2792/165 2131/2793/166
f 2099/2784/167 2098/2785/168 2110/2794/169 2111/2795/170
f 2096/2787/171 2095/2788/172 2107/2790/163 2108/2796/173
f 2093/2760/174 2092/2759/159 2104/2779/162 2105/2797/175
f 2100/2780/176 2099/2784/167 2111/2795/170 2112/2798/177
f 2089/2783/178 2090/2782/179 2102/2799/180 2101/2800/181
f 2097/2786/182 2096/2787/171 2108/2796/173 2109/2801/183
f 2094/2789/184 2093/2760/174 2105/2797/175 2106/2791/164
f 2090/2781/179 2100/2780/176 2112/2798/177 2102/2802/180
f 2091/2777/160 2089/2783/178 2101/2800/181 2103/2778/161
f 2098/2785/168 2097/2786/182 2109/2801/183 2110/2794/169
f 2095/2788/172 2094/2789/184 2106/2791/164 2107/2790/163
f 2118/2803/8 2117/2804/9 2141/2805/185 2142/2806/186
f 2104/2779/162 2103/2778/161 2127/2807/187 2128/2808/188
f 2111/2795/170 2110/2794/169 2134/2809/189 2135/2810/190
f 2108/2796/173 2107/2790/163 2131/2793/166 2132/2811/191
f 2105/2797/175 2104/2779/162 2128/2808/188 2129/2812/192
f 2112/2798/177 2111/2795/170 2135/2810/190 2136/2813/193
f 2101/2800/181 2102/2799/180 2126/2814/194 2125/2815/195
f 2109/2801/183 2108/2796/173 2132/2811/191 2133/2816/196
f 2106/2791/164 2105/2797/175 2129/2812/192 2130/2792/165
f 2102/2802/180 2112/2798/177 2136/2813/193 2126/2817/194
f 2103/2778/161 2101/2800/181 2125/2815/195 2127/2807/187
f 2110/2794/169 2109/2801/183 2133/2816/196 2134/2809/189
f 2114/2818/52 2113/2819/52 2125/2815/195 2126/2814/194
f 2113/2819/52 2115/2820/52 2127/2807/187 2125/2815/195
f 2115/2820/52 2116/2821/52 2128/2808/188 2127/2807/187
f 2116/2821/52 2117/2804/52 2129/2812/192 2128/2808/188
f 2117/2804/52 2118/2803/52 2130/2792/165 2129/2812/192
f 2118/2803/52 2119/2822/52 2131/2793/166 2130/2792/165
f 2119/2822/52 2120/2823/52 2132/2811/191 2131/2793/166
f 2120/2823/52 2121/2824/52 2133/2816/196 2132/2811/191
f 2121/2824/52 2122/2825/52 2134/2809/189 2133/2816/196
f 2122/2825/52 2123/2826/52 2135/2810/190 2134/2809/189
f 2123/2826/52 2124/2827/52 2136/2813/193 2135/2810/190
f 2124/2827/52 2114/2828/52 2126/2817/194 2136/2813/193
f 2145/2829/197 2144/2830/198 2156/2831/199 2157/2832/200
f 2114/2828/2 2124/2827/1 2148/2833/201 2138/2834/202
f 2115/2820/11 2113/2819/13 2137/2835/203 2139/2836/204
f 2122/2825/4 2121/2824/5 2145/2829/197 2146/2837/205
f 2119/2822/7 2118/2803/8 2142/2806/186 2143/2838/206
f 2116/2821/10 2115/2820/11 2139/2836/204 2140/2839/207
f 2123/2826/3 2122/2825/4 2146/2837/205 2147/2840/208
f 2120/2823/6 2119/2822/7 2143/2838/206 2144/2830/198
f 2117/2804/9 2116/2821/10 2140/2839/207 2141/2805/185
f 2124/2827/1 2123/2826/3 2147/2840/208 2148/2833/201
f 2113/2819/13 2114/2818/2 2138/2841/202 2137/2835/203
f 2121/2824/5 2120/2823/6 2144/2830/198 2145/2829/197
f 2149/2842/209 2150/2843/210 2162/2844/211 2161/2845/212
f 2142/2806/186 2141/2805/185 2153/2846/213 2154/2847/214
f 2138/2834/202 2148/2833/201 2160/2848/215 2150/2849/210
f 2139/2836/204 2137/2835/203 2149/2842/209 2151/2850/216
f 2146/2837/205 2145/2829/197 2157/2832/200 2158/2851/217
f 2143/2838/206 2142/2806/186 2154/2847/214 2155/2852/218
f 2140/2839/207 2139/2836/204 2151/2850/216 2152/2853/219
f 2147/2840/208 2146/2837/205 2158/2851/217 2159/2854/220
f 2144/2830/198 2143/2838/206 2155/2852/218 2156/2831/199
f 2141/2805/185 2140/2839/207 2152/2853/219 2153/2846/213
f 2148/2833/201 2147/2840/208 2159/2854/220 2160/2848/215
f 2137/2835/203 2138/2841/202 2150/2843/210 2149/2842/209
f 2172/2855/221 2171/2856/471 2183/2857/223 2184/2858/224
f 2157/2832/200 2156/2831/199 2168/2859/225 2169/2860/226
f 2154/2847/214 2153/2846/213 2165/2861/227 2166/2862/228
f 2150/2849/210 2160/2848/215 2172/2855/221 2162/2863/211
f 2151/2850/216 2149/2842/209 2161/2845/212 2163/2864/229
f 2158/2851/217 2157/2832/200 2169/2860/226 2170/2865/230
f 2155/2852/218 2154/2847/214 2166/2862/228 2167/2866/231
f 2152/2853/219 2151/2850/216 2163/2864/229 2164/2867/232
f 2159/2854/220 2158/2851/217 2170/2865/230 2171/2856/471
f 2156/2831/199 2155/2852/218 2167/2866/231 2168/2859/225
f 2153/2846/213 2152/2853/219 2164/2867/232 2165/2861/227
f 2160/2848/215 2159/2854/220 2171/2856/471 2172/2855/221
f 2173/2868/233 2174/2869/234 2184/2870/224 2183/2871/223 2182/2872/472 2181/2873/236 2180/2874/237 2179/2875/238 2178/2876/239 2177/2877/240 2176/2878/241 2175/2879/242
f 2161/2845/212 2162/2844/211 2174/2880/234 2173/2881/233
f 2169/2860/226 2168/2859/225 2180/2882/237 2181/2883/236
f 2166/2862/228 2165/2861/227 2177/2884/240 2178/2885/239
f 2162/2863/211 2172/2855/221 2184/2858/224 2174/2886/234
f 2163/2864/229 2161/2845/212 2173/2881/233 2175/2887/242
f 2170/2865/230 2169/2860/226 2181/2883/236 2182/2888/472
f 2167/2866/231 2166/2862/228 2178/2885/239 2179/2889/238
f 2164/2867/232 2163/2864/229 2175/2887/242 2176/2890/241
f 2171/2856/471 2170/2865/230 2182/2888/472 2183/2857/223
f 2168/2859/225 2167/2866/231 2179/2889/238 2180/2882/237
f 2165/2861/227 2164/2867/232 2176/2890/241 2177/2884/240
f 2208/2891/1 2186/2892/2 2185/2893/2 2207/2894/1
f 2206/2895/3 2208/2891/1 2207/2894/1 2205/2896/3
f 2204/2897/4 2206/2895/3 2205/2896/3 2203/2898/4
f 2202/2899/5 2204/2897/4 2203/2898/4 2201/2900/5
f 2200/2901/6 2202/2899/5 2201/2900/5 2199/2902/6
f 2198/2903/7 2200/2901/6 2199/2902/6 2197/2904/7
f 2196/2905/8 2198/2903/7 2197/2904/7 2195/2906/8
f 2194/2907/9 2196/2905/8 2195/2906/8 2193/2908/9
f 2192/2909/10 2194/2907/9 2193/2908/9 2191/2910/10
f 2190/2911/11 2192/2909/10 2191/2910/10 2189/2912/11
f 2194/2907/12 2192/2909/12 2212/2913/12 2213/2914/12
f 2188/2915/13 2190/2911/11 2189/2912/11 2187/2916/13
f 2186/2917/2 2188/2915/13 2187/2916/13 2185/2918/2
f 2185/2919/12 2187/2920/12 2189/2921/12 2191/2922/12 2193/2923/12 2195/2924/12 2197/2925/12 2199/2926/12 2201/2927/12 2203/2928/12 2205/2929/12 2207/2930/12
f 2212/2913/1230 2211/2931/1231 2223/2932/1232 2224/2933/1233
f 2186/2892/12 2208/2891/12 2220/2934/12 2210/2935/12
f 2188/2915/12 2186/2917/12 2210/2936/12 2209/2937/12
f 2192/2909/12 2190/2911/12 2211/2931/12 2212/2913/12
f 2208/2891/12 2206/2895/12 2219/2938/12 2220/2934/12
f 2190/2911/12 2188/2915/12 2209/2937/12 2211/2931/12
f 2206/2895/12 2204/2897/12 2218/2939/12 2219/2938/12
f 2204/2897/12 2202/2899/12 2217/2940/12 2218/2939/12
f 2202/2899/12 2200/2901/12 2216/2941/12 2217/2940/12
f 2200/2901/12 2198/2903/12 2215/2942/12 2216/2941/12
f 2198/2903/12 2196/2905/12 2214/2943/12 2215/2942/12
f 2196/2905/12 2194/2907/12 2213/2914/12 2214/2943/12
f 2227/2944/1234 2226/2945/1235 2250/2946/1236 2251/2947/1237
f 2219/2938/1238 2218/2939/1239 2230/2948/1240 2231/2949/1241
f 2216/2941/1242 2215/2942/1243 2227/2944/1234 2228/2950/1244
f 2213/2914/1245 2212/2913/1230 2224/2933/1233 2225/2951/1246
f 2220/2934/1247 2219/2938/1238 2231/2949/1241 2232/2952/1248
f 2209/2937/1249 2210/2936/1250 2222/2953/1251 2221/2954/1252
f 2217/2940/1253 2216/2941/1242 2228/2950/1244 2229/2955/1254
f 2214/2943/1255 2213/2914/1245 2225/2951/1246 2226/2945/1235
f 2210/2935/1250 2220/2934/1247 2232/2952/1248 2222/2956/1251
f 2211/2931/1231 2209/2937/1249 2221/2954/1252 2223/2932/1232
f 2218/2939/1239 2217/2940/1253 2229/2955/1254 2230/2948/1240
f 2215/2942/1243 2214/2943/1255 2226/2945/1235 2227/2944/1234
f 2238/2957/8 2237/2958/9 2261/2959/1256 2262/2960/1257
f 2224/2933/1233 2223/2932/1232 2247/2961/1258 2248/2962/1259
f 2231/2949/1241 2230/2948/1240 2254/2963/1260 2255/2964/1261
f 2228/2950/1244 2227/2944/1234 2251/2947/1237 2252/2965/1262
f 2225/2951/1246 2224/2933/1233 2248/2962/1259 2249/2966/1263
f 2232/2952/1248 2231/2949/1241 2255/2964/1261 2256/2967/1264
f 2221/2954/1252 2222/2953/1251 2246/2968/1265 2245/2969/1266
f 2229/2955/1254 2228/2950/1244 2252/2965/1262 2253/2970/1267
f 2226/2945/1235 2225/2951/1246 2249/2966/1263 2250/2946/1236
f 2222/2956/1251 2232/2952/1248 2256/2967/1264 2246/2971/1265
f 2223/2932/1232 2221/2954/1252 2245/2969/1266 2247/2961/1258
f 2230/2948/1240 2229/2955/1254 2253/2970/1267 2254/2963/1260
f 2234/2972/52 2233/2973/52 2245/2969/1266 2246/2968/1265
f 2233/2973/52 2235/2974/52 2247/2961/1258 2245/2969/1266
f 2235/2974/52 2236/2975/52 2248/2962/1259 2247/2961/1258
f 2236/2975/52 2237/2958/52 2249/2966/1263 2248/2962/1259
f 2237/2958/52 2238/2957/52 2250/2946/1236 2249/2966/1263
f 2238/2957/52 2239/2976/52 2251/2947/1237 2250/2946/1236
f 2239/2976/52 2240/2977/52 2252/2965/1262 2251/2947/1237
f 2240/2977/52 2241/2978/52 2253/2970/1267 2252/2965/1262
f 2241/2978/52 2242/2979/52 2254/2963/1260 2253/2970/1267
f 2242/2979/52 2243/2980/52 2255/2964/1261 2254/2963/1260
f 2243/2980/52 2244/2981/52 2256/2967/1264 2255/2964/1261
f 2244/2981/52 2234/2982/52 2246/2971/1265 2256/2967/1264
f 2265/2983/1268 2264/2984/1269 2276/2985/1270 2277/2986/1271
f 2234/2982/2 2244/2981/1 2268/2987/1272 2258/2988/1273
f 2235/2974/11 2233/2973/13 2257/2989/1274 2259/2990/1275
f 2242/2979/4 2241/2978/5 2265/2983/1268 2266/2991/1276
f 2239/2976/7 2238/2957/8 2262/2960/1257 2263/2992/1277
f 2236/2975/10 2235/2974/11 2259/2990/1275 2260/2993/1278
f 2243/2980/3 2242/2979/4 2266/2991/1276 2267/2994/1279
f 2240/2977/6 2239/2976/7 2263/2992/1277 2264/2984/1269
f 2237/2958/9 2236/2975/10 2260/2993/1278 2261/2959/1256
f 2244/2981/1 2243/2980/3 2267/2994/1279 2268/2987/1272
f 2233/2973/13 2234/2972/2 2258/2995/1273 2257/2989/1274
f 2241/2978/5 2240/2977/6 2264/2984/1269 2265/2983/1268
f 2269/2996/1280 2270/2997/1281 2282/2998/1282 2281/2999/1283
f 2262/2960/1257 2261/2959/1256 2273/3000/1284 2274/3001/1285
f 2258/2988/1273 2268/2987/1272 2280/3002/1286 2270/3003/1281
f 2259/2990/1275 2257/2989/1274 2269/2996/1280 2271/3004/1287
f 2266/2991/1276 2265/2983/1268 2277/2986/1271 2278/3005/1288
f 2263/2992/1277 2262/2960/1257 2274/3001/1285 2275/3006/1289
f 2260/2993/1278 2259/2990/1275 2271/3004/1287 2272/3007/1290
f 2267/2994/1279 2266/2991/1276 2278/3005/1288 2279/3008/1291
f 2264/2984/1269 2263/2992/1277 2275/3006/1289 2276/2985/1270
f 2261/2959/1256 2260/2993/1278 2272/3007/1290 2273/3000/1284
f 2268/2987/1272 2267/2994/1279 2279/3008/1291 2280/3002/1286
f 2257/2989/1274 2258/2995/1273 2270/2997/1281 2269/2996/1280
f 2292/3009/1292 2291/3010/1293 2303/3011/1294 2304/3012/1295
f 2277/2986/1271 2276/2985/1270 2288/3013/1296 2289/3014/1297
f 2274/3001/1285 2273/3000/1284 2285/3015/1298 2286/3016/1299
f 2270/3003/1281 2280/3002/1286 2292/3009/1292 2282/3017/1282
f 2271/3004/1287 2269/2996/1280 2281/2999/1283 2283/3018/1300
f 2278/3005/1288 2277/2986/1271 2289/3014/1297 2290/3019/1301
f 2275/3006/1289 2274/3001/1285 2286/3016/1299 2287/3020/1302
f 2272/3007/1290 2271/3004/1287 2283/3018/1300 2284/3021/1303
f 2279/3008/1291 2278/3005/1288 2290/3019/1301 2291/3010/1293
f 2276/2985/1270 2275/3006/1289 2287/3020/1302 2288/3013/1296
f 2273/3000/1284 2272/3007/1290 2284/3021/1303 2285/3015/1298
f 2280/3002/1286 2279/3008/1291 2291/3010/1293 2292/3009/1292
f 2293/3022/1304 2294/3023/1305 2304/3024/1295 2303/3025/1294 2302/3026/1306 2301/3027/1307 2300/3028/1308 2299/3029/1309 2298/3030/1310 2297/3031/1311 2296/3032/1312 2295/3033/1313
f 2281/2999/1283 2282/2998/1282 2294/3034/1305 2293/3035/1304
f 2289/3014/1297 2288/3013/1296 2300/3036/1308 2301/3037/1307
f 2286/3016/1299 2285/3015/1298 2297/3038/1311 2298/3039/1310
f 2282/3017/1282 2292/3009/1292 2304/3012/1295 2294/3040/1305
f 2283/3018/1300 2281/2999/1283 2293/3035/1304 2295/3041/1313
f 2290/3019/1301 2289/3014/1297 2301/3037/1307 2302/3042/1306
f 2287/3020/1302 2286/3016/1299 2298/3039/1310 2299/3043/1309
f 2284/3021/1303 2283/3018/1300 2295/3041/1313 2296/3044/1312
f 2291/3010/1293 2290/3019/1301 2302/3042/1306 2303/3011/1294
f 2288/3013/1296 2287/3020/1302 2299/3043/1309 2300/3036/1308
f 2285/3015/1298 2284/3021/1303 2296/3044/1312 2297/3038/1311
f 2328/3045/1 2306/3046/2 2305/3047/2 2327/3048/1
f 2326/3049/3 2328/3045/1 2327/3048/1 2325/3050/3
f 2324/3051/4 2326/3049/3 2325/3050/3 2323/3052/4
f 2322/3053/5 2324/3051/4 2323/3052/4 2321/3054/5
f 2320/3055/6 2322/3053/5 2321/3054/5 2319/3056/6
f 2318/3057/7 2320/3055/6 2319/3056/6 2317/3058/7
f 2316/3059/8 2318/3057/7 2317/3058/7 2315/3060/8
f 2314/3061/9 2316/3059/8 2315/3060/8 2313/3062/9
f 2312/3063/10 2314/3061/9 2313/3062/9 2311/3064/10
f 2310/3065/11 2312/3063/10 2311/3064/10 2309/3066/11
f 2314/3061/12 2312/3063/12 2332/3067/12 2333/3068/12
f 2308/3069/13 2310/3065/11 2309/3066/11 2307/3070/13
f 2306/3071/2 2308/3069/13 2307/3070/13 2305/3072/2
f 2305/3073/12 2307/3074/12 2309/3075/12 2311/3076/12 2313/3077/12 2315/3078/12 2317/3079/12 2319/3080/12 2321/3081/12 2323/3082/12 2325/3083/12 2327/3084/12
f 2332/3067/1145 2331/3085/1146 2343/3086/1147 2344/3087/1148
f 2306/3046/12 2328/3045/12 2340/3088/12 2330/3089/12
f 2308/3069/12 2306/3071/12 2330/3090/12 2329/3091/12
f 2312/3063/12 2310/3065/12 2331/3085/12 2332/3067/12
f 2328/3045/12 2326/3049/12 2339/3092/12 2340/3088/12
f 2310/3065/12 2308/3069/12 2329/3091/12 2331/3085/12
f 2326/3049/12 2324/3051/12 2338/3093/12 2339/3092/12
f 2324/3051/12 2322/3053/12 2337/3094/12 2338/3093/12
f 2322/3053/12 2320/3055/12 2336/3095/12 2337/3094/12
f 2320/3055/12 2318/3057/12 2335/3096/12 2336/3095/12
f 2318/3057/12 2316/3059/12 2334/3097/12 2335/3096/12
f 2316/3059/12 2314/3061/12 2333/3068/12 2334/3097/12
f 2347/3098/1149 2346/3099/1150 2370/3100/1151 2371/3101/1152
f 2339/3092/1153 2338/3093/1154 2350/3102/1155 2351/3103/1156
f 2336/3095/1157 2335/3096/1158 2347/3098/1149 2348/3104/1159
f 2333/3068/1160 2332/3067/1145 2344/3087/1148 2345/3105/1161
f 2340/3088/1162 2339/3092/1153 2351/3103/1156 2352/3106/1163
f 2329/3091/1164 2330/3090/1165 2342/3107/1166 2341/3108/1167
f 2337/3094/1168 2336/3095/1157 2348/3104/1159 2349/3109/1169
f 2334/3097/1170 2333/3068/1160 2345/3105/1161 2346/3099/1150
f 2330/3089/1165 2340/3088/1162 2352/3106/1163 2342/3110/1166
f 2331/3085/1146 2329/3091/1164 2341/3108/1167 2343/3086/1147
f 2338/3093/1154 2337/3094/1168 2349/3109/1169 2350/3102/1155
f 2335/3096/1158 2334/3097/1170 2346/3099/1150 2347/3098/1149
f 2358/3111/8 2357/3112/9 2381/3113/1171 2382/3114/1172
f 2344/3087/1148 2343/3086/1147 2367/3115/1173 2368/3116/1174
f 2351/3103/1156 2350/3102/1155 2374/3117/1175 2375/3118/1176
f 2348/3104/1159 2347/3098/1149 2371/3101/1152 2372/3119/1177
f 2345/3105/1161 2344/3087/1148 2368/3116/1174 2369/3120/1178
f 2352/3106/1163 2351/3103/1156 2375/3118/1176 2376/3121/1179
f 2341/3108/1167 2342/3107/1166 2366/3122/1180 2365/3123/1181
f 2349/3109/1169 2348/3104/1159 2372/3119/1177 2373/3124/1182
f 2346/3099/1150 2345/3105/1161 2369/3120/1178 2370/3100/1151
f 2342/3110/1166 2352/3106/1163 2376/3121/1179 2366/3125/1180
f 2343/3086/1147 2341/3108/1167 2365/3123/1181 2367/3115/1173
f 2350/3102/1155 2349/3109/1169 2373/3124/1182 2374/3117/1175
f 2354/3126/52 2353/3127/52 2365/3123/1181 2366/3122/1180
f 2353/3127/52 2355/3128/52 2367/3115/1173 2365/3123/1181
f 2355/3128/52 2356/3129/52 2368/3116/1174 2367/3115/1173
f 2356/3129/52 2357/3112/52 2369/3120/1178 2368/3116/1174
f 2357/3112/52 2358/3111/52 2370/3100/1151 2369/3120/1178
f 2358/3111/52 2359/3130/52 2371/3101/1152 2370/3100/1151
f 2359/3130/52 2360/3131/52 2372/3119/1177 2371/3101/1152
f 2360/3131/52 2361/3132/52 2373/3124/1182 2372/3119/1177
f 2361/3132/52 2362/3133/52 2374/3117/1175 2373/3124/1182
f 2362/3133/52 2363/3134/52 2375/3118/1176 2374/3117/1175
f 2363/3134/52 2364/3135/52 2376/3121/1179 2375/3118/1176
f 2364/3135/52 2354/3136/52 2366/3125/1180 2376/3121/1179
f 2385/3137/1183 2384/3138/1184 2396/3139/1185 2397/3140/1186
f 2354/3136/2 2364/3135/1 2388/3141/1314 2378/3142/1188
f 2355/3128/11 2353/3127/13 2377/3143/1189 2379/3144/1190
f 2362/3133/4 2361/3132/5 2385/3137/1183 2386/3145/1191
f 2359/3130/7 2358/3111/8 2382/3114/1172 2383/3146/1192
f 2356/3129/10 2355/3128/11 2379/3144/1190 2380/3147/1193
f 2363/3134/3 2362/3133/4 2386/3145/1191 2387/3148/1194
f 2360/3131/6 2359/3130/7 2383/3146/1192 2384/3138/1184
f 2357/3112/9 2356/3129/10 2380/3147/1193 2381/3113/1171
f 2364/3135/1 2363/3134/3 2387/3148/1194 2388/3141/1314
f 2353/3127/13 2354/3126/2 2378/3149/1188 2377/3143/1189
f 2361/3132/5 2360/3131/6 2384/3138/1184 2385/3137/1183
f 2389/3150/1195 2390/3151/1196 2402/3152/1197 2401/3153/1198
f 2382/3114/1172 2381/3113/1171 2393/3154/1199 2394/3155/1200
f 2378/3142/1188 2388/3141/1314 2400/3156/1201 2390/3157/1196
f 2379/3144/1190 2377/3143/1189 2389/3150/1195 2391/3158/1202
f 2386/3145/1191 2385/3137/1183 2397/3140/1186 2398/3159/1203
f 2383/3146/1192 2382/3114/1172 2394/3155/1200 2395/3160/1204
f 2380/3147/1193 2379/3144/1190 2391/3158/1202 2392/3161/1205
f 2387/3148/1194 2386/3145/1191 2398/3159/1203 2399/3162/1206
f 2384/3138/1184 2383/3146/1192 2395/3160/1204 2396/3139/1185
f 2381/3113/1171 2380/3147/1193 2392/3161/1205 2393/3154/1199
f 2388/3141/1314 2387/3148/1194 2399/3162/1206 2400/3156/1201
f 2377/3143/1189 2378/3149/1188 2390/3151/1196 2389/3150/1195
f 2412/3163/1207 2411/3164/1208 2423/3165/1209 2424/3166/1210
f 2397/3140/1186 2396/3139/1185 2408/3167/1211 2409/3168/1212
f 2394/3155/1200 2393/3154/1199 2405/3169/1213 2406/3170/1214
f 2390/3157/1196 2400/3156/1201 2412/3163/1207 2402/3171/1197
f 2391/3158/1202 2389/3150/1195 2401/3153/1198 2403/3172/1215
f 2398/3159/1203 2397/3140/1186 2409/3168/1212 2410/3173/1216
f 2395/3160/1204 2394/3155/1200 2406/3170/1214 2407/3174/1217
f 2392/3161/1205 2391/3158/1202 2403/3172/1215 2404/3175/1218
f 2399/3162/1206 2398/3159/1203 2410/3173/1216 2411/3164/1208
f 2396/3139/1185 2395/3160/1204 2407/3174/1217 2408/3167/1211
f 2393/3154/1199 2392/3161/1205 2404/3175/1218 2405/3169/1213
f 2400/3156/1201 2399/3162/1206 2411/3164/1208 2412/3163/1207
f 2413/3176/1219 2414/3177/1220 2424/3178/1210 2423/3179/1209 2422/3180/1221 2421/3181/1222 2420/3182/1223 2419/3183/1224 2418/3184/1225 2417/3185/1226 2416/3186/1227 2415/3187/1228
f 2401/3153/1198 2402/3152/1197 2414/3188/1220 2413/3189/1219
f 2409/3168/1212 2408/3167/1211 2420/3190/1223 2421/3191/1222
f 2406/3170/1214 2405/3169/1213 2417/3192/1226 2418/3193/1225
f 2402/3171/1197 2412/3163/1207 2424/3166/1210 2414/3194/1220
f 2403/3172/1215 2401/3153/1198 2413/3189/1219 2415/3195/1228
f 2410/3173/1216 2409/3168/1212 2421/3191/1222 2422/3196/1221
f 2407/3174/1217 2406/3170/1214 2418/3193/1225 2419/3197/1224
f 2404/3175/1218 2403/3172/1215 2415/3195/1228 2416/3198/1227
f 2411/3164/1208 2410/3173/1216 2422/3196/1221 2423/3165/1209
f 2408/3167/1211 2407/3174/1217 2419/3197/1224 2420/3190/1223
f 2405/3169/1213 2404/3175/1218 2416/3198/1227 2417/3192/1226
f 2448/3199/1 2426/3200/2 2425/3201/2 2447/3202/1
f 2446/3203/3 2448/3199/1 2447/3202/1 2445/3204/3
f 2444/3205/4 2446/3203/3 2445/3204/3 2443/3206/4
f 2442/3207/5 2444/3205/4 2443/3206/4 2441/3208/5
f 2440/3209/6 2442/3207/5 2441/3208/5 2439/3210/6
f 2438/3211/7 2440/3209/6 2439/3210/6 2437/3212/7
f 2436/3213/8 2438/3211/7 2437/3212/7 2435/3214/8
f 2434/3215/9 2436/3213/8 2435/3214/8 2433/3216/9
f 2432/3217/10 2434/3215/9 2433/3216/9 2431/3218/10
f 2430/3219/11 2432/3217/10 2431/3218/10 2429/3220/11
f 2434/3215/12 2432/3217/12 2452/3221/12 2453/3222/12
f 2428/3223/13 2430/3219/11 2429/3220/11 2427/3224/13
f 2426/3225/2 2428/3223/13 2427/3224/13 2425/3226/2
f 2425/3227/12 2427/3228/12 2429/3229/12 2431/3230/12 2433/3231/12 2435/3232/12 2437/3233/12 2439/3234/12 2441/3235/12 2443/3236/12 2445/3237/12 2447/3238/12
f 2452/3221/159 2451/3239/160 2463/3240/161 2464/3241/162
f 2426/3200/12 2448/3199/12 2460/3242/12 2450/3243/12
f 2428/3223/12 2426/3225/12 2450/3244/12 2449/3245/12
f 2432/3217/12 2430/3219/12 2451/3239/12 2452/3221/12
f 2448/3199/12 2446/3203/12 2459/3246/12 2460/3242/12
f 2430/3219/12 2428/3223/12 2449/3245/12 2451/3239/12
f 2446/3203/12 2444/3205/12 2458/3247/12 2459/3246/12
f 2444/3205/12 2442/3207/12 2457/3248/12 2458/3247/12
f 2442/3207/12 2440/3209/12 2456/3249/12 2457/3248/12
f 2440/3209/12 2438/3211/12 2455/3250/12 2456/3249/12
f 2438/3211/12 2436/3213/12 2454/3251/12 2455/3250/12
f 2436/3213/12 2434/3215/12 2453/3222/12 2454/3251/12
f 2467/3252/163 2466/3253/164 2490/3254/165 2491/3255/166
f 2459/3246/167 2458/3247/168 2470/3256/169 2471/3257/170
f 2456/3249/171 2455/3250/172 2467/3252/163 2468/3258/173
f 2453/3222/174 2452/3221/159 2464/3241/162 2465/3259/175
f 2460/3242/176 2459/3246/167 2471/3257/170 2472/3260/177
f 2449/3245/178 2450/3244/179 2462/3261/180 2461/3262/181
f 2457/3248/182 2456/3249/171 2468/3258/173 2469/3263/183
f 2454/3251/184 2453/3222/174 2465/3259/175 2466/3253/164
f 2450/3243/179 2460/3242/176 2472/3260/177 2462/3264/180
f 2451/3239/160 2449/3245/178 2461/3262/181 2463/3240/161
f 2458/3247/168 2457/3248/182 2469/3263/183 2470/3256/169
f 2455/3250/172 2454/3251/184 2466/3253/164 2467/3252/163
f 2478/3265/8 2477/3266/9 2501/3267/185 2502/3268/186
f 2464/3241/162 2463/3240/161 2487/3269/187 2488/3270/188
f 2471/3257/170 2470/3256/169 2494/3271/189 2495/3272/190
f 2468/3258/173 2467/3252/163 2491/3255/166 2492/3273/191
f 2465/3259/175 2464/3241/162 2488/3270/188 2489/3274/192
f 2472/3260/177 2471/3257/170 2495/3272/190 2496/3275/193
f 2461/3262/181 2462/3261/180 2486/3276/194 2485/3277/195
f 2469/3263/183 2468/3258/173 2492/3273/191 2493/3278/196
f 2466/3253/164 2465/3259/175 2489/3274/192 2490/3254/165
f 2462/3264/180 2472/3260/177 2496/3275/193 2486/3279/194
f 2463/3240/161 2461/3262/181 2485/3277/195 2487/3269/187
f 2470/3256/169 2469/3263/183 2493/3278/196 2494/3271/189
f 2474/3280/52 2473/3281/52 2485/3277/195 2486/3276/194
f 2473/3281/52 2475/3282/52 2487/3269/187 2485/3277/195
f 2475/3282/52 2476/3283/52 2488/3270/188 2487/3269/187
f 2476/3283/52 2477/3266/52 2489/3274/192 2488/3270/188
f 2477/3266/52 2478/3265/52 2490/3254/165 2489/3274/192
f 2478/3265/52 2479/3284/52 2491/3255/166 2490/3254/165
f 2479/3284/52 2480/3285/52 2492/3273/191 2491/3255/166
f 2480/3285/52 2481/3286/52 2493/3278/196 2492/3273/191
f 2481/3286/52 2482/3287/52 2494/3271/189 2493/3278/196
f 2482/3287/52 2483/3288/52 2495/3272/190 2494/3271/189
f 2483/3288/52 2484/3289/52 2496/3275/193 2495/3272/190
f 2484/3289/52 2474/3290/52 2486/3279/194 2496/3275/193
f 2505/3291/197 2504/3292/198 2516/3293/199 2517/3294/200
f 2474/3290/2 2484/3289/1 2508/3295/201 2498/3296/202
f 2475/3282/11 2473/3281/13 2497/3297/203 2499/3298/204
f 2482/3287/4 2481/3286/5 2505/3291/197 2506/3299/205
f 2479/3284/7 2478/3265/8 2502/3268/186 2503/3300/206
f 2476/3283/10 2475/3282/11 2499/3298/204 2500/3301/207
f 2483/3288/3 2482/3287/4 2506/3299/205 2507/3302/208
f 2480/3285/6 2479/3284/7 2503/3300/206 2504/3292/198
f 2477/3266/9 2476/3283/10 2500/3301/207 2501/3267/185
f 2484/3289/1 2483/3288/3 2507/3302/208 2508/3295/201
f 2473/3281/13 2474/3280/2 2498/3303/202 2497/3297/203
f 2481/3286/5 2480/3285/6 2504/3292/198 2505/3291/197
f 2509/3304/209 2510/3305/210 2522/3306/211 2521/3307/212
f 2502/3268/186 2501/3267/185 2513/3308/213 2514/3309/214
f 2498/3296/202 2508/3295/201 2520/3310/215 2510/3311/210
f 2499/3298/204 2497/3297/203 2509/3304/209 2511/3312/216
f 2506/3299/205 2505/3291/197 2517/3294/200 2518/3313/217
f 2503/3300/206 2502/3268/186 2514/3309/214 2515/3314/218
f 2500/3301/207 2499/3298/204 2511/3312/216 2512/3315/219
f 2507/3302/208 2506/3299/205 2518/3313/217 2519/3316/220
f 2504/3292/198 2503/3300/206 2515/3314/218 2516/3293/199
f 2501/3267/185 2500/3301/207 2512/3315/219 2513/3308/213
f 2508/3295/201 2507/3302/208 2519/3316/220 2520/3310/215
f 2497/3297/203 2498/3303/202 2510/3305/210 2509/3304/209
f 2532/3317/221 2531/3318/471 2543/3319/223 2544/3320/224
f 2517/3294/200 2516/3293/199 2528/3321/225 2529/3322/226
f 2514/3309/214 2513/3308/213 2525/3323/227 2526/3324/228
f 2510/3311/210 2520/3310/215 2532/3317/221 2522/3325/211
f 2511/3312/216 2509/3304/209 2521/3307/212 2523/3326/229
f 2518/3313/217 2517/3294/200 2529/3322/226 2530/3327/230
f 2515/3314/218 2514/3309/214 2526/3324/228 2527/3328/231
f 2512/3315/219 2511/3312/216 2523/3326/229 2524/3329/232
f 2519/3316/220 2518/3313/217 2530/3327/230 2531/3318/471
f 2516/3293/199 2515/3314/218 2527/3328/231 2528/3321/225
f 2513/3308/213 2512/3315/219 2524/3329/232 2525/3323/227
f 2520/3310/215 2519/3316/220 2531/3318/471 2532/3317/221
f 2533/3330/233 2534/3331/234 2544/3332/224 2543/3333/223 2542/3334/472 2541/3335/236 2540/3336/237 2539/3337/238 2538/3338/239 2537/3339/240 2536/3340/241 2535/3341/242
f 2521/3307/212 2522/3306/211 2534/3342/234 2533/3343/233
f 2529/3322/226 2528/3321/225 2540/3344/237 2541/3345/236
f 2526/3324/228 2525/3323/227 2537/3346/240 2538/3347/239
f 2522/3325/211 2532/3317/221 2544/3320/224 2534/3348/234
f 2523/3326/229 2521/3307/212 2533/3343/233 2535/3349/242
f 2530/3327/230 2529/3322/226 2541/3345/236 2542/3350/472
f 2527/3328/231 2526/3324/228 2538/3347/239 2539/3351/238
f 2524/3329/232 2523/3326/229 2535/3349/242 2536/3352/241
f 2531/3318/471 2530/3327/230 2542/3350/472 2543/3319/223
f 2528/3321/225 2527/3328/231 2539/3351/238 2540/3344/237
f 2525/3323/227 2524/3329/232 2536/3352/241 2537/3346/240
f 2568/3353/1 2546/3354/2 2545/3355/2 2567/3356/1
f 2566/3357/3 2568/3353/1 2567/3356/1 2565/3358/3
f 2564/3359/4 2566/3357/3 2565/3358/3 2563/3360/4
f 2562/3361/5 2564/3359/4 2563/3360/4 2561/3362/5
f 2560/3363/6 2562/3361/5 2561/3362/5 2559/3364/6
f 2558/3365/7 2560/3363/6 2559/3364/6 2557/3366/7
f 2556/3367/8 2558/3365/7 2557/3366/7 2555/3368/8
f 2554/3369/9 2556/3367/8 2555/3368/8 2553/3370/9
f 2552/3371/10 2554/3369/9 2553/3370/9 2551/3372/10
f 2550/3373/11 2552/3371/10 2551/3372/10 2549/3374/11
f 2554/3369/12 2552/3371/12 2572/3375/12 2573/3376/12
f 2548/3377/13 2550/3373/11 2549/3374/11 2547/3378/13
f 2546/3379/2 2548/3377/13 2547/3378/13 2545/3380/2
f 2545/3381/12 2547/3382/12 2549/3383/12 2551/3384/12 2553/3385/12 2555/3386/12 2557/3387/12 2559/3388/12 2561/3389/12 2563/3390/12 2565/3391/12 2567/3392/12
f 2572/3375/159 2571/3393/160 2583/3394/161 2584/3395/162
f 2546/3354/12 2568/3353/12 2580/3396/12 2570/3397/12
f 2548/3377/12 2546/3379/12 2570/3398/12 2569/3399/12
f 2552/3371/12 2550/3373/12 2571/3393/12 2572/3375/12
f 2568/3353/12 2566/3357/12 2579/3400/12 2580/3396/12
f 2550/3373/12 2548/3377/12 2569/3399/12 2571/3393/12
f 2566/3357/12 2564/3359/12 2578/3401/12 2579/3400/12
f 2564/3359/12 2562/3361/12 2577/3402/12 2578/3401/12
f 2562/3361/12 2560/3363/12 2576/3403/12 2577/3402/12
f 2560/3363/12 2558/3365/12 2575/3404/12 2576/3403/12
f 2558/3365/12 2556/3367/12 2574/3405/12 2575/3404/12
f 2556/3367/12 2554/3369/12 2573/3376/12 2574/3405/12
f 2587/3406/163 2586/3407/164 2610/3408/165 2611/3409/166
f 2579/3400/167 2578/3401/168 2590/3410/169 2591/3411/170
f 2576/3403/171 2575/3404/172 2587/3406/163 2588/3412/173
f 2573/3376/174 2572/3375/159 2584/3395/162 2585/3413/175
f 2580/3396/176 2579/3400/167 2591/3411/170 2592/3414/177
f 2569/3399/178 2570/3398/179 2582/3415/180 2581/3416/181
f 2577/3402/182 2576/3403/171 2588/3412/173 2589/3417/183
f 2574/3405/184 2573/3376/174 2585/3413/175 2586/3407/164
f 2570/3397/179 2580/3396/176 2592/3414/177 2582/3418/180
f 2571/3393/160 2569/3399/178 2581/3416/181 2583/3394/161
f 2578/3401/168 2577/3402/182 2589/3417/183 2590/3410/169
f 2575/3404/172 2574/3405/184 2586/3407/164 2587/3406/163
f 2598/3419/8 2597/3420/9 2621/3421/185 2622/3422/186
f 2584/3395/162 2583/3394/161 2607/3423/187 2608/3424/188
f 2591/3411/170 2590/3410/169 2614/3425/189 2615/3426/190
f 2588/3412/173 2587/3406/163 2611/3409/166 2612/3427/191
f 2585/3413/175 2584/3395/162 2608/3424/188 2609/3428/192
f 2592/3414/177 2591/3411/170 2615/3426/190 2616/3429/193
f 2581/3416/181 2582/3415/180 2606/3430/194 2605/3431/195
f 2589/3417/183 2588/3412/173 2612/3427/191 2613/3432/196
f 2586/3407/164 2585/3413/175 2609/3428/192 2610/3408/165
f 2582/3418/180 2592/3414/177 2616/3429/193 2606/3433/194
f 2583/3394/161 2581/3416/181 2605/3431/195 2607/3423/187
f 2590/3410/169 2589/3417/183 2613/3432/196 2614/3425/189
f 2594/3434/52 2593/3435/52 2605/3431/195 2606/3430/194
f 2593/3435/52 2595/3436/52 2607/3423/187 2605/3431/195
f 2595/3436/52 2596/3437/52 2608/3424/188 2607/3423/187
f 2596/3437/52 2597/3420/52 2609/3428/192 2608/3424/188
f 2597/3420/52 2598/3419/52 2610/3408/165 2609/3428/192
f 2598/3419/52 2599/3438/52 2611/3409/166 2610/3408/165
f 2599/3438/52 2600/3439/52 2612/3427/191 2611/3409/166
f 2600/3439/52 2601/3440/52 2613/3432/196 2612/3427/191
f 2601/3440/52 2602/3441/52 2614/3425/189 2613/3432/196
f 2602/3441/52 2603/3442/52 2615/3426/190 2614/3425/189
f 2603/3442/52 2604/3443/52 2616/3429/193 2615/3426/190
f 2604/3443/52 2594/3444/52 2606/3433/194 2616/3429/193
f 2625/3445/197 2624/3446/198 2636/3447/199 2637/3448/200
f 2594/3444/2 2604/3443/1 2628/3449/201 2618/3450/202
f 2595/3436/11 2593/3435/13 2617/3451/203 2619/3452/204
f 2602/3441/4 2601/3440/5 2625/3445/197 2626/3453/205
f 2599/3438/7 2598/3419/8 2622/3422/186 2623/3454/206
f 2596/3437/10 2595/3436/11 2619/3452/204 2620/3455/207
f 2603/3442/3 2602/3441/4 2626/3453/205 2627/3456/208
f 2600/3439/6 2599/3438/7 2623/3454/206 2624/3446/198
f 2597/3420/9 2596/3437/10 2620/3455/207 2621/3421/185
f 2604/3443/1 2603/3442/3 2627/3456/208 2628/3449/201
f 2593/3435/13 2594/3434/2 2618/3457/202 2617/3451/203
f 2601/3440/5 2600/3439/6 2624/3446/198 2625/3445/197
f 2629/3458/209 2630/3459/210 2642/3460/211 2641/3461/212
f 2622/3422/186 2621/3421/185 2633/3462/213 2634/3463/214
f 2618/3450/202 2628/3449/201 2640/3464/215 2630/3465/210
f 2619/3452/204 2617/3451/203 2629/3458/209 2631/3466/216
f 2626/3453/205 2625/3445/197 2637/3448/200 2638/3467/217
f 2623/3454/206 2622/3422/186 2634/3463/214 2635/3468/218
f 2620/3455/207 2619/3452/204 2631/3466/216 2632/3469/219
f 2627/3456/208 2626/3453/205 2638/3467/217 2639/3470/220
f 2624/3446/198 2623/3454/206 2635/3468/218 2636/3447/199
f 2621/3421/185 2620/3455/207 2632/3469/219 2633/3462/213
f 2628/3449/201 2627/3456/208 2639/3470/220 2640/3464/215
f 2617/3451/203 2618/3457/202 2630/3459/210 2629/3458/209
f 2652/3471/221 2651/3472/471 2663/3473/223 2664/3474/224
f 2637/3448/200 2636/3447/199 2648/3475/225 2649/3476/226
f 2634/3463/214 2633/3462/213 2645/3477/227 2646/3478/228
f 2630/3465/210 2640/3464/215 2652/3471/221 2642/3479/211
f 2631/3466/216 2629/3458/209 2641/3461/212 2643/3480/229
f 2638/3467/217 2637/3448/200 2649/3476/226 2650/3481/230
f 2635/3468/218 2634/3463/214 2646/3478/228 2647/3482/231
f 2632/3469/219 2631/3466/216 2643/3480/229 2644/3483/232
f 2639/3470/220 2638/3467/217 2650/3481/230 2651/3472/471
f 2636/3447/199 2635/3468/218 2647/3482/231 2648/3475/225
f 2633/3462/213 2632/3469/219 2644/3483/232 2645/3477/227
f 2640/3464/215 2639/3470/220 2651/3472/471 2652/3471/221
f 2653/3484/233 2654/3485/234 2664/3486/224 2663/3487/223 2662/3488/472 2661/3489/236 2660/3490/237 2659/3491/238 2658/3492/239 2657/3493/240 2656/3494/241 2655/3495/242
f 2641/3461/212 2642/3460/211 2654/3496/234 2653/3497/233
f 2649/3476/226 2648/3475/225 2660/3498/237 2661/3499/236
f 2646/3478/228 2645/3477/227 2657/3500/240 2658/3501/239
f 2642/3479/211 2652/3471/221 2664/3474/224 2654/3502/234
f 2643/3480/229 2641/3461/212 2653/3497/233 2655/3503/242
f 2650/3481/230 2649/3476/226 2661/3499/236 2662/3504/472
f 2647/3482/231 2646/3478/228 2658/3501/239 2659/3505/238
f 2644/3483/232 2643/3480/229 2655/3503/242 2656/3506/241
f 2651/3472/471 2650/3481/230 2662/3504/472 2663/3473/223
f 2648/3475/225 2647/3482/231 2659/3505/238 2660/3498/237
f 2645/3477/227 2644/3483/232 2656/3506/241 2657/3500/240
f 2665/3507/1315 2667/3508/1316 2668/3509/1317 2666/3510/1318
f 2667/3508/1316 2669/3511/1319 2700/3512/1320 2668/3509/1317
f 2669/3513/1319 2670/3514/1321 2699/3515/1322 2700/3516/1320
f 2670/3514/1321 2671/3517/1323 2672/3518/1324 2699/3515/1322
f 2671/3517/1323 2673/3519/1325 2674/3520/1326 2672/3518/1324
f 2673/3519/1325 2675/3521/1327 2676/3522/1328 2674/3520/1326
f 2675/3521/1327 2677/3523/1329 2678/3524/1330 2676/3522/1328
f 2677/3523/1329 2679/3525/1331 2680/3526/1332 2678/3524/1330
f 2679/3525/1331 2681/3527/1333 2682/3528/1334 2680/3526/1332
f 2681/3527/1333 2683/3529/1335 2684/3530/1336 2682/3528/1334
f 2683/3529/1335 2685/3531/1337 2686/3532/1338 2684/3530/1336
f 2685/3531/1337 2665/3507/1315 2666/3510/1318 2686/3532/1338
f 2665/3533/1315 2685/3534/1337 2683/3535/1335 2681/3536/1333 2679/3537/1331 2677/3538/1329 2675/3539/1327 2673/3540/1325 2671/3541/1323 2670/3542/1321 2669/3543/1319 2667/3544/1316
f 2686/3532/1338 2698/3545/1339 2697/3546/1340 2684/3530/1336
f 2700/3512/1320 2689/3547/1341 2687/3548/1342 2668/3509/1317
f 2684/3530/1336 2697/3546/1340 2696/3549/1343 2682/3528/1334
f 2682/3528/1334 2696/3549/1343 2695/3550/1344 2680/3526/1332
f 2680/3526/1332 2695/3550/1344 2694/3551/1345 2678/3524/1330
f 2678/3524/1330 2694/3551/1345 2693/3552/1346 2676/3522/1328
f 2676/3522/1328 2693/3552/1346 2692/3553/1347 2674/3520/1326
f 2674/3520/1326 2692/3553/1347 2691/3554/1348 2672/3518/1324
f 2672/3518/1324 2691/3554/1348 2690/3555/1349 2699/3515/1322
f 2666/3510/1318 2688/3556/1350 2698/3545/1339 2686/3532/1338
f 2668/3509/1317 2687/3548/1342 2688/3556/1350 2666/3510/1318
f 2699/3515/1322 2690/3555/1349 2689/3557/1341 2700/3516/1320
f 2701/3558/1351 2704/3559/1352 2703/3560/1353 2702/3561/1354
f 2702/3561/1354 2703/3560/1353 2706/3562/1355 2705/3563/1356
f 2705/3564/1356 2706/3565/1355 2708/3566/1357 2707/3567/1358
f 2707/3567/1358 2708/3566/1357 2710/3568/1359 2709/3569/1360
f 2709/3569/1360 2710/3568/1359 2712/3570/1361 2711/3571/1362
f 2711/3571/1362 2712/3570/1361 2714/3572/1363 2713/3573/1364
f 2713/3573/1364 2714/3572/1363 2716/3574/1365 2715/3575/1366
f 2715/3575/1366 2716/3574/1365 2718/3576/1367 2717/3577/1368
f 2717/3577/1368 2718/3576/1367 2720/3578/1369 2719/3579/1370
f 2719/3579/1370 2720/3578/1369 2722/3580/1371 2721/3581/1372
f 2721/3581/1372 2722/3580/1371 2724/3582/1373 2723/3583/1374
f 2723/3583/1374 2724/3582/1373 2704/3559/1352 2701/3558/1351
f 2701/3584/1351 2702/3585/1354 2705/3586/1356 2707/3587/1358 2709/3588/1360 2711/3589/1362 2713/3590/1364 2715/3591/1366 2717/3592/1368 2719/3593/1370 2721/3594/1372 2723/3595/1374
f 2724/3582/1373 2722/3580/1371 2735/3596/1375 2736/3597/1376
f 2706/3562/1355 2703/3560/1353 2725/3598/1377 2727/3599/1378
f 2722/3580/1371 2720/3578/1369 2734/3600/1379 2735/3596/1375
f 2720/3578/1369 2718/3576/1367 2733/3601/1380 2734/3600/1379
f 2718/3576/1367 2716/3574/1365 2732/3602/1381 2733/3601/1380
f 2716/3574/1365 2714/3572/1363 2731/3603/1382 2732/3602/1381
f 2714/3572/1363 2712/3570/1361 2730/3604/1383 2731/3603/1382
f 2712/3570/1361 2710/3568/1359 2728/3605/1384 2730/3604/1383
f 2710/3568/1359 2708/3566/1357 2729/3606/1385 2728/3605/1384
f 2704/3559/1352 2724/3582/1373 2736/3597/1376 2726/3607/1386
f 2703/3560/1353 2704/3559/1352 2726/3607/1386 2725/3598/1377
f 2708/3566/1357 2706/3565/1355 2727/3608/1378 2729/3606/1385
f 2688/3609/1350 2687/3610/1342 2725/3598/1377 2726/3607/1386
f 2695/3611/1344 2696/3612/1343 2734/3600/1379 2733/3601/1380
f 2692/3613/1347 2693/3614/1346 2731/3603/1382 2730/3604/1383
f 2687/3610/1342 2689/3615/1341 2727/3599/1378 2725/3598/1377
f 2696/3612/1343 2697/3616/1340 2735/3596/1375 2734/3600/1379
f 2693/3614/1346 2694/3617/1345 2732/3602/1381 2731/3603/1382
f 2690/3618/1349 2691/3619/1348 2728/3605/1384 2729/3606/1385
f 2697/3616/1340 2698/3620/1339 2736/3597/1376 2735/3596/1375
f 2689/3621/1341 2690/3618/1349 2729/3606/1385 2727/3608/1378
f 2694/3617/1345 2695/3611/1344 2733/3601/1380 2732/3602/1381
f 2691/3619/1348 2692/3613/1347 2730/3604/1383 2728/3605/1384
f 2698/3620/1339 2688/3609/1350 2726/3607/1386 2736/3597/1376
f 2737/3622/1387 2739/3623/1388 2740/3624/1389 2738/3625/1390
f 2739/3623/1388 2741/3626/1391 2772/3627/1392 2740/3624/1389
f 2741/3628/1391 2742/3629/1393 2771/3630/1394 2772/3631/1392
f 2742/3629/1393 2743/3632/1395 2744/3633/1396 2771/3630/1394
f 2743/3632/1395 2745/3634/1397 2746/3635/1398 2744/3633/1396
f 2745/3634/1397 2747/3636/1399 2748/3637/1400 2746/3635/1398
f 2747/3636/1399 2749/3638/1401 2750/3639/1402 2748/3637/1400
f 2749/3638/1401 2751/3640/1403 2752/3641/1404 2750/3639/1402
f 2751/3640/1403 2753/3642/1405 2754/3643/1406 2752/3641/1404
f 2753/3642/1405 2755/3644/1407 2756/3645/1408 2754/3643/1406
f 2755/3644/1407 2757/3646/1409 2758/3647/1410 2756/3645/1408
f 2757/3646/1409 2737/3622/1387 2738/3625/1390 2758/3647/1410
f 2737/3648/1387 2757/3649/1409 2755/3650/1407 2753/3651/1405 2751/3652/1403 2749/3653/1401 2747/3654/1399 2745/3655/1397 2743/3656/1395 2742/3657/1393 2741/3658/1391 2739/3659/1388
f 2758/3647/1410 2770/3660/1411 2769/3661/1412 2756/3645/1408
f 2772/3627/1392 2761/3662/1413 2759/3663/1414 2740/3624/1389
f 2756/3645/1408 2769/3661/1412 2768/3664/1415 2754/3643/1406
f 2754/3643/1406 2768/3664/1415 2767/3665/1416 2752/3641/1404
f 2752/3641/1404 2767/3665/1416 2766/3666/1417 2750/3639/1402
f 2750/3639/1402 2766/3666/1417 2765/3667/1418 2748/3637/1400
f 2748/3637/1400 2765/3667/1418 2764/3668/1419 2746/3635/1398
f 2746/3635/1398 2764/3668/1419 2763/3669/1420 2744/3633/1396
f 2744/3633/1396 2763/3669/1420 2762/3670/1421 2771/3630/1394
f 2738/3625/1390 2760/3671/1422 2770/3660/1411 2758/3647/1410
f 2740/3624/1389 2759/3663/1414 2760/3671/1422 2738/3625/1390
f 2771/3630/1394 2762/3670/1421 2761/3672/1413 2772/3631/1392
f 2773/3673/1423 2776/3674/1424 2775/3675/1425 2774/3676/1426
f 2774/3676/1426 2775/3675/1425 2778/3677/1427 2777/3678/1428
f 2777/3679/1428 2778/3680/1427 2780/3681/1429 2779/3682/1430
f 2779/3682/1430 2780/3681/1429 2782/3683/1431 2781/3684/1432
f 2781/3684/1432 2782/3683/1431 2784/3685/1433 2783/3686/1434
f 2783/3686/1434 2784/3685/1433 2786/3687/1435 2785/3688/1436
f 2785/3688/1436 2786/3687/1435 2788/3689/1437 2787/3690/1438
f 2787/3690/1438 2788/3689/1437 2790/3691/1439 2789/3692/1440
f 2789/3692/1440 2790/3691/1439 2792/3693/1441 2791/3694/1442
f 2791/3694/1442 2792/3693/1441 2794/3695/1443 2793/3696/1444
f 2793/3696/1444 2794/3695/1443 2796/3697/1445 2795/3698/1446
f 2795/3698/1446 2796/3697/1445 2776/3674/1424 2773/3673/1423
f 2773/3699/1423 2774/3700/1426 2777/3701/1428 2779/3702/1430 2781/3703/1432 2783/3704/1434 2785/3705/1436 2787/3706/1438 2789/3707/1440 2791/3708/1442 2793/3709/1444 2795/3710/1446
f 2796/3697/1445 2794/3695/1443 2807/3711/1447 2808/3712/1448
f 2778/3677/1427 2775/3675/1425 2797/3713/1449 2799/3714/1450
f 2794/3695/1443 2792/3693/1441 2806/3715/1451 2807/3711/1447
f 2792/3693/1441 2790/3691/1439 2805/3716/1452 2806/3715/1451
f 2790/3691/1439 2788/3689/1437 2804/3717/1453 2805/3716/1452
f 2788/3689/1437 2786/3687/1435 2803/3718/1454 2804/3717/1453
f 2786/3687/1435 2784/3685/1433 2802/3719/1455 2803/3718/1454
f 2784/3685/1433 2782/3683/1431 2800/3720/1456 2802/3719/1455
f 2782/3683/1431 2780/3681/1429 2801/3721/1457 2800/3720/1456
f 2776/3674/1424 2796/3697/1445 2808/3712/1448 2798/3722/1458
f 2775/3675/1425 2776/3674/1424 2798/3722/1458 2797/3713/1449
f 2780/3681/1429 2778/3680/1427 2799/3723/1450 2801/3721/1457
f 2760/3724/1422 2759/3725/1414 2797/3713/1449 2798/3722/1458
f 2767/3726/1416 2768/3727/1415 2806/3715/1451 2805/3716/1452
f 2764/3728/1419 2765/3729/1418 2803/3718/1454 2802/3719/1455
f 2759/3725/1414 2761/3730/1413 2799/3714/1450 2797/3713/1449
f 2768/3727/1415 2769/3731/1412 2807/3711/1447 2806/3715/1451
f 2765/3729/1418 2766/3732/1417 2804/3717/1453 2803/3718/1454
f 2762/3733/1421 2763/3734/1420 2800/3720/1456 2801/3721/1457
f 2769/3731/1412 2770/3735/1411 2808/3712/1448 2807/3711/1447
f 2761/3736/1413 2762/3733/1421 2801/3721/1457 2799/3723/1450
f 2766/3732/1417 2767/3726/1416 2805/3716/1452 2804/3717/1453
f 2763/3734/1420 2764/3728/1419 2802/3719/1455 2800/3720/1456
f 2770/3735/1411 2760/3724/1422 2798/3722/1458 2808/3712/1448
f 2953/3737/1459 2810/3738/1460 2812/3739/1461 2954/3740/1462
f 2954/3741/1462 2812/3742/1461 2814/3743/1463 2955/3744/1464
f 2955/3744/1464 2814/3743/1463 2816/3745/1465 2956/3746/1466
f 2956/3746/1466 2816/3745/1465 2818/3747/1467 2957/3748/1468
f 2957/3748/1468 2818/3747/1467 2820/3749/1469 2958/3750/1470
f 2958/3750/1470 2820/3749/1469 2822/3751/1471 2959/3752/1472
f 2959/3752/1472 2822/3751/1471 2824/3753/1473 2960/3754/1474
f 2960/3754/1474 2824/3753/1473 2826/3755/1475 2961/3756/1476
f 2961/3756/1476 2826/3755/1475 2828/3757/1477 2962/3758/1478
f 2962/3758/1478 2828/3757/1477 2830/3759/1479 2963/3760/1480
f 2818/3747/12 2816/3745/12 2860/3761/12 2861/3762/12
f 2963/3760/1480 2830/3759/1479 2832/3763/1481 2964/3764/1482
f 2964/3764/1482 2832/3763/1481 2810/3738/1460 2953/3737/1459
f 2809/3765/12 2811/3766/12 2813/3767/12 2815/3768/12 2817/3769/12 2819/3770/12 2821/3771/12 2823/3772/12 2825/3773/12 2827/3774/12 2829/3775/12 2831/3776/12
f 2855/3777/1483 2844/3778/1484 2833/3779/1485 2856/3780/1486
f 2854/3781/1487 2843/3782/1488 2844/3778/1484 2855/3777/1483
f 2853/3783/1489 2842/3784/1490 2843/3782/1488 2854/3781/1487
f 2852/3785/1491 2841/3786/1492 2842/3784/1490 2853/3783/1489
f 2851/3787/1493 2840/3788/1494 2841/3786/1492 2852/3785/1491
f 2850/3789/1495 2839/3790/1496 2840/3788/1494 2851/3787/1493
f 2849/3791/1497 2838/3792/1498 2839/3790/1496 2850/3789/1495
f 2848/3793/1499 2837/3794/1500 2838/3792/1498 2849/3791/1497
f 2847/3795/1501 2836/3796/1502 2837/3794/1500 2848/3793/1499
f 2846/3797/1503 2835/3798/1504 2836/3796/1502 2847/3795/1501
f 2845/3799/1505 2834/3800/1506 2835/3798/1504 2846/3797/1503
f 2856/3780/1486 2833/3779/1485 2834/3801/1506 2845/3802/1505
f 2809/3803/1507 2856/3780/1486 2845/3802/1505 2811/3804/1508
f 2811/3805/1508 2845/3799/1505 2846/3797/1503 2813/3806/1509
f 2813/3806/1509 2846/3797/1503 2847/3795/1501 2815/3807/1510
f 2815/3807/1510 2847/3795/1501 2848/3793/1499 2817/3808/1511
f 2817/3808/1511 2848/3793/1499 2849/3791/1497 2819/3809/1512
f 2819/3809/1512 2849/3791/1497 2850/3789/1495 2821/3810/1513
f 2821/3810/1513 2850/3789/1495 2851/3787/1493 2823/3811/1514
f 2823/3811/1514 2851/3787/1493 2852/3785/1491 2825/3812/1515
f 2825/3812/1515 2852/3785/1491 2853/3783/1489 2827/3813/1516
f 2827/3813/1516 2853/3783/1489 2854/3781/1487 2829/3814/1517
f 2829/3814/1517 2854/3781/1487 2855/3777/1483 2831/3815/1518
f 2831/3815/1518 2855/3777/1483 2856/3780/1486 2809/3803/1507
f 2860/3761/1519 2859/3816/1520 2871/3817/1521 2872/3818/1522
f 2810/3738/12 2832/3763/12 2868/3819/12 2858/3820/12
f 2812/3739/12 2810/3738/12 2858/3820/12 2857/3821/12
f 2816/3745/12 2814/3743/12 2859/3816/12 2860/3761/12
f 2832/3763/12 2830/3759/12 2867/3822/12 2868/3819/12
f 2814/3743/12 2812/3742/12 2857/3823/12 2859/3816/12
f 2830/3759/12 2828/3757/12 2866/3824/12 2867/3822/12
f 2828/3757/12 2826/3755/12 2865/3825/12 2866/3824/12
f 2826/3755/12 2824/3753/12 2864/3826/12 2865/3825/12
f 2824/3753/12 2822/3751/12 2863/3827/12 2864/3826/12
f 2822/3751/12 2820/3749/12 2862/3828/12 2863/3827/12
f 2820/3749/12 2818/3747/12 2861/3762/12 2862/3828/12
f 2875/3829/1523 2874/3830/1524 2898/3831/1525 2899/3832/1526
f 2867/3822/1527 2866/3824/1528 2878/3833/1529 2879/3834/1530
f 2864/3826/1531 2863/3827/1532 2875/3829/1523 2876/3835/1533
f 2861/3762/1534 2860/3761/1519 2872/3818/1522 2873/3836/1535
f 2868/3819/1536 2867/3822/1527 2879/3834/1530 2880/3837/1537
f 2857/3821/1538 2858/3820/1539 2870/3838/1540 2869/3839/1541
f 2865/3825/1542 2864/3826/1531 2876/3835/1533 2877/3840/1543
f 2862/3828/1544 2861/3762/1534 2873/3836/1535 2874/3830/1524
f 2858/3820/1539 2868/3819/1536 2880/3837/1537 2870/3838/1540
f 2859/3816/1520 2857/3823/1538 2869/3841/1541 2871/3817/1521
f 2866/3824/1528 2865/3825/1542 2877/3840/1543 2878/3833/1529
f 2863/3827/1532 2862/3828/1544 2874/3830/1524 2875/3829/1523
f 2886/3842/1545 2885/3843/1546 2909/3844/1547 2910/3845/1548
f 2872/3818/1522 2871/3817/1521 2895/3846/1549 2896/3847/1550
f 2879/3834/1530 2878/3833/1529 2902/3848/1551 2903/3849/1552
f 2876/3835/1533 2875/3829/1523 2899/3832/1526 2900/3850/1553
f 2873/3836/1535 2872/3818/1522 2896/3847/1550 2897/3851/1554
f 2880/3837/1537 2879/3834/1530 2903/3849/1552 2904/3852/1555
f 2869/3839/1541 2870/3838/1540 2894/3853/1556 2893/3854/1557
f 2877/3840/1543 2876/3835/1533 2900/3850/1553 2901/3855/1558
f 2874/3830/1524 2873/3836/1535 2897/3851/1554 2898/3831/1525
f 2870/3838/1540 2880/3837/1537 2904/3852/1555 2894/3853/1556
f 2871/3817/1521 2869/3841/1541 2893/3856/1557 2895/3846/1549
f 2878/3833/1529 2877/3840/1543 2901/3855/1558 2902/3848/1551
f 2882/3857/52 2881/3858/52 2893/3854/1557 2894/3853/1556
f 2881/3859/52 2883/3860/52 2895/3846/1549 2893/3856/1557
f 2883/3860/52 2884/3861/52 2896/3847/1550 2895/3846/1549
f 2884/3861/52 2885/3843/52 2897/3851/1554 2896/3847/1550
f 2885/3843/52 2886/3842/52 2898/3831/1525 2897/3851/1554
f 2886/3842/52 2887/3862/52 2899/3832/1526 2898/3831/1525
f 2887/3862/52 2888/3863/52 2900/3850/1553 2899/3832/1526
f 2888/3863/52 2889/3864/52 2901/3855/1558 2900/3850/1553
f 2889/3864/52 2890/3865/52 2902/3848/1551 2901/3855/1558
f 2890/3865/52 2891/3866/52 2903/3849/1552 2902/3848/1551
f 2891/3866/52 2892/3867/52 2904/3852/1555 2903/3849/1552
f 2892/3867/52 2882/3857/52 2894/3853/1556 2904/3852/1555
f 2913/3868/1559 2912/3869/1560 2924/3870/1561 2925/3871/1562
f 2882/3857/1563 2892/3867/1564 2916/3872/1565 2906/3873/1566
f 2883/3860/1567 2881/3859/1568 2905/3874/1569 2907/3875/1570
f 2890/3865/1571 2889/3864/1572 2913/3868/1559 2914/3876/1573
f 2887/3862/1574 2886/3842/1545 2910/3845/1548 2911/3877/1575
f 2884/3861/1576 2883/3860/1567 2907/3875/1570 2908/3878/1577
f 2891/3866/1578 2890/3865/1571 2914/3876/1573 2915/3879/1579
f 2888/3863/1580 2887/3862/1574 2911/3877/1575 2912/3869/1560
f 2885/3843/1546 2884/3861/1576 2908/3878/1577 2909/3844/1547
f 2892/3867/1564 2891/3866/1578 2915/3879/1579 2916/3872/1565
f 2881/3858/1568 2882/3857/1563 2906/3873/1566 2905/3880/1569
f 2889/3864/1572 2888/3863/1580 2912/3869/1560 2913/3868/1559
f 2917/3881/1581 2918/3882/1582 2930/3883/1583 2929/3884/1584
f 2910/3845/1548 2909/3844/1547 2921/3885/1585 2922/3886/1586
f 2906/3873/1566 2916/3872/1565 2928/3887/1587 2918/3882/1582
f 2907/3875/1570 2905/3874/1569 2917/3888/1581 2919/3889/1588
f 2914/3876/1573 2913/3868/1559 2925/3871/1562 2926/3890/1589
f 2911/3877/1575 2910/3845/1548 2922/3886/1586 2923/3891/1590
f 2908/3878/1577 2907/3875/1570 2919/3889/1588 2920/3892/1591
f 2915/3879/1579 2914/3876/1573 2926/3890/1589 2927/3893/1592
f 2912/3869/1560 2911/3877/1575 2923/3891/1590 2924/3870/1561
f 2909/3844/1547 2908/3878/1577 2920/3892/1591 2921/3885/1585
f 2916/3872/1565 2915/3879/1579 2927/3893/1592 2928/3887/1587
f 2905/3880/1569 2906/3873/1566 2918/3882/1582 2917/3881/1581
f 2940/3894/1593 2939/3895/1594 2951/3896/1595 2952/3897/1596
f 2925/3871/1562 2924/3870/1561 2936/3898/1597 2937/3899/1598
f 2922/3886/1586 2921/3885/1585 2933/3900/1599 2934/3901/1600
f 2918/3882/1582 2928/3887/1587 2940/3894/1593 2930/3883/1583
f 2919/3889/1588 2917/3888/1581 2929/3902/1584 2931/3903/1601
f 2926/3890/1589 2925/3871/1562 2937/3899/1598 2938/3904/1602
f 2923/3891/1590 2922/3886/1586 2934/3901/1600 2935/3905/1603
f 2920/3892/1591 2919/3889/1588 2931/3903/1601 2932/3906/1604
f 2927/3893/1592 2926/3890/1589 2938/3904/1602 2939/3895/1594
f 2924/3870/1561 2923/3891/1590 2935/3905/1603 2936/3898/1597
f 2921/3885/1585 2920/3892/1591 2932/3906/1604 2933/3900/1599
f 2928/3887/1587 2927/3893/1592 2939/3895/1594 2940/3894/1593
f 2941/3907/1605 2942/3908/1606 2952/3909/1596 2951/3910/1595 2950/3911/1607 2949/3912/1608 2948/3913/1609 2947/3914/1610 2946/3915/1611 2945/3916/1612 2944/3917/1613 2943/3918/1614
f 2929/3884/1584 2930/3883/1583 2942/3919/1606 2941/3920/1605
f 2937/3899/1598 2936/3898/1597 2948/3921/1609 2949/3922/1608
f 2934/3901/1600 2933/3900/1599 2945/3923/1612 2946/3924/1611
f 2930/3883/1583 2940/3894/1593 2952/3897/1596 2942/3919/1606
f 2931/3903/1601 2929/3902/1584 2941/3925/1605 2943/3926/1614
f 2938/3904/1602 2937/3899/1598 2949/3922/1608 2950/3927/1607
f 2935/3905/1603 2934/3901/1600 2946/3924/1611 2947/3928/1610
f 2932/3906/1604 2931/3903/1601 2943/3926/1614 2944/3929/1613
f 2939/3895/1594 2938/3904/1602 2950/3927/1607 2951/3896/1595
f 2936/3898/1597 2935/3905/1603 2947/3928/1610 2948/3921/1609
f 2933/3900/1599 2932/3906/1604 2944/3929/1613 2945/3923/1612
f 2844/3778/1484 2964/3764/1482 2953/3737/1459 2833/3779/1485
f 2843/3782/1488 2963/3760/1480 2964/3764/1482 2844/3778/1484
f 2842/3784/1490 2962/3758/1478 2963/3760/1480 2843/3782/1488
f 2841/3930/1492 2961/3931/1476 2965/3932/1615 2966/3933/1616
f 2840/3788/1494 2960/3754/1474 2961/3756/1476 2841/3786/1492
f 2839/3790/1496 2959/3752/1472 2960/3754/1474 2840/3788/1494
f 2838/3792/1498 2958/3750/1470 2959/3752/1472 2839/3790/1496
f 2837/3794/1500 2957/3748/1468 2958/3750/1470 2838/3792/1498
f 2836/3796/1502 2956/3746/1466 2957/3748/1468 2837/3794/1500
f 2956/3934/1466 2836/3935/1502 2976/3936/1617 2975/3937/1618
f 2834/3800/1506 2954/3741/1462 2955/3744/1464 2835/3798/1504
f 2833/3779/1485 2953/3737/1459 2954/3740/1462 2834/3801/1506
f 2965/3932/1615 2967/3938/1619 2971/3939/1620 2969/3940/1621
f 2842/3941/1490 2841/3930/1492 2966/3933/1616 2968/3942/1622
f 2961/3931/1476 2962/3943/1478 2967/3938/1619 2965/3932/1615
f 2962/3944/1478 2842/3941/1490 2968/3942/1622 2967/3945/1619
f 2970/3946/1623 2969/3940/1621 2971/3947/1620 2972/3948/1624
f 2967/3945/1619 2968/3942/1622 2972/3949/1624 2971/3950/1620
f 2968/3942/1622 2966/3933/1616 2970/3946/1623 2972/3949/1624
f 2966/3933/1616 2965/3932/1615 2969/3940/1621 2970/3946/1623
f 2976/3936/1617 2974/3951/1625 2978/3952/1626 2980/3953/1627
f 2836/3935/1502 2835/3954/1504 2974/3951/1625 2976/3936/1617
f 2955/3955/1464 2956/3934/1466 2975/3937/1618 2973/3956/1628
f 2835/3954/1504 2955/3957/1464 2973/3958/1628 2974/3951/1625
f 2977/3959/1629 2979/3960/1630 2983/3961/1631 2981/3962/1632
f 2974/3951/1625 2973/3958/1628 2977/3963/1629 2978/3952/1626
f 2973/3956/1628 2975/3937/1618 2979/3960/1630 2977/3959/1629
f 2975/3937/1618 2976/3936/1617 2980/3953/1627 2979/3960/1630
f 2983/3961/1631 2984/3964/1633 2988/3965/1634 2987/3966/1635
f 2979/3960/1630 2980/3953/1627 2984/3964/1633 2983/3961/1631
f 2980/3953/1627 2978/3952/1626 2982/3967/1636 2984/3964/1633
f 2978/3952/1626 2977/3963/1629 2981/3968/1632 2982/3967/1636
f 2988/3965/1634 2986/3969/1637 2990/3970/1638 2992/3971/1639
f 2984/3964/1633 2982/3967/1636 2986/3969/1637 2988/3965/1634
f 2982/3967/1636 2981/3968/1632 2985/3972/1640 2986/3969/1637
f 2981/3962/1632 2983/3961/1631 2987/3966/1635 2985/3973/1640
f 2989/3974/1641 2991/3975/1642 2995/3976/1643 2993/3977/1644
f 2986/3969/1637 2985/3972/1640 2989/3978/1641 2990/3970/1638
f 2985/3973/1640 2987/3966/1635 2991/3975/1642 2989/3974/1641
f 2987/3966/1635 2988/3965/1634 2992/3971/1639 2991/3975/1642
f 2996/3979/1645 2994/3980/1646 2998/3981/1647 3000/3982/1648
f 2991/3975/1642 2992/3971/1639 2996/3979/1645 2995/3976/1643
f 2992/3971/1639 2990/3970/1638 2994/3980/1646 2996/3979/1645
f 2990/3970/1638 2989/3978/1641 2993/3983/1644 2994/3980/1646
f 2998/3981/1647 2997/3984/1649 2999/3985/1650 3000/3982/1648
f 2994/3980/1646 2993/3983/1644 2997/3986/1649 2998/3981/1647
f 2993/3977/1644 2995/3976/1643 2999/3987/1650 2997/3988/1649
f 2995/3976/1643 2996/3979/1645 3000/3982/1648 2999/3987/1650
f 3024/3989/1 3002/3990/2 3001/3991/2 3023/3992/1
f 3022/3993/3 3024/3989/1 3023/3992/1 3021/3994/3
f 3020/3995/4 3022/3993/3 3021/3994/3 3019/3996/4
f 3018/3997/5 3020/3995/4 3019/3996/4 3017/3998/5
f 3016/3999/6 3018/3997/5 3017/3998/5 3015/4000/6
f 3014/4001/7 3016/3999/6 3015/4000/6 3013/4002/7
f 3012/4003/8 3014/4001/7 3013/4002/7 3011/4004/8
f 3010/4005/9 3012/4003/8 3011/4004/8 3009/4006/9
f 3008/4007/10 3010/4005/9 3009/4006/9 3007/4008/10
f 3006/4009/11 3008/4007/10 3007/4008/10 3005/4010/11
f 3010/4005/12 3008/4007/12 3028/4011/12 3029/4012/12
f 3004/4013/13 3006/4009/11 3005/4010/11 3003/4014/13
f 3002/4015/2 3004/4013/13 3003/4014/13 3001/4016/2
f 3001/4017/12 3003/4018/12 3005/4019/12 3007/4020/12 3009/4021/12 3011/4022/12 3013/4023/12 3015/4024/12 3017/4025/12 3019/4026/12 3021/4027/12 3023/4028/12
f 3028/4011/387 3027/4029/388 3039/4030/389 3040/4031/390
f 3002/3990/12 3024/3989/12 3036/4032/12 3026/4033/12
f 3004/4013/12 3002/4015/12 3026/4034/12 3025/4035/12
f 3008/4007/12 3006/4009/12 3027/4029/12 3028/4011/12
f 3024/3989/12 3022/3993/12 3035/4036/12 3036/4032/12
f 3006/4009/12 3004/4013/12 3025/4035/12 3027/4029/12
f 3022/3993/12 3020/3995/12 3034/4037/12 3035/4036/12
f 3020/3995/12 3018/3997/12 3033/4038/12 3034/4037/12
f 3018/3997/12 3016/3999/12 3032/4039/12 3033/4038/12
f 3016/3999/12 3014/4001/12 3031/4040/12 3032/4039/12
f 3014/4001/12 3012/4003/12 3030/4041/12 3031/4040/12
f 3012/4003/12 3010/4005/12 3029/4012/12 3030/4041/12
f 3043/4042/391 3042/4043/392 3066/4044/393 3067/4045/394
f 3035/4036/395 3034/4037/396 3046/4046/397 3047/4047/398
f 3032/4039/399 3031/4040/400 3043/4042/391 3044/4048/401
f 3029/4012/402 3028/4011/387 3040/4031/390 3041/4049/403
f 3036/4032/1229 3035/4036/395 3047/4047/398 3048/4050/405
f 3025/4035/406 3026/4034/407 3038/4051/408 3037/4052/409
f 3033/4038/410 3032/4039/399 3044/4048/401 3045/4053/411
f 3030/4041/412 3029/4012/402 3041/4049/403 3042/4043/392
f 3026/4033/407 3036/4032/1229 3048/4050/405 3038/4054/408
f 3027/4029/388 3025/4035/406 3037/4052/409 3039/4030/389
f 3034/4037/396 3033/4038/410 3045/4053/411 3046/4046/397
f 3031/4040/400 3030/4041/412 3042/4043/392 3043/4042/391
f 3054/4055/8 3053/4056/9 3077/4057/413 3078/4058/414
f 3040/4031/390 3039/4030/389 3063/4059/415 3064/4060/416
f 3047/4047/398 3046/4046/397 3070/4061/1651 3071/4062/418
f 3044/4048/401 3043/4042/391 3067/4045/394 3068/4063/419
f 3041/4049/403 3040/4031/390 3064/4060/416 3065/4064/420
f 3048/4050/405 3047/4047/398 3071/4062/418 3072/4065/421
f 3037/4052/409 3038/4051/408 3062/4066/422 3061/4067/423
f 3045/4053/411 3044/4048/401 3068/4063/419 3069/4068/424
f 3042/4043/392 3041/4049/403 3065/4064/420 3066/4044/393
f 3038/4054/408 3048/4050/405 3072/4065/421 3062/4069/422
f 3039/4030/389 3037/4052/409 3061/4067/423 3063/4059/415
f 3046/4046/397 3045/4053/411 3069/4068/424 3070/4061/1651
f 3050/4070/52 3049/4071/52 3061/4067/423 3062/4066/422
f 3049/4071/52 3051/4072/52 3063/4059/415 3061/4067/423
f 3051/4072/52 3052/4073/52 3064/4060/416 3063/4059/415
f 3052/4073/52 3053/4056/52 3065/4064/420 3064/4060/416
f 3053/4056/52 3054/4055/52 3066/4044/393 3065/4064/420
f 3054/4055/52 3055/4074/52 3067/4045/394 3066/4044/393
f 3055/4074/52 3056/4075/52 3068/4063/419 3067/4045/394
f 3056/4075/52 3057/4076/52 3069/4068/424 3068/4063/419
f 3057/4076/52 3058/4077/52 3070/4061/1651 3069/4068/424
f 3058/4077/52 3059/4078/52 3071/4062/418 3070/4061/1651
f 3059/4078/52 3060/4079/52 3072/4065/421 3071/4062/418
f 3060/4079/52 3050/4080/52 3062/4069/422 3072/4065/421
f 3081/4081/425 3080/4082/426 3092/4083/427 3093/4084/428
f 3050/4080/2 3060/4079/1 3084/4085/429 3074/4086/430
f 3051/4072/11 3049/4071/13 3073/4087/431 3075/4088/432
f 3058/4077/4 3057/4076/5 3081/4081/425 3082/4089/433
f 3055/4074/7 3054/4055/8 3078/4058/414 3079/4090/434
f 3052/4073/10 3051/4072/11 3075/4088/432 3076/4091/435
f 3059/4078/3 3058/4077/4 3082/4089/433 3083/4092/436
f 3056/4075/6 3055/4074/7 3079/4090/434 3080/4082/426
f 3053/4056/9 3052/4073/10 3076/4091/435 3077/4057/413
f 3060/4079/1 3059/4078/3 3083/4092/436 3084/4085/429
f 3049/4071/13 3050/4070/2 3074/4093/430 3073/4087/431
f 3057/4076/5 3056/4075/6 3080/4082/426 3081/4081/425
f 3085/4094/437 3086/4095/438 3098/4096/439 3097/4097/440
f 3078/4058/414 3077/4057/413 3089/4098/441 3090/4099/442
f 3074/4086/430 3084/4085/429 3096/4100/443 3086/4101/438
f 3075/4088/432 3073/4087/431 3085/4094/437 3087/4102/444
f 3082/4089/433 3081/4081/425 3093/4084/428 3094/4103/445
f 3079/4090/434 3078/4058/414 3090/4099/442 3091/4104/446
f 3076/4091/435 3075/4088/432 3087/4102/444 3088/4105/447
f 3083/4092/436 3082/4089/433 3094/4103/445 3095/4106/448
f 3080/4082/426 3079/4090/434 3091/4104/446 3092/4083/427
f 3077/4057/413 3076/4091/435 3088/4105/447 3089/4098/441
f 3084/4085/429 3083/4092/436 3095/4106/448 3096/4100/443
f 3073/4087/431 3074/4093/430 3086/4095/438 3085/4094/437
f 3108/4107/449 3107/4108/450 3119/4109/451 3120/4110/452
f 3093/4084/428 3092/4083/427 3104/4111/453 3105/4112/454
f 3090/4099/442 3089/4098/441 3101/4113/455 3102/4114/456
f 3086/4101/438 3096/4100/443 3108/4107/449 3098/4115/439
f 3087/4102/444 3085/4094/437 3097/4097/440 3099/4116/457
f 3094/4103/445 3093/4084/428 3105/4112/454 3106/4117/458
f 3091/4104/446 3090/4099/442 3102/4114/456 3103/4118/459
f 3088/4105/447 3087/4102/444 3099/4116/457 3100/4119/460
f 3095/4106/448 3094/4103/445 3106/4117/458 3107/4108/450
f 3092/4083/427 3091/4104/446 3103/4118/459 3104/4111/453
f 3089/4098/441 3088/4105/447 3100/4119/460 3101/4113/455
f 3096/4100/443 3095/4106/448 3107/4108/450 3108/4107/449
f 3109/4120/461 3110/4121/462 3120/4122/452 3119/4123/451 3118/4124/463 3117/4125/464 3116/4126/465 3115/4127/466 3114/4128/467 3113/4129/468 3112/4130/469 3111/4131/470
f 3097/4097/440 3098/4096/439 3110/4132/462 3109/4133/461
f 3105/4112/454 3104/4111/453 3116/4134/465 3117/4135/464
f 3102/4114/456 3101/4113/455 3113/4136/468 3114/4137/467
f 3098/4115/439 3108/4107/449 3120/4110/452 3110/4138/462
f 3099/4116/457 3097/4097/440 3109/4133/461 3111/4139/470
f 3106/4117/458 3105/4112/454 3117/4135/464 3118/4140/463
f 3103/4118/459 3102/4114/456 3114/4137/467 3115/4141/466
f 3100/4119/460 3099/4116/457 3111/4139/470 3112/4142/469
f 3107/4108/450 3106/4117/458 3118/4140/463 3119/4109/451
f 3104/4111/453 3103/4118/459 3115/4141/466 3116/4134/465
f 3101/4113/455 3100/4119/460 3112/4142/469 3113/4136/468
f 3144/4143/1 3122/4144/2 3121/4145/2 3143/4146/1
f 3142/4147/3 3144/4143/1 3143/4146/1 3141/4148/3
f 3140/4149/4 3142/4147/3 3141/4148/3 3139/4150/4
f 3138/4151/5 3140/4149/4 3139/4150/4 3137/4152/5
f 3136/4153/6 3138/4151/5 3137/4152/5 3135/4154/6
f 3134/4155/7 3136/4153/6 3135/4154/6 3133/4156/7
f 3132/4157/8 3134/4155/7 3133/4156/7 3131/4158/8
f 3130/4159/9 3132/4157/8 3131/4158/8 3129/4160/9
f 3128/4161/10 3130/4159/9 3129/4160/9 3127/4162/10
f 3126/4163/11 3128/4161/10 3127/4162/10 3125/4164/11
f 3130/4159/12 3128/4161/12 3148/4165/12 3149/4166/12
f 3124/4167/13 3126/4163/11 3125/4164/11 3123/4168/13
f 3122/4169/2 3124/4167/13 3123/4168/13 3121/4170/2
f 3121/4171/12 3123/4172/12 3125/4173/12 3127/4174/12 3129/4175/12 3131/4176/12 3133/4177/12 3135/4178/12 3137/4179/12 3139/4180/12 3141/4181/12 3143/4182/12
f 3148/4165/1230 3147/4183/1231 3159/4184/1232 3160/4185/1233
f 3122/4144/12 3144/4143/12 3156/4186/12 3146/4187/12
f 3124/4167/12 3122/4169/12 3146/4188/12 3145/4189/12
f 3128/4161/12 3126/4163/12 3147/4183/12 3148/4165/12
f 3144/4143/12 3142/4147/12 3155/4190/12 3156/4186/12
f 3126/4163/12 3124/4167/12 3145/4189/12 3147/4183/12
f 3142/4147/12 3140/4149/12 3154/4191/12 3155/4190/12
f 3140/4149/12 3138/4151/12 3153/4192/12 3154/4191/12
f 3138/4151/12 3136/4153/12 3152/4193/12 3153/4192/12
f 3136/4153/12 3134/4155/12 3151/4194/12 3152/4193/12
f 3134/4155/12 3132/4157/12 3150/4195/12 3151/4194/12
f 3132/4157/12 3130/4159/12 3149/4166/12 3150/4195/12
f 3163/4196/1234 3162/4197/1235 3186/4198/1236 3187/4199/1237
f 3155/4190/1238 3154/4191/1239 3166/4200/1240 3167/4201/1241
f 3152/4193/1242 3151/4194/1243 3163/4196/1234 3164/4202/1244
f 3149/4166/1245 3148/4165/1230 3160/4185/1233 3161/4203/1246
f 3156/4186/1247 3155/4190/1238 3167/4201/1241 3168/4204/1248
f 3145/4189/1249 3146/4188/1250 3158/4205/1251 3157/4206/1252
f 3153/4192/1253 3152/4193/1242 3164/4202/1244 3165/4207/1254
f 3150/4195/1255 3149/4166/1245 3161/4203/1246 3162/4197/1235
f 3146/4187/1250 3156/4186/1247 3168/4204/1248 3158/4208/1251
f 3147/4183/1231 3145/4189/1249 3157/4206/1252 3159/4184/1232
f 3154/4191/1239 3153/4192/1253 3165/4207/1254 3166/4200/1240
f 3151/4194/1243 3150/4195/1255 3162/4197/1235 3163/4196/1234
f 3174/4209/8 3173/4210/9 3197/4211/1256 3198/4212/1257
f 3160/4185/1233 3159/4184/1232 3183/4213/1258 3184/4214/1259
f 3167/4201/1241 3166/4200/1240 3190/4215/1260 3191/4216/1261
f 3164/4202/1244 3163/4196/1234 3187/4199/1237 3188/4217/1262
f 3161/4203/1246 3160/4185/1233 3184/4214/1259 3185/4218/1263
f 3168/4204/1248 3167/4201/1241 3191/4216/1261 3192/4219/1264
f 3157/4206/1252 3158/4205/1251 3182/4220/1265 3181/4221/1266
f 3165/4207/1254 3164/4202/1244 3188/4217/1262 3189/4222/1267
f 3162/4197/1235 3161/4203/1246 3185/4218/1263 3186/4198/1236
f 3158/4208/1251 3168/4204/1248 3192/4219/1264 3182/4223/1265
f 3159/4184/1232 3157/4206/1252 3181/4221/1266 3183/4213/1258
f 3166/4200/1240 3165/4207/1254 3189/4222/1267 3190/4215/1260
f 3170/4224/52 3169/4225/52 3181/4221/1266 3182/4220/1265
f 3169/4225/52 3171/4226/52 3183/4213/1258 3181/4221/1266
f 3171/4226/52 3172/4227/52 3184/4214/1259 3183/4213/1258
f 3172/4227/52 3173/4210/52 3185/4218/1263 3184/4214/1259
f 3173/4210/52 3174/4209/52 3186/4198/1236 3185/4218/1263
f 3174/4209/52 3175/4228/52 3187/4199/1237 3186/4198/1236
f 3175/4228/52 3176/4229/52 3188/4217/1262 3187/4199/1237
f 3176/4229/52 3177/4230/52 3189/4222/1267 3188/4217/1262
f 3177/4230/52 3178/4231/52 3190/4215/1260 3189/4222/1267
f 3178/4231/52 3179/4232/52 3191/4216/1261 3190/4215/1260
f 3179/4232/52 3180/4233/52 3192/4219/1264 3191/4216/1261
f 3180/4233/52 3170/4234/52 3182/4223/1265 3192/4219/1264
f 3201/4235/1268 3200/4236/1269 3212/4237/1270 3213/4238/1271
f 3170/4234/2 3180/4233/1 3204/4239/1272 3194/4240/1273
f 3171/4226/11 3169/4225/13 3193/4241/1274 3195/4242/1275
f 3178/4231/4 3177/4230/5 3201/4235/1268 3202/4243/1276
f 3175/4228/7 3174/4209/8 3198/4212/1257 3199/4244/1277
f 3172/4227/10 3171/4226/11 3195/4242/1275 3196/4245/1278
f 3179/4232/3 3178/4231/4 3202/4243/1276 3203/4246/1279
f 3176/4229/6 3175/4228/7 3199/4244/1277 3200/4236/1269
f 3173/4210/9 3172/4227/10 3196/4245/1278 3197/4211/1256
f 3180/4233/1 3179/4232/3 3203/4246/1279 3204/4239/1272
f 3169/4225/13 3170/4224/2 3194/4247/1273 3193/4241/1274
f 3177/4230/5 3176/4229/6 3200/4236/1269 3201/4235/1268
f 3205/4248/1280 3206/4249/1281 3218/4250/1282 3217/4251/1283
f 3198/4212/1257 3197/4211/1256 3209/4252/1284 3210/4253/1285
f 3194/4240/1273 3204/4239/1272 3216/4254/1286 3206/4255/1281
f 3195/4242/1275 3193/4241/1274 3205/4248/1280 3207/4256/1287
f 3202/4243/1276 3201/4235/1268 3213/4238/1271 3214/4257/1288
f 3199/4244/1277 3198/4212/1257 3210/4253/1285 3211/4258/1289
f 3196/4245/1278 3195/4242/1275 3207/4256/1287 3208/4259/1290
f 3203/4246/1279 3202/4243/1276 3214/4257/1288 3215/4260/1291
f 3200/4236/1269 3199/4244/1277 3211/4258/1289 3212/4237/1270
f 3197/4211/1256 3196/4245/1278 3208/4259/1290 3209/4252/1284
f 3204/4239/1272 3203/4246/1279 3215/4260/1291 3216/4254/1286
f 3193/4241/1274 3194/4247/1273 3206/4249/1281 3205/4248/1280
f 3228/4261/1652 3227/4262/1293 3239/4263/1294 3240/4264/1295
f 3213/4238/1271 3212/4237/1270 3224/4265/1653 3225/4266/1297
f 3210/4253/1285 3209/4252/1284 3221/4267/1298 3222/4268/1299
f 3206/4255/1281 3216/4254/1286 3228/4261/1652 3218/4269/1282
f 3207/4256/1287 3205/4248/1280 3217/4251/1283 3219/4270/1300
f 3214/4257/1288 3213/4238/1271 3225/4266/1297 3226/4271/1301
f 3211/4258/1289 3210/4253/1285 3222/4268/1299 3223/4272/1302
f 3208/4259/1290 3207/4256/1287 3219/4270/1300 3220/4273/1303
f 3215/4260/1291 3214/4257/1288 3226/4271/1301 3227/4262/1293
f 3212/4237/1270 3211/4258/1289 3223/4272/1302 3224/4265/1653
f 3209/4252/1284 3208/4259/1290 3220/4273/1303 3221/4267/1298
f 3216/4254/1286 3215/4260/1291 3227/4262/1293 3228/4261/1652
f 3229/4274/1304 3230/4275/1654 3240/4276/1295 3239/4277/1294 3238/4278/1306 3237/4279/1307 3236/4280/1308 3235/4281/1655 3234/4282/1310 3233/4283/1311 3232/4284/1312 3231/4285/1313
f 3217/4251/1283 3218/4250/1282 3230/4286/1654 3229/4287/1304
f 3225/4266/1297 3224/4265/1653 3236/4288/1308 3237/4289/1307
f 3222/4268/1299 3221/4267/1298 3233/4290/1311 3234/4291/1310
f 3218/4269/1282 3228/4261/1652 3240/4264/1295 3230/4292/1654
f 3219/4270/1300 3217/4251/1283 3229/4287/1304 3231/4293/1313
f 3226/4271/1301 3225/4266/1297 3237/4289/1307 3238/4294/1306
f 3223/4272/1302 3222/4268/1299 3234/4291/1310 3235/4295/1655
f 3220/4273/1303 3219/4270/1300 3231/4293/1313 3232/4296/1312
f 3227/4262/1293 3226/4271/1301 3238/4294/1306 3239/4263/1294
f 3224/4265/1653 3223/4272/1302 3235/4295/1655 3236/4288/1308
f 3221/4267/1298 3220/4273/1303 3232/4296/1312 3233/4290/1311
f 3264/4297/1 3242/4298/2 3241/4299/2 3263/4300/1
f 3262/4301/3 3264/4297/1 3263/4300/1 3261/4302/3
f 3260/4303/4 3262/4301/3 3261/4302/3 3259/4304/4
f 3258/4305/5 3260/4303/4 3259/4304/4 3257/4306/5
f 3256/4307/6 3258/4305/5 3257/4306/5 3255/4308/6
f 3254/4309/7 3256/4307/6 3255/4308/6 3253/4310/7
f 3252/4311/8 3254/4309/7 3253/4310/7 3251/4312/8
f 3250/4313/9 3252/4311/8 3251/4312/8 3249/4314/9
f 3248/4315/10 3250/4313/9 3249/4314/9 3247/4316/10
f 3246/4317/11 3248/4315/10 3247/4316/10 3245/4318/11
f 3250/4313/12 3248/4315/12 3268/4319/12 3269/4320/12
f 3244/4321/13 3246/4317/11 3245/4318/11 3243/4322/13
f 3242/4323/2 3244/4321/13 3243/4322/13 3241/4324/2
f 3241/4325/12 3243/4326/12 3245/4327/12 3247/4328/12 3249/4329/12 3251/4330/12 3253/4331/12 3255/4332/12 3257/4333/12 3259/4334/12 3261/4335/12 3263/4336/12
f 3268/4319/1145 3267/4337/1146 3279/4338/1147 3280/4339/1148
f 3242/4298/12 3264/4297/12 3276/4340/12 3266/4341/12
f 3244/4321/12 3242/4323/12 3266/4342/12 3265/4343/12
f 3248/4315/12 3246/4317/12 3267/4337/12 3268/4319/12
f 3264/4297/12 3262/4301/12 3275/4344/12 3276/4340/12
f 3246/4317/12 3244/4321/12 3265/4343/12 3267/4337/12
f 3262/4301/12 3260/4303/12 3274/4345/12 3275/4344/12
f 3260/4303/12 3258/4305/12 3273/4346/12 3274/4345/12
f 3258/4305/12 3256/4307/12 3272/4347/12 3273/4346/12
f 3256/4307/12 3254/4309/12 3271/4348/12 3272/4347/12
f 3254/4309/12 3252/4311/12 3270/4349/12 3271/4348/12
f 3252/4311/12 3250/4313/12 3269/4320/12 3270/4349/12
f 3283/4350/1149 3282/4351/1150 3306/4352/1151 3307/4353/1152
f 3275/4344/1153 3274/4345/1154 3286/4354/1155 3287/4355/1156
f 3272/4347/1157 3271/4348/1158 3283/4350/1149 3284/4356/1159
f 3269/4320/1160 3268/4319/1145 3280/4339/1148 3281/4357/1161
f 3276/4340/1162 3275/4344/1153 3287/4355/1156 3288/4358/1163
f 3265/4343/1164 3266/4342/1165 3278/4359/1166 3277/4360/1167
f 3273/4346/1168 3272/4347/1157 3284/4356/1159 3285/4361/1169
f 3270/4349/1170 3269/4320/1160 3281/4357/1161 3282/4351/1150
f 3266/4341/1165 3276/4340/1162 3288/4358/1163 3278/4362/1166
f 3267/4337/1146 3265/4343/1164 3277/4360/1167 3279/4338/1147
f 3274/4345/1154 3273/4346/1168 3285/4361/1169 3286/4354/1155
f 3271/4348/1158 3270/4349/1170 3282/4351/1150 3283/4350/1149
f 3294/4363/8 3293/4364/9 3317/4365/1171 3318/4366/1172
f 3280/4339/1148 3279/4338/1147 3303/4367/1173 3304/4368/1174
f 3287/4355/1156 3286/4354/1155 3310/4369/1175 3311/4370/1176
f 3284/4356/1159 3283/4350/1149 3307/4353/1152 3308/4371/1177
f 3281/4357/1161 3280/4339/1148 3304/4368/1174 3305/4372/1178
f 3288/4358/1163 3287/4355/1156 3311/4370/1176 3312/4373/1179
f 3277/4360/1167 3278/4359/1166 3302/4374/1180 3301/4375/1181
f 3285/4361/1169 3284/4356/1159 3308/4371/1177 3309/4376/1182
f 3282/4351/1150 3281/4357/1161 3305/4372/1178 3306/4352/1151
f 3278/4362/1166 3288/4358/1163 3312/4373/1179 3302/4377/1180
f 3279/4338/1147 3277/4360/1167 3301/4375/1181 3303/4367/1173
f 3286/4354/1155 3285/4361/1169 3309/4376/1182 3310/4369/1175
f 3290/4378/52 3289/4379/52 3301/4375/1181 3302/4374/1180
f 3289/4379/52 3291/4380/52 3303/4367/1173 3301/4375/1181
f 3291/4380/52 3292/4381/52 3304/4368/1174 3303/4367/1173
f 3292/4381/52 3293/4364/52 3305/4372/1178 3304/4368/1174
f 3293/4364/52 3294/4363/52 3306/4352/1151 3305/4372/1178
f 3294/4363/52 3295/4382/52 3307/4353/1152 3306/4352/1151
f 3295/4382/52 3296/4383/52 3308/4371/1177 3307/4353/1152
f 3296/4383/52 3297/4384/52 3309/4376/1182 3308/4371/1177
f 3297/4384/52 3298/4385/52 3310/4369/1175 3309/4376/1182
f 3298/4385/52 3299/4386/52 3311/4370/1176 3310/4369/1175
f 3299/4386/52 3300/4387/52 3312/4373/1179 3311/4370/1176
f 3300/4387/52 3290/4388/52 3302/4377/1180 3312/4373/1179
f 3321/4389/1183 3320/4390/1184 3332/4391/1185 3333/4392/1186
f 3290/4388/2 3300/4387/1 3324/4393/1187 3314/4394/1188
f 3291/4380/11 3289/4379/13 3313/4395/1189 3315/4396/1190
f 3298/4385/4 3297/4384/5 3321/4389/1183 3322/4397/1191
f 3295/4382/7 3294/4363/8 3318/4366/1172 3319/4398/1192
f 3292/4381/10 3291/4380/11 3315/4396/1190 3316/4399/1193
f 3299/4386/3 3298/4385/4 3322/4397/1191 3323/4400/1194
f 3296/4383/6 3295/4382/7 3319/4398/1192 3320/4390/1184
f 3293/4364/9 3292/4381/10 3316/4399/1193 3317/4365/1171
f 3300/4387/1 3299/4386/3 3323/4400/1194 3324/4393/1187
f 3289/4379/13 3290/4378/2 3314/4401/1188 3313/4395/1189
f 3297/4384/5 3296/4383/6 3320/4390/1184 3321/4389/1183
f 3325/4402/1195 3326/4403/1196 3338/4404/1197 3337/4405/1198
f 3318/4366/1172 3317/4365/1171 3329/4406/1199 3330/4407/1200
f 3314/4394/1188 3324/4393/1187 3336/4408/1201 3326/4409/1196
f 3315/4396/1190 3313/4395/1189 3325/4402/1195 3327/4410/1202
f 3322/4397/1191 3321/4389/1183 3333/4392/1186 3334/4411/1203
f 3319/4398/1192 3318/4366/1172 3330/4407/1200 3331/4412/1204
f 3316/4399/1193 3315/4396/1190 3327/4410/1202 3328/4413/1205
f 3323/4400/1194 3322/4397/1191 3334/4411/1203 3335/4414/1206
f 3320/4390/1184 3319/4398/1192 3331/4412/1204 3332/4391/1185
f 3317/4365/1171 3316/4399/1193 3328/4413/1205 3329/4406/1199
f 3324/4393/1187 3323/4400/1194 3335/4414/1206 3336/4408/1201
f 3313/4395/1189 3314/4401/1188 3326/4403/1196 3325/4402/1195
f 3348/4415/1207 3347/4416/1208 3359/4417/1209 3360/4418/1210
f 3333/4392/1186 3332/4391/1185 3344/4419/1211 3345/4420/1212
f 3330/4407/1200 3329/4406/1199 3341/4421/1213 3342/4422/1214
f 3326/4409/1196 3336/4408/1201 3348/4415/1207 3338/4423/1197
f 3327/4410/1202 3325/4402/1195 3337/4405/1198 3339/4424/1215
f 3334/4411/1203 3333/4392/1186 3345/4420/1212 3346/4425/1216
f 3331/4412/1204 3330/4407/1200 3342/4422/1214 3343/4426/1217
f 3328/4413/1205 3327/4410/1202 3339/4424/1215 3340/4427/1218
f 3335/4414/1206 3334/4411/1203 3346/4425/1216 3347/4416/1208
f 3332/4391/1185 3331/4412/1204 3343/4426/1217 3344/4419/1211
f 3329/4406/1199 3328/4413/1205 3340/4427/1218 3341/4421/1213
f 3336/4408/1201 3335/4414/1206 3347/4416/1208 3348/4415/1207
f 3349/4428/1219 3350/4429/1220 3360/4430/1210 3359/4431/1209 3358/4432/1221 3357/4433/1222 3356/4434/1223 3355/4435/1224 3354/4436/1225 3353/4437/1226 3352/4438/1227 3351/4439/1228
f 3337/4405/1198 3338/4404/1197 3350/4440/1220 3349/4441/1219
f 3345/4420/1212 3344/4419/1211 3356/4442/1223 3357/4443/1222
f 3342/4422/1214 3341/4421/1213 3353/4444/1226 3354/4445/1225
f 3338/4423/1197 3348/4415/1207 3360/4418/1210 3350/4446/1220
f 3339/4424/1215 3337/4405/1198 3349/4441/1219 3351/4447/1228
f 3346/4425/1216 3345/4420/1212 3357/4443/1222 3358/4448/1221
f 3343/4426/1217 3342/4422/1214 3354/4445/1225 3355/4449/1224
f 3340/4427/1218 3339/4424/1215 3351/4447/1228 3352/4450/1227
f 3347/4416/1208 3346/4425/1216 3358/4448/1221 3359/4417/1209
f 3344/4419/1211 3343/4426/1217 3355/4449/1224 3356/4442/1223
f 3341/4421/1213 3340/4427/1218 3352/4450/1227 3353/4444/1226
f 3384/4451/1 3362/4452/2 3361/4453/2 3383/4454/1
f 3382/4455/3 3384/4451/1 3383/4454/1 3381/4456/3
f 3380/4457/4 3382/4455/3 3381/4456/3 3379/4458/4
f 3378/4459/5 3380/4457/4 3379/4458/4 3377/4460/5
f 3376/4461/6 3378/4459/5 3377/4460/5 3375/4462/6
f 3374/4463/7 3376/4461/6 3375/4462/6 3373/4464/7
f 3372/4465/8 3374/4463/7 3373/4464/7 3371/4466/8
f 3370/4467/9 3372/4465/8 3371/4466/8 3369/4468/9
f 3368/4469/10 3370/4467/9 3369/4468/9 3367/4470/10
f 3366/4471/11 3368/4469/10 3367/4470/10 3365/4472/11
f 3370/4467/12 3368/4469/12 3388/4473/12 3389/4474/12
f 3364/4475/13 3366/4471/11 3365/4472/11 3363/4476/13
f 3362/4477/2 3364/4475/13 3363/4476/13 3361/4478/2
f 3361/4479/12 3363/4480/12 3365/4481/12 3367/4482/12 3369/4483/12 3371/4484/12 3373/4485/12 3375/4486/12 3377/4487/12 3379/4488/12 3381/4489/12 3383/4490/12
f 3388/4473/159 3387/4491/160 3399/4492/161 3400/4493/162
f 3362/4452/12 3384/4451/12 3396/4494/12 3386/4495/12
f 3364/4475/12 3362/4477/12 3386/4496/12 3385/4497/12
f 3368/4469/12 3366/4471/12 3387/4491/12 3388/4473/12
f 3384/4451/12 3382/4455/12 3395/4498/12 3396/4494/12
f 3366/4471/12 3364/4475/12 3385/4497/12 3387/4491/12
f 3382/4455/12 3380/4457/12 3394/4499/12 3395/4498/12
f 3380/4457/12 3378/4459/12 3393/4500/12 3394/4499/12
f 3378/4459/12 3376/4461/12 3392/4501/12 3393/4500/12
f 3376/4461/12 3374/4463/12 3391/4502/12 3392/4501/12
f 3374/4463/12 3372/4465/12 3390/4503/12 3391/4502/12
f 3372/4465/12 3370/4467/12 3389/4474/12 3390/4503/12
f 3403/4504/163 3402/4505/164 3426/4506/165 3427/4507/166
f 3395/4498/167 3394/4499/168 3406/4508/169 3407/4509/170
f 3392/4501/171 3391/4502/172 3403/4504/163 3404/4510/173
f 3389/4474/174 3388/4473/159 3400/4493/162 3401/4511/175
f 3396/4494/176 3395/4498/167 3407/4509/170 3408/4512/177
f 3385/4497/178 3386/4496/179 3398/4513/180 3397/4514/181
f 3393/4500/182 3392/4501/171 3404/4510/173 3405/4515/183
f 3390/4503/184 3389/4474/174 3401/4511/175 3402/4505/164
f 3386/4495/179 3396/4494/176 3408/4512/177 3398/4516/180
f 3387/4491/160 3385/4497/178 3397/4514/181 3399/4492/161
f 3394/4499/168 3393/4500/182 3405/4515/183 3406/4508/169
f 3391/4502/172 3390/4503/184 3402/4505/164 3403/4504/163
f 3414/4517/8 3413/4518/9 3437/4519/185 3438/4520/186
f 3400/4493/162 3399/4492/161 3423/4521/187 3424/4522/188
f 3407/4509/170 3406/4508/169 3430/4523/189 3431/4524/190
f 3404/4510/173 3403/4504/163 3427/4507/166 3428/4525/191
f 3401/4511/175 3400/4493/162 3424/4522/188 3425/4526/192
f 3408/4512/177 3407/4509/170 3431/4524/190 3432/4527/193
f 3397/4514/181 3398/4513/180 3422/4528/194 3421/4529/195
f 3405/4515/183 3404/4510/173 3428/4525/191 3429/4530/196
f 3402/4505/164 3401/4511/175 3425/4526/192 3426/4506/165
f 3398/4516/180 3408/4512/177 3432/4527/193 3422/4531/194
f 3399/4492/161 3397/4514/181 3421/4529/195 3423/4521/187
f 3406/4508/169 3405/4515/183 3429/4530/196 3430/4523/189
f 3410/4532/52 3409/4533/52 3421/4529/195 3422/4528/194
f 3409/4533/52 3411/4534/52 3423/4521/187 3421/4529/195
f 3411/4534/52 3412/4535/52 3424/4522/188 3423/4521/187
f 3412/4535/52 3413/4518/52 3425/4526/192 3424/4522/188
f 3413/4518/52 3414/4517/52 3426/4506/165 3425/4526/192
f 3414/4517/52 3415/4536/52 3427/4507/166 3426/4506/165
f 3415/4536/52 3416/4537/52 3428/4525/191 3427/4507/166
f 3416/4537/52 3417/4538/52 3429/4530/196 3428/4525/191
f 3417/4538/52 3418/4539/52 3430/4523/189 3429/4530/196
f 3418/4539/52 3419/4540/52 3431/4524/190 3430/4523/189
f 3419/4540/52 3420/4541/52 3432/4527/193 3431/4524/190
f 3420/4541/52 3410/4542/52 3422/4531/194 3432/4527/193
f 3441/4543/197 3440/4544/198 3452/4545/199 3453/4546/200
f 3410/4542/2 3420/4541/1 3444/4547/201 3434/4548/202
f 3411/4534/11 3409/4533/13 3433/4549/203 3435/4550/204
f 3418/4539/4 3417/4538/5 3441/4543/197 3442/4551/205
f 3415/4536/7 3414/4517/8 3438/4520/186 3439/4552/206
f 3412/4535/10 3411/4534/11 3435/4550/204 3436/4553/207
f 3419/4540/3 3418/4539/4 3442/4551/205 3443/4554/208
f 3416/4537/6 3415/4536/7 3439/4552/206 3440/4544/198
f 3413/4518/9 3412/4535/10 3436/4553/207 3437/4519/185
f 3420/4541/1 3419/4540/3 3443/4554/208 3444/4547/201
f 3409/4533/13 3410/4532/2 3434/4555/202 3433/4549/203
f 3417/4538/5 3416/4537/6 3440/4544/198 3441/4543/197
f 3445/4556/209 3446/4557/210 3458/4558/211 3457/4559/212
f 3438/4520/186 3437/4519/185 3449/4560/213 3450/4561/1656
f 3434/4548/202 3444/4547/201 3456/4562/215 3446/4563/210
f 3435/4550/204 3433/4549/203 3445/4556/209 3447/4564/216
f 3442/4551/205 3441/4543/197 3453/4546/200 3454/4565/217
f 3439/4552/206 3438/4520/186 3450/4561/1656 3451/4566/218
f 3436/4553/207 3435/4550/204 3447/4564/216 3448/4567/219
f 3443/4554/208 3442/4551/205 3454/4565/217 3455/4568/220
f 3440/4544/198 3439/4552/206 3451/4566/218 3452/4545/199
f 3437/4519/185 3436/4553/207 3448/4567/219 3449/4560/213
f 3444/4547/201 3443/4554/208 3455/4568/220 3456/4562/215
f 3433/4549/203 3434/4555/202 3446/4557/210 3445/4556/209
f 3468/4569/221 3467/4570/471 3479/4571/223 3480/4572/224
f 3453/4546/200 3452/4545/199 3464/4573/225 3465/4574/226
f 3450/4561/1656 3449/4560/213 3461/4575/227 3462/4576/228
f 3446/4563/210 3456/4562/215 3468/4569/221 3458/4577/211
f 3447/4564/216 3445/4556/209 3457/4559/212 3459/4578/229
f 3454/4565/217 3453/4546/200 3465/4574/226 3466/4579/230
f 3451/4566/218 3450/4561/1656 3462/4576/228 3463/4580/231
f 3448/4567/219 3447/4564/216 3459/4578/229 3460/4581/232
f 3455/4568/220 3454/4565/217 3466/4579/230 3467/4570/471
f 3452/4545/199 3451/4566/218 3463/4580/231 3464/4573/225
f 3449/4560/213 3448/4567/219 3460/4581/232 3461/4575/227
f 3456/4562/215 3455/4568/220 3467/4570/471 3468/4569/221
f 3469/4582/233 3470/4583/1657 3480/4584/224 3479/4585/223 3478/4586/472 3477/4587/236 3476/4588/237 3475/4589/238 3474/4590/239 3473/4591/240 3472/4592/241 3471/4593/242
f 3457/4559/212 3458/4558/211 3470/4594/1657 3469/4595/233
f 3465/4574/226 3464/4573/225 3476/4596/237 3477/4597/236
f 3462/4576/228 3461/4575/227 3473/4598/240 3474/4599/239
f 3458/4577/211 3468/4569/221 3480/4572/224 3470/4600/1657
f 3459/4578/229 3457/4559/212 3469/4595/233 3471/4601/242
f 3466/4579/230 3465/4574/226 3477/4597/236 3478/4602/472
f 3463/4580/231 3462/4576/228 3474/4599/239 3475/4603/238
f 3460/4581/232 3459/4578/229 3471/4601/242 3472/4604/241
f 3467/4570/471 3466/4579/230 3478/4602/472 3479/4571/223
f 3464/4573/225 3463/4580/231 3475/4603/238 3476/4596/237
f 3461/4575/227 3460/4581/232 3472/4604/241 3473/4598/240
f 3504/4605/1 3482/4606/2 3481/4607/2 3503/4608/1
f 3502/4609/3 3504/4605/1 3503/4608/1 3501/4610/3
f 3500/4611/4 3502/4609/3 3501/4610/3 3499/4612/4
f 3498/4613/5 3500/4611/4 3499/4612/4 3497/4614/5
f 3496/4615/6 3498/4613/5 3497/4614/5 3495/4616/6
f 3494/4617/7 3496/4615/6 3495/4616/6 3493/4618/7
f 3492/4619/8 3494/4617/7 3493/4618/7 3491/4620/8
f 3490/4621/9 3492/4619/8 3491/4620/8 3489/4622/9
f 3488/4623/10 3490/4621/9 3489/4622/9 3487/4624/10
f 3486/4625/11 3488/4623/10 3487/4624/10 3485/4626/11
f 3490/4621/12 3488/4623/12 3508/4627/12 3509/4628/12
f 3484/4629/13 3486/4625/11 3485/4626/11 3483/4630/13
f 3482/4631/2 3484/4629/13 3483/4630/13 3481/4632/2
f 3481/4633/12 3483/4634/12 3485/4635/12 3487/4636/12 3489/4637/12 3491/4638/12 3493/4639/12 3495/4640/12 3497/4641/12 3499/4642/12 3501/4643/12 3503/4644/12
f 3508/4627/387 3507/4645/388 3519/4646/389 3520/4647/390
f 3482/4606/12 3504/4605/12 3516/4648/12 3506/4649/12
f 3484/4629/12 3482/4631/12 3506/4650/12 3505/4651/12
f 3488/4623/12 3486/4625/12 3507/4645/12 3508/4627/12
f 3504/4605/12 3502/4609/12 3515/4652/12 3516/4648/12
f 3486/4625/12 3484/4629/12 3505/4651/12 3507/4645/12
f 3502/4609/12 3500/4611/12 3514/4653/12 3515/4652/12
f 3500/4611/12 3498/4613/12 3513/4654/12 3514/4653/12
f 3498/4613/12 3496/4615/12 3512/4655/12 3513/4654/12
f 3496/4615/12 3494/4617/12 3511/4656/12 3512/4655/12
f 3494/4617/12 3492/4619/12 3510/4657/12 3511/4656/12
f 3492/4619/12 3490/4621/12 3509/4628/12 3510/4657/12
f 3523/4658/391 3522/4659/392 3546/4660/393 3547/4661/394
f 3515/4652/395 3514/4653/396 3526/4662/397 3527/4663/398
f 3512/4655/399 3511/4656/400 3523/4658/391 3524/4664/401
f 3509/4628/402 3508/4627/387 3520/4647/390 3521/4665/403
f 3516/4648/1229 3515/4652/395 3527/4663/398 3528/4666/405
f 3505/4651/406 3506/4650/407 3518/4667/408 3517/4668/409
f 3513/4654/410 3512/4655/399 3524/4664/401 3525/4669/411
f 3510/4657/412 3509/4628/402 3521/4665/403 3522/4659/392
f 3506/4649/407 3516/4648/1229 3528/4666/405 3518/4670/408
f 3507/4645/388 3505/4651/406 3517/4668/409 3519/4646/389
f 3514/4653/396 3513/4654/410 3525/4669/411 3526/4662/397
f 3511/4656/400 3510/4657/412 3522/4659/392 3523/4658/391
f 3534/4671/8 3533/4672/9 3557/4673/413 3558/4674/414
f 3520/4647/390 3519/4646/389 3543/4675/415 3544/4676/416
f 3527/4663/398 3526/4662/397 3550/4677/1651 3551/4678/418
f 3524/4664/401 3523/4658/391 3547/4661/394 3548/4679/419
f 3521/4665/403 3520/4647/390 3544/4676/416 3545/4680/420
f 3528/4666/405 3527/4663/398 3551/4678/418 3552/4681/421
f 3517/4668/409 3518/4667/408 3542/4682/422 3541/4683/423
f 3525/4669/411 3524/4664/401 3548/4679/419 3549/4684/424
f 3522/4659/392 3521/4665/403 3545/4680/420 3546/4660/393
f 3518/4670/408 3528/4666/405 3552/4681/421 3542/4685/422
f 3519/4646/389 3517/4668/409 3541/4683/423 3543/4675/415
f 3526/4662/397 3525/4669/411 3549/4684/424 3550/4677/1651
f 3530/4686/52 3529/4687/52 3541/4683/423 3542/4682/422
f 3529/4687/52 3531/4688/52 3543/4675/415 3541/4683/423
f 3531/4688/52 3532/4689/52 3544/4676/416 3543/4675/415
f 3532/4689/52 3533/4672/52 3545/4680/420 3544/4676/416
f 3533/4672/52 3534/4671/52 3546/4660/393 3545/4680/420
f 3534/4671/52 3535/4690/52 3547/4661/394 3546/4660/393
f 3535/4690/52 3536/4691/52 3548/4679/419 3547/4661/394
f 3536/4691/52 3537/4692/52 3549/4684/424 3548/4679/419
f 3537/4692/52 3538/4693/52 3550/4677/1651 3549/4684/424
f 3538/4693/52 3539/4694/52 3551/4678/418 3550/4677/1651
f 3539/4694/52 3540/4695/52 3552/4681/421 3551/4678/418
f 3540/4695/52 3530/4696/52 3542/4685/422 3552/4681/421
f 3561/4697/425 3560/4698/426 3572/4699/427 3573/4700/428
f 3530/4696/2 3540/4695/1 3564/4701/429 3554/4702/430
f 3531/4688/11 3529/4687/13 3553/4703/431 3555/4704/432
f 3538/4693/4 3537/4692/5 3561/4697/425 3562/4705/433
f 3535/4690/7 3534/4671/8 3558/4674/414 3559/4706/434
f 3532/4689/10 3531/4688/11 3555/4704/432 3556/4707/435
f 3539/4694/3 3538/4693/4 3562/4705/433 3563/4708/436
f 3536/4691/6 3535/4690/7 3559/4706/434 3560/4698/426
f 3533/4672/9 3532/4689/10 3556/4707/435 3557/4673/413
f 3540/4695/1 3539/4694/3 3563/4708/436 3564/4701/429
f 3529/4687/13 3530/4686/2 3554/4709/430 3553/4703/431
f 3537/4692/5 3536/4691/6 3560/4698/426 3561/4697/425
f 3565/4710/437 3566/4711/438 3578/4712/439 3577/4713/440
f 3558/4674/414 3557/4673/413 3569/4714/441 3570/4715/442
f 3554/4702/430 3564/4701/429 3576/4716/443 3566/4717/438
f 3555/4704/432 3553/4703/431 3565/4710/437 3567/4718/444
f 3562/4705/433 3561/4697/425 3573/4700/428 3574/4719/445
f 3559/4706/434 3558/4674/414 3570/4715/442 3571/4720/446
f 3556/4707/435 3555/4704/432 3567/4718/444 3568/4721/447
f 3563/4708/436 3562/4705/433 3574/4719/445 3575/4722/448
f 3560/4698/426 3559/4706/434 3571/4720/446 3572/4699/427
f 3557/4673/413 3556/4707/435 3568/4721/447 3569/4714/441
f 3564/4701/429 3563/4708/436 3575/4722/448 3576/4716/443
f 3553/4703/431 3554/4709/430 3566/4711/438 3565/4710/437
f 3588/4723/449 3587/4724/450 3599/4725/451 3600/4726/452
f 3573/4700/428 3572/4699/427 3584/4727/453 3585/4728/454
f 3570/4715/442 3569/4714/441 3581/4729/455 3582/4730/456
f 3566/4717/438 3576/4716/443 3588/4723/449 3578/4731/439
f 3567/4718/444 3565/4710/437 3577/4713/440 3579/4732/457
f 3574/4719/445 3573/4700/428 3585/4728/454 3586/4733/458
f 3571/4720/446 3570/4715/442 3582/4730/456 3583/4734/459
f 3568/4721/447 3567/4718/444 3579/4732/457 3580/4735/460
f 3575/4722/448 3574/4719/445 3586/4733/458 3587/4724/450
f 3572/4699/427 3571/4720/446 3583/4734/459 3584/4727/453
f 3569/4714/441 3568/4721/447 3580/4735/460 3581/4729/455
f 3576/4716/443 3575/4722/448 3587/4724/450 3588/4723/449
f 3589/4736/461 3590/4737/462 3600/4738/452 3599/4739/451 3598/4740/463 3597/4741/464 3596/4742/465 3595/4743/466 3594/4744/467 3593/4745/468 3592/4746/469 3591/4747/470
f 3577/4713/440 3578/4712/439 3590/4748/462 3589/4749/461
f 3585/4728/454 3584/4727/453 3596/4750/465 3597/4751/464
f 3582/4730/456 3581/4729/455 3593/4752/468 3594/4753/467
f 3578/4731/439 3588/4723/449 3600/4726/452 3590/4754/462
f 3579/4732/457 3577/4713/440 3589/4749/461 3591/4755/470
f 3586/4733/458 3585/4728/454 3597/4751/464 3598/4756/463
f 3583/4734/459 3582/4730/456 3594/4753/467 3595/4757/466
f 3580/4735/460 3579/4732/457 3591/4755/470 3592/4758/469
f 3587/4724/450 3586/4733/458 3598/4756/463 3599/4725/451
f 3584/4727/453 3583/4734/459 3595/4757/466 3596/4750/465
f 3581/4729/455 3580/4735/460 3592/4758/469 3593/4752/468
f 3624/4759/1 3602/4760/2 3601/4761/2 3623/4762/1
f 3622/4763/3 3624/4759/1 3623/4762/1 3621/4764/3
f 3620/4765/4 3622/4763/3 3621/4764/3 3619/4766/4
f 3618/4767/5 3620/4765/4 3619/4766/4 3617/4768/5
f 3616/4769/6 3618/4767/5 3617/4768/5 3615/4770/6
f 3614/4771/7 3616/4769/6 3615/4770/6 3613/4772/7
f 3612/4773/8 3614/4771/7 3613/4772/7 3611/4774/8
f 3610/4775/9 3612/4773/8 3611/4774/8 3609/4776/9
f 3608/4777/10 3610/4775/9 3609/4776/9 3607/4778/10
f 3606/4779/11 3608/4777/10 3607/4778/10 3605/4780/11
f 3610/4775/12 3608/4777/12 3628/4781/12 3629/4782/12
f 3604/4783/13 3606/4779/11 3605/4780/11 3603/4784/13
f 3602/4785/2 3604/4783/13 3603/4784/13 3601/4786/2
f 3601/4787/12 3603/4788/12 3605/4789/12 3607/4790/12 3609/4791/12 3611/4792/12 3613/4793/12 3615/4794/12 3617/4795/12 3619/4796/12 3621/4797/12 3623/4798/12
f 3628/4781/159 3627/4799/160 3639/4800/161 3640/4801/162
f 3602/4760/12 3624/4759/12 3636/4802/12 3626/4803/12
f 3604/4783/12 3602/4785/12 3626/4804/12 3625/4805/12
f 3608/4777/12 3606/4779/12 3627/4799/12 3628/4781/12
f 3624/4759/12 3622/4763/12 3635/4806/12 3636/4802/12
f 3606/4779/12 3604/4783/12 3625/4805/12 3627/4799/12
f 3622/4763/12 3620/4765/12 3634/4807/12 3635/4806/12
f 3620/4765/12 3618/4767/12 3633/4808/12 3634/4807/12
f 3618/4767/12 3616/4769/12 3632/4809/12 3633/4808/12
f 3616/4769/12 3614/4771/12 3631/4810/12 3632/4809/12
f 3614/4771/12 3612/4773/12 3630/4811/12 3631/4810/12
f 3612/4773/12 3610/4775/12 3629/4782/12 3630/4811/12
f 3643/4812/163 3642/4813/164 3666/4814/165 3667/4815/166
f 3635/4806/167 3634/4807/168 3646/4816/169 3647/4817/170
f 3632/4809/171 3631/4810/172 3643/4812/163 3644/4818/173
f 3629/4782/174 3628/4781/159 3640/4801/162 3641/4819/175
f 3636/4802/176 3635/4806/167 3647/4817/170 3648/4820/177
f 3625/4805/178 3626/4804/179 3638/4821/180 3637/4822/181
f 3633/4808/182 3632/4809/171 3644/4818/173 3645/4823/183
f 3630/4811/184 3629/4782/174 3641/4819/175 3642/4813/164
f 3626/4803/179 3636/4802/176 3648/4820/177 3638/4824/180
f 3627/4799/160 3625/4805/178 3637/4822/181 3639/4800/161
f 3634/4807/168 3633/4808/182 3645/4823/183 3646/4816/169
f 3631/4810/172 3630/4811/184 3642/4813/164 3643/4812/163
f 3654/4825/8 3653/4826/9 3677/4827/185 3678/4828/186
f 3640/4801/162 3639/4800/161 3663/4829/187 3664/4830/188
f 3647/4817/170 3646/4816/169 3670/4831/189 3671/4832/190
f 3644/4818/173 3643/4812/163 3667/4815/166 3668/4833/191
f 3641/4819/175 3640/4801/162 3664/4830/188 3665/4834/192
f 3648/4820/177 3647/4817/170 3671/4832/190 3672/4835/193
f 3637/4822/181 3638/4821/180 3662/4836/194 3661/4837/195
f 3645/4823/183 3644/4818/173 3668/4833/191 3669/4838/196
f 3642/4813/164 3641/4819/175 3665/4834/192 3666/4814/165
f 3638/4824/180 3648/4820/177 3672/4835/193 3662/4839/194
f 3639/4800/161 3637/4822/181 3661/4837/195 3663/4829/187
f 3646/4816/169 3645/4823/183 3669/4838/196 3670/4831/189
f 3650/4840/52 3649/4841/52 3661/4837/195 3662/4836/194
f 3649/4841/52 3651/4842/52 3663/4829/187 3661/4837/195
f 3651/4842/52 3652/4843/52 3664/4830/188 3663/4829/187
f 3652/4843/52 3653/4826/52 3665/4834/192 3664/4830/188
f 3653/4826/52 3654/4825/52 3666/4814/165 3665/4834/192
f 3654/4825/52 3655/4844/52 3667/4815/166 3666/4814/165
f 3655/4844/52 3656/4845/52 3668/4833/191 3667/4815/166
f 3656/4845/52 3657/4846/52 3669/4838/196 3668/4833/191
f 3657/4846/52 3658/4847/52 3670/4831/189 3669/4838/196
f 3658/4847/52 3659/4848/52 3671/4832/190 3670/4831/189
f 3659/4848/52 3660/4849/52 3672/4835/193 3671/4832/190
f 3660/4849/52 3650/4850/52 3662/4839/194 3672/4835/193
f 3681/4851/197 3680/4852/198 3692/4853/199 3693/4854/200
f 3650/4850/2 3660/4849/1 3684/4855/201 3674/4856/202
f 3651/4842/11 3649/4841/13 3673/4857/203 3675/4858/204
f 3658/4847/4 3657/4846/5 3681/4851/197 3682/4859/205
f 3655/4844/7 3654/4825/8 3678/4828/186 3679/4860/206
f 3652/4843/10 3651/4842/11 3675/4858/204 3676/4861/207
f 3659/4848/3 3658/4847/4 3682/4859/205 3683/4862/208
f 3656/4845/6 3655/4844/7 3679/4860/206 3680/4852/198
f 3653/4826/9 3652/4843/10 3676/4861/207 3677/4827/185
f 3660/4849/1 3659/4848/3 3683/4862/208 3684/4855/201
f 3649/4841/13 3650/4840/2 3674/4863/202 3673/4857/203
f 3657/4846/5 3656/4845/6 3680/4852/198 3681/4851/197
f 3685/4864/209 3686/4865/210 3698/4866/211 3697/4867/212
f 3678/4828/186 3677/4827/185 3689/4868/213 3690/4869/214
f 3674/4856/202 3684/4855/201 3696/4870/215 3686/4871/210
f 3675/4858/204 3673/4857/203 3685/4864/209 3687/4872/216
f 3682/4859/205 3681/4851/197 3693/4854/200 3694/4873/217
f 3679/4860/206 3678/4828/186 3690/4869/214 3691/4874/218
f 3676/4861/207 3675/4858/204 3687/4872/216 3688/4875/219
f 3683/4862/208 3682/4859/205 3694/4873/217 3695/4876/220
f 3680/4852/198 3679/4860/206 3691/4874/218 3692/4853/199
f 3677/4827/185 3676/4861/207 3688/4875/219 3689/4868/213
f 3684/4855/201 3683/4862/208 3695/4876/220 3696/4870/215
f 3673/4857/203 3674/4863/202 3686/4865/210 3685/4864/209
f 3708/4877/221 3707/4878/471 3719/4879/223 3720/4880/224
f 3693/4854/200 3692/4853/199 3704/4881/225 3705/4882/226
f 3690/4869/214 3689/4868/213 3701/4883/227 3702/4884/228
f 3686/4871/210 3696/4870/215 3708/4877/221 3698/4885/211
f 3687/4872/216 3685/4864/209 3697/4867/212 3699/4886/229
f 3694/4873/217 3693/4854/200 3705/4882/226 3706/4887/230
f 3691/4874/218 3690/4869/214 3702/4884/228 3703/4888/231
f 3688/4875/219 3687/4872/216 3699/4886/229 3700/4889/232
f 3695/4876/220 3694/4873/217 3706/4887/230 3707/4878/471
f 3692/4853/199 3691/4874/218 3703/4888/231 3704/4881/225
f 3689/4868/213 3688/4875/219 3700/4889/232 3701/4883/227
f 3696/4870/215 3695/4876/220 3707/4878/471 3708/4877/221
f 3709/4890/233 3710/4891/234 3720/4892/224 3719/4893/223 3718/4894/472 3717/4895/236 3716/4896/237 3715/4897/238 3714/4898/239 3713/4899/240 3712/4900/241 3711/4901/242
f 3697/4867/212 3698/4866/211 3710/4902/234 3709/4903/233
f 3705/4882/226 3704/4881/225 3716/4904/237 3717/4905/236
f 3702/4884/228 3701/4883/227 3713/4906/240 3714/4907/239
f 3698/4885/211 3708/4877/221 3720/4880/224 3710/4908/234
f 3699/4886/229 3697/4867/212 3709/4903/233 3711/4909/242
f 3706/4887/230 3705/4882/226 3717/4905/236 3718/4910/472
f 3703/4888/231 3702/4884/228 3714/4907/239 3715/4911/238
f 3700/4889/232 3699/4886/229 3711/4909/242 3712/4912/241
f 3707/4878/471 3706/4887/230 3718/4910/472 3719/4879/223
f 3704/4881/225 3703/4888/231 3715/4911/238 3716/4904/237
f 3701/4883/227 3700/4889/232 3712/4912/241 3713/4906/240
