# Blender 4.5.0
# www.blender.org
o WoodBars_TeaShop
v -1.906967 2.071024 1.457295
v -1.906967 0.000000 -0.945283
v -1.906967 2.071001 -0.087517
v -1.906967 1.213258 -0.945260
v -1.681693 2.071024 1.457295
v -1.681693 0.000000 -0.945283
v -1.681693 2.071001 -0.087517
v -1.681693 1.213258 -0.945260
v -1.906967 1.976796 1.457295
v -1.906967 0.000000 -0.851055
v -1.681693 1.976796 1.457295
v -1.681693 0.000000 -0.851055
v -1.906967 1.392299 -0.643137
v -1.906967 0.873029 -0.856375
v -1.906967 1.286833 -0.725307
v -1.906967 1.151114 -0.794686
v -1.906967 1.005806 -0.840711
v -1.906967 1.982523 0.252715
v -1.906967 1.768878 -0.266558
v -1.906967 1.966703 0.119937
v -1.906967 1.920546 -0.025373
v -1.906967 1.851079 -0.161092
v -1.681693 0.873029 -0.856375
v -1.681693 1.392299 -0.643137
v -1.681693 1.005806 -0.840711
v -1.681693 1.151114 -0.794686
v -1.681693 1.286833 -0.725307
v -1.681693 1.768878 -0.266558
v -1.681693 1.982523 0.252715
v -1.681693 1.851079 -0.161092
v -1.681693 1.920546 -0.025373
v -1.681693 1.966703 0.119937
v -0.857732 2.071024 1.457295
v -0.857732 0.000000 -0.945283
v -0.857732 2.071001 -0.087517
v -0.857732 1.213258 -0.945260
v -0.632459 2.071024 1.457295
v -0.632459 0.000000 -0.945283
v -0.632459 2.071001 -0.087517
v -0.632459 1.213258 -0.945260
v -0.857732 1.976796 1.457295
v -0.857732 0.000000 -0.851055
v -0.632459 1.976796 1.457295
v -0.632459 0.000000 -0.851055
v -0.857732 1.392299 -0.643137
v -0.857732 0.873029 -0.856375
v -0.857732 1.286833 -0.725307
v -0.857732 1.151114 -0.794686
v -0.857732 1.005806 -0.840711
v -0.857732 1.982523 0.252715
v -0.857732 1.768878 -0.266558
v -0.857732 1.966703 0.119937
v -0.857732 1.920546 -0.025373
v -0.857732 1.851079 -0.161092
v -0.632459 0.873029 -0.856375
v -0.632459 1.392299 -0.643137
v -0.632459 1.005806 -0.840711
v -0.632459 1.151114 -0.794686
v -0.632459 1.286833 -0.725307
v -0.632459 1.768878 -0.266558
v -0.632459 1.982523 0.252715
v -0.632459 1.851079 -0.161092
v -0.632459 1.920546 -0.025373
v -0.632459 1.966703 0.119937
v 0.043362 2.071024 1.457295
v 0.043362 0.000000 -0.945283
v 0.043362 2.071001 -0.087517
v 0.043362 1.213258 -0.945260
v 0.268636 2.071024 1.457295
v 0.268636 0.000000 -0.945283
v 0.268636 2.071001 -0.087517
v 0.268636 1.213258 -0.945260
v 0.043362 1.976796 1.457295
v 0.043362 0.000000 -0.851055
v 0.268636 1.976796 1.457295
v 0.268636 0.000000 -0.851055
v 0.043362 1.392299 -0.643137
v 0.043362 0.873029 -0.856375
v 0.043362 1.286833 -0.725307
v 0.043362 1.151114 -0.794686
v 0.043362 1.005806 -0.840711
v 0.043362 1.982523 0.252715
v 0.043362 1.768878 -0.266558
v 0.043362 1.966703 0.119937
v 0.043362 1.920546 -0.025373
v 0.043362 1.851079 -0.161092
v 0.268636 0.873029 -0.856375
v 0.268636 1.392299 -0.643137
v 0.268636 1.005806 -0.840711
v 0.268636 1.151114 -0.794686
v 0.268636 1.286833 -0.725307
v 0.268636 1.768878 -0.266558
v 0.268636 1.982523 0.252715
v 0.268636 1.851079 -0.161092
v 0.268636 1.920546 -0.025373
v 0.268636 1.966703 0.119937
v 0.944456 2.071024 1.457295
v 0.944456 0.000000 -0.945283
v 0.944456 2.071001 -0.087517
v 0.944456 1.213258 -0.945260
v 1.169730 2.071024 1.457295
v 1.169730 0.000000 -0.945283
v 1.169730 2.071001 -0.087517
v 1.169730 1.213258 -0.945260
v 0.944456 1.976796 1.457295
v 0.944456 0.000000 -0.851055
v 1.169730 1.976796 1.457295
v 1.169730 0.000000 -0.851055
v 0.944456 1.392299 -0.643137
v 0.944456 0.873029 -0.856375
v 0.944456 1.286833 -0.725307
v 0.944456 1.151114 -0.794686
v 0.944456 1.005806 -0.840711
v 0.944456 1.982523 0.252715
v 0.944456 1.768878 -0.266558
v 0.944456 1.966703 0.119937
v 0.944456 1.920546 -0.025373
v 0.944456 1.851079 -0.161092
v 1.169730 0.873029 -0.856375
v 1.169730 1.392299 -0.643137
v 1.169730 1.005806 -0.840711
v 1.169730 1.151114 -0.794686
v 1.169730 1.286833 -0.725307
v 1.169730 1.768878 -0.266558
v 1.169730 1.982523 0.252715
v 1.169730 1.851079 -0.161092
v 1.169730 1.920546 -0.025373
v 1.169730 1.966703 0.119937
v 2.012355 2.071024 1.457295
v 2.012355 0.000000 -0.945283
v 2.012355 2.071001 -0.087517
v 2.012355 1.213258 -0.945260
v 2.237628 2.071024 1.457295
v 2.237628 0.000000 -0.945283
v 2.237628 2.071001 -0.087517
v 2.237628 1.213258 -0.945260
v 2.012355 1.976796 1.457295
v 2.012355 0.000000 -0.851055
v 2.237628 1.976796 1.457295
v 2.237628 0.000000 -0.851055
v 2.012355 1.392299 -0.643137
v 2.012355 0.873029 -0.856375
v 2.012355 1.286833 -0.725307
v 2.012355 1.151114 -0.794686
v 2.012355 1.005806 -0.840711
v 2.012355 1.982523 0.252715
v 2.012355 1.768878 -0.266558
v 2.012355 1.966703 0.119937
v 2.012355 1.920546 -0.025373
v 2.012355 1.851079 -0.161092
v 2.237628 0.873029 -0.856375
v 2.237628 1.392299 -0.643137
v 2.237628 1.005806 -0.840711
v 2.237628 1.151114 -0.794686
v 2.237628 1.286833 -0.725307
v 2.237628 1.768878 -0.266558
v 2.237628 1.982523 0.252715
v 2.237628 1.851079 -0.161092
v 2.237628 1.920546 -0.025373
v 2.237628 1.966703 0.119937
v 2.155812 1.627915 -0.361062
v 2.155812 1.726662 -0.459809
v 2.155812 1.505884 -0.483093
v 2.155812 1.604631 -0.581840
v -1.880992 1.627915 -0.361062
v -1.880992 1.726662 -0.459809
v -1.880992 1.505884 -0.483093
v -1.880992 1.604631 -0.581840
v -1.952328 -0.233048 2.140257
v -1.771810 -0.233048 2.140257
v -1.952328 -0.233048 1.967679
v -1.771810 -0.233048 1.967679
v -1.952328 1.979132 2.140257
v -1.771810 1.979132 2.140257
v -1.952328 1.979132 1.967679
v -1.771810 1.979132 1.967679
v -1.952328 -0.233048 0.094194
v -1.771810 -0.233048 0.094194
v -1.952328 -0.233048 -0.078385
v -1.771810 -0.233048 -0.078385
v -1.952328 1.979132 0.094194
v -1.771810 1.979132 0.094194
v -1.952328 1.979132 -0.078385
v -1.771810 1.979132 -0.078385
v 2.089584 -0.233048 2.140257
v 2.270103 -0.233048 2.140257
v 2.089584 -0.233048 1.967679
v 2.270103 -0.233048 1.967679
v 2.089584 1.979132 2.140257
v 2.270102 1.979132 2.140257
v 2.089584 1.979132 1.967679
v 2.270102 1.979132 1.967679
v 2.089584 -0.233048 0.094194
v 2.270103 -0.233048 0.094194
v 2.089584 -0.233048 -0.078385
v 2.270103 -0.233048 -0.078385
v 2.089584 1.979132 0.094194
v 2.270102 1.979132 0.094194
v 2.089584 1.979132 -0.078385
v 2.270102 1.979132 -0.078385
v -1.934104 1.093491 -0.008321
v -1.874407 1.093491 -0.008321
v -1.934104 1.266069 -0.008321
v -1.874407 1.266069 -0.008321
v -1.934104 1.093491 2.078451
v -1.874408 1.093491 2.078451
v -1.934104 1.266069 2.078451
v -1.874408 1.266069 2.078451
v -1.934104 1.266069 0.642018
v -1.934104 1.266069 1.553519
v -1.934104 1.359407 0.945852
v -1.934104 1.359408 1.249685
v -1.874408 1.266069 1.553519
v -1.874407 1.266069 0.642018
v -1.874408 1.359407 1.249685
v -1.874408 1.359408 0.945852
v -1.934104 1.093491 1.553519
v -1.934104 1.093491 0.642018
v -1.934104 1.186829 1.249685
v -1.934104 1.186829 0.945852
v -1.874407 1.093491 0.642018
v -1.874408 1.093491 1.553519
v -1.874408 1.186829 0.945852
v -1.874408 1.186829 1.249685
v 2.242370 1.093491 -0.008321
v 2.182673 1.093491 -0.008321
v 2.242370 1.266069 -0.008321
v 2.182673 1.266069 -0.008321
v 2.242370 1.093491 2.078451
v 2.182673 1.093491 2.078451
v 2.242370 1.266069 2.078451
v 2.182673 1.266069 2.078451
v 2.242370 1.266069 0.642018
v 2.242370 1.266069 1.553519
v 2.242370 1.359407 0.945852
v 2.242370 1.359408 1.249685
v 2.182673 1.266069 1.553519
v 2.182673 1.266069 0.642018
v 2.182673 1.359407 1.249685
v 2.182673 1.359408 0.945852
v 2.242370 1.093491 1.553519
v 2.242370 1.093491 0.642018
v 2.242370 1.186829 1.249685
v 2.242370 1.186829 0.945852
v 2.182673 1.093491 0.642018
v 2.182673 1.093491 1.553519
v 2.182674 1.186829 0.945852
v 2.182674 1.186829 1.249685
v -1.934104 1.179780 -0.008321
v -1.904256 1.093491 -0.008321
v -1.874407 1.179780 -0.008321
v -1.904256 1.266069 -0.008321
v -1.904256 1.266069 2.078451
v -1.934104 1.179780 2.078451
v -1.874408 1.179780 2.078451
v -1.904256 1.093491 2.078451
v -1.874408 1.319739 0.793935
v -1.874408 1.179780 0.642018
v -1.874408 1.147161 0.793935
v -1.874408 1.273118 0.945852
v -1.874408 1.373408 1.097768
v -1.874408 1.200830 1.097768
v -1.874408 1.273118 1.249685
v -1.874408 1.319739 1.401602
v -1.874408 1.147160 1.401602
v -1.874408 1.179780 1.553518
v -1.934104 1.319739 1.401602
v -1.934104 1.179780 1.553518
v -1.934104 1.147161 1.401602
v -1.934104 1.273118 1.249685
v -1.934104 1.373408 1.097768
v -1.934104 1.200830 1.097768
v -1.934104 1.273118 0.945852
v -1.934104 1.319739 0.793935
v -1.934104 1.147161 0.793935
v -1.934104 1.179780 0.642018
v -1.904256 1.093491 0.642018
v -1.904256 1.186829 0.945852
v -1.904256 1.186829 1.249685
v -1.904256 1.093491 1.553518
v -1.904256 1.266069 1.553518
v -1.904256 1.359408 1.249685
v -1.904256 1.359408 0.945852
v -1.904255 1.266069 0.642018
v -1.934104 1.266069 0.316849
v -1.874407 1.266069 0.316849
v -1.934104 1.266069 1.815985
v -1.934104 1.093491 1.815985
v -1.934104 1.093491 0.316849
v -1.874408 1.266069 1.815985
v -1.874408 1.093491 1.815985
v -1.874407 1.093491 0.316849
v 2.242370 1.179780 -0.008321
v 2.212522 1.093491 -0.008321
v 2.182673 1.179780 -0.008321
v 2.212522 1.266069 -0.008321
v 2.212522 1.266069 2.078451
v 2.242370 1.179780 2.078451
v 2.182673 1.179780 2.078451
v 2.212522 1.093491 2.078451
v 2.182673 1.319739 0.793935
v 2.182673 1.179780 0.642018
v 2.182673 1.147161 0.793935
v 2.182673 1.273118 0.945852
v 2.182673 1.373408 1.097768
v 2.182673 1.200830 1.097768
v 2.182673 1.273118 1.249685
v 2.182673 1.319739 1.401602
v 2.182674 1.147160 1.401602
v 2.182674 1.179780 1.553518
v 2.242370 1.319739 1.401602
v 2.242370 1.179780 1.553518
v 2.242370 1.147161 1.401602
v 2.242370 1.273118 1.249685
v 2.242370 1.373408 1.097768
v 2.242370 1.200830 1.097768
v 2.242370 1.273118 0.945852
v 2.242370 1.319739 0.793935
v 2.242370 1.147161 0.793935
v 2.242370 1.179780 0.642018
v 2.212522 1.093491 0.642018
v 2.212522 1.186829 0.945852
v 2.212522 1.186829 1.249685
v 2.212522 1.093491 1.553518
v 2.212522 1.266069 1.553518
v 2.212522 1.359408 1.249685
v 2.212522 1.359408 0.945852
v 2.212521 1.266069 0.642018
v 2.242370 1.266069 0.316849
v 2.182673 1.266069 0.316849
v 2.242370 1.266069 1.815985
v 2.242370 1.093491 1.815985
v 2.242370 1.093491 0.316849
v 2.182673 1.266069 1.815985
v 2.182673 1.093491 1.815985
v 2.182673 1.093491 0.316849
v -1.904255 1.179780 -0.008321
v -1.904256 1.179780 2.078451
v -1.874408 1.233450 0.793935
v -1.874408 1.287119 1.097768
v -1.874408 1.233450 1.401602
v -1.934104 1.233450 1.401602
v -1.934104 1.287119 1.097768
v -1.934104 1.233450 0.793935
v -1.904256 1.147160 0.793935
v -1.904256 1.200830 1.097768
v -1.904256 1.147161 1.401602
v -1.904256 1.319739 1.401602
v -1.904256 1.373408 1.097768
v -1.904255 1.319739 0.793935
v -1.904255 1.266069 0.316849
v -1.934104 1.179780 1.815985
v -1.934104 1.179780 0.316849
v -1.904256 1.266069 1.815985
v -1.874408 1.179780 1.815985
v -1.874407 1.179780 0.316849
v -1.904256 1.093491 1.815985
v -1.904256 1.093491 0.316849
v 2.212521 1.179780 -0.008321
v 2.212522 1.179780 2.078451
v 2.182673 1.233450 0.793935
v 2.182673 1.287119 1.097768
v 2.182673 1.233450 1.401602
v 2.242370 1.233450 1.401602
v 2.242370 1.287119 1.097768
v 2.242370 1.233450 0.793935
v 2.212522 1.147160 0.793935
v 2.212522 1.200830 1.097768
v 2.212522 1.147161 1.401602
v 2.212522 1.319739 1.401602
v 2.212522 1.373408 1.097768
v 2.212521 1.319739 0.793935
v 2.212521 1.266069 0.316849
v 2.242370 1.179780 1.815985
v 2.242370 1.179780 0.316849
v 2.212522 1.266069 1.815985
v 2.182673 1.179780 1.815985
v 2.182673 1.179780 0.316849
v 2.212522 1.093491 1.815985
v 2.212522 1.093491 0.316849
v 2.124215 -0.049823 1.470669
v 2.124215 -0.049823 0.724795
v 2.220205 -0.049823 0.724795
v 2.220205 -0.049823 1.470669
v 2.124215 1.043644 1.051523
v 2.124215 0.600863 0.729054
v 2.124215 1.013822 0.935315
v 2.124215 0.941298 0.829156
v 2.124215 0.832758 0.758222
v 2.124215 0.600863 1.466410
v 2.124215 1.043644 1.143941
v 2.124215 0.832758 1.437242
v 2.124215 0.941298 1.366308
v 2.124215 1.013822 1.260149
v 2.220205 0.600863 0.729054
v 2.220205 1.043644 1.051523
v 2.220205 0.832758 0.758222
v 2.220205 0.941298 0.829156
v 2.220205 1.013822 0.935315
v 2.220205 1.043644 1.143941
v 2.220205 0.600863 1.466410
v 2.220205 1.013822 1.260149
v 2.220205 0.941298 1.366308
v 2.220205 0.832758 1.437242
v 2.220205 -0.049823 1.420287
v 2.124215 -0.049823 1.420287
v 2.220205 -0.049823 0.775177
v 2.124215 -0.049823 0.775177
v 2.124215 0.994136 1.057315
v 2.124215 0.968654 0.955234
v 2.124215 0.906901 0.864199
v 2.124215 0.813447 0.803702
v 2.124215 0.594483 0.778665
v 2.124215 0.594483 1.416799
v 2.124215 0.813447 1.391762
v 2.124215 0.906901 1.331265
v 2.124215 0.968654 1.240230
v 2.124215 0.994136 1.138148
v 2.220205 0.594483 0.778665
v 2.220205 0.813447 0.803702
v 2.220205 0.906901 0.864199
v 2.220205 0.968654 0.955234
v 2.220205 0.994136 1.057315
v 2.220205 0.994136 1.138148
v 2.220205 0.968654 1.240230
v 2.220205 0.906901 1.331265
v 2.220205 0.813447 1.391762
v 2.220205 0.594483 1.416799
v -1.815949 -0.049823 1.470669
v -1.815949 -0.049823 0.724795
v -1.911940 -0.049823 0.724795
v -1.911940 -0.049823 1.470669
v -1.815949 1.043644 1.051523
v -1.815949 0.600863 0.729054
v -1.815949 1.013822 0.935315
v -1.815949 0.941298 0.829156
v -1.815949 0.832758 0.758222
v -1.815949 0.600863 1.466410
v -1.815949 1.043644 1.143941
v -1.815949 0.832758 1.437242
v -1.815949 0.941298 1.366308
v -1.815949 1.013822 1.260149
v -1.911940 0.600863 0.729054
v -1.911940 1.043644 1.051523
v -1.911940 0.832758 0.758222
v -1.911940 0.941298 0.829156
v -1.911940 1.013822 0.935315
v -1.911940 1.043644 1.143941
v -1.911940 0.600863 1.466410
v -1.911940 1.013822 1.260149
v -1.911940 0.941298 1.366308
v -1.911940 0.832758 1.437242
v -1.911940 -0.049823 1.420287
v -1.815949 -0.049823 1.420287
v -1.911940 -0.049823 0.775177
v -1.815949 -0.049823 0.775177
v -1.815949 0.994136 1.057315
v -1.815949 0.968654 0.955234
v -1.815949 0.906901 0.864199
v -1.815949 0.813447 0.803702
v -1.815949 0.594483 0.778665
v -1.815949 0.594483 1.416799
v -1.815949 0.813447 1.391762
v -1.815949 0.906901 1.331265
v -1.815949 0.968654 1.240230
v -1.815949 0.994136 1.138148
v -1.911940 0.594483 0.778665
v -1.911940 0.813447 0.803702
v -1.911940 0.906901 0.864199
v -1.911940 0.968654 0.955234
v -1.911940 0.994136 1.057315
v -1.911940 0.994136 1.138148
v -1.911940 0.968654 1.240230
v -1.911940 0.906901 1.331265
v -1.911940 0.813447 1.391762
v -1.911940 0.594483 1.416799
v 2.196208 -0.049823 1.470669
v 2.172210 -0.049823 1.470669
v 2.148213 -0.049823 1.470669
v 2.196208 -0.049823 0.724795
v 2.172210 -0.049823 0.724795
v 2.148213 -0.049823 0.724795
v 2.124215 1.039503 1.024665
v 2.124215 1.033384 0.995578
v 2.124215 1.024939 0.965411
v 2.124215 0.999775 0.906294
v 2.124215 0.982887 0.878754
v 2.124215 0.963336 0.852955
v 2.124215 0.916965 0.807601
v 2.124215 0.890588 0.788479
v 2.124215 0.862431 0.771961
v 2.124215 0.800221 0.747349
v 2.124215 0.757010 0.739089
v 2.124215 0.693698 0.733104
v 2.124215 0.693698 1.462360
v 2.124215 0.757010 1.456375
v 2.124215 0.800221 1.448115
v 2.124215 0.862431 1.423503
v 2.124215 0.890588 1.406985
v 2.124215 0.916965 1.387863
v 2.124215 0.963336 1.342509
v 2.124215 0.982887 1.316710
v 2.124215 0.999775 1.289170
v 2.124215 1.024939 1.230053
v 2.124215 1.033384 1.199886
v 2.124215 1.039503 1.170799
v 2.220205 0.693698 0.733104
v 2.220205 0.757010 0.739089
v 2.220205 0.800221 0.747349
v 2.220205 0.862431 0.771961
v 2.220205 0.890588 0.788479
v 2.220205 0.916965 0.807601
v 2.220205 0.963336 0.852955
v 2.220205 0.982887 0.878754
v 2.220205 0.999775 0.906294
v 2.220205 1.024939 0.965411
v 2.220205 1.033384 0.995578
v 2.220205 1.039503 1.024665
v 2.220205 1.039503 1.170799
v 2.220205 1.033384 1.199886
v 2.220205 1.024939 1.230053
v 2.220205 0.999775 1.289170
v 2.220205 0.982887 1.316710
v 2.220205 0.963336 1.342509
v 2.220205 0.916965 1.387863
v 2.220205 0.890588 1.406985
v 2.220205 0.862431 1.423503
v 2.220205 0.800221 1.448115
v 2.220205 0.757010 1.456374
v 2.220205 0.693698 1.462360
v 2.148213 1.043644 1.051523
v 2.172210 1.043644 1.051523
v 2.196208 1.043644 1.051523
v 2.196208 1.013822 0.935315
v 2.172210 1.013822 0.935315
v 2.148213 1.013822 0.935315
v 2.196208 0.941298 0.829156
v 2.172210 0.941298 0.829156
v 2.148213 0.941298 0.829156
v 2.196208 0.832758 0.758222
v 2.172210 0.832758 0.758222
v 2.148213 0.832758 0.758222
v 2.196208 0.600863 0.729054
v 2.172210 0.600863 0.729054
v 2.148213 0.600863 0.729054
v 2.196208 1.043644 1.143941
v 2.172210 1.043644 1.143941
v 2.148213 1.043644 1.143941
v 2.148213 1.013822 1.260149
v 2.172210 1.013822 1.260148
v 2.196208 1.013822 1.260148
v 2.148213 0.941298 1.366308
v 2.172210 0.941298 1.366308
v 2.196208 0.941298 1.366308
v 2.148213 0.832758 1.437241
v 2.172210 0.832758 1.437242
v 2.196208 0.832758 1.437242
v 2.148213 0.600863 1.466410
v 2.172210 0.600863 1.466410
v 2.196208 0.600863 1.466410
v 2.124215 0.472272 0.726592
v 2.124215 0.314469 0.725327
v 2.124215 0.137192 0.724861
v 2.220205 0.472272 0.726592
v 2.220205 0.314469 0.725327
v 2.220205 0.137192 0.724861
v 2.124215 1.046094 1.075473
v 2.124215 1.046910 1.097732
v 2.124215 1.046094 1.119991
v 2.220205 1.046094 1.119991
v 2.220205 1.046910 1.097732
v 2.220205 1.046094 1.075473
v 2.124215 0.137192 1.470603
v 2.124215 0.314469 1.470137
v 2.124215 0.472272 1.468872
v 2.220205 0.137192 1.470603
v 2.220205 0.314469 1.470137
v 2.220205 0.472272 1.468872
v 2.196208 -0.049823 1.420287
v 2.172210 -0.049823 1.420287
v 2.148213 -0.049823 1.420287
v 2.196208 -0.049823 0.775177
v 2.172210 -0.049823 0.775177
v 2.148213 -0.049823 0.775177
v 2.124215 0.990587 1.033674
v 2.124215 0.985349 1.008041
v 2.124215 0.978134 0.981524
v 2.124215 0.956692 0.930117
v 2.124215 0.942318 0.906477
v 2.124215 0.925673 0.884457
v 2.124215 0.886143 0.845846
v 2.124215 0.863548 0.829546
v 2.124215 0.839266 0.815449
v 2.124215 0.784626 0.794383
v 2.124215 0.744882 0.787289
v 2.124215 0.684679 0.782141
v 2.124215 0.684679 1.413323
v 2.124215 0.744882 1.408175
v 2.124215 0.784626 1.401081
v 2.124215 0.839266 1.380015
v 2.124215 0.863548 1.365918
v 2.124215 0.886143 1.349618
v 2.124215 0.925673 1.311007
v 2.124215 0.942318 1.288987
v 2.124215 0.956692 1.265347
v 2.124215 0.978134 1.213940
v 2.124215 0.985349 1.187423
v 2.124215 0.990587 1.161790
v 2.220205 0.684679 0.782141
v 2.220205 0.744882 0.787289
v 2.220205 0.784626 0.794383
v 2.220205 0.839266 0.815449
v 2.220205 0.863548 0.829546
v 2.220205 0.886143 0.845846
v 2.220205 0.925673 0.884457
v 2.220205 0.942318 0.906477
v 2.220205 0.956692 0.930117
v 2.220205 0.978134 0.981524
v 2.220205 0.985349 1.008041
v 2.220205 0.990587 1.033674
v 2.220205 0.990587 1.161790
v 2.220205 0.985349 1.187423
v 2.220205 0.978134 1.213940
v 2.220205 0.956692 1.265347
v 2.220205 0.942318 1.288987
v 2.220205 0.925673 1.311007
v 2.220205 0.886143 1.349618
v 2.220205 0.863548 1.365918
v 2.220205 0.839266 1.380015
v 2.220205 0.784626 1.401081
v 2.220205 0.744882 1.408175
v 2.220205 0.684679 1.413323
v 2.148213 0.994136 1.057315
v 2.172210 0.994136 1.057315
v 2.196208 0.994136 1.057315
v 2.196208 0.968654 0.955234
v 2.172210 0.968654 0.955234
v 2.148213 0.968654 0.955234
v 2.196208 0.906901 0.864199
v 2.172210 0.906901 0.864199
v 2.148213 0.906901 0.864199
v 2.196208 0.813447 0.803702
v 2.172210 0.813446 0.803702
v 2.148213 0.813446 0.803702
v 2.196208 0.594483 0.778665
v 2.172210 0.594483 0.778665
v 2.148213 0.594483 0.778665
v 2.196208 0.994136 1.138148
v 2.172210 0.994136 1.138148
v 2.148213 0.994136 1.138148
v 2.148213 0.968654 1.240230
v 2.172210 0.968654 1.240230
v 2.196208 0.968654 1.240230
v 2.148213 0.906901 1.331265
v 2.172210 0.906901 1.331265
v 2.196208 0.906901 1.331265
v 2.148213 0.813447 1.391762
v 2.172210 0.813446 1.391762
v 2.196208 0.813446 1.391762
v 2.148213 0.594483 1.416799
v 2.172211 0.594483 1.416799
v 2.196208 0.594483 1.416799
v 2.124215 0.467995 0.776572
v 2.124215 0.311859 0.775526
v 2.124215 0.135959 0.775177
v 2.220205 0.467995 0.776572
v 2.220205 0.311859 0.775526
v 2.220205 0.135959 0.775177
v 2.124215 0.996237 1.078299
v 2.124215 0.996937 1.097732
v 2.124215 0.996237 1.117165
v 2.220205 0.996237 1.117165
v 2.220205 0.996937 1.097732
v 2.220205 0.996237 1.078299
v 2.124215 0.135959 1.420287
v 2.124215 0.311859 1.419938
v 2.124215 0.467995 1.418892
v 2.220205 0.135959 1.420287
v 2.220205 0.311859 1.419938
v 2.220205 0.467995 1.418892
v 2.220206 1.031267 1.142493
v 2.220206 1.018890 1.141045
v 2.220205 1.006513 1.139597
v 2.220205 0.979946 1.245210
v 2.220206 0.991238 1.250189
v 2.220206 1.002530 1.255169
v 2.220205 -0.049823 0.737390
v 2.220205 -0.049823 0.749986
v 2.220205 -0.049823 0.762581
v 2.220205 0.596078 0.766262
v 2.220206 0.597673 0.753860
v 2.220206 0.599268 0.741457
v 2.124215 0.827930 1.425872
v 2.124215 0.823102 1.414502
v 2.124215 0.818274 1.403132
v 2.124215 0.915500 1.340026
v 2.124215 0.924099 1.348787
v 2.124215 0.932699 1.357548
v 2.220205 -0.049823 1.458074
v 2.220205 -0.049823 1.445478
v 2.220205 -0.049823 1.432883
v 2.124215 -0.049823 1.432883
v 2.124215 -0.049823 1.445478
v 2.124215 -0.049823 1.458074
v 2.220205 0.915500 1.340026
v 2.220206 0.924099 1.348787
v 2.220206 0.932699 1.357548
v 2.124215 1.031267 1.142493
v 2.124215 1.018890 1.141045
v 2.124215 1.006513 1.139597
v 2.124215 1.006513 1.055867
v 2.124215 1.018890 1.054419
v 2.124215 1.031267 1.052971
v 2.124215 0.979946 1.245210
v 2.124215 0.991238 1.250189
v 2.124215 1.002530 1.255169
v 2.124215 -0.049823 0.737390
v 2.124215 -0.049823 0.749986
v 2.124215 -0.049823 0.762581
v 2.220205 0.818274 1.403132
v 2.220206 0.823102 1.414502
v 2.220206 0.827930 1.425872
v 2.220206 1.031267 1.052971
v 2.220206 1.018890 1.054419
v 2.220205 1.006513 1.055867
v 2.124215 0.979946 0.950254
v 2.124215 0.991238 0.945274
v 2.124215 1.002530 0.940295
v 2.220205 0.596078 1.429201
v 2.220206 0.597673 1.441604
v 2.220206 0.599268 1.454007
v 2.124215 0.596078 1.429201
v 2.124215 0.597673 1.441604
v 2.124215 0.599268 1.454007
v 2.220205 0.818274 0.792332
v 2.220206 0.823102 0.780962
v 2.220206 0.827930 0.769592
v 2.124215 0.915500 0.855438
v 2.124215 0.924099 0.846677
v 2.124215 0.932699 0.837917
v 2.220205 0.915500 0.855438
v 2.220206 0.924099 0.846677
v 2.220206 0.932699 0.837916
v 2.124215 0.818274 0.792332
v 2.124215 0.823102 0.780962
v 2.124215 0.827930 0.769592
v 2.220205 0.979946 0.950254
v 2.220206 0.991238 0.945274
v 2.220206 1.002530 0.940295
v 2.124215 0.596078 0.766262
v 2.124215 0.597673 0.753860
v 2.124215 0.599268 0.741457
v -1.887942 -0.049823 1.470669
v -1.863944 -0.049823 1.470669
v -1.839947 -0.049823 1.470669
v -1.887942 -0.049823 0.724795
v -1.863944 -0.049823 0.724795
v -1.839947 -0.049823 0.724795
v -1.815949 1.039503 1.024665
v -1.815949 1.033384 0.995578
v -1.815949 1.024939 0.965411
v -1.815949 0.999775 0.906294
v -1.815949 0.982887 0.878754
v -1.815949 0.963336 0.852955
v -1.815949 0.916965 0.807601
v -1.815949 0.890588 0.788479
v -1.815949 0.862431 0.771961
v -1.815949 0.800221 0.747349
v -1.815949 0.757010 0.739089
v -1.815949 0.693698 0.733104
v -1.815949 0.693698 1.462360
v -1.815949 0.757010 1.456375
v -1.815949 0.800221 1.448115
v -1.815949 0.862431 1.423503
v -1.815949 0.890588 1.406985
v -1.815949 0.916965 1.387863
v -1.815949 0.963336 1.342509
v -1.815949 0.982887 1.316710
v -1.815949 0.999775 1.289170
v -1.815949 1.024939 1.230053
v -1.815949 1.033384 1.199886
v -1.815949 1.039503 1.170799
v -1.911940 0.693698 0.733104
v -1.911940 0.757010 0.739089
v -1.911940 0.800221 0.747349
v -1.911940 0.862431 0.771961
v -1.911940 0.890588 0.788479
v -1.911940 0.916965 0.807601
v -1.911940 0.963336 0.852955
v -1.911940 0.982887 0.878754
v -1.911940 0.999775 0.906294
v -1.911940 1.024939 0.965411
v -1.911940 1.033384 0.995578
v -1.911940 1.039503 1.024665
v -1.911940 1.039503 1.170799
v -1.911940 1.033384 1.199886
v -1.911940 1.024939 1.230053
v -1.911940 0.999775 1.289170
v -1.911940 0.982887 1.316710
v -1.911940 0.963336 1.342509
v -1.911940 0.916965 1.387863
v -1.911940 0.890588 1.406985
v -1.911940 0.862431 1.423503
v -1.911940 0.800221 1.448115
v -1.911940 0.757010 1.456374
v -1.911940 0.693698 1.462360
v -1.839947 1.043644 1.051523
v -1.863944 1.043644 1.051523
v -1.887942 1.043644 1.051523
v -1.887942 1.013822 0.935315
v -1.863944 1.013822 0.935315
v -1.839947 1.013822 0.935315
v -1.887942 0.941298 0.829156
v -1.863944 0.941298 0.829156
v -1.839947 0.941298 0.829156
v -1.887942 0.832758 0.758222
v -1.863944 0.832758 0.758222
v -1.839947 0.832758 0.758222
v -1.887942 0.600863 0.729054
v -1.863944 0.600863 0.729054
v -1.839947 0.600863 0.729054
v -1.887942 1.043644 1.143941
v -1.863944 1.043644 1.143941
v -1.839947 1.043644 1.143941
v -1.839947 1.013822 1.260149
v -1.863944 1.013822 1.260148
v -1.887942 1.013822 1.260148
v -1.839947 0.941298 1.366308
v -1.863944 0.941298 1.366308
v -1.887942 0.941298 1.366308
v -1.839947 0.832758 1.437241
v -1.863944 0.832758 1.437242
v -1.887942 0.832758 1.437242
v -1.839947 0.600863 1.466410
v -1.863944 0.600863 1.466410
v -1.887942 0.600863 1.466410
v -1.815949 0.472272 0.726592
v -1.815949 0.314469 0.725327
v -1.815949 0.137192 0.724861
v -1.911940 0.472272 0.726592
v -1.911940 0.314469 0.725327
v -1.911940 0.137192 0.724861
v -1.815949 1.046094 1.075473
v -1.815949 1.046910 1.097732
v -1.815949 1.046094 1.119991
v -1.911940 1.046094 1.119991
v -1.911940 1.046910 1.097732
v -1.911940 1.046094 1.075473
v -1.815949 0.137192 1.470603
v -1.815949 0.314469 1.470137
v -1.815949 0.472272 1.468872
v -1.911940 0.137192 1.470603
v -1.911940 0.314469 1.470137
v -1.911940 0.472272 1.468872
v -1.887942 -0.049823 1.420287
v -1.863944 -0.049823 1.420287
v -1.839947 -0.049823 1.420287
v -1.887942 -0.049823 0.775177
v -1.863944 -0.049823 0.775177
v -1.839947 -0.049823 0.775177
v -1.815949 0.990587 1.033674
v -1.815949 0.985349 1.008041
v -1.815949 0.978134 0.981524
v -1.815949 0.956692 0.930117
v -1.815949 0.942318 0.906477
v -1.815949 0.925673 0.884457
v -1.815949 0.886143 0.845846
v -1.815949 0.863548 0.829546
v -1.815949 0.839266 0.815449
v -1.815949 0.784626 0.794383
v -1.815949 0.744882 0.787289
v -1.815949 0.684679 0.782141
v -1.815949 0.684679 1.413323
v -1.815949 0.744882 1.408175
v -1.815949 0.784626 1.401081
v -1.815949 0.839266 1.380015
v -1.815949 0.863548 1.365918
v -1.815949 0.886143 1.349618
v -1.815949 0.925673 1.311007
v -1.815949 0.942318 1.288987
v -1.815949 0.956692 1.265347
v -1.815949 0.978134 1.213940
v -1.815949 0.985349 1.187423
v -1.815949 0.990587 1.161790
v -1.911940 0.684679 0.782141
v -1.911940 0.744882 0.787289
v -1.911940 0.784626 0.794383
v -1.911940 0.839266 0.815449
v -1.911940 0.863548 0.829546
v -1.911940 0.886143 0.845846
v -1.911940 0.925673 0.884457
v -1.911940 0.942318 0.906477
v -1.911940 0.956692 0.930117
v -1.911940 0.978134 0.981524
v -1.911940 0.985349 1.008041
v -1.911940 0.990587 1.033674
v -1.911940 0.990587 1.161790
v -1.911940 0.985349 1.187423
v -1.911940 0.978134 1.213940
v -1.911940 0.956692 1.265347
v -1.911940 0.942318 1.288987
v -1.911940 0.925673 1.311007
v -1.911940 0.886143 1.349618
v -1.911940 0.863548 1.365918
v -1.911940 0.839266 1.380015
v -1.911940 0.784626 1.401081
v -1.911940 0.744882 1.408175
v -1.911940 0.684679 1.413323
v -1.839947 0.994136 1.057315
v -1.863944 0.994136 1.057315
v -1.887942 0.994136 1.057315
v -1.887942 0.968654 0.955234
v -1.863944 0.968654 0.955234
v -1.839947 0.968654 0.955234
v -1.887942 0.906901 0.864199
v -1.863944 0.906901 0.864199
v -1.839947 0.906901 0.864199
v -1.887942 0.813447 0.803702
v -1.863944 0.813446 0.803702
v -1.839947 0.813446 0.803702
v -1.887942 0.594483 0.778665
v -1.863944 0.594483 0.778665
v -1.839947 0.594483 0.778665
v -1.887942 0.994136 1.138148
v -1.863944 0.994136 1.138148
v -1.839947 0.994136 1.138148
v -1.839947 0.968654 1.240230
v -1.863944 0.968654 1.240230
v -1.887942 0.968654 1.240230
v -1.839947 0.906901 1.331265
v -1.863944 0.906901 1.331265
v -1.887942 0.906901 1.331265
v -1.839947 0.813447 1.391762
v -1.863944 0.813446 1.391762
v -1.887942 0.813446 1.391762
v -1.839947 0.594483 1.416799
v -1.863945 0.594483 1.416799
v -1.887942 0.594483 1.416799
v -1.815949 0.467995 0.776572
v -1.815949 0.311859 0.775526
v -1.815949 0.135959 0.775177
v -1.911940 0.467995 0.776572
v -1.911940 0.311859 0.775526
v -1.911940 0.135959 0.775177
v -1.815949 0.996237 1.078299
v -1.815949 0.996937 1.097732
v -1.815949 0.996237 1.117165
v -1.911940 0.996237 1.117165
v -1.911940 0.996937 1.097732
v -1.911940 0.996237 1.078299
v -1.815949 0.135959 1.420287
v -1.815949 0.311859 1.419938
v -1.815949 0.467995 1.418892
v -1.911940 0.135959 1.420287
v -1.911940 0.311859 1.419938
v -1.911940 0.467995 1.418892
v -1.911940 1.031267 1.142493
v -1.911940 1.018890 1.141045
v -1.911940 1.006513 1.139597
v -1.911940 0.979946 1.245210
v -1.911940 0.991238 1.250189
v -1.911940 1.002530 1.255169
v -1.911940 -0.049823 0.737390
v -1.911940 -0.049823 0.749986
v -1.911940 -0.049823 0.762581
v -1.911940 0.596078 0.766262
v -1.911940 0.597673 0.753860
v -1.911940 0.599268 0.741457
v -1.815949 0.827930 1.425872
v -1.815949 0.823102 1.414502
v -1.815949 0.818274 1.403132
v -1.815949 0.915500 1.340026
v -1.815949 0.924099 1.348787
v -1.815949 0.932699 1.357548
v -1.911940 -0.049823 1.458074
v -1.911940 -0.049823 1.445478
v -1.911940 -0.049823 1.432883
v -1.815949 -0.049823 1.432883
v -1.815949 -0.049823 1.445478
v -1.815949 -0.049823 1.458074
v -1.911940 0.915500 1.340026
v -1.911940 0.924099 1.348787
v -1.911940 0.932699 1.357548
v -1.815949 1.031267 1.142493
v -1.815949 1.018890 1.141045
v -1.815949 1.006513 1.139597
v -1.815949 1.006513 1.055867
v -1.815949 1.018890 1.054419
v -1.815949 1.031267 1.052971
v -1.815949 0.979946 1.245210
v -1.815949 0.991238 1.250189
v -1.815949 1.002530 1.255169
v -1.815949 -0.049823 0.737390
v -1.815949 -0.049823 0.749986
v -1.815949 -0.049823 0.762581
v -1.911940 0.818274 1.403132
v -1.911940 0.823102 1.414502
v -1.911940 0.827930 1.425872
v -1.911940 1.031267 1.052971
v -1.911940 1.018890 1.054419
v -1.911940 1.006513 1.055867
v -1.815949 0.979946 0.950254
v -1.815949 0.991238 0.945274
v -1.815949 1.002530 0.940295
v -1.911940 0.596078 1.429201
v -1.911940 0.597673 1.441604
v -1.911940 0.599268 1.454007
v -1.815949 0.596078 1.429201
v -1.815949 0.597673 1.441604
v -1.815949 0.599268 1.454007
v -1.911940 0.818274 0.792332
v -1.911940 0.823102 0.780962
v -1.911940 0.827930 0.769592
v -1.815949 0.915500 0.855438
v -1.815949 0.924099 0.846677
v -1.815949 0.932699 0.837917
v -1.911940 0.915500 0.855438
v -1.911940 0.924099 0.846677
v -1.911940 0.932699 0.837916
v -1.815949 0.818274 0.792332
v -1.815949 0.823102 0.780962
v -1.815949 0.827930 0.769592
v -1.911940 0.979946 0.950254
v -1.911940 0.991238 0.945274
v -1.911940 1.002530 0.940295
v -1.815949 0.596078 0.766262
v -1.815949 0.597673 0.753860
v -1.815949 0.599268 0.741457
v 2.148213 1.039503 1.024665
v 2.148213 1.033384 0.995578
v 2.148213 1.024938 0.965411
v 2.172210 1.039503 1.024665
v 2.172210 1.033384 0.995578
v 2.172210 1.024939 0.965411
v 2.196208 1.039503 1.024665
v 2.196208 1.033384 0.995578
v 2.196208 1.024939 0.965411
v 2.148213 0.999775 0.906294
v 2.148213 0.982887 0.878754
v 2.148213 0.963336 0.852955
v 2.172210 0.999775 0.906294
v 2.172210 0.982887 0.878754
v 2.172210 0.963336 0.852955
v 2.196208 0.999775 0.906294
v 2.196208 0.982887 0.878754
v 2.196208 0.963336 0.852955
v 2.148213 0.916965 0.807601
v 2.148213 0.890588 0.788479
v 2.148213 0.862431 0.771961
v 2.172210 0.916965 0.807601
v 2.172210 0.890588 0.788479
v 2.172210 0.862431 0.771961
v 2.196208 0.916965 0.807601
v 2.196208 0.890588 0.788479
v 2.196208 0.862431 0.771961
v 2.148213 0.800221 0.747349
v 2.148213 0.757010 0.739089
v 2.148213 0.693698 0.733104
v 2.172210 0.800221 0.747349
v 2.172210 0.757010 0.739089
v 2.172210 0.693698 0.733104
v 2.196208 0.800221 0.747349
v 2.196208 0.757010 0.739089
v 2.196208 0.693698 0.733104
v 2.196208 1.039503 1.170799
v 2.196208 1.033384 1.199886
v 2.196208 1.024938 1.230053
v 2.172210 1.039503 1.170799
v 2.172210 1.033384 1.199886
v 2.172210 1.024939 1.230053
v 2.148213 1.039503 1.170799
v 2.148213 1.033384 1.199886
v 2.148213 1.024939 1.230053
v 2.196208 0.999775 1.289170
v 2.196208 0.982887 1.316710
v 2.196208 0.963336 1.342509
v 2.172210 0.999775 1.289170
v 2.172210 0.982887 1.316710
v 2.172210 0.963336 1.342509
v 2.148213 0.999775 1.289170
v 2.148213 0.982887 1.316710
v 2.148213 0.963336 1.342509
v 2.196208 0.916965 1.387863
v 2.196208 0.890588 1.406985
v 2.196208 0.862431 1.423503
v 2.172210 0.916965 1.387863
v 2.172210 0.890588 1.406985
v 2.172210 0.862431 1.423503
v 2.148213 0.916965 1.387863
v 2.148213 0.890588 1.406985
v 2.148213 0.862431 1.423502
v 2.196208 0.800221 1.448114
v 2.196208 0.757010 1.456375
v 2.196208 0.693698 1.462360
v 2.172210 0.800221 1.448115
v 2.172210 0.757010 1.456375
v 2.172210 0.693698 1.462360
v 2.148213 0.800221 1.448114
v 2.148213 0.757010 1.456375
v 2.148213 0.693698 1.462360
v 2.148213 0.137192 0.724861
v 2.172210 0.137192 0.724861
v 2.196208 0.137192 0.724861
v 2.148213 0.314469 0.725327
v 2.172210 0.314469 0.725327
v 2.196208 0.314469 0.725327
v 2.148213 0.472272 0.726592
v 2.172210 0.472272 0.726592
v 2.196208 0.472272 0.726592
v 2.148213 1.046094 1.075473
v 2.172210 1.046094 1.075473
v 2.196208 1.046094 1.075473
v 2.148213 1.046910 1.097732
v 2.172210 1.046910 1.097732
v 2.196208 1.046910 1.097732
v 2.148213 1.046094 1.119991
v 2.172210 1.046094 1.119991
v 2.196208 1.046094 1.119991
v 2.148213 0.472272 1.468872
v 2.172210 0.472272 1.468872
v 2.196208 0.472272 1.468872
v 2.148213 0.314469 1.470137
v 2.172210 0.314469 1.470137
v 2.196208 0.314469 1.470137
v 2.148213 0.137192 1.470603
v 2.172210 0.137192 1.470603
v 2.196208 0.137192 1.470603
v 2.148213 0.990587 1.033674
v 2.172210 0.990587 1.033674
v 2.196208 0.990587 1.033674
v 2.148213 0.985349 1.008041
v 2.172210 0.985349 1.008041
v 2.196208 0.985349 1.008041
v 2.148213 0.978134 0.981524
v 2.172210 0.978134 0.981524
v 2.196208 0.978134 0.981524
v 2.148213 0.956692 0.930117
v 2.172210 0.956692 0.930117
v 2.196208 0.956692 0.930117
v 2.148213 0.942317 0.906477
v 2.172210 0.942317 0.906477
v 2.196208 0.942317 0.906477
v 2.148213 0.925673 0.884457
v 2.172210 0.925673 0.884457
v 2.196208 0.925673 0.884457
v 2.148213 0.886142 0.845846
v 2.172210 0.886142 0.845846
v 2.196208 0.886142 0.845846
v 2.148213 0.863548 0.829546
v 2.172210 0.863548 0.829546
v 2.196208 0.863548 0.829546
v 2.148213 0.839266 0.815449
v 2.172210 0.839266 0.815449
v 2.196208 0.839266 0.815449
v 2.148213 0.784626 0.794383
v 2.172210 0.784626 0.794383
v 2.196208 0.784626 0.794383
v 2.148213 0.744881 0.787289
v 2.172210 0.744882 0.787289
v 2.196208 0.744881 0.787289
v 2.148213 0.684679 0.782141
v 2.172210 0.684679 0.782141
v 2.196208 0.684679 0.782141
v 2.196208 0.990587 1.161790
v 2.172210 0.990587 1.161790
v 2.148213 0.990587 1.161790
v 2.196208 0.985349 1.187423
v 2.172210 0.985349 1.187423
v 2.148213 0.985349 1.187423
v 2.196208 0.978134 1.213939
v 2.172210 0.978134 1.213939
v 2.148213 0.978134 1.213940
v 2.196208 0.956692 1.265347
v 2.172210 0.956692 1.265347
v 2.148213 0.956692 1.265347
v 2.196208 0.942317 1.288987
v 2.172210 0.942317 1.288987
v 2.148213 0.942317 1.288987
v 2.196208 0.925673 1.311007
v 2.172210 0.925673 1.311007
v 2.148213 0.925673 1.311007
v 2.196208 0.886142 1.349618
v 2.172210 0.886142 1.349618
v 2.148213 0.886142 1.349618
v 2.196208 0.863548 1.365917
v 2.172210 0.863548 1.365918
v 2.148213 0.863548 1.365917
v 2.196208 0.839266 1.380015
v 2.172210 0.839266 1.380015
v 2.148213 0.839266 1.380015
v 2.196208 0.784626 1.401080
v 2.172210 0.784626 1.401080
v 2.148213 0.784626 1.401080
v 2.196208 0.744881 1.408175
v 2.172210 0.744882 1.408175
v 2.148213 0.744881 1.408175
v 2.196208 0.684679 1.413323
v 2.172210 0.684679 1.413323
v 2.148213 0.684679 1.413323
v 2.148213 0.135959 0.775177
v 2.148213 0.311859 0.775526
v 2.148213 0.467995 0.776572
v 2.172210 0.135959 0.775177
v 2.172210 0.311859 0.775526
v 2.172210 0.467995 0.776572
v 2.196208 0.135959 0.775177
v 2.196208 0.311859 0.775526
v 2.196208 0.467995 0.776572
v 2.148213 0.996236 1.078299
v 2.148213 0.996937 1.097732
v 2.148213 0.996236 1.117165
v 2.172210 0.996236 1.078299
v 2.172210 0.996937 1.097732
v 2.172210 0.996237 1.117165
v 2.196208 0.996236 1.078299
v 2.196208 0.996937 1.097732
v 2.196208 0.996236 1.117165
v 2.148213 0.467995 1.418892
v 2.148213 0.311859 1.419938
v 2.148213 0.135959 1.420287
v 2.172211 0.467995 1.418892
v 2.172211 0.311859 1.419938
v 2.172210 0.135959 1.420287
v 2.196208 0.467995 1.418892
v 2.196208 0.311859 1.419938
v 2.196208 0.135959 1.420287
v 2.220206 1.013237 1.226025
v 2.220206 1.021375 1.196770
v 2.220206 1.027274 1.168546
v 2.220206 1.001536 1.221996
v 2.220206 1.009366 1.193655
v 2.220206 1.015045 1.166294
v 2.220206 0.989835 1.217968
v 2.220206 0.997358 1.190539
v 2.220206 1.002816 1.164042
v 2.220206 0.471203 0.739087
v 2.220205 0.313817 0.737877
v 2.220205 0.136884 0.737440
v 2.220206 0.470133 0.751582
v 2.220205 0.313164 0.750426
v 2.220205 0.136576 0.750019
v 2.220206 0.469064 0.764077
v 2.220205 0.312512 0.762976
v 2.220205 0.136267 0.762598
v 2.124215 0.909260 1.378302
v 2.124215 0.883828 1.396718
v 2.124215 0.856639 1.412631
v 2.124215 0.901554 1.368740
v 2.124215 0.877068 1.386451
v 2.124215 0.850848 1.401759
v 2.124215 0.893848 1.359179
v 2.124215 0.870308 1.376184
v 2.124215 0.845057 1.390887
v 2.148213 -0.049823 1.458074
v 2.172210 -0.049823 1.458074
v 2.196208 -0.049823 1.458074
v 2.148213 -0.049823 1.445478
v 2.172210 -0.049823 1.445478
v 2.196208 -0.049823 1.445478
v 2.148213 -0.049823 1.432883
v 2.172210 -0.049823 1.432883
v 2.196208 -0.049823 1.432883
v 2.220206 0.953920 1.334633
v 2.220206 0.972745 1.309779
v 2.220206 0.989004 1.283214
v 2.220206 0.944504 1.326758
v 2.220206 0.962602 1.302848
v 2.220206 0.978233 1.277259
v 2.220206 0.935089 1.318882
v 2.220206 0.952460 1.295918
v 2.220206 0.967462 1.271303
v 2.124215 1.033629 1.076179
v 2.124215 1.034417 1.097732
v 2.124215 1.033629 1.119285
v 2.124215 1.021165 1.076886
v 2.124215 1.021923 1.097732
v 2.124215 1.021165 1.118578
v 2.124215 1.008701 1.077592
v 2.124215 1.009430 1.097732
v 2.124215 1.008701 1.117871
v 2.124215 0.989004 1.283214
v 2.124215 0.972745 1.309779
v 2.124215 0.953920 1.334633
v 2.124215 0.978233 1.277259
v 2.124215 0.962602 1.302848
v 2.124215 0.944504 1.326758
v 2.124215 0.967462 1.271303
v 2.124215 0.952460 1.295918
v 2.124215 0.935089 1.318882
v 2.196208 -0.049823 0.737390
v 2.172210 -0.049823 0.737390
v 2.148213 -0.049823 0.737390
v 2.196208 -0.049823 0.749986
v 2.172210 -0.049823 0.749986
v 2.148213 -0.049823 0.749986
v 2.196208 -0.049823 0.762581
v 2.172210 -0.049823 0.762581
v 2.148213 -0.049823 0.762581
v 2.220206 0.856639 1.412631
v 2.220206 0.883828 1.396718
v 2.220206 0.909260 1.378302
v 2.220206 0.850848 1.401759
v 2.220206 0.877068 1.386452
v 2.220206 0.901554 1.368740
v 2.220206 0.845057 1.390887
v 2.220206 0.870308 1.376184
v 2.220206 0.893848 1.359179
v 2.220206 1.033629 1.119285
v 2.220206 1.034417 1.097732
v 2.220206 1.033629 1.076179
v 2.220206 1.021165 1.118578
v 2.220206 1.021923 1.097732
v 2.220206 1.021165 1.076886
v 2.220206 1.008701 1.117872
v 2.220206 1.009430 1.097732
v 2.220206 1.008701 1.077592
v 2.124215 1.027274 1.168546
v 2.124215 1.021375 1.196770
v 2.124215 1.013237 1.226025
v 2.124215 1.015045 1.166294
v 2.124215 1.009366 1.193655
v 2.124215 1.001536 1.221996
v 2.124215 1.002816 1.164042
v 2.124215 0.997358 1.190539
v 2.124215 0.989835 1.217968
v 2.124215 1.013237 0.969439
v 2.124215 1.021375 0.998693
v 2.124215 1.027274 1.026918
v 2.124215 1.001536 0.973467
v 2.124215 1.009366 1.001809
v 2.124215 1.015045 1.029170
v 2.124215 0.989835 0.977496
v 2.124215 0.997358 1.004925
v 2.124215 1.002816 1.031422
v 2.220206 0.691444 1.450101
v 2.220206 0.753978 1.444325
v 2.220206 0.796322 1.436356
v 2.220206 0.689189 1.437841
v 2.220206 0.750946 1.432275
v 2.220206 0.792424 1.424598
v 2.220206 0.686934 1.425582
v 2.220206 0.747914 1.420225
v 2.220206 0.788524 1.412839
v 2.124215 0.471203 1.456377
v 2.124215 0.313817 1.457587
v 2.124215 0.136884 1.458024
v 2.124215 0.470133 1.443882
v 2.124215 0.313164 1.445037
v 2.124215 0.136576 1.445445
v 2.124215 0.469064 1.431387
v 2.124215 0.312512 1.432488
v 2.124215 0.136267 1.432866
v 2.220206 0.796322 0.759108
v 2.220206 0.753978 0.751139
v 2.220206 0.691444 0.745363
v 2.220206 0.792424 0.770866
v 2.220206 0.750946 0.763189
v 2.220206 0.689189 0.757623
v 2.220206 0.788524 0.782625
v 2.220206 0.747914 0.775239
v 2.220206 0.686934 0.769882
v 2.124215 0.953920 0.860830
v 2.124215 0.972745 0.885685
v 2.124215 0.989004 0.912250
v 2.124215 0.944504 0.868706
v 2.124215 0.962602 0.892615
v 2.124215 0.978233 0.918205
v 2.124215 0.935089 0.876581
v 2.124215 0.952460 0.899546
v 2.124215 0.967462 0.924161
v 2.220205 0.136884 1.458024
v 2.220206 0.313817 1.457587
v 2.220206 0.471203 1.456377
v 2.220205 0.136576 1.445445
v 2.220205 0.313164 1.445037
v 2.220206 0.470133 1.443882
v 2.220205 0.136267 1.432866
v 2.220206 0.312512 1.432488
v 2.220206 0.469064 1.431387
v 2.220206 0.909260 0.817162
v 2.220206 0.883828 0.798746
v 2.220206 0.856639 0.782833
v 2.220206 0.901554 0.826724
v 2.220206 0.877068 0.809012
v 2.220206 0.850848 0.793705
v 2.220206 0.893848 0.836285
v 2.220206 0.870308 0.819279
v 2.220206 0.845057 0.804577
v 2.124215 0.856639 0.782833
v 2.124215 0.883828 0.798746
v 2.124215 0.909260 0.817162
v 2.124215 0.850848 0.793705
v 2.124215 0.877068 0.809012
v 2.124215 0.901554 0.826723
v 2.124215 0.845057 0.804577
v 2.124215 0.870308 0.819279
v 2.124215 0.893848 0.836285
v 2.220206 0.989004 0.912250
v 2.220206 0.972745 0.885685
v 2.220206 0.953920 0.860830
v 2.220206 0.978233 0.918205
v 2.220206 0.962602 0.892615
v 2.220206 0.944504 0.868706
v 2.220206 0.967462 0.924161
v 2.220206 0.952460 0.899546
v 2.220206 0.935089 0.876581
v 2.124215 0.691444 0.745363
v 2.124215 0.753978 0.751139
v 2.124215 0.796322 0.759108
v 2.124215 0.689189 0.757623
v 2.124215 0.750946 0.763189
v 2.124215 0.792424 0.770866
v 2.124215 0.686934 0.769882
v 2.124215 0.747914 0.775239
v 2.124215 0.788524 0.782625
v 2.220206 1.027274 1.026917
v 2.220206 1.021375 0.998693
v 2.220206 1.013237 0.969439
v 2.220206 1.015045 1.029170
v 2.220206 1.009366 1.001809
v 2.220206 1.001536 0.973467
v 2.220206 1.002816 1.031422
v 2.220206 0.997358 1.004925
v 2.220206 0.989835 0.977496
v 2.124215 0.136884 0.737440
v 2.124215 0.313817 0.737877
v 2.124215 0.471203 0.739087
v 2.124215 0.136576 0.750019
v 2.124215 0.313164 0.750426
v 2.124215 0.470133 0.751582
v 2.124215 0.136267 0.762598
v 2.124215 0.312512 0.762976
v 2.124215 0.469064 0.764077
v 2.124215 0.796322 1.436356
v 2.124215 0.753978 1.444325
v 2.124215 0.691444 1.450101
v 2.124215 0.792424 1.424598
v 2.124215 0.750946 1.432275
v 2.124215 0.689189 1.437841
v 2.124215 0.788524 1.412839
v 2.124215 0.747914 1.420225
v 2.124215 0.686934 1.425582
v -1.839947 1.039503 1.024665
v -1.839947 1.033384 0.995578
v -1.839947 1.024938 0.965411
v -1.863944 1.039503 1.024665
v -1.863944 1.033384 0.995578
v -1.863944 1.024939 0.965411
v -1.887942 1.039503 1.024665
v -1.887942 1.033384 0.995578
v -1.887942 1.024939 0.965411
v -1.839947 0.999775 0.906294
v -1.839947 0.982887 0.878754
v -1.839947 0.963336 0.852955
v -1.863944 0.999775 0.906294
v -1.863944 0.982887 0.878754
v -1.863944 0.963336 0.852955
v -1.887942 0.999775 0.906294
v -1.887942 0.982887 0.878754
v -1.887942 0.963336 0.852955
v -1.839947 0.916965 0.807601
v -1.839947 0.890588 0.788479
v -1.839947 0.862431 0.771961
v -1.863944 0.916965 0.807601
v -1.863944 0.890588 0.788479
v -1.863944 0.862431 0.771961
v -1.887942 0.916965 0.807601
v -1.887942 0.890588 0.788479
v -1.887942 0.862431 0.771961
v -1.839947 0.800221 0.747349
v -1.839947 0.757010 0.739089
v -1.839947 0.693698 0.733104
v -1.863944 0.800221 0.747349
v -1.863944 0.757010 0.739089
v -1.863944 0.693698 0.733104
v -1.887942 0.800221 0.747349
v -1.887942 0.757010 0.739089
v -1.887942 0.693698 0.733104
v -1.887942 1.039503 1.170799
v -1.887942 1.033384 1.199886
v -1.887942 1.024938 1.230053
v -1.863944 1.039503 1.170799
v -1.863944 1.033384 1.199886
v -1.863944 1.024939 1.230053
v -1.839947 1.039503 1.170799
v -1.839947 1.033384 1.199886
v -1.839947 1.024939 1.230053
v -1.887942 0.999775 1.289170
v -1.887942 0.982887 1.316710
v -1.887942 0.963336 1.342509
v -1.863944 0.999775 1.289170
v -1.863944 0.982887 1.316710
v -1.863944 0.963336 1.342509
v -1.839947 0.999775 1.289170
v -1.839947 0.982887 1.316710
v -1.839947 0.963336 1.342509
v -1.887942 0.916965 1.387863
v -1.887942 0.890588 1.406985
v -1.887942 0.862431 1.423503
v -1.863944 0.916965 1.387863
v -1.863944 0.890588 1.406985
v -1.863944 0.862431 1.423503
v -1.839947 0.916965 1.387863
v -1.839947 0.890588 1.406985
v -1.839947 0.862431 1.423502
v -1.887942 0.800221 1.448114
v -1.887942 0.757010 1.456375
v -1.887942 0.693698 1.462360
v -1.863944 0.800221 1.448115
v -1.863944 0.757010 1.456375
v -1.863944 0.693698 1.462360
v -1.839947 0.800221 1.448114
v -1.839947 0.757010 1.456375
v -1.839947 0.693698 1.462360
v -1.839947 0.137192 0.724861
v -1.863944 0.137192 0.724861
v -1.887942 0.137192 0.724861
v -1.839947 0.314469 0.725327
v -1.863944 0.314469 0.725327
v -1.887942 0.314469 0.725327
v -1.839947 0.472272 0.726592
v -1.863944 0.472272 0.726592
v -1.887942 0.472272 0.726592
v -1.839947 1.046094 1.075473
v -1.863944 1.046094 1.075473
v -1.887942 1.046094 1.075473
v -1.839947 1.046910 1.097732
v -1.863944 1.046910 1.097732
v -1.887942 1.046910 1.097732
v -1.839947 1.046094 1.119991
v -1.863944 1.046094 1.119991
v -1.887942 1.046094 1.119991
v -1.839947 0.472272 1.468872
v -1.863944 0.472272 1.468872
v -1.887942 0.472272 1.468872
v -1.839947 0.314469 1.470137
v -1.863944 0.314469 1.470137
v -1.887942 0.314469 1.470137
v -1.839947 0.137192 1.470603
v -1.863944 0.137192 1.470603
v -1.887942 0.137192 1.470603
v -1.839947 0.990587 1.033674
v -1.863944 0.990587 1.033674
v -1.887942 0.990587 1.033674
v -1.839947 0.985349 1.008041
v -1.863944 0.985349 1.008041
v -1.887942 0.985349 1.008041
v -1.839947 0.978134 0.981524
v -1.863944 0.978134 0.981524
v -1.887942 0.978134 0.981524
v -1.839947 0.956692 0.930117
v -1.863944 0.956692 0.930117
v -1.887942 0.956692 0.930117
v -1.839947 0.942317 0.906477
v -1.863944 0.942317 0.906477
v -1.887942 0.942317 0.906477
v -1.839947 0.925673 0.884457
v -1.863944 0.925673 0.884457
v -1.887942 0.925673 0.884457
v -1.839947 0.886142 0.845846
v -1.863944 0.886142 0.845846
v -1.887942 0.886142 0.845846
v -1.839947 0.863548 0.829546
v -1.863944 0.863548 0.829546
v -1.887942 0.863548 0.829546
v -1.839947 0.839266 0.815449
v -1.863944 0.839266 0.815449
v -1.887942 0.839266 0.815449
v -1.839947 0.784626 0.794383
v -1.863944 0.784626 0.794383
v -1.887942 0.784626 0.794383
v -1.839947 0.744881 0.787289
v -1.863944 0.744882 0.787289
v -1.887942 0.744881 0.787289
v -1.839947 0.684679 0.782141
v -1.863944 0.684679 0.782141
v -1.887942 0.684679 0.782141
v -1.887942 0.990587 1.161790
v -1.863944 0.990587 1.161790
v -1.839947 0.990587 1.161790
v -1.887942 0.985349 1.187423
v -1.863944 0.985349 1.187423
v -1.839947 0.985349 1.187423
v -1.887942 0.978134 1.213939
v -1.863944 0.978134 1.213939
v -1.839947 0.978134 1.213940
v -1.887942 0.956692 1.265347
v -1.863944 0.956692 1.265347
v -1.839947 0.956692 1.265347
v -1.887942 0.942317 1.288987
v -1.863944 0.942317 1.288987
v -1.839947 0.942317 1.288987
v -1.887942 0.925673 1.311007
v -1.863944 0.925673 1.311007
v -1.839947 0.925673 1.311007
v -1.887942 0.886142 1.349618
v -1.863944 0.886142 1.349618
v -1.839947 0.886142 1.349618
v -1.887942 0.863548 1.365917
v -1.863944 0.863548 1.365918
v -1.839947 0.863548 1.365917
v -1.887942 0.839266 1.380015
v -1.863944 0.839266 1.380015
v -1.839947 0.839266 1.380015
v -1.887942 0.784626 1.401080
v -1.863944 0.784626 1.401080
v -1.839947 0.784626 1.401080
v -1.887942 0.744881 1.408175
v -1.863944 0.744882 1.408175
v -1.839947 0.744881 1.408175
v -1.887942 0.684679 1.413323
v -1.863944 0.684679 1.413323
v -1.839947 0.684679 1.413323
v -1.839947 0.135959 0.775177
v -1.839947 0.311859 0.775526
v -1.839947 0.467995 0.776572
v -1.863944 0.135959 0.775177
v -1.863944 0.311859 0.775526
v -1.863944 0.467995 0.776572
v -1.887942 0.135959 0.775177
v -1.887942 0.311859 0.775526
v -1.887942 0.467995 0.776572
v -1.839947 0.996236 1.078299
v -1.839947 0.996937 1.097732
v -1.839947 0.996236 1.117165
v -1.863944 0.996236 1.078299
v -1.863944 0.996937 1.097732
v -1.863944 0.996237 1.117165
v -1.887942 0.996236 1.078299
v -1.887942 0.996937 1.097732
v -1.887942 0.996236 1.117165
v -1.839947 0.467995 1.418892
v -1.839947 0.311859 1.419938
v -1.839947 0.135959 1.420287
v -1.863945 0.467995 1.418892
v -1.863945 0.311859 1.419938
v -1.863944 0.135959 1.420287
v -1.887942 0.467995 1.418892
v -1.887942 0.311859 1.419938
v -1.887942 0.135959 1.420287
v -1.911940 1.013237 1.226025
v -1.911940 1.021375 1.196770
v -1.911940 1.027274 1.168546
v -1.911940 1.001536 1.221996
v -1.911940 1.009366 1.193655
v -1.911940 1.015045 1.166294
v -1.911940 0.989835 1.217968
v -1.911940 0.997358 1.190539
v -1.911940 1.002816 1.164042
v -1.911940 0.471203 0.739087
v -1.911940 0.313817 0.737877
v -1.911940 0.136884 0.737440
v -1.911940 0.470133 0.751582
v -1.911940 0.313164 0.750426
v -1.911940 0.136576 0.750019
v -1.911940 0.469064 0.764077
v -1.911940 0.312512 0.762976
v -1.911940 0.136267 0.762598
v -1.815949 0.909260 1.378302
v -1.815949 0.883828 1.396718
v -1.815949 0.856639 1.412631
v -1.815949 0.901554 1.368740
v -1.815949 0.877068 1.386451
v -1.815949 0.850848 1.401759
v -1.815949 0.893848 1.359179
v -1.815949 0.870308 1.376184
v -1.815949 0.845057 1.390887
v -1.839947 -0.049823 1.458074
v -1.863944 -0.049823 1.458074
v -1.887942 -0.049823 1.458074
v -1.839947 -0.049823 1.445478
v -1.863944 -0.049823 1.445478
v -1.887942 -0.049823 1.445478
v -1.839947 -0.049823 1.432883
v -1.863944 -0.049823 1.432883
v -1.887942 -0.049823 1.432883
v -1.911940 0.953920 1.334633
v -1.911940 0.972745 1.309779
v -1.911940 0.989004 1.283214
v -1.911940 0.944504 1.326758
v -1.911940 0.962602 1.302848
v -1.911940 0.978233 1.277259
v -1.911940 0.935089 1.318882
v -1.911940 0.952460 1.295918
v -1.911940 0.967462 1.271303
v -1.815949 1.033629 1.076179
v -1.815949 1.034417 1.097732
v -1.815949 1.033629 1.119285
v -1.815949 1.021165 1.076886
v -1.815949 1.021923 1.097732
v -1.815949 1.021165 1.118578
v -1.815949 1.008701 1.077592
v -1.815949 1.009430 1.097732
v -1.815949 1.008701 1.117871
v -1.815949 0.989004 1.283214
v -1.815949 0.972745 1.309779
v -1.815949 0.953920 1.334633
v -1.815949 0.978233 1.277259
v -1.815949 0.962602 1.302848
v -1.815949 0.944504 1.326758
v -1.815949 0.967462 1.271303
v -1.815949 0.952460 1.295918
v -1.815949 0.935089 1.318882
v -1.887942 -0.049823 0.737390
v -1.863944 -0.049823 0.737390
v -1.839947 -0.049823 0.737390
v -1.887942 -0.049823 0.749986
v -1.863944 -0.049823 0.749986
v -1.839947 -0.049823 0.749986
v -1.887942 -0.049823 0.762581
v -1.863944 -0.049823 0.762581
v -1.839947 -0.049823 0.762581
v -1.911940 0.856639 1.412631
v -1.911940 0.883828 1.396718
v -1.911940 0.909260 1.378302
v -1.911940 0.850848 1.401759
v -1.911940 0.877068 1.386452
v -1.911940 0.901554 1.368740
v -1.911940 0.845057 1.390887
v -1.911940 0.870308 1.376184
v -1.911940 0.893848 1.359179
v -1.911940 1.033629 1.119285
v -1.911940 1.034417 1.097732
v -1.911940 1.033629 1.076179
v -1.911940 1.021165 1.118578
v -1.911940 1.021923 1.097732
v -1.911940 1.021165 1.076886
v -1.911940 1.008701 1.117872
v -1.911940 1.009430 1.097732
v -1.911940 1.008701 1.077592
v -1.815949 1.027274 1.168546
v -1.815949 1.021375 1.196770
v -1.815949 1.013237 1.226025
v -1.815949 1.015045 1.166294
v -1.815949 1.009366 1.193655
v -1.815949 1.001536 1.221996
v -1.815949 1.002816 1.164042
v -1.815949 0.997358 1.190539
v -1.815949 0.989835 1.217968
v -1.815949 1.013237 0.969439
v -1.815949 1.021375 0.998693
v -1.815949 1.027274 1.026918
v -1.815949 1.001536 0.973467
v -1.815949 1.009366 1.001809
v -1.815949 1.015045 1.029170
v -1.815949 0.989835 0.977496
v -1.815949 0.997358 1.004925
v -1.815949 1.002816 1.031422
v -1.911940 0.691444 1.450101
v -1.911940 0.753978 1.444325
v -1.911940 0.796322 1.436356
v -1.911940 0.689189 1.437841
v -1.911940 0.750946 1.432275
v -1.911940 0.792424 1.424598
v -1.911940 0.686934 1.425582
v -1.911940 0.747914 1.420225
v -1.911940 0.788524 1.412839
v -1.815949 0.471203 1.456377
v -1.815949 0.313817 1.457587
v -1.815949 0.136884 1.458024
v -1.815949 0.470133 1.443882
v -1.815949 0.313164 1.445037
v -1.815949 0.136576 1.445445
v -1.815949 0.469064 1.431387
v -1.815949 0.312512 1.432488
v -1.815949 0.136267 1.432866
v -1.911940 0.796322 0.759108
v -1.911940 0.753978 0.751139
v -1.911940 0.691444 0.745363
v -1.911940 0.792424 0.770866
v -1.911940 0.750946 0.763189
v -1.911940 0.689189 0.757623
v -1.911940 0.788524 0.782625
v -1.911940 0.747914 0.775239
v -1.911940 0.686934 0.769882
v -1.815949 0.953920 0.860830
v -1.815949 0.972745 0.885685
v -1.815949 0.989004 0.912250
v -1.815949 0.944504 0.868706
v -1.815949 0.962602 0.892615
v -1.815949 0.978233 0.918205
v -1.815949 0.935089 0.876581
v -1.815949 0.952460 0.899546
v -1.815949 0.967462 0.924161
v -1.911939 0.136884 1.458024
v -1.911940 0.313817 1.457587
v -1.911940 0.471203 1.456377
v -1.911940 0.136576 1.445445
v -1.911940 0.313164 1.445037
v -1.911940 0.470133 1.443882
v -1.911940 0.136267 1.432866
v -1.911940 0.312512 1.432488
v -1.911940 0.469064 1.431387
v -1.911940 0.909260 0.817162
v -1.911940 0.883828 0.798746
v -1.911940 0.856639 0.782833
v -1.911940 0.901554 0.826724
v -1.911940 0.877068 0.809012
v -1.911940 0.850848 0.793705
v -1.911940 0.893848 0.836285
v -1.911940 0.870308 0.819279
v -1.911940 0.845057 0.804577
v -1.815949 0.856639 0.782833
v -1.815949 0.883828 0.798746
v -1.815949 0.909260 0.817162
v -1.815949 0.850848 0.793705
v -1.815949 0.877068 0.809012
v -1.815949 0.901554 0.826723
v -1.815949 0.845057 0.804577
v -1.815949 0.870308 0.819279
v -1.815949 0.893848 0.836285
v -1.911940 0.989004 0.912250
v -1.911940 0.972745 0.885685
v -1.911940 0.953920 0.860830
v -1.911940 0.978233 0.918205
v -1.911940 0.962602 0.892615
v -1.911940 0.944504 0.868706
v -1.911940 0.967462 0.924161
v -1.911940 0.952460 0.899546
v -1.911940 0.935089 0.876581
v -1.815949 0.691444 0.745363
v -1.815949 0.753978 0.751139
v -1.815949 0.796322 0.759108
v -1.815949 0.689189 0.757623
v -1.815949 0.750946 0.763189
v -1.815949 0.792424 0.770866
v -1.815949 0.686934 0.769882
v -1.815949 0.747914 0.775239
v -1.815949 0.788524 0.782625
v -1.911940 1.027274 1.026917
v -1.911940 1.021375 0.998693
v -1.911940 1.013237 0.969439
v -1.911940 1.015045 1.029170
v -1.911940 1.009366 1.001809
v -1.911940 1.001536 0.973467
v -1.911940 1.002816 1.031422
v -1.911940 0.997358 1.004925
v -1.911940 0.989835 0.977496
v -1.815949 0.136884 0.737440
v -1.815949 0.313817 0.737877
v -1.815949 0.471203 0.739087
v -1.815949 0.136576 0.750019
v -1.815949 0.313164 0.750426
v -1.815949 0.470133 0.751582
v -1.815949 0.136267 0.762598
v -1.815949 0.312512 0.762976
v -1.815949 0.469064 0.764077
v -1.815949 0.796322 1.436356
v -1.815949 0.753978 1.444325
v -1.815949 0.691444 1.450101
v -1.815949 0.792424 1.424598
v -1.815949 0.750946 1.432275
v -1.815949 0.689189 1.437841
v -1.815949 0.788524 1.412839
v -1.815949 0.747914 1.420225
v -1.815949 0.686934 1.425582
vn -0.0000 -0.7071 0.7071
vn -0.0000 1.0000 -0.0000
vn -0.0000 -0.0000 1.0000
vn -0.0000 -1.0000 -0.0000
vn -0.0000 -0.0000 -1.0000
vn 1.0000 -0.0000 -0.0000
vn -1.0000 -0.0000 -0.0000
vn -0.0000 0.6621 -0.7494
vn -0.0000 0.5373 -0.8434
vn -0.0000 0.3799 -0.9250
vn -0.0000 0.2105 -0.9776
vn -0.0000 0.0556 -0.9985
vn -0.0000 0.7493 -0.6622
vn -0.0000 0.8432 -0.5376
vn -0.0000 0.9248 -0.3805
vn -0.0000 0.9774 -0.2115
vn -0.0000 0.9984 -0.0569
vn -0.0000 -0.0061 -1.0000
vn -0.0000 1.0000 0.0048
vn -0.0000 0.7071 0.7071
vn -0.0000 -0.7071 -0.7071
vn -0.0000 0.7071 -0.7071
vn -0.0000 0.9429 -0.3331
vn -0.0000 0.9676 -0.2526
vn -0.0000 0.9676 -0.2527
vn -0.0000 0.9958 -0.0918
vn -0.0000 0.9958 0.0918
vn -0.0000 0.9676 0.2527
vn -0.0000 0.9429 0.3331
vn -0.0000 -0.9429 -0.3331
vn -0.0000 -0.9676 -0.2527
vn -0.0000 -0.9958 -0.0918
vn -0.0000 -0.9958 0.0918
vn -0.0000 -0.9676 0.2527
vn -0.0000 -0.9429 0.3331
vn -0.0000 -0.9676 0.2526
vn -0.0000 -0.9676 -0.2526
vn -0.0000 -0.9838 0.1792
vn -0.0000 -0.9713 0.2379
vn -0.0000 -0.9513 0.3083
vn -0.0000 -0.9919 0.1271
vn -0.0000 -0.9202 0.3915
vn -0.0000 -0.8774 0.4798
vn -0.0000 -0.8257 0.5641
vn -0.0000 -0.7663 0.6425
vn -0.0000 -0.6993 0.7149
vn -0.0000 -0.6258 0.7800
vn -0.0000 -0.5471 0.8371
vn -0.0000 -0.4636 0.8860
vn -0.0000 -0.3691 0.9294
vn -0.0000 -0.2529 0.9675
vn -0.0000 -0.1411 0.9900
vn -0.0000 -0.0689 0.9976
vn -0.0000 -0.0314 0.9995
vn -0.0000 -0.9838 -0.1792
vn -0.0000 -0.9713 -0.2379
vn -0.0000 -0.9513 -0.3083
vn -0.0000 -0.9919 -0.1271
vn -0.0000 -0.9202 -0.3915
vn -0.0000 -0.8774 -0.4798
vn -0.0000 -0.8257 -0.5641
vn -0.0000 -0.7663 -0.6425
vn -0.0000 -0.6993 -0.7149
vn -0.0000 -0.6258 -0.7800
vn -0.0000 -0.5471 -0.8371
vn -0.0000 -0.4636 -0.8860
vn -0.0000 -0.3691 -0.9294
vn -0.0000 -0.2529 -0.9675
vn -0.0000 -0.1411 -0.9900
vn -0.0000 -0.0689 -0.9976
vn -0.0000 -0.0314 -0.9995
vn -0.0000 -0.0015 1.0000
vn -0.0000 -0.0053 1.0000
vn -0.0000 -0.0136 0.9999
vn -0.0000 -0.0004 1.0000
vn -0.0000 -0.9976 0.0692
vn -0.0000 -0.9976 -0.0692
vn -0.0000 -0.0136 -0.9999
vn -0.0000 -0.0053 -1.0000
vn -0.0000 -0.0015 -1.0000
vn -0.0000 -0.0004 -1.0000
vn -0.0000 0.9847 -0.1744
vn -0.0000 0.9728 -0.2315
vn -0.0000 0.9536 -0.3011
vn -0.0000 0.9923 -0.1241
vn -0.0000 0.9229 -0.3851
vn -0.0000 0.8798 -0.4754
vn -0.0000 0.8271 -0.5620
vn -0.0000 0.7666 -0.6421
vn -0.0000 0.8272 -0.5620
vn -0.0000 0.6988 -0.7153
vn -0.0000 0.6245 -0.7810
vn -0.0000 0.5442 -0.8389
vn -0.0000 0.4587 -0.8886
vn -0.0000 0.3615 -0.9324
vn -0.0000 0.2422 -0.9702
vn -0.0000 0.1306 -0.9914
vn -0.0000 0.0619 -0.9981
vn -0.0000 0.0275 -0.9996
vn -0.0000 0.9847 0.1744
vn -0.0000 0.9728 0.2315
vn -0.0000 0.9536 0.3011
vn -0.0000 0.9923 0.1241
vn -0.0000 0.9229 0.3851
vn -0.0000 0.8798 0.4754
vn -0.0000 0.8271 0.5620
vn -0.0000 0.7666 0.6421
vn -0.0000 0.7666 0.6422
vn -0.0000 0.6988 0.7153
vn -0.0000 0.6245 0.7810
vn -0.0000 0.5442 0.8389
vn -0.0000 0.4587 0.8886
vn -0.0000 0.3615 0.9324
vn -0.0000 0.2422 0.9702
vn -0.0000 0.1306 0.9914
vn -0.0000 0.0619 0.9981
vn -0.0000 0.0275 0.9996
vn -0.0000 0.0010 -1.0000
vn -0.0000 0.0043 -1.0000
vn -0.0000 0.0116 -0.9999
vn -0.0000 0.9977 -0.0678
vn -0.0000 0.9977 0.0678
vn -0.0000 0.0116 0.9999
vn -0.0000 0.0043 1.0000
vn -0.0000 0.0010 1.0000
vn -1.0000 -0.0000 0.0001
vn -0.0000 0.9838 -0.1792
vn -0.0000 0.9713 -0.2379
vn -0.0000 0.9513 -0.3083
vn -0.0000 0.9919 -0.1271
vn -0.0000 0.9202 -0.3915
vn -0.0000 0.8774 -0.4798
vn -0.0000 0.8257 -0.5641
vn -0.0000 0.7663 -0.6425
vn -0.0000 0.6993 -0.7149
vn -0.0000 0.6258 -0.7800
vn -0.0000 0.5471 -0.8371
vn -0.0000 0.4636 -0.8860
vn -0.0000 0.3691 -0.9294
vn -0.0000 0.2529 -0.9675
vn -0.0000 0.1411 -0.9900
vn -0.0000 0.0689 -0.9976
vn -0.0000 0.0314 -0.9995
vn -0.0000 0.9838 0.1792
vn -0.0000 0.9713 0.2379
vn -0.0000 0.9513 0.3083
vn -0.0000 0.9919 0.1271
vn -0.0000 0.9202 0.3915
vn -0.0000 0.8774 0.4798
vn -0.0000 0.8257 0.5641
vn -0.0000 0.7663 0.6425
vn -0.0000 0.6993 0.7149
vn -0.0000 0.6258 0.7800
vn -0.0000 0.5471 0.8371
vn -0.0000 0.4636 0.8860
vn -0.0000 0.3691 0.9294
vn -0.0000 0.2529 0.9675
vn -0.0000 0.1411 0.9900
vn -0.0000 0.0689 0.9976
vn -0.0000 0.0314 0.9995
vn -0.0000 0.0015 -1.0000
vn -0.0000 0.0053 -1.0000
vn -0.0000 0.0136 -0.9999
vn -0.0000 0.0004 -1.0000
vn -0.0000 0.9976 -0.0692
vn -0.0000 0.9976 0.0692
vn -0.0000 0.0136 0.9999
vn -0.0000 0.0053 1.0000
vn -0.0000 0.0015 1.0000
vn -0.0000 0.0004 1.0000
vn -0.0000 -0.9847 0.1744
vn -0.0000 -0.9728 0.2315
vn -0.0000 -0.9536 0.3011
vn -0.0000 -0.9923 0.1241
vn -0.0000 -0.9229 0.3851
vn -0.0000 -0.8798 0.4754
vn -0.0000 -0.8271 0.5620
vn -0.0000 -0.7666 0.6421
vn -0.0000 -0.7666 0.6422
vn -0.0000 -0.6988 0.7153
vn -0.0000 -0.6245 0.7810
vn -0.0000 -0.5442 0.8389
vn -0.0000 -0.4587 0.8886
vn -0.0000 -0.3615 0.9324
vn -0.0000 -0.2422 0.9702
vn -0.0000 -0.1306 0.9914
vn -0.0000 -0.0619 0.9981
vn -0.0000 -0.0275 0.9996
vn -0.0000 -0.9847 -0.1744
vn -0.0000 -0.9728 -0.2315
vn -0.0000 -0.9536 -0.3011
vn -0.0000 -0.9923 -0.1241
vn -0.0000 -0.9229 -0.3851
vn -0.0000 -0.8798 -0.4754
vn -0.0000 -0.8271 -0.5620
vn -0.0000 -0.7666 -0.6421
vn -0.0000 -0.7666 -0.6422
vn -0.0000 -0.6988 -0.7153
vn -0.0000 -0.8272 -0.5620
vn -0.0000 -0.6245 -0.7810
vn -0.0000 -0.5442 -0.8389
vn -0.0000 -0.4587 -0.8886
vn -0.0000 -0.3615 -0.9324
vn -0.0000 -0.2422 -0.9702
vn -0.0000 -0.1306 -0.9914
vn -0.0000 -0.0619 -0.9981
vn -0.0000 -0.0275 -0.9996
vn -0.0000 -0.0010 1.0000
vn -0.0000 -0.0043 1.0000
vn -0.0000 -0.0116 0.9999
vn -0.0000 -0.9977 0.0678
vn -0.0000 -0.9977 -0.0678
vn -0.0000 -0.0116 -0.9999
vn -0.0000 -0.0043 -1.0000
vn -0.0000 -0.0010 -1.0000
vt 0.471900 0.921566
vt 0.471900 1.253146
vt 0.287213 1.253146
vt 0.287213 0.921566
vt 0.287214 -0.578587
vt 0.471901 -0.578587
vt 0.471901 -0.552830
vt 0.287214 -0.552830
vt 0.471900 1.584787
vt 0.287213 1.584787
vt 0.287213 0.499296
vt 0.471901 0.499296
vt 0.287213 0.473538
vt 0.471901 0.473538
vt 0.485924 0.635708
vt 0.494105 0.675910
vt 0.467351 0.741860
vt 0.511889 0.719169
vt 0.536570 0.758899
vt 0.564390 0.789051
vt 0.527167 0.309107
vt 0.504353 0.343211
vt 0.438637 0.370745
vt 0.486108 0.386291
vt 0.475210 0.431788
vt 0.473318 0.472776
vt 0.275584 0.788147
vt 0.303404 0.757995
vt 0.372622 0.740956
vt 0.328085 0.718265
vt 0.345869 0.675006
vt 0.354049 0.634804
vt 0.366656 0.471872
vt 0.364764 0.430884
vt 0.401337 0.369841
vt 0.353867 0.385387
vt 0.335622 0.342307
vt 0.312807 0.308203
vt 0.471901 -0.157764
vt 0.287213 -0.157764
vt 0.287213 -0.194310
vt 0.471901 -0.194310
vt 0.287213 -0.235974
vt 0.471901 -0.235974
vt 0.287213 -0.277639
vt 0.471901 -0.277639
vt 0.287213 -0.314185
vt 0.471901 -0.314185
vt 0.287213 -0.012189
vt 0.471901 -0.012189
vt 0.471901 0.024363
vt 0.287213 0.024363
vt 0.471901 0.066038
vt 0.287213 0.066038
vt 0.471901 0.107714
vt 0.287213 0.107714
vt 0.471901 0.144265
vt 0.287213 0.144265
vt 0.768929 0.962063
vt 0.750121 0.984024
vt 0.746967 0.010691
vt 0.768929 0.029498
vt 0.089853 0.983119
vt 0.071045 0.961158
vt 0.071045 0.028593
vt 0.093007 0.009786
vt 0.555699 -0.602546
vt 0.475275 -0.602546
vt 0.475275 -0.701933
vt 0.555699 -0.701933
vt 0.394616 -0.801555
vt 0.475040 -0.801555
vt 0.475040 1.963967
vt 0.394616 1.963967
vt 0.555699 -0.702168
vt 0.475275 -0.702168
vt 0.475275 -0.801555
vt 0.555699 -0.801555
vt 0.295229 1.963967
vt 0.214806 1.963967
vt 0.214806 -0.801555
vt 0.295229 -0.801555
vt 0.115419 1.963967
vt 0.115419 -0.801555
vt 0.362895 1.281372
vt 0.634133 1.281372
vt 0.634133 -0.296447
vt 0.362896 -0.296447
vt 0.555699 -0.602547
vt 0.515487 -0.602547
vt 0.515487 -0.652240
vt 0.555699 -0.652240
vt 0.475275 -0.602547
vt 0.475275 -0.652240
vt 0.475275 -0.701933
vt 0.515487 -0.701933
vt 0.555699 -0.701933
vt 0.555699 -0.702169
vt 0.515487 -0.702169
vt 0.515487 -0.751862
vt 0.555699 -0.751862
vt 0.475275 -0.702169
vt 0.475275 -0.751862
vt 0.475275 -0.801555
vt 0.515487 -0.801555
vt 0.555699 -0.801555
vt 0.115419 0.011457
vt 0.165112 0.011457
vt 0.165112 0.201373
vt 0.115419 0.201373
vt 0.214806 0.011457
vt 0.214806 0.201373
vt 0.214806 0.391290
vt 0.165112 0.391290
vt 0.115419 0.391290
vt 0.165112 0.581206
vt 0.115419 0.581206
vt 0.214806 0.581206
vt 0.214806 0.771122
vt 0.165112 0.771122
vt 0.115419 0.771122
vt 0.165112 0.961039
vt 0.115419 0.961039
vt 0.214806 0.961039
vt 0.214806 1.150955
vt 0.165112 1.150955
vt 0.115419 1.150955
vt 0.548321 0.047650
vt 0.464437 0.047650
vt 0.517367 0.166109
vt 0.602763 0.166109
vt 0.380553 0.047650
vt 0.434995 0.166109
vt 0.489437 0.284569
vt 0.558198 0.284569
vt 0.657205 0.284569
vt 0.570297 0.403028
vt 0.657205 0.403028
vt 0.489437 0.403028
vt 0.489437 0.521487
vt 0.558198 0.521487
vt 0.657205 0.521487
vt 0.517367 0.639947
vt 0.602763 0.639947
vt 0.434995 0.639947
vt 0.380553 0.758406
vt 0.464437 0.758406
vt 0.548321 0.758406
vt 0.634133 0.167403
vt 0.498515 0.167403
vt 0.498515 0.275756
vt 0.634133 0.275756
vt 0.362896 0.167403
vt 0.362896 0.275756
vt 0.362896 0.384109
vt 0.498515 0.384109
vt 0.634133 0.384109
vt 0.498514 0.492463
vt 0.634133 0.492463
vt 0.362896 0.492463
vt 0.362896 0.600816
vt 0.498514 0.600816
vt 0.634133 0.600816
vt 0.498514 0.709170
vt 0.634133 0.709170
vt 0.362896 0.709170
vt 0.362896 0.817523
vt 0.498514 0.817523
vt 0.634133 0.817523
vt 0.475040 1.150955
vt 0.434828 1.150955
vt 0.434828 0.961039
vt 0.475040 0.961039
vt 0.394616 1.150955
vt 0.394616 0.961039
vt 0.394616 0.771122
vt 0.434828 0.771122
vt 0.475040 0.771122
vt 0.434828 0.581206
vt 0.475040 0.581206
vt 0.394616 0.581206
vt 0.394616 0.391290
vt 0.434828 0.391290
vt 0.475040 0.391290
vt 0.434828 0.201373
vt 0.475040 0.201373
vt 0.394616 0.201373
vt 0.394616 0.011457
vt 0.434828 0.011457
vt 0.475040 0.011457
vt 0.394616 -0.801555
vt 0.434828 -0.801555
vt 0.434828 -0.395049
vt 0.394616 -0.395049
vt 0.475040 -0.801555
vt 0.475040 -0.395049
vt 0.548321 -0.157012
vt 0.464437 -0.157012
vt 0.548321 -0.361674
vt 0.464437 -0.361674
vt 0.380553 -0.361674
vt 0.380553 -0.157012
vt 0.548321 1.265518
vt 0.548321 1.011962
vt 0.464437 1.011962
vt 0.464437 1.265518
vt 0.380553 1.011962
vt 0.380553 1.265518
vt 0.434828 1.557461
vt 0.394616 1.557461
vt 0.475040 1.557461
vt 0.475040 1.963967
vt 0.434828 1.963967
vt 0.394616 1.963967
vt 0.115419 1.963967
vt 0.115419 1.557461
vt 0.165112 1.557461
vt 0.165112 1.963967
vt 0.214806 1.557461
vt 0.214806 1.963967
vt 0.115419 -0.395049
vt 0.165112 -0.395049
vt 0.115419 -0.801555
vt 0.165112 -0.801555
vt 0.214806 -0.801555
vt 0.214806 -0.395049
vt 0.362895 1.281372
vt 0.498514 1.281372
vt 0.498514 1.049448
vt 0.362896 1.049448
vt 0.634133 1.281372
vt 0.634133 1.049448
vt 0.498515 -0.064522
vt 0.362896 -0.064522
vt 0.634133 -0.064522
vt 0.634133 -0.296447
vt 0.498515 -0.296447
vt 0.362896 -0.296447
vt 0.301732 0.458295
vt 0.301732 0.440184
vt 0.343553 0.440040
vt 0.343553 0.457828
vt 0.301732 0.421466
vt 0.343553 0.421441
vt 0.385374 0.440184
vt 0.385374 0.458295
vt 0.385374 0.421466
vt 0.259911 0.478463
vt 0.259911 0.459483
vt 0.301732 0.474699
vt 0.259911 0.440502
vt 0.259911 0.421522
vt 0.259911 0.402541
vt 0.301732 0.402488
vt 0.343553 0.402477
vt 0.385374 0.402488
vt 0.427195 0.402541
vt 0.427195 0.421522
vt 0.427195 0.440502
vt 0.427195 0.459483
vt 0.385374 0.474699
vt 0.427195 0.478463
vt 0.343553 0.473901
vt 0.301732 0.383427
vt 0.301732 0.364338
vt 0.343553 0.364333
vt 0.343553 0.383420
vt 0.301732 0.345228
vt 0.343553 0.345219
vt 0.385374 0.364338
vt 0.385374 0.383428
vt 0.385374 0.345228
vt 0.259911 0.383445
vt 0.259911 0.364349
vt 0.259911 0.345252
vt 0.259911 0.326156
vt 0.301732 0.326081
vt 0.343553 0.326065
vt 0.385374 0.326081
vt 0.427195 0.326156
vt 0.427195 0.345252
vt 0.427195 0.364349
vt 0.427195 0.383445
vt 0.301732 0.306873
vt 0.301732 0.287627
vt 0.343553 0.287622
vt 0.343553 0.306863
vt 0.301732 0.268361
vt 0.343553 0.268354
vt 0.385374 0.287627
vt 0.385374 0.306873
vt 0.385374 0.268361
vt 0.259911 0.306897
vt 0.259911 0.287638
vt 0.259911 0.268379
vt 0.259911 0.249120
vt 0.301732 0.249067
vt 0.343553 0.249056
vt 0.385374 0.249067
vt 0.427195 0.249119
vt 0.427195 0.268379
vt 0.427195 0.287638
vt 0.427195 0.306897
vt 0.301732 0.229301
vt 0.301732 0.206936
vt 0.343553 0.205374
vt 0.343553 0.229099
vt 0.301732 0.178012
vt 0.343553 0.172902
vt 0.385374 0.206936
vt 0.385374 0.229301
vt 0.385374 0.178012
vt 0.259911 0.229746
vt 0.259911 0.210373
vt 0.259911 0.191000
vt 0.259911 0.171626
vt 0.301732 0.130441
vt 0.343553 0.121705
vt 0.385375 0.130441
vt 0.427196 0.171626
vt 0.427196 0.191000
vt 0.427196 0.210373
vt 0.427195 0.229746
vt 0.385374 0.541705
vt 0.385374 0.559816
vt 0.343553 0.559960
vt 0.343553 0.542172
vt 0.385374 0.578534
vt 0.343553 0.578558
vt 0.301732 0.559816
vt 0.301732 0.541705
vt 0.301732 0.578534
vt 0.427195 0.521537
vt 0.427195 0.540517
vt 0.385374 0.525301
vt 0.427195 0.559498
vt 0.427195 0.578478
vt 0.427195 0.597458
vt 0.385374 0.597512
vt 0.343553 0.597523
vt 0.301732 0.597512
vt 0.259911 0.597458
vt 0.259911 0.578478
vt 0.259911 0.559498
vt 0.259911 0.540517
vt 0.301732 0.525301
vt 0.259911 0.521537
vt 0.343553 0.526099
vt 0.385374 0.616572
vt 0.385374 0.635662
vt 0.343553 0.635667
vt 0.343553 0.616579
vt 0.385374 0.654772
vt 0.343553 0.654781
vt 0.301732 0.635662
vt 0.301732 0.616572
vt 0.301732 0.654772
vt 0.427195 0.616555
vt 0.427195 0.635651
vt 0.427195 0.654748
vt 0.427195 0.673844
vt 0.385374 0.673919
vt 0.343553 0.673935
vt 0.301732 0.673919
vt 0.259911 0.673844
vt 0.259911 0.654748
vt 0.259911 0.635651
vt 0.259911 0.616555
vt 0.385374 0.693127
vt 0.385374 0.712373
vt 0.343553 0.712378
vt 0.343553 0.693137
vt 0.385374 0.731639
vt 0.343553 0.731646
vt 0.301732 0.712373
vt 0.301732 0.693127
vt 0.301732 0.731639
vt 0.427195 0.693103
vt 0.427195 0.712362
vt 0.427195 0.731621
vt 0.427195 0.750880
vt 0.385374 0.750933
vt 0.343553 0.750944
vt 0.301732 0.750933
vt 0.259911 0.750880
vt 0.259911 0.731621
vt 0.259911 0.712362
vt 0.259911 0.693103
vt 0.385374 0.770699
vt 0.385374 0.793064
vt 0.343553 0.794626
vt 0.343553 0.770901
vt 0.385374 0.821988
vt 0.343553 0.827098
vt 0.301732 0.793064
vt 0.301732 0.770699
vt 0.301732 0.821988
vt 0.427195 0.770254
vt 0.427195 0.789627
vt 0.427195 0.809000
vt 0.427195 0.828374
vt 0.385374 0.869559
vt 0.343553 0.878295
vt 0.301732 0.869559
vt 0.259911 0.828374
vt 0.259911 0.809000
vt 0.259911 0.789627
vt 0.259911 0.770254
vt 0.301733 -0.156496
vt 0.343554 -0.156691
vt 0.343554 -0.051828
vt 0.301733 -0.050268
vt 0.385375 -0.156496
vt 0.385375 -0.050268
vt 0.343554 0.044299
vt 0.301732 0.049408
vt 0.385375 0.049408
vt 0.259912 -0.265298
vt 0.301733 -0.265298
vt 0.259912 -0.156067
vt 0.343554 -0.265298
vt 0.385375 -0.265298
vt 0.427196 -0.265298
vt 0.427196 -0.156067
vt 0.427196 -0.046836
vt 0.427196 0.062395
vt 0.259911 0.062395
vt 0.259911 -0.046836
vt 0.301732 0.488084
vt 0.343553 0.487635
vt 0.343553 0.500000
vt 0.301732 0.500000
vt 0.385374 0.488084
vt 0.385374 0.500000
vt 0.343553 0.512365
vt 0.301732 0.511916
vt 0.385374 0.511916
vt 0.259911 0.489232
vt 0.427195 0.489232
vt 0.427195 0.500000
vt 0.427195 0.510768
vt 0.259911 0.510768
vt 0.259911 0.500000
vt 0.301732 0.950592
vt 0.343553 0.955701
vt 0.343553 1.051828
vt 0.301732 1.050268
vt 0.385374 0.950592
vt 0.385374 1.050268
vt 0.343553 1.156691
vt 0.301732 1.156496
vt 0.385374 1.156496
vt 0.259911 0.937605
vt 0.427195 0.937605
vt 0.427195 1.046836
vt 0.427195 1.156067
vt 0.427195 1.265298
vt 0.385374 1.265298
vt 0.343553 1.265299
vt 0.301732 1.265298
vt 0.259911 1.156067
vt 0.259911 1.265298
vt 0.259911 1.046836
vt 0.353368 0.474691
vt 0.330545 0.474288
vt 0.330545 0.459416
vt 0.353368 0.459530
vt 0.307723 0.474691
vt 0.307722 0.459530
vt 0.330545 0.443906
vt 0.353368 0.443891
vt 0.307722 0.443891
vt 0.376191 0.491651
vt 0.353368 0.488392
vt 0.376191 0.475716
vt 0.330545 0.487701
vt 0.307723 0.488392
vt 0.284900 0.491651
vt 0.284900 0.475716
vt 0.284900 0.459781
vt 0.284900 0.443846
vt 0.284900 0.427910
vt 0.307722 0.428161
vt 0.330545 0.428214
vt 0.353368 0.428161
vt 0.376191 0.443846
vt 0.376191 0.427910
vt 0.376191 0.459781
vt 0.353368 0.412600
vt 0.330545 0.412631
vt 0.330545 0.397153
vt 0.353368 0.397147
vt 0.307722 0.412600
vt 0.307722 0.397147
vt 0.330545 0.381710
vt 0.353368 0.381720
vt 0.307722 0.381720
vt 0.376191 0.412522
vt 0.284900 0.412522
vt 0.284900 0.397134
vt 0.284900 0.381745
vt 0.284900 0.366357
vt 0.307722 0.366268
vt 0.330545 0.366249
vt 0.353368 0.366268
vt 0.376191 0.381745
vt 0.376191 0.366357
vt 0.376191 0.397134
vt 0.353368 0.350742
vt 0.330545 0.350729
vt 0.330545 0.335135
vt 0.353368 0.335152
vt 0.307722 0.350742
vt 0.307722 0.335152
vt 0.330545 0.319446
vt 0.353368 0.319491
vt 0.307722 0.319491
vt 0.376191 0.350774
vt 0.284900 0.350774
vt 0.284900 0.335190
vt 0.284900 0.319607
vt 0.284900 0.304024
vt 0.307722 0.303660
vt 0.330545 0.303582
vt 0.353368 0.303660
vt 0.376191 0.319607
vt 0.376191 0.304024
vt 0.376191 0.335190
vt 0.353368 0.287118
vt 0.330545 0.286885
vt 0.330545 0.266417
vt 0.353368 0.267933
vt 0.307722 0.287118
vt 0.307722 0.267933
vt 0.330545 0.237460
vt 0.353368 0.242381
vt 0.307722 0.242381
vt 0.376191 0.287646
vt 0.284900 0.287646
vt 0.284900 0.271269
vt 0.284900 0.254891
vt 0.284900 0.238514
vt 0.307722 0.198855
vt 0.330545 0.190442
vt 0.353368 0.198855
vt 0.376191 0.254891
vt 0.376191 0.238514
vt 0.376191 0.271269
vt 0.307722 0.543911
vt 0.330545 0.544315
vt 0.330545 0.559186
vt 0.307722 0.559072
vt 0.353368 0.543911
vt 0.353368 0.559072
vt 0.330545 0.574696
vt 0.307723 0.574712
vt 0.353368 0.574712
vt 0.284900 0.526951
vt 0.307722 0.530210
vt 0.284900 0.542886
vt 0.330545 0.530901
vt 0.353368 0.530210
vt 0.376191 0.526951
vt 0.376191 0.542886
vt 0.376191 0.558822
vt 0.376191 0.574757
vt 0.376191 0.590692
vt 0.353368 0.590441
vt 0.330545 0.590388
vt 0.307723 0.590441
vt 0.284900 0.574757
vt 0.284900 0.590692
vt 0.284900 0.558822
vt 0.307722 0.606002
vt 0.330545 0.605971
vt 0.330545 0.621449
vt 0.307722 0.621455
vt 0.353368 0.606002
vt 0.353368 0.621455
vt 0.330545 0.636893
vt 0.307722 0.636883
vt 0.353368 0.636883
vt 0.284900 0.606080
vt 0.376191 0.606080
vt 0.376191 0.621469
vt 0.376191 0.636857
vt 0.376191 0.652245
vt 0.353368 0.652335
vt 0.330545 0.652354
vt 0.307722 0.652335
vt 0.284900 0.636857
vt 0.284900 0.652245
vt 0.284900 0.621469
vt 0.307722 0.667861
vt 0.330545 0.667874
vt 0.330545 0.683467
vt 0.307722 0.683450
vt 0.353368 0.667861
vt 0.353368 0.683450
vt 0.330545 0.699157
vt 0.307722 0.699111
vt 0.353368 0.699111
vt 0.284900 0.667829
vt 0.376191 0.667829
vt 0.376191 0.683412
vt 0.376191 0.698996
vt 0.376191 0.714579
vt 0.353368 0.714943
vt 0.330545 0.715020
vt 0.307722 0.714943
vt 0.284900 0.698996
vt 0.284899 0.714579
vt 0.284900 0.683412
vt 0.307722 0.731484
vt 0.330545 0.731717
vt 0.330545 0.752185
vt 0.307722 0.750669
vt 0.353368 0.731484
vt 0.353368 0.750669
vt 0.330545 0.781143
vt 0.307722 0.776221
vt 0.353368 0.776221
vt 0.284900 0.730956
vt 0.376191 0.730956
vt 0.376191 0.747334
vt 0.376191 0.763711
vt 0.376191 0.780089
vt 0.353368 0.819748
vt 0.330545 0.828161
vt 0.307722 0.819748
vt 0.284900 0.763711
vt 0.284900 0.780089
vt 0.284900 0.747334
vt 0.353368 -0.070620
vt 0.353368 0.029395
vt 0.330545 0.027893
vt 0.330545 -0.070808
vt 0.353368 0.123101
vt 0.330545 0.118181
vt 0.307722 0.029395
vt 0.307722 -0.070620
vt 0.307722 0.123101
vt 0.376191 -0.173114
vt 0.376191 -0.070207
vt 0.353368 -0.173114
vt 0.376191 0.032700
vt 0.376191 0.135607
vt 0.284900 0.135607
vt 0.284900 0.032700
vt 0.284900 -0.070207
vt 0.307722 -0.173114
vt 0.284900 -0.173114
vt 0.330545 -0.173114
vt 0.353368 0.499482
vt 0.353368 0.509301
vt 0.330545 0.509301
vt 0.330545 0.499094
vt 0.353368 0.519120
vt 0.330545 0.519509
vt 0.307722 0.509301
vt 0.307723 0.499482
vt 0.307722 0.519120
vt 0.376191 0.500476
vt 0.376191 0.509301
vt 0.376191 0.518126
vt 0.284900 0.518126
vt 0.284900 0.509301
vt 0.284900 0.500476
vt 0.353368 0.895502
vt 0.353368 0.989208
vt 0.330545 0.990710
vt 0.330545 0.900422
vt 0.353368 1.089223
vt 0.330545 1.089410
vt 0.307722 0.989208
vt 0.307722 0.895502
vt 0.307722 1.089223
vt 0.376191 0.882996
vt 0.376191 0.985903
vt 0.376191 1.088809
vt 0.376191 1.191717
vt 0.353368 1.191717
vt 0.330545 1.191717
vt 0.307722 1.191717
vt 0.284900 1.191717
vt 0.284900 1.088809
vt 0.284900 0.985903
vt 0.284900 0.882996
vt 0.385689 0.863608
vt 0.408205 0.869040
vt 0.410399 0.859832
vt 0.388861 0.854323
vt 0.430286 0.873523
vt 0.431369 0.864094
vt 0.412797 0.851068
vt 0.391642 0.846002
vt 0.433533 0.855215
vt 0.358293 0.868786
vt 0.382213 0.873651
vt 0.363668 0.856248
vt 0.406132 0.878515
vt 0.430052 0.883380
vt 0.453971 0.888244
vt 0.450428 0.876793
vt 0.450487 0.867070
vt 0.452423 0.858225
vt 0.457729 0.850915
vt 0.436522 0.846743
vt 0.415316 0.842572
vt 0.394109 0.838401
vt 0.371019 0.839161
vt 0.372903 0.834229
vt 0.367714 0.846898
vt 0.749388 0.474591
vt 0.749855 0.346760
vt 0.740420 0.344281
vt 0.739791 0.467259
vt 0.749993 0.210418
vt 0.740615 0.209940
vt 0.731139 0.345860
vt 0.730702 0.473218
vt 0.731256 0.209969
vt 0.759383 0.632620
vt 0.759383 0.492147
vt 0.747962 0.578270
vt 0.759383 0.351674
vt 0.759383 0.211201
vt 0.759383 0.070729
vt 0.750004 0.070729
vt 0.740624 0.070729
vt 0.731245 0.070729
vt 0.721865 0.070729
vt 0.721908 0.210302
vt 0.721952 0.349875
vt 0.721995 0.489448
vt 0.729373 0.576230
vt 0.722038 0.629021
vt 0.738235 0.565887
vt 0.271772 0.785886
vt 0.258325 0.766468
vt 0.266269 0.761244
vt 0.279332 0.779716
vt 0.245939 0.746294
vt 0.254598 0.741768
vt 0.273716 0.756377
vt 0.286153 0.774290
vt 0.262307 0.737716
vt 0.277181 0.813374
vt 0.263632 0.792641
vt 0.286796 0.803810
vt 0.250083 0.771908
vt 0.236533 0.751176
vt 0.222984 0.730443
vt 0.235489 0.725144
vt 0.244876 0.721207
vt 0.252685 0.718033
vt 0.257748 0.716335
vt 0.269307 0.734031
vt 0.280865 0.751726
vt 0.292423 0.769422
vt 0.300049 0.790816
vt 0.303981 0.787117
vt 0.294026 0.796691
vt 0.213332 0.070729
vt 0.213332 0.070729
vt 0.222711 0.070729
vt 0.222711 0.070729
vt 0.232091 0.070729
vt 0.232091 0.070729
vt 0.203952 0.070729
vt 0.203952 0.070729
vt 0.213332 0.070729
vt 0.213332 0.070729
vt 0.222711 0.070729
vt 0.241470 0.070729
vt 0.241470 0.070729
vt 0.304319 0.819173
vt 0.323296 0.832917
vt 0.328646 0.825060
vt 0.310610 0.811715
vt 0.343007 0.845573
vt 0.347654 0.836977
vt 0.333648 0.817714
vt 0.316180 0.805021
vt 0.351840 0.829352
vt 0.297459 0.827227
vt 0.286796 0.803810
vt 0.317737 0.841080
vt 0.338015 0.854933
vt 0.355672 0.822451
vt 0.338442 0.810673
vt 0.321211 0.798895
vt 0.300049 0.790816
vt 0.294026 0.796691
vt 0.496401 0.878233
vt 0.481668 0.878567
vt 0.481668 0.869078
vt 0.496454 0.868638
vt 0.466934 0.878233
vt 0.466882 0.868638
vt 0.481668 0.859902
vt 0.495450 0.859577
vt 0.467885 0.859577
vt 0.509364 0.888244
vt 0.495516 0.888244
vt 0.512908 0.876793
vt 0.481668 0.888244
vt 0.467820 0.888244
vt 0.450428 0.876793
vt 0.450487 0.867069
vt 0.452423 0.858225
vt 0.469698 0.850915
vt 0.481668 0.850915
vt 0.493637 0.850915
vt 0.510913 0.858225
vt 0.505607 0.850915
vt 0.512849 0.867070
vt 0.323296 0.832917
vt 0.304319 0.819173
vt 0.333648 0.817714
vt 0.351841 0.829351
vt 0.316180 0.805021
vt 0.338015 0.854933
vt 0.317737 0.841080
vt 0.338442 0.810673
vt 0.371019 0.839161
vt 0.750004 0.070729
vt 0.750004 0.070729
vt 0.740624 0.070729
vt 0.740624 0.070729
vt 0.731245 0.070729
vt 0.731245 0.070729
vt 0.759383 0.070729
vt 0.245939 0.746294
vt 0.258325 0.766468
vt 0.266269 0.761244
vt 0.254598 0.741768
vt 0.271772 0.785886
vt 0.279332 0.779716
vt 0.273716 0.756378
vt 0.262307 0.737716
vt 0.286153 0.774290
vt 0.235489 0.725144
vt 0.292423 0.769422
vt 0.269307 0.734031
vt 0.252685 0.718033
vt 0.244876 0.721207
vt 0.466934 0.878233
vt 0.481668 0.869078
vt 0.466882 0.868638
vt 0.467885 0.859577
vt 0.495450 0.859577
vt 0.467819 0.888244
vt 0.495516 0.888244
vt 0.512908 0.876793
vt 0.512849 0.867069
vt 0.510913 0.858225
vt 0.481668 0.850915
vt 0.430286 0.873523
vt 0.408205 0.869040
vt 0.410399 0.859832
vt 0.385689 0.863608
vt 0.388861 0.854323
vt 0.412797 0.851068
vt 0.433533 0.855215
vt 0.391642 0.846002
vt 0.382213 0.873651
vt 0.577646 0.863608
vt 0.555131 0.869040
vt 0.552936 0.859832
vt 0.574474 0.854323
vt 0.533049 0.873523
vt 0.531966 0.864094
vt 0.550539 0.851068
vt 0.571694 0.846002
vt 0.529802 0.855215
vt 0.605042 0.868786
vt 0.581123 0.873651
vt 0.599667 0.856248
vt 0.557203 0.878515
vt 0.533284 0.883380
vt 0.526813 0.846743
vt 0.548020 0.842572
vt 0.569226 0.838401
vt 0.592316 0.839161
vt 0.590433 0.834229
vt 0.595622 0.846898
vt 0.218572 0.638619
vt 0.222962 0.674704
vt 0.232194 0.670393
vt 0.228014 0.630397
vt 0.228282 0.701994
vt 0.237597 0.698644
vt 0.240990 0.670277
vt 0.236914 0.635482
vt 0.245969 0.696248
vt 0.203952 0.632620
vt 0.208710 0.657076
vt 0.215373 0.578270
vt 0.213468 0.681532
vt 0.218226 0.705987
vt 0.253636 0.694507
vt 0.249523 0.672678
vt 0.245410 0.650849
vt 0.233962 0.576230
vt 0.241297 0.629021
vt 0.225101 0.565887
vt 0.213948 0.474591
vt 0.213481 0.346760
vt 0.222916 0.344281
vt 0.223544 0.467259
vt 0.213342 0.210418
vt 0.222721 0.209940
vt 0.232196 0.345860
vt 0.232634 0.473218
vt 0.232080 0.209969
vt 0.203952 0.492147
vt 0.215373 0.578270
vt 0.203952 0.351674
vt 0.203952 0.211201
vt 0.241427 0.210302
vt 0.241384 0.349875
vt 0.241341 0.489448
vt 0.233962 0.576230
vt 0.225101 0.565887
vt 0.735053 0.701994
vt 0.740373 0.674704
vt 0.731141 0.670393
vt 0.725739 0.698644
vt 0.744763 0.638619
vt 0.735321 0.630397
vt 0.722346 0.670277
vt 0.717367 0.696248
vt 0.726422 0.635482
vt 0.740351 0.730443
vt 0.745109 0.705987
vt 0.727846 0.725144
vt 0.749867 0.681532
vt 0.754625 0.657076
vt 0.717925 0.650849
vt 0.713813 0.672678
vt 0.709700 0.694507
vt 0.710651 0.718033
vt 0.705587 0.716335
vt 0.718459 0.721207
vt 0.659017 0.819173
vt 0.640040 0.832917
vt 0.634690 0.825060
vt 0.652725 0.811715
vt 0.620328 0.845573
vt 0.615682 0.836977
vt 0.629688 0.817714
vt 0.647155 0.805021
vt 0.611495 0.829352
vt 0.686154 0.813374
vt 0.665876 0.827227
vt 0.676539 0.803810
vt 0.645598 0.841080
vt 0.625320 0.854933
vt 0.607663 0.822451
vt 0.624894 0.810673
vt 0.642124 0.798895
vt 0.663286 0.790816
vt 0.659355 0.787117
vt 0.669310 0.796691
vt 0.213342 0.210419
vt 0.222916 0.344281
vt 0.213948 0.474591
vt 0.223544 0.467259
vt 0.232196 0.345860
vt 0.232080 0.209969
vt 0.232634 0.473218
vt 0.203952 0.351674
vt 0.203952 0.492147
vt 0.241341 0.489448
vt 0.691564 0.785886
vt 0.705010 0.766468
vt 0.697066 0.761244
vt 0.684003 0.779716
vt 0.717397 0.746294
vt 0.708738 0.741768
vt 0.689619 0.756377
vt 0.677183 0.774290
vt 0.701029 0.737716
vt 0.699704 0.792641
vt 0.676539 0.803810
vt 0.713253 0.771908
vt 0.726802 0.751176
vt 0.694029 0.734031
vt 0.682471 0.751726
vt 0.670913 0.769422
vt 0.663286 0.790816
vt 0.669310 0.796691
vt 0.705010 0.766468
vt 0.697066 0.761244
vt 0.708738 0.741768
vt 0.691564 0.785886
vt 0.689619 0.756378
vt 0.701029 0.737716
vt 0.677183 0.774290
vt 0.713253 0.771908
vt 0.694029 0.734031
vt 0.710651 0.718033
vt 0.718459 0.721207
vt 0.640040 0.832917
vt 0.634690 0.825060
vt 0.615682 0.836977
vt 0.659016 0.819173
vt 0.611495 0.829351
vt 0.647155 0.805021
vt 0.599667 0.856248
vt 0.645598 0.841080
vt 0.624894 0.810673
vt 0.740373 0.674704
vt 0.735321 0.630397
vt 0.735053 0.701994
vt 0.722346 0.670277
vt 0.717367 0.696248
vt 0.754625 0.657076
vt 0.747962 0.578270
vt 0.709700 0.694507
vt 0.713813 0.672678
vt 0.729373 0.576230
vt 0.738235 0.565887
vt 0.533049 0.873523
vt 0.555131 0.869040
vt 0.552936 0.859832
vt 0.531966 0.864094
vt 0.577647 0.863608
vt 0.574474 0.854323
vt 0.529802 0.855215
vt 0.571693 0.846002
vt 0.581123 0.873651
vt 0.749993 0.210419
vt 0.749855 0.346760
vt 0.740420 0.344281
vt 0.749388 0.474591
vt 0.739791 0.467259
vt 0.731139 0.345860
vt 0.731256 0.209969
vt 0.730702 0.473218
vt 0.759383 0.351674
vt 0.759383 0.492147
vt 0.721995 0.489448
vt 0.228282 0.701994
vt 0.222962 0.674704
vt 0.232194 0.670393
vt 0.240990 0.670277
vt 0.245969 0.696248
vt 0.236914 0.635482
vt 0.213468 0.681532
vt 0.208710 0.657076
s 1
f 3/1/1 4/2/1 8/3/1 7/4/1
f 6/5/2 2/6/2 10/7/2 12/8/2
f 2/9/3 6/10/3 8/3/3 4/2/3
f 5/11/4 1/12/4 3/1/4 7/4/4
f 1/12/5 5/11/5 11/13/5 9/14/5
f 13/15/6 15/16/6 4/17/6
f 15/16/6 16/18/6 4/17/6
f 16/18/6 17/19/6 4/17/6
f 17/19/6 14/20/6 4/17/6
f 18/21/6 20/22/6 3/23/6
f 20/22/6 21/24/6 3/23/6
f 21/24/6 22/25/6 3/23/6
f 22/25/6 19/26/6 3/23/6
f 23/27/7 25/28/7 8/29/7
f 25/28/7 26/30/7 8/29/7
f 26/30/7 27/31/7 8/29/7
f 27/31/7 24/32/7 8/29/7
f 28/33/7 30/34/7 7/35/7
f 30/34/7 31/36/7 7/35/7
f 31/36/7 32/37/7 7/35/7
f 32/37/7 29/38/7 7/35/7
f 13/39/8 24/40/8 27/41/9 15/42/9
f 15/42/9 27/41/9 26/43/10 16/44/10
f 16/44/10 26/43/10 25/45/11 17/46/11
f 17/46/11 25/45/11 23/47/12 14/48/12
f 28/49/13 19/50/13 22/51/14 30/52/14
f 30/52/14 22/51/14 21/53/15 31/54/15
f 31/54/15 21/53/15 20/55/16 32/56/16
f 32/56/16 20/55/16 18/57/17 29/58/17
f 4/17/6 3/23/6 19/26/6 13/15/6
f 19/50/13 28/49/13 24/40/8 13/39/8
f 12/8/18 10/7/18 14/48/12 23/47/12
f 10/59/6 2/60/6 4/17/6 14/20/6
f 9/14/19 11/13/19 29/58/17 18/57/17
f 1/61/6 9/62/6 18/21/6 3/23/6
f 6/63/7 12/64/7 23/27/7 8/29/7
f 7/35/7 8/29/7 24/32/7 28/33/7
f 11/65/7 5/66/7 7/35/7 29/38/7
f 35/1/1 36/2/1 40/3/1 39/4/1
f 38/5/2 34/6/2 42/7/2 44/8/2
f 34/9/3 38/10/3 40/3/3 36/2/3
f 37/11/4 33/12/4 35/1/4 39/4/4
f 33/12/5 37/11/5 43/13/5 41/14/5
f 45/15/6 47/16/6 36/17/6
f 47/16/6 48/18/6 36/17/6
f 48/18/6 49/19/6 36/17/6
f 49/19/6 46/20/6 36/17/6
f 50/21/6 52/22/6 35/23/6
f 52/22/6 53/24/6 35/23/6
f 53/24/6 54/25/6 35/23/6
f 54/25/6 51/26/6 35/23/6
f 55/27/7 57/28/7 40/29/7
f 57/28/7 58/30/7 40/29/7
f 58/30/7 59/31/7 40/29/7
f 59/31/7 56/32/7 40/29/7
f 60/33/7 62/34/7 39/35/7
f 62/34/7 63/36/7 39/35/7
f 63/36/7 64/37/7 39/35/7
f 64/37/7 61/38/7 39/35/7
f 45/39/8 56/40/8 59/41/9 47/42/9
f 47/42/9 59/41/9 58/43/10 48/44/10
f 48/44/10 58/43/10 57/45/11 49/46/11
f 49/46/11 57/45/11 55/47/12 46/48/12
f 60/49/13 51/50/13 54/51/14 62/52/14
f 62/52/14 54/51/14 53/53/15 63/54/15
f 63/54/15 53/53/15 52/55/16 64/56/16
f 64/56/16 52/55/16 50/57/17 61/58/17
f 36/17/6 35/23/6 51/26/6 45/15/6
f 51/50/13 60/49/13 56/40/8 45/39/8
f 44/8/18 42/7/18 46/48/12 55/47/12
f 42/59/6 34/60/6 36/17/6 46/20/6
f 41/14/19 43/13/19 61/58/17 50/57/17
f 33/61/6 41/62/6 50/21/6 35/23/6
f 38/63/7 44/64/7 55/27/7 40/29/7
f 39/35/7 40/29/7 56/32/7 60/33/7
f 43/65/7 37/66/7 39/35/7 61/38/7
f 67/1/1 68/2/1 72/3/1 71/4/1
f 70/5/2 66/6/2 74/7/2 76/8/2
f 66/9/3 70/10/3 72/3/3 68/2/3
f 69/11/4 65/12/4 67/1/4 71/4/4
f 65/12/5 69/11/5 75/13/5 73/14/5
f 77/15/6 79/16/6 68/17/6
f 79/16/6 80/18/6 68/17/6
f 80/18/6 81/19/6 68/17/6
f 81/19/6 78/20/6 68/17/6
f 82/21/6 84/22/6 67/23/6
f 84/22/6 85/24/6 67/23/6
f 85/24/6 86/25/6 67/23/6
f 86/25/6 83/26/6 67/23/6
f 87/27/7 89/28/7 72/29/7
f 89/28/7 90/30/7 72/29/7
f 90/30/7 91/31/7 72/29/7
f 91/31/7 88/32/7 72/29/7
f 92/33/7 94/34/7 71/35/7
f 94/34/7 95/36/7 71/35/7
f 95/36/7 96/37/7 71/35/7
f 96/37/7 93/38/7 71/35/7
f 77/39/8 88/40/8 91/41/9 79/42/9
f 79/42/9 91/41/9 90/43/10 80/44/10
f 80/44/10 90/43/10 89/45/11 81/46/11
f 81/46/11 89/45/11 87/47/12 78/48/12
f 92/49/13 83/50/13 86/51/14 94/52/14
f 94/52/14 86/51/14 85/53/15 95/54/15
f 95/54/15 85/53/15 84/55/16 96/56/16
f 96/56/16 84/55/16 82/57/17 93/58/17
f 68/17/6 67/23/6 83/26/6 77/15/6
f 83/50/13 92/49/13 88/40/8 77/39/8
f 76/8/18 74/7/18 78/48/12 87/47/12
f 74/59/6 66/60/6 68/17/6 78/20/6
f 73/14/19 75/13/19 93/58/17 82/57/17
f 65/61/6 73/62/6 82/21/6 67/23/6
f 70/63/7 76/64/7 87/27/7 72/29/7
f 71/35/7 72/29/7 88/32/7 92/33/7
f 75/65/7 69/66/7 71/35/7 93/38/7
f 99/1/1 100/2/1 104/3/1 103/4/1
f 102/5/2 98/6/2 106/7/2 108/8/2
f 98/9/3 102/10/3 104/3/3 100/2/3
f 101/11/4 97/12/4 99/1/4 103/4/4
f 97/12/5 101/11/5 107/13/5 105/14/5
f 109/15/6 111/16/6 100/17/6
f 111/16/6 112/18/6 100/17/6
f 112/18/6 113/19/6 100/17/6
f 113/19/6 110/20/6 100/17/6
f 114/21/6 116/22/6 99/23/6
f 116/22/6 117/24/6 99/23/6
f 117/24/6 118/25/6 99/23/6
f 118/25/6 115/26/6 99/23/6
f 119/27/7 121/28/7 104/29/7
f 121/28/7 122/30/7 104/29/7
f 122/30/7 123/31/7 104/29/7
f 123/31/7 120/32/7 104/29/7
f 124/33/7 126/34/7 103/35/7
f 126/34/7 127/36/7 103/35/7
f 127/36/7 128/37/7 103/35/7
f 128/37/7 125/38/7 103/35/7
f 109/39/8 120/40/8 123/41/9 111/42/9
f 111/42/9 123/41/9 122/43/10 112/44/10
f 112/44/10 122/43/10 121/45/11 113/46/11
f 113/46/11 121/45/11 119/47/12 110/48/12
f 124/49/13 115/50/13 118/51/14 126/52/14
f 126/52/14 118/51/14 117/53/15 127/54/15
f 127/54/15 117/53/15 116/55/16 128/56/16
f 128/56/16 116/55/16 114/57/17 125/58/17
f 100/17/6 99/23/6 115/26/6 109/15/6
f 115/50/13 124/49/13 120/40/8 109/39/8
f 108/8/18 106/7/18 110/48/12 119/47/12
f 106/59/6 98/60/6 100/17/6 110/20/6
f 105/14/19 107/13/19 125/58/17 114/57/17
f 97/61/6 105/62/6 114/21/6 99/23/6
f 102/63/7 108/64/7 119/27/7 104/29/7
f 103/35/7 104/29/7 120/32/7 124/33/7
f 107/65/7 101/66/7 103/35/7 125/38/7
f 131/1/1 132/2/1 136/3/1 135/4/1
f 134/5/2 130/6/2 138/7/2 140/8/2
f 130/9/3 134/10/3 136/3/3 132/2/3
f 133/11/4 129/12/4 131/1/4 135/4/4
f 129/12/5 133/11/5 139/13/5 137/14/5
f 141/15/6 143/16/6 132/17/6
f 143/16/6 144/18/6 132/17/6
f 144/18/6 145/19/6 132/17/6
f 145/19/6 142/20/6 132/17/6
f 146/21/6 148/22/6 131/23/6
f 148/22/6 149/24/6 131/23/6
f 149/24/6 150/25/6 131/23/6
f 150/25/6 147/26/6 131/23/6
f 151/27/7 153/28/7 136/29/7
f 153/28/7 154/30/7 136/29/7
f 154/30/7 155/31/7 136/29/7
f 155/31/7 152/32/7 136/29/7
f 156/33/7 158/34/7 135/35/7
f 158/34/7 159/36/7 135/35/7
f 159/36/7 160/37/7 135/35/7
f 160/37/7 157/38/7 135/35/7
f 141/39/8 152/40/8 155/41/9 143/42/9
f 143/42/9 155/41/9 154/43/10 144/44/10
f 144/44/10 154/43/10 153/45/11 145/46/11
f 145/46/11 153/45/11 151/47/12 142/48/12
f 156/49/13 147/50/13 150/51/14 158/52/14
f 158/52/14 150/51/14 149/53/15 159/54/15
f 159/54/15 149/53/15 148/55/16 160/56/16
f 160/56/16 148/55/16 146/57/17 157/58/17
f 132/17/6 131/23/6 147/26/6 141/15/6
f 147/50/13 156/49/13 152/40/8 141/39/8
f 140/8/18 138/7/18 142/48/12 151/47/12
f 138/59/6 130/60/6 132/17/6 142/20/6
f 137/14/19 139/13/19 157/58/17 146/57/17
f 129/61/6 137/62/6 146/21/6 131/23/6
f 134/63/7 140/64/7 151/27/7 136/29/7
f 135/35/7 136/29/7 152/32/7 156/33/7
f 139/65/7 133/66/7 135/35/7 157/38/7
f 161/67/7 162/68/7 164/69/7 163/70/7
f 163/71/20 164/72/20 168/73/20 167/74/20
f 167/75/6 168/76/6 166/77/6 165/78/6
f 165/79/21 166/80/21 162/81/21 161/82/21
f 163/71/22 167/74/22 165/79/22 161/82/22
f 168/83/1 164/84/1 162/81/1 166/80/1
f 169/67/2 170/68/2 172/69/2 171/70/2
f 171/71/3 172/72/3 176/73/3 175/74/3
f 175/75/4 176/76/4 174/77/4 173/78/4
f 173/85/5 174/86/5 170/87/5 169/88/5
f 171/71/6 175/74/6 173/79/6 169/82/6
f 176/83/7 172/84/7 170/81/7 174/80/7
f 177/67/2 178/68/2 180/69/2 179/70/2
f 179/71/3 180/72/3 184/73/3 183/74/3
f 183/75/4 184/76/4 182/77/4 181/78/4
f 181/79/5 182/80/5 178/81/5 177/82/5
f 179/71/6 183/74/6 181/79/6 177/82/6
f 184/83/7 180/84/7 178/81/7 182/80/7
f 185/67/2 186/68/2 188/69/2 187/70/2
f 187/71/3 188/72/3 192/73/3 191/74/3
f 191/75/4 192/76/4 190/77/4 189/78/4
f 189/85/5 190/86/5 186/87/5 185/88/5
f 187/71/6 191/74/6 189/79/6 185/82/6
f 192/83/7 188/84/7 186/81/7 190/80/7
f 193/67/2 194/68/2 196/69/2 195/70/2
f 195/71/3 196/72/3 200/73/3 199/74/3
f 199/75/4 200/76/4 198/77/4 197/78/4
f 197/79/5 198/80/5 194/81/5 193/82/5
f 195/71/6 199/74/6 197/79/6 193/82/6
f 200/83/7 196/84/7 194/81/7 198/80/7
f 201/89/3 250/90/3 337/91/3 249/92/3
f 250/90/3 202/93/3 251/94/3 337/91/3
f 337/91/3 251/94/3 204/95/3 252/96/3
f 249/92/3 337/91/3 252/96/3 203/97/3
f 207/98/5 253/99/5 338/100/5 254/101/5
f 253/99/5 208/102/5 255/103/5 338/100/5
f 338/100/5 255/103/5 206/104/5 256/105/5
f 254/101/5 338/100/5 256/105/5 205/106/5
f 214/107/7 258/108/7 339/109/7 257/110/7
f 258/108/7 221/111/7 259/112/7 339/109/7
f 339/109/7 259/112/7 223/113/7 260/114/7
f 257/110/7 339/109/7 260/114/7 216/115/7
f 216/115/7 260/114/7 340/116/7 261/117/7
f 260/114/7 223/113/7 262/118/7 340/116/7
f 340/116/7 262/118/7 224/119/7 263/120/7
f 261/117/7 340/116/7 263/120/7 215/121/7
f 215/121/7 263/120/7 341/122/7 264/123/7
f 263/120/7 224/119/7 265/124/7 341/122/7
f 341/122/7 265/124/7 222/125/7 266/126/7
f 264/123/7 341/122/7 266/126/7 213/127/7
f 210/128/6 268/129/6 342/130/6 267/131/6
f 268/129/6 217/132/6 269/133/6 342/130/6
f 342/130/6 269/133/6 219/134/6 270/135/6
f 267/131/6 342/130/6 270/135/6 212/136/6
f 212/136/6 270/135/6 343/137/6 271/138/6
f 270/135/6 219/134/6 272/139/6 343/137/6
f 343/137/6 272/139/6 220/140/6 273/141/6
f 271/138/6 343/137/6 273/141/6 211/142/6
f 211/142/6 273/141/6 344/143/6 274/144/6
f 273/141/6 220/140/6 275/145/6 344/143/6
f 344/143/6 275/145/6 218/146/6 276/147/6
f 274/144/6 344/143/6 276/147/6 209/148/6
f 221/149/23 277/150/23 345/151/23 259/152/23
f 277/150/23 218/153/23 275/154/23 345/151/23
f 345/151/24 275/154/24 220/155/24 278/156/24
f 259/152/25 345/151/25 278/156/25 223/157/25
f 223/157/26 278/156/26 346/158/26 262/159/26
f 278/156/26 220/155/26 272/160/26 346/158/26
f 346/158/27 272/160/27 219/161/27 279/162/27
f 262/159/27 346/158/27 279/162/27 224/163/27
f 224/163/28 279/162/28 347/164/28 265/165/28
f 279/162/28 219/161/28 269/166/28 347/164/28
f 347/164/29 269/166/29 217/167/29 280/168/29
f 265/165/29 347/164/29 280/168/29 222/169/29
f 213/170/30 281/171/30 348/172/30 264/173/30
f 281/171/30 210/174/30 267/175/30 348/172/30
f 348/172/31 267/175/31 212/176/31 282/177/31
f 264/173/31 348/172/31 282/177/31 215/178/31
f 215/178/32 282/177/32 349/179/32 261/180/32
f 282/177/32 212/176/32 271/181/32 349/179/32
f 349/179/33 271/181/33 211/182/33 283/183/33
f 261/180/33 349/179/33 283/183/33 216/184/33
f 216/184/34 283/183/34 350/185/34 257/186/34
f 283/183/34 211/182/34 274/187/34 350/185/34
f 350/185/35 274/187/35 209/188/35 284/189/35
f 257/186/35 350/185/35 284/189/35 214/190/35
f 203/191/4 252/192/4 351/193/4 285/194/4
f 252/192/4 204/195/4 286/196/4 351/193/4
f 351/193/4 286/196/4 214/190/4 284/189/4
f 285/194/4 351/193/4 284/189/4 209/188/4
f 210/128/6 287/197/6 352/198/6 268/129/6
f 287/197/6 207/199/6 254/200/6 352/198/6
f 352/198/6 254/200/6 205/201/6 288/202/6
f 268/129/6 352/198/6 288/202/6 217/132/6
f 203/203/6 285/204/6 353/205/6 249/206/6
f 285/204/6 209/148/6 276/147/6 353/205/6
f 353/205/6 276/147/6 218/146/6 289/207/6
f 249/206/6 353/205/6 289/207/6 201/208/6
f 210/174/4 281/171/4 354/209/4 287/210/4
f 281/171/4 213/170/4 290/211/4 354/209/4
f 354/209/4 290/211/4 208/212/4 253/213/4
f 287/210/4 354/209/4 253/213/4 207/214/4
f 208/215/7 290/216/7 355/217/7 255/218/7
f 290/216/7 213/127/7 266/126/7 355/217/7
f 355/217/7 266/126/7 222/125/7 291/219/7
f 255/218/7 355/217/7 291/219/7 206/220/7
f 214/107/7 286/221/7 356/222/7 258/108/7
f 286/221/7 204/223/7 251/224/7 356/222/7
f 356/222/7 251/224/7 202/225/7 292/226/7
f 258/108/7 356/222/7 292/226/7 221/111/7
f 205/227/2 256/228/2 357/229/2 288/230/2
f 256/228/2 206/231/2 291/232/2 357/229/2
f 357/229/2 291/232/2 222/169/2 280/168/2
f 288/230/2 357/229/2 280/168/2 217/167/2
f 218/153/2 277/150/2 358/233/2 289/234/2
f 277/150/2 221/149/2 292/235/2 358/233/2
f 358/233/2 292/235/2 202/236/2 250/237/2
f 289/234/2 358/233/2 250/237/2 201/238/2
f 225/89/5 294/90/5 359/91/5 293/92/5
f 294/90/5 226/93/5 295/94/5 359/91/5
f 359/91/5 295/94/5 228/95/5 296/96/5
f 293/92/5 359/91/5 296/96/5 227/97/5
f 231/98/3 297/99/3 360/100/3 298/101/3
f 297/99/3 232/102/3 299/103/3 360/100/3
f 360/100/3 299/103/3 230/104/3 300/105/3
f 298/101/3 360/100/3 300/105/3 229/106/3
f 238/107/7 302/108/7 361/109/7 301/110/7
f 302/108/7 245/111/7 303/112/7 361/109/7
f 361/109/7 303/112/7 247/113/7 304/114/7
f 301/110/7 361/109/7 304/114/7 240/115/7
f 240/115/7 304/114/7 362/116/7 305/117/7
f 304/114/7 247/113/7 306/118/7 362/116/7
f 362/116/7 306/118/7 248/119/7 307/120/7
f 305/117/7 362/116/7 307/120/7 239/121/7
f 239/121/7 307/120/7 363/122/7 308/123/7
f 307/120/7 248/119/7 309/124/7 363/122/7
f 363/122/7 309/124/7 246/125/7 310/126/7
f 308/123/7 363/122/7 310/126/7 237/127/7
f 234/128/6 312/129/6 364/130/6 311/131/6
f 312/129/6 241/132/6 313/133/6 364/130/6
f 364/130/6 313/133/6 243/134/6 314/135/6
f 311/131/6 364/130/6 314/135/6 236/136/6
f 236/136/6 314/135/6 365/137/6 315/138/6
f 314/135/6 243/134/6 316/139/6 365/137/6
f 365/137/6 316/139/6 244/140/6 317/141/6
f 315/138/6 365/137/6 317/141/6 235/142/6
f 235/142/6 317/141/6 366/143/6 318/144/6
f 317/141/6 244/140/6 319/145/6 366/143/6
f 366/143/6 319/145/6 242/146/6 320/147/6
f 318/144/6 366/143/6 320/147/6 233/148/6
f 245/149/35 321/150/35 367/151/35 303/152/35
f 321/150/35 242/153/35 319/154/35 367/151/35
f 367/151/34 319/154/34 244/155/34 322/156/34
f 303/152/36 367/151/36 322/156/36 247/157/36
f 247/157/33 322/156/33 368/158/33 306/159/33
f 322/156/33 244/155/33 316/160/33 368/158/33
f 368/158/32 316/160/32 243/161/32 323/162/32
f 306/159/32 368/158/32 323/162/32 248/163/32
f 248/163/31 323/162/31 369/164/31 309/165/31
f 323/162/37 243/161/37 313/166/37 369/164/37
f 369/164/30 313/166/30 241/167/30 324/168/30
f 309/165/30 369/164/30 324/168/30 246/169/30
f 237/170/29 325/171/29 370/172/29 308/173/29
f 325/171/29 234/174/29 311/175/29 370/172/29
f 370/172/28 311/175/28 236/176/28 326/177/28
f 308/173/28 370/172/28 326/177/28 239/178/28
f 239/178/27 326/177/27 371/179/27 305/180/27
f 326/177/27 236/176/27 315/181/27 371/179/27
f 371/179/26 315/181/26 235/182/26 327/183/26
f 305/180/26 371/179/26 327/183/26 240/184/26
f 240/184/25 327/183/25 372/185/25 301/186/25
f 327/183/25 235/182/25 318/187/25 372/185/25
f 372/185/23 318/187/23 233/188/23 328/189/23
f 301/186/23 372/185/23 328/189/23 238/190/23
f 227/191/2 296/192/2 373/193/2 329/194/2
f 296/192/2 228/195/2 330/196/2 373/193/2
f 373/193/2 330/196/2 238/190/2 328/189/2
f 329/194/2 373/193/2 328/189/2 233/188/2
f 234/128/6 331/197/6 374/198/6 312/129/6
f 331/197/6 231/199/6 298/200/6 374/198/6
f 374/198/6 298/200/6 229/201/6 332/202/6
f 312/129/6 374/198/6 332/202/6 241/132/6
f 227/203/6 329/204/6 375/205/6 293/206/6
f 329/204/6 233/148/6 320/147/6 375/205/6
f 375/205/6 320/147/6 242/146/6 333/207/6
f 293/206/6 375/205/6 333/207/6 225/208/6
f 234/174/2 325/171/2 376/209/2 331/210/2
f 325/171/2 237/170/2 334/211/2 376/209/2
f 376/209/2 334/211/2 232/212/2 297/213/2
f 331/210/2 376/209/2 297/213/2 231/214/2
f 232/215/7 334/216/7 377/217/7 299/218/7
f 334/216/7 237/127/7 310/126/7 377/217/7
f 377/217/7 310/126/7 246/125/7 335/219/7
f 299/218/7 377/217/7 335/219/7 230/220/7
f 238/107/7 330/221/7 378/222/7 302/108/7
f 330/221/7 228/223/7 295/224/7 378/222/7
f 378/222/7 295/224/7 226/225/7 336/226/7
f 302/108/7 378/222/7 336/226/7 245/111/7
f 229/227/4 300/228/4 379/229/4 332/230/4
f 300/228/4 230/231/4 335/232/4 379/229/4
f 379/229/4 335/232/4 246/169/4 324/168/4
f 332/230/4 379/229/4 324/168/4 241/167/4
f 242/153/4 321/150/4 380/233/4 333/234/4
f 321/150/4 245/149/4 336/235/4 380/233/4
f 380/233/4 336/235/4 226/236/4 294/237/4
f 333/234/4 380/233/4 294/237/4 225/238/4
f 1029/239/38 1030/240/39 1033/241/39 1032/242/38
f 1030/240/39 1031/243/40 1034/244/40 1033/241/39
f 1032/242/38 1033/241/39 1036/245/39 1035/246/38
f 1033/241/39 1034/244/40 1037/247/40 1036/245/39
f 385/248/41 483/249/38 1029/239/38 531/250/41
f 483/249/38 484/251/39 1030/240/39 1029/239/38
f 484/251/39 485/252/40 1031/243/40 1030/240/39
f 485/252/40 387/253/42 536/254/42 1031/243/40
f 1031/243/40 536/254/42 535/255/42 1034/244/40
f 1034/244/40 535/255/42 534/256/42 1037/247/40
f 1037/247/40 534/256/42 399/257/42 516/258/40
f 1036/245/39 1037/247/40 516/258/40 517/259/39
f 1035/246/38 1036/245/39 517/259/39 518/260/38
f 533/261/41 1035/246/38 518/260/38 396/262/41
f 532/263/41 1032/242/38 1035/246/38 533/261/41
f 531/250/41 1029/239/38 1032/242/38 532/263/41
f 1038/264/43 1039/265/44 1042/266/44 1041/267/43
f 1039/265/44 1040/268/45 1043/269/45 1042/266/44
f 1041/267/43 1042/266/44 1045/270/44 1044/271/43
f 1042/266/44 1043/269/45 1046/272/45 1045/270/44
f 387/253/42 486/273/43 1038/264/43 536/254/42
f 486/273/43 487/274/44 1039/265/44 1038/264/43
f 487/274/44 488/275/45 1040/268/45 1039/265/44
f 488/275/45 388/276/46 539/277/46 1040/268/45
f 1040/268/45 539/277/46 538/278/46 1043/269/45
f 1043/269/45 538/278/46 537/279/46 1046/272/45
f 1046/272/45 537/279/46 398/280/46 513/281/45
f 1045/270/44 1046/272/45 513/281/45 514/282/44
f 1044/271/43 1045/270/44 514/282/44 515/283/43
f 534/256/42 1044/271/43 515/283/43 399/257/42
f 535/255/42 1041/267/43 1044/271/43 534/256/42
f 536/254/42 1038/264/43 1041/267/43 535/255/42
f 1047/284/47 1048/285/48 1051/286/48 1050/287/47
f 1048/285/48 1049/288/49 1052/289/49 1051/286/48
f 1050/287/47 1051/286/48 1054/290/48 1053/291/47
f 1051/286/48 1052/289/49 1055/292/49 1054/290/48
f 388/276/46 489/293/47 1047/284/47 539/277/46
f 489/293/47 490/294/48 1048/285/48 1047/284/47
f 490/294/48 491/295/49 1049/288/49 1048/285/48
f 491/295/49 389/296/50 542/297/50 1049/288/49
f 1049/288/49 542/297/50 541/298/50 1052/289/49
f 1052/289/49 541/298/50 540/299/50 1055/292/49
f 1055/292/49 540/299/50 397/300/50 510/301/49
f 1054/290/48 1055/292/49 510/301/49 511/302/48
f 1053/291/47 1054/290/48 511/302/48 512/303/47
f 537/279/46 1053/291/47 512/303/47 398/280/46
f 538/278/46 1050/287/47 1053/291/47 537/279/46
f 539/277/46 1047/284/47 1050/287/47 538/278/46
f 1056/304/51 1057/305/52 1060/306/52 1059/307/51
f 1057/305/52 1058/308/53 1061/309/53 1060/306/52
f 1059/307/51 1060/306/52 1063/310/52 1062/311/51
f 1060/306/52 1061/309/53 1064/312/53 1063/310/52
f 389/296/50 492/313/51 1056/304/51 542/297/50
f 492/313/51 493/314/52 1057/305/52 1056/304/51
f 493/314/52 494/315/53 1058/308/53 1057/305/52
f 494/315/53 386/316/54 545/317/54 1058/308/53
f 1058/308/53 545/317/54 544/318/54 1061/309/53
f 1061/309/53 544/318/54 543/319/54 1064/312/53
f 1064/312/53 543/319/54 395/320/54 507/321/53
f 1063/310/52 1064/312/53 507/321/53 508/322/52
f 1062/311/51 1063/310/52 508/322/52 509/323/51
f 540/299/50 1062/311/51 509/323/51 397/300/50
f 541/298/50 1059/307/51 1062/311/51 540/299/50
f 542/297/50 1056/304/51 1059/307/51 541/298/50
f 1065/324/55 1066/325/56 1069/326/56 1068/327/55
f 1066/325/56 1067/328/57 1070/329/57 1069/326/56
f 1068/327/55 1069/326/56 1072/330/56 1071/331/55
f 1069/326/56 1070/329/57 1073/332/57 1072/330/56
f 400/333/58 519/334/55 1065/324/55 546/335/58
f 519/334/55 520/336/56 1066/325/56 1065/324/55
f 520/336/56 521/337/57 1067/328/57 1066/325/56
f 521/337/57 402/338/59 551/339/59 1067/328/57
f 1067/328/57 551/339/59 550/340/59 1070/329/57
f 1070/329/57 550/340/59 549/341/59 1073/332/57
f 1073/332/57 549/341/59 394/342/59 504/343/57
f 1072/330/56 1073/332/57 504/343/57 505/344/56
f 1071/331/55 1072/330/56 505/344/56 506/345/55
f 548/346/58 1071/331/55 506/345/55 391/347/58
f 547/348/58 1068/327/55 1071/331/55 548/346/58
f 546/335/58 1065/324/55 1068/327/55 547/348/58
f 1074/349/60 1075/350/61 1078/351/61 1077/352/60
f 1075/350/61 1076/353/62 1079/354/62 1078/351/61
f 1077/352/60 1078/351/61 1081/355/61 1080/356/60
f 1078/351/61 1079/354/62 1082/357/62 1081/355/61
f 402/338/59 522/358/60 1074/349/60 551/339/59
f 522/358/60 523/359/61 1075/350/61 1074/349/60
f 523/359/61 524/360/62 1076/353/62 1075/350/61
f 524/360/62 403/361/63 554/362/63 1076/353/62
f 1076/353/62 554/362/63 553/363/63 1079/354/62
f 1079/354/62 553/363/63 552/364/63 1082/357/62
f 1082/357/62 552/364/63 393/365/63 501/366/62
f 1081/355/61 1082/357/62 501/366/62 502/367/61
f 1080/356/60 1081/355/61 502/367/61 503/368/60
f 549/341/59 1080/356/60 503/368/60 394/342/59
f 550/340/59 1077/352/60 1080/356/60 549/341/59
f 551/339/59 1074/349/60 1077/352/60 550/340/59
f 1083/369/64 1084/370/65 1087/371/65 1086/372/64
f 1084/370/65 1085/373/66 1088/374/66 1087/371/65
f 1086/372/64 1087/371/65 1090/375/65 1089/376/64
f 1087/371/65 1088/374/66 1091/377/66 1090/375/65
f 403/361/63 525/378/64 1083/369/64 554/362/63
f 525/378/64 526/379/65 1084/370/65 1083/369/64
f 526/379/65 527/380/66 1085/373/66 1084/370/65
f 527/380/66 404/381/67 557/382/67 1085/373/66
f 1085/373/66 557/382/67 556/383/67 1088/374/66
f 1088/374/66 556/383/67 555/384/67 1091/377/66
f 1091/377/66 555/384/67 392/385/67 498/386/66
f 1090/375/65 1091/377/66 498/386/66 499/387/65
f 1089/376/64 1090/375/65 499/387/65 500/388/64
f 552/364/63 1089/376/64 500/388/64 393/365/63
f 553/363/63 1086/372/64 1089/376/64 552/364/63
f 554/362/63 1083/369/64 1086/372/64 553/363/63
f 1092/389/68 1093/390/69 1096/391/69 1095/392/68
f 1093/390/69 1094/393/70 1097/394/70 1096/391/69
f 1095/392/68 1096/391/69 1099/395/69 1098/396/68
f 1096/391/69 1097/394/70 1100/397/70 1099/395/69
f 404/381/67 528/398/68 1092/389/68 557/382/67
f 528/398/68 529/399/69 1093/390/69 1092/389/68
f 529/399/69 530/400/70 1094/393/70 1093/390/69
f 530/400/70 401/401/71 560/402/71 1094/393/70
f 1094/393/70 560/402/71 559/403/71 1097/394/70
f 1097/394/70 559/403/71 558/404/71 1100/397/70
f 1100/397/70 558/404/71 390/405/71 495/406/70
f 1099/395/69 1100/397/70 495/406/70 496/407/69
f 1098/396/68 1099/395/69 496/407/69 497/408/68
f 555/384/67 1098/396/68 497/408/68 392/385/67
f 556/383/67 1095/392/68 1098/396/68 555/384/67
f 557/382/67 1092/389/68 1095/392/68 556/383/67
f 1101/409/72 1102/410/72 1105/411/73 1104/412/73
f 1102/410/72 1103/413/72 1106/414/73 1105/411/73
f 1104/412/73 1105/411/73 1108/415/74 1107/416/74
f 1105/411/73 1106/414/73 1109/417/74 1108/415/74
f 382/418/75 482/419/75 1101/409/72 563/420/72
f 482/419/75 481/421/75 1102/410/72 1101/409/72
f 481/421/75 480/422/75 1103/413/72 1102/410/72
f 480/422/75 383/423/75 566/424/72 1103/413/72
f 1103/413/72 566/424/72 565/425/73 1106/414/73
f 1106/414/73 565/425/73 564/426/74 1109/417/74
f 1109/417/74 564/426/74 395/320/54 543/319/54
f 1108/415/74 1109/417/74 543/319/54 544/318/54
f 1107/416/74 1108/415/74 544/318/54 545/317/54
f 561/427/74 1107/416/74 545/317/54 386/316/54
f 562/428/73 1104/412/73 1107/416/74 561/427/74
f 563/420/72 1101/409/72 1104/412/73 562/428/73
f 1110/429/76 1111/430/76 1114/431/4 1113/432/4
f 1111/430/76 1112/433/76 1115/434/4 1114/431/4
f 1113/432/4 1114/431/4 1117/435/77 1116/436/77
f 1114/431/4 1115/434/4 1118/437/77 1117/435/77
f 385/248/41 531/250/41 1110/429/76 567/438/76
f 531/250/41 532/263/41 1111/430/76 1110/429/76
f 532/263/41 533/261/41 1112/433/76 1111/430/76
f 533/261/41 396/262/41 572/439/76 1112/433/76
f 1112/433/76 572/439/76 571/440/4 1115/434/4
f 1115/434/4 571/440/4 570/441/77 1118/437/77
f 1118/437/77 570/441/77 400/333/58 546/335/58
f 1117/435/77 1118/437/77 546/335/58 547/348/58
f 1116/436/77 1117/435/77 547/348/58 548/346/58
f 569/442/77 1116/436/77 548/346/58 391/347/58
f 568/443/4 1113/432/4 1116/436/77 569/442/77
f 567/438/76 1110/429/76 1113/432/4 568/443/4
f 1119/444/78 1120/445/78 1123/446/79 1122/447/79
f 1120/445/78 1121/448/78 1124/449/79 1123/446/79
f 1122/447/79 1123/446/79 1126/450/80 1125/451/80
f 1123/446/79 1124/449/79 1127/452/80 1126/450/80
f 390/405/71 558/404/71 1119/444/78 575/453/78
f 558/404/71 559/403/71 1120/445/78 1119/444/78
f 559/403/71 560/402/71 1121/448/78 1120/445/78
f 560/402/71 401/401/71 578/454/78 1121/448/78
f 1121/448/78 578/454/78 577/455/79 1124/449/79
f 1124/449/79 577/455/79 576/456/80 1127/452/80
f 1127/452/80 576/456/80 384/457/81 477/458/81
f 1126/450/80 1127/452/80 477/458/81 478/459/81
f 1125/451/80 1126/450/80 478/459/81 479/460/81
f 573/461/80 1125/451/80 479/460/81 381/462/81
f 574/463/79 1122/447/79 1125/451/80 573/461/80
f 575/453/78 1119/444/78 1122/447/79 574/463/79
f 1128/464/82 1129/465/82 1132/466/83 1131/467/83
f 1129/465/82 1130/468/82 1133/469/83 1132/466/83
f 1131/467/83 1132/466/83 1135/470/84 1134/471/84
f 1132/466/83 1133/469/83 1136/472/84 1135/470/84
f 409/473/85 633/474/85 1128/464/82 585/475/82
f 633/474/85 634/476/85 1129/465/82 1128/464/82
f 634/476/85 635/477/85 1130/468/82 1129/465/82
f 635/477/85 423/478/85 620/479/82 1130/468/82
f 1130/468/82 620/479/82 619/480/83 1133/469/83
f 1133/469/83 619/480/83 618/481/84 1136/472/84
f 1136/472/84 618/481/84 422/482/86 636/483/86
f 1135/470/84 1136/472/84 636/483/86 637/484/86
f 1134/471/84 1135/470/84 637/484/86 638/485/86
f 587/486/84 1134/471/84 638/485/86 410/487/86
f 586/488/83 1131/467/83 1134/471/84 587/486/84
f 585/475/82 1128/464/82 1131/467/83 586/488/83
f 1137/489/87 1138/490/87 1141/491/88 1140/492/88
f 1138/490/87 1139/493/87 1142/494/88 1141/491/88
f 1140/492/88 1141/491/88 1144/495/89 1143/496/89
f 1141/491/88 1142/494/88 1145/497/89 1144/495/89
f 410/487/86 638/485/86 1137/489/87 588/498/87
f 638/485/86 637/484/86 1138/490/87 1137/489/87
f 637/484/86 636/483/86 1139/493/87 1138/490/87
f 636/483/86 422/482/86 617/499/87 1139/493/87
f 1139/493/87 617/499/87 616/500/90 1142/494/88
f 1142/494/88 616/500/90 615/501/89 1145/497/89
f 1145/497/89 615/501/89 421/502/91 639/503/91
f 1144/495/89 1145/497/89 639/503/91 640/504/91
f 1143/496/89 1144/495/89 640/504/91 641/505/91
f 590/506/89 1143/496/89 641/505/91 411/507/91
f 589/508/88 1140/492/88 1143/496/89 590/506/89
f 588/498/87 1137/489/87 1140/492/88 589/508/88
f 1146/509/92 1147/510/92 1150/511/93 1149/512/93
f 1147/510/92 1148/513/92 1151/514/93 1150/511/93
f 1149/512/93 1150/511/93 1153/515/94 1152/516/94
f 1150/511/93 1151/514/93 1154/517/94 1153/515/94
f 411/507/91 641/505/91 1146/509/92 591/518/92
f 641/505/91 640/504/91 1147/510/92 1146/509/92
f 640/504/91 639/503/91 1148/513/92 1147/510/92
f 639/503/91 421/502/91 614/519/92 1148/513/92
f 1148/513/92 614/519/92 613/520/93 1151/514/93
f 1151/514/93 613/520/93 612/521/94 1154/517/94
f 1154/517/94 612/521/94 420/522/95 642/523/95
f 1153/515/94 1154/517/94 642/523/95 643/524/95
f 1152/516/94 1153/515/94 643/524/95 644/525/95
f 593/526/94 1152/516/94 644/525/95 412/527/95
f 592/528/93 1149/512/93 1152/516/94 593/526/94
f 591/518/92 1146/509/92 1149/512/93 592/528/93
f 1155/529/96 1156/530/96 1159/531/97 1158/532/97
f 1156/530/96 1157/533/96 1160/534/97 1159/531/97
f 1158/532/97 1159/531/97 1162/535/98 1161/536/98
f 1159/531/97 1160/534/97 1163/537/98 1162/535/98
f 412/527/95 644/525/95 1155/529/96 594/538/96
f 644/525/95 643/524/95 1156/530/96 1155/529/96
f 643/524/95 642/523/95 1157/533/96 1156/530/96
f 642/523/95 420/522/95 611/539/96 1157/533/96
f 1157/533/96 611/539/96 610/540/97 1160/534/97
f 1160/534/97 610/540/97 609/541/98 1163/537/98
f 1163/537/98 609/541/98 419/542/99 645/543/99
f 1162/535/98 1163/537/98 645/543/99 646/544/99
f 1161/536/98 1162/535/98 646/544/99 647/545/99
f 596/546/98 1161/536/98 647/545/99 413/547/99
f 595/548/97 1158/532/97 1161/536/98 596/546/98
f 594/538/96 1155/529/96 1158/532/97 595/548/97
f 1164/549/100 1165/550/100 1168/551/101 1167/552/101
f 1165/550/100 1166/553/100 1169/554/101 1168/551/101
f 1167/552/101 1168/551/101 1171/555/102 1170/556/102
f 1168/551/101 1169/554/101 1172/557/102 1171/555/102
f 424/558/103 648/559/103 1164/549/100 621/560/100
f 648/559/103 649/561/103 1165/550/100 1164/549/100
f 649/561/103 650/562/103 1166/553/100 1165/550/100
f 650/562/103 418/563/103 608/564/100 1166/553/100
f 1166/553/100 608/564/100 607/565/101 1169/554/101
f 1169/554/101 607/565/101 606/566/102 1172/557/102
f 1172/557/102 606/566/102 417/567/104 651/568/104
f 1171/555/102 1172/557/102 651/568/104 652/569/104
f 1170/556/102 1171/555/102 652/569/104 653/570/104
f 623/571/102 1170/556/102 653/570/104 425/572/104
f 622/573/101 1167/552/101 1170/556/102 623/571/102
f 621/560/100 1164/549/100 1167/552/101 622/573/101
f 1173/574/105 1174/575/105 1177/576/106 1176/577/106
f 1174/575/105 1175/578/105 1178/579/106 1177/576/106
f 1176/577/106 1177/576/106 1180/580/107 1179/581/107
f 1177/576/106 1178/579/106 1181/582/108 1180/580/107
f 425/572/104 653/570/104 1173/574/105 624/583/105
f 653/570/104 652/569/104 1174/575/105 1173/574/105
f 652/569/104 651/568/104 1175/578/105 1174/575/105
f 651/568/104 417/567/104 605/584/105 1175/578/105
f 1175/578/105 605/584/105 604/585/106 1178/579/106
f 1178/579/106 604/585/106 603/586/107 1181/582/108
f 1181/582/108 603/586/107 416/587/109 654/588/109
f 1180/580/107 1181/582/108 654/588/109 655/589/109
f 1179/581/107 1180/580/107 655/589/109 656/590/109
f 626/591/108 1179/581/107 656/590/109 426/592/109
f 625/593/106 1176/577/106 1179/581/107 626/591/108
f 624/583/105 1173/574/105 1176/577/106 625/593/106
f 1182/594/110 1183/595/110 1186/596/111 1185/597/111
f 1183/595/110 1184/598/110 1187/599/111 1186/596/111
f 1185/597/111 1186/596/111 1189/600/112 1188/601/112
f 1186/596/111 1187/599/111 1190/602/112 1189/600/112
f 426/592/109 656/590/109 1182/594/110 627/603/110
f 656/590/109 655/589/109 1183/595/110 1182/594/110
f 655/589/109 654/588/109 1184/598/110 1183/595/110
f 654/588/109 416/587/109 602/604/110 1184/598/110
f 1184/598/110 602/604/110 601/605/111 1187/599/111
f 1187/599/111 601/605/111 600/606/112 1190/602/112
f 1190/602/112 600/606/112 415/607/113 657/608/113
f 1189/600/112 1190/602/112 657/608/113 658/609/113
f 1188/601/112 1189/600/112 658/609/113 659/610/113
f 629/611/112 1188/601/112 659/610/113 427/612/113
f 628/613/111 1185/597/111 1188/601/112 629/611/112
f 627/603/110 1182/594/110 1185/597/111 628/613/111
f 1191/614/114 1192/615/114 1195/616/115 1194/617/115
f 1192/615/114 1193/618/114 1196/619/115 1195/616/115
f 1194/617/115 1195/616/115 1198/620/116 1197/621/116
f 1195/616/115 1196/619/115 1199/622/116 1198/620/116
f 427/612/113 659/610/113 1191/614/114 630/623/114
f 659/610/113 658/609/113 1192/615/114 1191/614/114
f 658/609/113 657/608/113 1193/618/114 1192/615/114
f 657/608/113 415/607/113 599/624/114 1193/618/114
f 1193/618/114 599/624/114 598/625/115 1196/619/115
f 1196/619/115 598/625/115 597/626/116 1199/622/116
f 1199/622/116 597/626/116 414/627/117 660/628/117
f 1198/620/116 1199/622/116 660/628/117 661/629/117
f 1197/621/116 1198/620/116 661/629/117 662/630/117
f 632/631/116 1197/621/116 662/630/117 428/632/117
f 631/633/115 1194/617/115 1197/621/116 632/631/116
f 630/623/114 1191/614/114 1194/617/115 631/633/115
f 1200/634/118 1201/635/119 1204/636/119 1203/637/118
f 1201/635/119 1202/638/120 1205/639/120 1204/636/119
f 1203/637/118 1204/636/119 1207/640/119 1206/641/118
f 1204/636/119 1205/639/120 1208/642/120 1207/640/119
f 408/643/5 665/644/118 1200/634/118 584/645/5
f 665/644/118 664/646/119 1201/635/119 1200/634/118
f 664/646/119 663/647/120 1202/638/120 1201/635/119
f 663/647/120 413/547/99 647/545/99 1202/638/120
f 1202/638/120 647/545/99 646/544/99 1205/639/120
f 1205/639/120 646/544/99 645/543/99 1208/642/120
f 1208/642/120 645/543/99 419/542/99 666/648/120
f 1207/640/119 1208/642/120 666/648/120 667/649/119
f 1206/641/118 1207/640/119 667/649/119 668/650/118
f 582/651/5 1206/641/118 668/650/118 407/652/5
f 583/653/5 1203/637/118 1206/641/118 582/651/5
f 584/645/5 1200/634/118 1203/637/118 583/653/5
f 1209/654/121 1210/655/2 1213/656/2 1212/657/121
f 1210/655/2 1211/658/122 1214/659/122 1213/656/2
f 1212/657/121 1213/656/2 1216/660/2 1215/661/121
f 1213/656/2 1214/659/122 1217/662/122 1216/660/2
f 409/473/85 669/663/121 1209/654/121 633/474/85
f 669/663/121 670/664/2 1210/655/2 1209/654/121
f 670/664/2 671/665/122 1211/658/122 1210/655/2
f 671/665/122 418/563/103 650/562/103 1211/658/122
f 1211/658/122 650/562/103 649/561/103 1214/659/122
f 1214/659/122 649/561/103 648/559/103 1217/662/122
f 1217/662/122 648/559/103 424/558/103 672/666/122
f 1216/660/2 1217/662/122 672/666/122 673/667/2
f 1215/661/121 1216/660/2 673/667/2 674/668/121
f 635/477/85 1215/661/121 674/668/121 423/478/85
f 634/476/85 1212/657/121 1215/661/121 635/477/85
f 633/474/85 1209/654/121 1212/657/121 634/476/85
f 1218/669/123 1219/670/124 1222/671/124 1221/672/123
f 1219/670/124 1220/673/125 1223/674/125 1222/671/124
f 1221/672/123 1222/671/124 1225/675/124 1224/676/123
f 1222/671/124 1223/674/125 1226/677/125 1225/675/124
f 414/627/117 677/678/123 1218/669/123 660/628/117
f 677/678/123 676/679/124 1219/670/124 1218/669/123
f 676/679/124 675/680/125 1220/673/125 1219/670/124
f 675/680/125 406/681/3 581/682/3 1220/673/125
f 1220/673/125 581/682/3 580/683/3 1223/674/125
f 1223/674/125 580/683/3 579/684/3 1226/677/125
f 1226/677/125 579/684/3 405/685/3 678/686/125
f 1225/675/124 1226/677/125 678/686/125 679/687/124
f 1224/676/123 1225/675/124 679/687/124 680/688/123
f 662/630/117 1224/676/123 680/688/123 428/632/117
f 661/629/117 1221/672/123 1224/676/123 662/630/117
f 660/628/117 1218/669/123 1221/672/123 661/629/117
f 1227/689/7 1228/690/7 1231/691/7 1230/692/7
f 1228/690/7 1229/693/7 1232/694/7 1231/691/7
f 1230/692/7 1231/691/7 1234/695/7 1233/696/7
f 1231/691/7 1232/694/7 1235/697/7 1234/695/7
f 402/698/7 521/699/7 1227/689/7 686/700/7
f 521/699/7 520/701/7 1228/690/7 1227/689/7
f 520/701/7 519/702/7 1229/693/7 1228/690/7
f 519/702/7 400/703/7 681/704/7 1229/693/7
f 1229/693/7 681/704/7 682/705/7 1232/694/7
f 1232/694/7 682/705/7 683/706/7 1235/697/7
f 1235/697/7 683/706/7 424/707/7 621/708/7
f 1234/695/7 1235/697/7 621/708/7 622/709/7
f 1233/696/7 1234/695/7 622/709/7 623/710/7
f 684/711/7 1233/696/7 623/710/7 425/712/7
f 685/713/7 1230/692/7 1233/696/7 684/711/7
f 686/700/7 1227/689/7 1230/692/7 685/713/7
f 1236/714/7 1237/715/7 1240/716/7 1239/717/7
f 1237/715/7 1238/718/7 1241/719/7 1240/716/7
f 1239/717/7 1240/716/7 1243/720/7 1242/721/7
f 1240/716/7 1241/719/7 1244/722/7 1243/720/7
f 395/723/7 564/724/7 1236/714/7 692/725/7
f 564/724/7 565/726/7 1237/715/7 1236/714/7
f 565/726/7 566/727/7 1238/718/7 1237/715/7
f 566/727/7 383/728/7 687/729/7 1238/718/7
f 1238/718/7 687/729/7 688/730/7 1241/719/7
f 1241/719/7 688/730/7 689/731/7 1244/722/7
f 1244/722/7 689/731/7 407/732/7 668/733/7
f 1243/720/7 1244/722/7 668/733/7 667/734/7
f 1242/721/7 1243/720/7 667/734/7 666/735/7
f 690/736/7 1242/721/7 666/735/7 419/737/7
f 691/738/7 1239/717/7 1242/721/7 690/736/7
f 692/725/7 1236/714/7 1239/717/7 691/738/7
f 1245/739/6 1246/740/6 1249/741/6 1248/742/6
f 1246/740/6 1247/743/6 1250/744/6 1249/741/6
f 1248/742/6 1249/741/6 1252/745/6 1251/746/6
f 1249/741/6 1250/744/6 1253/747/6 1252/745/6
f 393/748/6 500/749/6 1245/739/6 698/750/6
f 500/749/6 499/751/6 1246/740/6 1245/739/6
f 499/751/6 498/752/6 1247/743/6 1246/740/6
f 498/752/6 392/753/6 693/754/6 1247/743/6
f 1247/743/6 693/754/6 694/755/6 1250/744/6
f 1250/744/6 694/755/6 695/756/6 1253/747/6
f 1253/747/6 695/756/6 415/757/6 600/758/6
f 1252/745/6 1253/747/6 600/758/6 601/759/6
f 1251/746/6 1252/745/6 601/759/6 602/760/6
f 696/761/6 1251/746/6 602/760/6 416/762/6
f 697/763/6 1248/742/6 1251/746/6 696/761/6
f 698/750/6 1245/739/6 1248/742/6 697/763/6
f 1254/764/2 1255/765/2 1258/766/2 1257/767/2
f 1255/765/2 1256/764/2 1259/766/2 1258/766/2
f 1257/767/2 1258/766/2 1261/768/2 1260/769/2
f 1258/766/2 1259/766/2 1262/769/2 1261/768/2
f 381/770/2 479/771/2 1254/764/2 704/772/2
f 479/771/2 478/770/2 1255/765/2 1254/764/2
f 478/770/2 477/771/2 1256/764/2 1255/765/2
f 477/771/2 384/770/2 699/773/2 1256/764/2
f 1256/764/2 699/773/2 700/774/2 1259/766/2
f 1259/766/2 700/774/2 701/768/2 1262/769/2
f 1262/769/2 701/768/2 405/775/2 579/776/2
f 1261/768/2 1262/769/2 579/776/2 580/775/2
f 1260/769/2 1261/768/2 580/775/2 581/776/2
f 702/769/2 1260/769/2 581/776/2 406/775/2
f 703/774/2 1257/767/2 1260/769/2 702/769/2
f 704/772/2 1254/764/2 1257/767/2 703/774/2
f 1263/777/7 1264/778/7 1267/779/7 1266/780/7
f 1264/778/7 1265/781/7 1268/782/7 1267/779/7
f 1266/780/7 1267/779/7 1270/783/7 1269/784/7
f 1267/779/7 1268/782/7 1271/785/7 1270/783/7
f 403/748/7 524/786/7 1263/777/7 707/787/7
f 524/786/7 523/788/7 1264/778/7 1263/777/7
f 523/788/7 522/789/7 1265/781/7 1264/778/7
f 522/789/7 402/698/7 686/700/7 1265/781/7
f 1265/781/7 686/700/7 685/713/7 1268/782/7
f 1268/782/7 685/713/7 684/711/7 1271/785/7
f 1271/785/7 684/711/7 425/712/7 624/790/7
f 1270/783/7 1271/785/7 624/790/7 625/791/7
f 1269/784/7 1270/783/7 625/791/7 626/792/7
f 705/793/7 1269/784/7 626/792/7 426/762/7
f 706/794/7 1266/780/7 1269/784/7 705/793/7
f 707/787/7 1263/777/7 1266/780/7 706/794/7
f 1272/795/6 1273/796/6 1276/797/6 1275/798/6
f 1273/796/6 1274/799/6 1277/800/6 1276/797/6
f 1275/798/6 1276/797/6 1279/801/6 1278/802/6
f 1276/797/6 1277/800/6 1280/803/6 1279/801/6
f 385/804/6 567/805/6 1272/795/6 713/806/6
f 567/805/6 568/807/6 1273/796/6 1272/795/6
f 568/807/6 569/808/6 1274/799/6 1273/796/6
f 569/808/6 391/703/6 708/809/6 1274/799/6
f 1274/799/6 708/809/6 709/810/6 1277/800/6
f 1277/800/6 709/810/6 710/811/6 1280/803/6
f 1280/803/6 710/811/6 418/707/6 671/812/6
f 1279/801/6 1280/803/6 671/812/6 670/813/6
f 1278/802/6 1279/801/6 670/813/6 669/814/6
f 711/815/6 1278/802/6 669/814/6 409/816/6
f 712/817/6 1275/798/6 1278/802/6 711/815/6
f 713/806/6 1272/795/6 1275/798/6 712/817/6
f 1281/781/6 1282/818/6 1285/779/6 1284/782/6
f 1282/818/6 1283/819/6 1286/780/6 1285/779/6
f 1284/782/6 1285/779/6 1288/820/6 1287/821/6
f 1285/779/6 1286/780/6 1289/822/6 1288/820/6
f 394/698/6 503/823/6 1281/781/6 716/700/6
f 503/823/6 502/824/6 1282/818/6 1281/781/6
f 502/824/6 501/786/6 1283/819/6 1282/818/6
f 501/786/6 393/748/6 698/750/6 1283/819/6
f 1283/819/6 698/750/6 697/763/6 1286/780/6
f 1286/780/6 697/763/6 696/761/6 1289/822/6
f 1289/822/6 696/761/6 416/762/6 603/792/6
f 1288/820/6 1289/822/6 603/792/6 604/825/6
f 1287/821/6 1288/820/6 604/825/6 605/790/6
f 714/826/6 1287/821/6 605/790/6 417/712/6
f 715/713/6 1284/782/6 1287/821/6 714/826/6
f 716/700/6 1281/781/6 1284/782/6 715/713/6
f 1290/827/2 1291/828/2 1294/730/2 1293/829/2
f 1291/828/2 1292/827/2 1295/830/2 1294/730/2
f 1293/829/2 1294/730/2 1297/831/2 1296/832/2
f 1294/730/2 1295/830/2 1298/832/2 1297/831/2
f 383/728/2 480/833/2 1290/827/2 687/729/2
f 480/833/2 481/728/2 1291/828/2 1290/827/2
f 481/728/2 482/833/2 1292/827/2 1291/828/2
f 482/833/2 382/728/2 717/729/2 1292/827/2
f 1292/827/2 717/729/2 718/830/2 1295/830/2
f 1295/830/2 718/830/2 719/831/2 1298/832/2
f 1298/832/2 719/831/2 408/732/2 584/732/2
f 1297/831/2 1298/832/2 584/732/2 583/732/2
f 1296/832/2 1297/831/2 583/732/2 582/732/2
f 689/731/2 1296/832/2 582/732/2 407/732/2
f 688/730/2 1293/829/2 1296/832/2 689/731/2
f 687/729/2 1290/827/2 1293/829/2 688/730/2
f 1299/834/7 1300/835/7 1303/836/7 1302/837/7
f 1300/835/7 1301/838/7 1304/839/7 1303/836/7
f 1302/837/7 1303/836/7 1306/840/7 1305/841/7
f 1303/836/7 1304/839/7 1307/842/7 1306/840/7
f 404/753/7 527/752/7 1299/834/7 722/843/7
f 527/752/7 526/751/7 1300/835/7 1299/834/7
f 526/751/7 525/749/7 1301/838/7 1300/835/7
f 525/749/7 403/748/7 707/787/7 1301/838/7
f 1301/838/7 707/787/7 706/794/7 1304/839/7
f 1304/839/7 706/794/7 705/793/7 1307/842/7
f 1307/842/7 705/793/7 426/762/7 627/844/7
f 1306/840/7 1307/842/7 627/844/7 628/759/7
f 1305/841/7 1306/840/7 628/759/7 629/845/7
f 720/846/7 1305/841/7 629/845/7 427/757/7
f 721/847/7 1302/837/7 1305/841/7 720/846/7
f 722/843/7 1299/834/7 1302/837/7 721/847/7
f 1308/848/7 1309/796/7 1312/849/7 1311/850/7
f 1309/796/7 1310/795/7 1313/798/7 1312/849/7
f 1311/850/7 1312/849/7 1315/801/7 1314/851/7
f 1312/849/7 1313/798/7 1316/852/7 1315/801/7
f 400/703/7 570/853/7 1308/848/7 681/704/7
f 570/853/7 571/807/7 1309/796/7 1308/848/7
f 571/807/7 572/854/7 1310/795/7 1309/796/7
f 572/854/7 396/804/7 723/855/7 1310/795/7
f 1310/795/7 723/855/7 724/856/7 1313/798/7
f 1313/798/7 724/856/7 725/857/7 1316/852/7
f 1316/852/7 725/857/7 423/816/7 674/814/7
f 1315/801/7 1316/852/7 674/814/7 673/858/7
f 1314/851/7 1315/801/7 673/858/7 672/812/7
f 683/706/7 1314/851/7 672/812/7 424/707/7
f 682/705/7 1311/850/7 1314/851/7 683/706/7
f 681/704/7 1308/848/7 1311/850/7 682/705/7
f 1317/859/6 1318/860/6 1321/861/6 1320/694/6
f 1318/860/6 1319/862/6 1322/863/6 1321/861/6
f 1320/694/6 1321/861/6 1324/864/6 1323/865/6
f 1321/861/6 1322/863/6 1325/866/6 1324/864/6
f 391/703/6 506/702/6 1317/859/6 708/809/6
f 506/702/6 505/701/6 1318/860/6 1317/859/6
f 505/701/6 504/867/6 1319/862/6 1318/860/6
f 504/867/6 394/698/6 716/700/6 1319/862/6
f 1319/862/6 716/700/6 715/713/6 1322/863/6
f 1322/863/6 715/713/6 714/826/6 1325/866/6
f 1325/866/6 714/826/6 417/712/6 606/710/6
f 1324/864/6 1325/866/6 606/710/6 607/709/6
f 1323/865/6 1324/864/6 607/709/6 608/708/6
f 710/811/6 1323/865/6 608/708/6 418/707/6
f 709/810/6 1320/694/6 1323/865/6 710/811/6
f 708/809/6 1317/859/6 1320/694/6 709/810/6
f 1326/868/6 1327/869/6 1330/870/6 1329/871/6
f 1327/869/6 1328/872/6 1331/873/6 1330/870/6
f 1329/871/6 1330/870/6 1333/874/6 1332/875/6
f 1330/870/6 1331/873/6 1334/876/6 1333/874/6
f 387/877/6 485/878/6 1326/868/6 728/879/6
f 485/878/6 484/880/6 1327/869/6 1326/868/6
f 484/880/6 483/881/6 1328/872/6 1327/869/6
f 483/881/6 385/804/6 713/806/6 1328/872/6
f 1328/872/6 713/806/6 712/817/6 1331/873/6
f 1331/873/6 712/817/6 711/815/6 1334/876/6
f 1334/876/6 711/815/6 409/816/6 585/882/6
f 1333/874/6 1334/876/6 585/882/6 586/883/6
f 1332/875/6 1333/874/6 586/883/6 587/884/6
f 726/885/6 1332/875/6 587/884/6 410/886/6
f 727/887/6 1329/871/6 1332/875/6 726/885/6
f 728/879/6 1326/868/6 1329/871/6 727/887/6
f 1335/888/7 1336/889/7 1339/890/7 1338/891/7
f 1336/889/7 1337/892/7 1340/893/7 1339/890/7
f 1338/891/7 1339/890/7 1342/894/7 1341/895/7
f 1339/890/7 1340/893/7 1343/896/7 1342/894/7
f 401/897/7 530/898/7 1335/888/7 731/899/7
f 530/898/7 529/900/7 1336/889/7 1335/888/7
f 529/900/7 528/901/7 1337/892/7 1336/889/7
f 528/901/7 404/753/7 722/843/7 1337/892/7
f 1337/892/7 722/843/7 721/847/7 1340/893/7
f 1340/893/7 721/847/7 720/846/7 1343/896/7
f 1343/896/7 720/846/7 427/757/7 630/902/7
f 1342/894/7 1343/896/7 630/902/7 631/903/7
f 1341/895/7 1342/894/7 631/903/7 632/904/7
f 729/905/7 1341/895/7 632/904/7 428/906/7
f 730/907/7 1338/891/7 1341/895/7 729/905/7
f 731/899/7 1335/888/7 1338/891/7 730/907/7
f 1344/908/6 1345/909/6 1348/910/6 1347/911/6
f 1345/909/6 1346/912/6 1349/913/6 1348/910/6
f 1347/911/6 1348/910/6 1351/914/6 1350/915/6
f 1348/910/6 1349/913/6 1352/916/6 1351/914/6
f 390/897/6 575/917/6 1344/908/6 734/918/6
f 575/917/6 574/919/6 1345/909/6 1344/908/6
f 574/919/6 573/920/6 1346/912/6 1345/909/6
f 573/920/6 381/770/6 704/772/6 1346/912/6
f 1346/912/6 704/772/6 703/774/6 1349/913/6
f 1349/913/6 703/774/6 702/769/6 1352/916/6
f 1352/916/6 702/769/6 406/775/6 675/921/6
f 1351/914/6 1352/916/6 675/921/6 676/922/6
f 1350/915/6 1351/914/6 676/922/6 677/923/6
f 732/924/6 1350/915/6 677/923/6 414/906/6
f 733/925/6 1347/911/6 1350/915/6 732/924/6
f 734/918/6 1344/908/6 1347/911/6 733/925/6
f 1353/926/7 1354/927/7 1357/928/7 1356/929/7
f 1354/927/7 1355/930/7 1358/931/7 1357/928/7
f 1356/929/7 1357/928/7 1360/932/7 1359/933/7
f 1357/928/7 1358/931/7 1361/934/7 1360/932/7
f 397/935/7 509/936/7 1353/926/7 737/937/7
f 509/936/7 508/938/7 1354/927/7 1353/926/7
f 508/938/7 507/939/126 1355/930/7 1354/927/7
f 507/939/126 395/723/7 692/725/7 1355/930/7
f 1355/930/7 692/725/7 691/738/7 1358/931/7
f 1358/931/7 691/738/7 690/736/7 1361/934/7
f 1361/934/7 690/736/7 419/737/7 609/940/7
f 1360/932/7 1361/934/7 609/940/7 610/941/7
f 1359/933/7 1360/932/7 610/941/7 611/942/7
f 735/943/7 1359/933/7 611/942/7 420/944/7
f 736/945/7 1356/929/7 1359/933/7 735/943/7
f 737/937/7 1353/926/7 1356/929/7 736/945/7
f 1362/946/6 1363/947/6 1366/948/6 1365/949/6
f 1363/947/6 1364/950/6 1367/951/6 1366/948/6
f 1365/949/6 1366/948/6 1369/952/6 1368/953/6
f 1366/948/6 1367/951/6 1370/954/6 1369/952/6
f 388/955/6 488/956/6 1362/946/6 740/957/6
f 488/956/6 487/958/6 1363/947/6 1362/946/6
f 487/958/6 486/959/6 1364/950/6 1363/947/6
f 486/959/6 387/877/6 728/879/6 1364/950/6
f 1364/950/6 728/879/6 727/887/6 1367/951/6
f 1367/951/6 727/887/6 726/885/6 1370/954/6
f 1370/954/6 726/885/6 410/886/6 588/960/6
f 1369/952/6 1370/954/6 588/960/6 589/961/6
f 1368/953/6 1369/952/6 589/961/6 590/962/6
f 738/963/6 1368/953/6 590/962/6 411/964/6
f 739/965/6 1365/949/6 1368/953/6 738/963/6
f 740/957/6 1362/946/6 1365/949/6 739/965/6
f 1371/966/7 1372/909/7 1375/967/7 1374/913/7
f 1372/909/7 1373/968/7 1376/969/7 1375/967/7
f 1374/913/7 1375/967/7 1378/970/7 1377/971/7
f 1375/967/7 1376/969/7 1379/972/7 1378/970/7
f 384/770/7 576/920/7 1371/966/7 699/773/7
f 576/920/7 577/973/7 1372/909/7 1371/966/7
f 577/973/7 578/974/7 1373/968/7 1372/909/7
f 578/974/7 401/897/7 731/899/7 1373/968/7
f 1373/968/7 731/899/7 730/907/7 1376/969/7
f 1376/969/7 730/907/7 729/905/7 1379/972/7
f 1379/972/7 729/905/7 428/906/7 680/975/7
f 1378/970/7 1379/972/7 680/975/7 679/922/7
f 1377/971/7 1378/970/7 679/922/7 678/921/7
f 701/768/7 1377/971/7 678/921/7 405/775/7
f 700/774/7 1374/913/7 1377/971/7 701/768/7
f 699/773/7 1371/966/7 1374/913/7 700/774/7
f 1380/976/7 1381/977/7 1384/978/7 1383/979/7
f 1381/977/7 1382/980/7 1385/981/7 1384/978/7
f 1383/979/7 1384/978/7 1387/982/7 1386/983/7
f 1384/978/7 1385/981/7 1388/984/7 1387/982/7
f 398/955/7 512/985/7 1380/976/7 743/986/7
f 512/985/7 511/987/7 1381/977/7 1380/976/7
f 511/987/7 510/988/7 1382/980/7 1381/977/7
f 510/988/7 397/935/7 737/937/7 1382/980/7
f 1382/980/7 737/937/7 736/945/7 1385/981/7
f 1385/981/7 736/945/7 735/943/7 1388/984/7
f 1388/984/7 735/943/7 420/944/7 612/989/7
f 1387/982/7 1388/984/7 612/989/7 613/990/7
f 1386/983/7 1387/982/7 613/990/7 614/991/7
f 741/992/7 1386/983/7 614/991/7 421/964/7
f 742/993/7 1383/979/7 1386/983/7 741/992/7
f 743/986/7 1380/976/7 1383/979/7 742/993/7
f 1389/980/6 1390/994/6 1393/995/6 1392/996/6
f 1390/994/6 1391/997/6 1394/979/6 1393/995/6
f 1392/996/6 1393/995/6 1396/998/6 1395/999/6
f 1393/995/6 1394/979/6 1397/1000/6 1396/998/6
f 389/935/6 491/988/6 1389/980/6 746/937/6
f 491/988/6 490/1001/6 1390/994/6 1389/980/6
f 490/1001/6 489/985/6 1391/997/6 1390/994/6
f 489/985/6 388/955/6 740/957/6 1391/997/6
f 1391/997/6 740/957/6 739/965/6 1394/979/6
f 1394/979/6 739/965/6 738/963/6 1397/1000/6
f 1397/1000/6 738/963/6 411/964/6 591/991/6
f 1396/998/6 1397/1000/6 591/991/6 592/990/6
f 1395/999/6 1396/998/6 592/990/6 593/1002/6
f 744/1003/6 1395/999/6 593/1002/6 412/944/6
f 745/1004/6 1392/996/6 1395/999/6 744/1003/6
f 746/937/6 1389/980/6 1392/996/6 745/1004/6
f 1398/950/7 1399/1005/7 1402/1006/7 1401/1007/7
f 1399/1005/7 1400/1008/7 1403/949/7 1402/1006/7
f 1401/1007/7 1402/1006/7 1405/952/7 1404/1009/7
f 1402/1006/7 1403/949/7 1406/1010/7 1405/952/7
f 399/877/7 515/959/7 1398/950/7 749/1011/7
f 515/959/7 514/1012/7 1399/1005/7 1398/950/7
f 514/1012/7 513/956/7 1400/1008/7 1399/1005/7
f 513/956/7 398/955/7 743/986/7 1400/1008/7
f 1400/1008/7 743/986/7 742/993/7 1403/949/7
f 1403/949/7 742/993/7 741/992/7 1406/1010/7
f 1406/1010/7 741/992/7 421/964/7 615/962/7
f 1405/952/7 1406/1010/7 615/962/7 616/1013/7
f 1404/1009/7 1405/952/7 616/1013/7 617/960/7
f 747/885/7 1404/1009/7 617/960/7 422/886/7
f 748/887/7 1401/1007/7 1404/1009/7 747/885/7
f 749/1011/7 1398/950/7 1401/1007/7 748/887/7
f 1407/930/6 1408/1014/6 1411/928/6 1410/1015/6
f 1408/1014/6 1409/1016/6 1412/929/6 1411/928/6
f 1410/1015/6 1411/928/6 1414/1017/6 1413/934/6
f 1411/928/6 1412/929/6 1415/1018/6 1414/1017/6
f 386/723/6 494/1019/6 1407/930/6 752/1020/6
f 494/1019/6 493/938/6 1408/1014/6 1407/930/6
f 493/938/6 492/936/6 1409/1016/6 1408/1014/6
f 492/936/6 389/935/6 746/937/6 1409/1016/6
f 1409/1016/6 746/937/6 745/1004/6 1412/929/6
f 1412/929/6 745/1004/6 744/1003/6 1415/1018/6
f 1415/1018/6 744/1003/6 412/944/6 594/1021/6
f 1414/1017/6 1415/1018/6 594/1021/6 595/1022/6
f 1413/934/6 1414/1017/6 595/1022/6 596/940/6
f 750/1023/6 1413/934/6 596/940/6 413/737/6
f 751/1024/6 1410/1015/6 1413/934/6 750/1023/6
f 752/1020/6 1407/930/6 1410/1015/6 751/1024/6
f 1416/1025/7 1417/1026/7 1420/1027/7 1419/1028/7
f 1417/1026/7 1418/1029/7 1421/1030/7 1420/1027/7
f 1419/1028/7 1420/1027/7 1423/874/7 1422/1031/7
f 1420/1027/7 1421/1030/7 1424/1032/7 1423/874/7
f 396/804/7 518/881/7 1416/1025/7 723/855/7
f 518/881/7 517/880/7 1417/1026/7 1416/1025/7
f 517/880/7 516/1033/7 1418/1029/7 1417/1026/7
f 516/1033/7 399/877/7 749/1011/7 1418/1029/7
f 1418/1029/7 749/1011/7 748/887/7 1421/1030/7
f 1421/1030/7 748/887/7 747/885/7 1424/1032/7
f 1424/1032/7 747/885/7 422/886/7 618/884/7
f 1423/874/7 1424/1032/7 618/884/7 619/883/7
f 1422/1031/7 1423/874/7 619/883/7 620/882/7
f 725/857/7 1422/1031/7 620/882/7 423/816/7
f 724/856/7 1419/1028/7 1422/1031/7 725/857/7
f 723/855/7 1416/1025/7 1419/1028/7 724/856/7
f 1425/1034/6 1426/1035/6 1429/1036/6 1428/719/6
f 1426/1035/6 1427/1037/6 1430/1038/6 1429/1036/6
f 1428/719/6 1429/1036/6 1432/1039/6 1431/1040/6
f 1429/1036/6 1430/1038/6 1433/1041/6 1432/1039/6
f 382/728/6 563/727/6 1425/1034/6 717/729/6
f 563/727/6 562/1042/6 1426/1035/6 1425/1034/6
f 562/1042/6 561/1043/6 1427/1037/6 1426/1035/6
f 561/1043/6 386/723/6 752/1020/6 1427/1037/6
f 1427/1037/6 752/1020/6 751/1024/6 1430/1038/6
f 1430/1038/6 751/1024/6 750/1023/6 1433/1041/6
f 1433/1041/6 750/1023/6 413/737/6 663/1044/6
f 1432/1039/6 1433/1041/6 663/1044/6 664/734/6
f 1431/1040/6 1432/1039/6 664/734/6 665/733/6
f 719/831/6 1431/1040/6 665/733/6 408/732/6
f 718/830/6 1428/719/6 1431/1040/6 719/831/6
f 717/729/6 1425/1034/6 1428/719/6 718/830/6
f 1434/1045/6 1435/1046/6 1438/1047/6 1437/893/6
f 1435/1046/6 1436/888/6 1439/891/6 1438/1047/6
f 1437/893/6 1438/1047/6 1441/1048/6 1440/1049/6
f 1438/1047/6 1439/891/6 1442/1050/6 1441/1048/6
f 392/753/6 497/901/6 1434/1045/6 693/754/6
f 497/901/6 496/1051/6 1435/1046/6 1434/1045/6
f 496/1051/6 495/1052/6 1436/888/6 1435/1046/6
f 495/1052/6 390/897/6 734/918/6 1436/888/6
f 1436/888/6 734/918/6 733/925/6 1439/891/6
f 1439/891/6 733/925/6 732/924/6 1442/1050/6
f 1442/1050/6 732/924/6 414/906/6 597/904/6
f 1441/1048/6 1442/1050/6 597/904/6 598/903/6
f 1440/1049/6 1441/1048/6 598/903/6 599/902/6
f 695/756/6 1440/1049/6 599/902/6 415/757/6
f 694/755/6 1437/893/6 1440/1049/6 695/756/6
f 693/754/6 1434/1045/6 1437/893/6 694/755/6
f 1443/239/127 1444/240/128 1447/241/128 1446/242/127
f 1444/240/128 1445/243/129 1448/244/129 1447/241/128
f 1446/242/127 1447/241/128 1450/245/128 1449/246/127
f 1447/241/128 1448/244/129 1451/247/129 1450/245/128
f 433/248/130 759/249/127 1443/239/127 807/250/130
f 759/249/127 760/251/128 1444/240/128 1443/239/127
f 760/251/128 761/252/129 1445/243/129 1444/240/128
f 761/252/129 435/253/131 812/254/131 1445/243/129
f 1445/243/129 812/254/131 811/255/131 1448/244/129
f 1448/244/129 811/255/131 810/256/131 1451/247/129
f 1451/247/129 810/256/131 447/257/131 792/258/129
f 1450/245/128 1451/247/129 792/258/129 793/259/128
f 1449/246/127 1450/245/128 793/259/128 794/260/127
f 809/261/130 1449/246/127 794/260/127 444/262/130
f 808/263/130 1446/242/127 1449/246/127 809/261/130
f 807/250/130 1443/239/127 1446/242/127 808/263/130
f 1452/264/132 1453/265/133 1456/266/133 1455/267/132
f 1453/265/133 1454/268/134 1457/269/134 1456/266/133
f 1455/267/132 1456/266/133 1459/270/133 1458/271/132
f 1456/266/133 1457/269/134 1460/272/134 1459/270/133
f 435/253/131 762/273/132 1452/264/132 812/254/131
f 762/273/132 763/274/133 1453/265/133 1452/264/132
f 763/274/133 764/275/134 1454/268/134 1453/265/133
f 764/275/134 436/276/135 815/277/135 1454/268/134
f 1454/268/134 815/277/135 814/278/135 1457/269/134
f 1457/269/134 814/278/135 813/279/135 1460/272/134
f 1460/272/134 813/279/135 446/280/135 789/281/134
f 1459/270/133 1460/272/134 789/281/134 790/282/133
f 1458/271/132 1459/270/133 790/282/133 791/283/132
f 810/256/131 1458/271/132 791/283/132 447/257/131
f 811/255/131 1455/267/132 1458/271/132 810/256/131
f 812/254/131 1452/264/132 1455/267/132 811/255/131
f 1461/284/136 1462/285/137 1465/286/137 1464/287/136
f 1462/285/137 1463/288/138 1466/289/138 1465/286/137
f 1464/287/136 1465/286/137 1468/290/137 1467/291/136
f 1465/286/137 1466/289/138 1469/292/138 1468/290/137
f 436/276/135 765/293/136 1461/284/136 815/277/135
f 765/293/136 766/294/137 1462/285/137 1461/284/136
f 766/294/137 767/295/138 1463/288/138 1462/285/137
f 767/295/138 437/296/139 818/297/139 1463/288/138
f 1463/288/138 818/297/139 817/298/139 1466/289/138
f 1466/289/138 817/298/139 816/299/139 1469/292/138
f 1469/292/138 816/299/139 445/300/139 786/301/138
f 1468/290/137 1469/292/138 786/301/138 787/302/137
f 1467/291/136 1468/290/137 787/302/137 788/303/136
f 813/279/135 1467/291/136 788/303/136 446/280/135
f 814/278/135 1464/287/136 1467/291/136 813/279/135
f 815/277/135 1461/284/136 1464/287/136 814/278/135
f 1470/304/140 1471/305/141 1474/306/141 1473/307/140
f 1471/305/141 1472/308/142 1475/309/142 1474/306/141
f 1473/307/140 1474/306/141 1477/310/141 1476/311/140
f 1474/306/141 1475/309/142 1478/312/142 1477/310/141
f 437/296/139 768/313/140 1470/304/140 818/297/139
f 768/313/140 769/314/141 1471/305/141 1470/304/140
f 769/314/141 770/315/142 1472/308/142 1471/305/141
f 770/315/142 434/316/143 821/317/143 1472/308/142
f 1472/308/142 821/317/143 820/318/143 1475/309/142
f 1475/309/142 820/318/143 819/319/143 1478/312/142
f 1478/312/142 819/319/143 443/320/143 783/321/142
f 1477/310/141 1478/312/142 783/321/142 784/322/141
f 1476/311/140 1477/310/141 784/322/141 785/323/140
f 816/299/139 1476/311/140 785/323/140 445/300/139
f 817/298/139 1473/307/140 1476/311/140 816/299/139
f 818/297/139 1470/304/140 1473/307/140 817/298/139
f 1479/324/144 1480/325/145 1483/326/145 1482/327/144
f 1480/325/145 1481/328/146 1484/329/146 1483/326/145
f 1482/327/144 1483/326/145 1486/330/145 1485/331/144
f 1483/326/145 1484/329/146 1487/332/146 1486/330/145
f 448/333/147 795/334/144 1479/324/144 822/335/147
f 795/334/144 796/336/145 1480/325/145 1479/324/144
f 796/336/145 797/337/146 1481/328/146 1480/325/145
f 797/337/146 450/338/148 827/339/148 1481/328/146
f 1481/328/146 827/339/148 826/340/148 1484/329/146
f 1484/329/146 826/340/148 825/341/148 1487/332/146
f 1487/332/146 825/341/148 442/342/148 780/343/146
f 1486/330/145 1487/332/146 780/343/146 781/344/145
f 1485/331/144 1486/330/145 781/344/145 782/345/144
f 824/346/147 1485/331/144 782/345/144 439/347/147
f 823/348/147 1482/327/144 1485/331/144 824/346/147
f 822/335/147 1479/324/144 1482/327/144 823/348/147
f 1488/349/149 1489/350/150 1492/351/150 1491/352/149
f 1489/350/150 1490/353/151 1493/354/151 1492/351/150
f 1491/352/149 1492/351/150 1495/355/150 1494/356/149
f 1492/351/150 1493/354/151 1496/357/151 1495/355/150
f 450/338/148 798/358/149 1488/349/149 827/339/148
f 798/358/149 799/359/150 1489/350/150 1488/349/149
f 799/359/150 800/360/151 1490/353/151 1489/350/150
f 800/360/151 451/361/152 830/362/152 1490/353/151
f 1490/353/151 830/362/152 829/363/152 1493/354/151
f 1493/354/151 829/363/152 828/364/152 1496/357/151
f 1496/357/151 828/364/152 441/365/152 777/366/151
f 1495/355/150 1496/357/151 777/366/151 778/367/150
f 1494/356/149 1495/355/150 778/367/150 779/368/149
f 825/341/148 1494/356/149 779/368/149 442/342/148
f 826/340/148 1491/352/149 1494/356/149 825/341/148
f 827/339/148 1488/349/149 1491/352/149 826/340/148
f 1497/369/153 1498/370/154 1501/371/154 1500/372/153
f 1498/370/154 1499/373/155 1502/374/155 1501/371/154
f 1500/372/153 1501/371/154 1504/375/154 1503/376/153
f 1501/371/154 1502/374/155 1505/377/155 1504/375/154
f 451/361/152 801/378/153 1497/369/153 830/362/152
f 801/378/153 802/379/154 1498/370/154 1497/369/153
f 802/379/154 803/380/155 1499/373/155 1498/370/154
f 803/380/155 452/381/156 833/382/156 1499/373/155
f 1499/373/155 833/382/156 832/383/156 1502/374/155
f 1502/374/155 832/383/156 831/384/156 1505/377/155
f 1505/377/155 831/384/156 440/385/156 774/386/155
f 1504/375/154 1505/377/155 774/386/155 775/387/154
f 1503/376/153 1504/375/154 775/387/154 776/388/153
f 828/364/152 1503/376/153 776/388/153 441/365/152
f 829/363/152 1500/372/153 1503/376/153 828/364/152
f 830/362/152 1497/369/153 1500/372/153 829/363/152
f 1506/389/157 1507/390/158 1510/391/158 1509/392/157
f 1507/390/158 1508/393/159 1511/394/159 1510/391/158
f 1509/392/157 1510/391/158 1513/395/158 1512/396/157
f 1510/391/158 1511/394/159 1514/397/159 1513/395/158
f 452/381/156 804/398/157 1506/389/157 833/382/156
f 804/398/157 805/399/158 1507/390/158 1506/389/157
f 805/399/158 806/400/159 1508/393/159 1507/390/158
f 806/400/159 449/401/160 836/402/160 1508/393/159
f 1508/393/159 836/402/160 835/403/160 1511/394/159
f 1511/394/159 835/403/160 834/404/160 1514/397/159
f 1514/397/159 834/404/160 438/405/160 771/406/159
f 1513/395/158 1514/397/159 771/406/159 772/407/158
f 1512/396/157 1513/395/158 772/407/158 773/408/157
f 831/384/156 1512/396/157 773/408/157 440/385/156
f 832/383/156 1509/392/157 1512/396/157 831/384/156
f 833/382/156 1506/389/157 1509/392/157 832/383/156
f 1515/409/161 1516/410/161 1519/411/162 1518/412/162
f 1516/410/161 1517/413/161 1520/414/162 1519/411/162
f 1518/412/162 1519/411/162 1522/415/163 1521/416/163
f 1519/411/162 1520/414/162 1523/417/163 1522/415/163
f 430/418/164 758/419/164 1515/409/161 839/420/161
f 758/419/164 757/421/164 1516/410/161 1515/409/161
f 757/421/164 756/422/164 1517/413/161 1516/410/161
f 756/422/164 431/423/164 842/424/161 1517/413/161
f 1517/413/161 842/424/161 841/425/162 1520/414/162
f 1520/414/162 841/425/162 840/426/163 1523/417/163
f 1523/417/163 840/426/163 443/320/143 819/319/143
f 1522/415/163 1523/417/163 819/319/143 820/318/143
f 1521/416/163 1522/415/163 820/318/143 821/317/143
f 837/427/163 1521/416/163 821/317/143 434/316/143
f 838/428/162 1518/412/162 1521/416/163 837/427/163
f 839/420/161 1515/409/161 1518/412/162 838/428/162
f 1524/429/165 1525/430/165 1528/431/2 1527/432/2
f 1525/430/165 1526/433/165 1529/434/2 1528/431/2
f 1527/432/2 1528/431/2 1531/435/166 1530/436/166
f 1528/431/2 1529/434/2 1532/437/166 1531/435/166
f 433/248/130 807/250/130 1524/429/165 843/438/165
f 807/250/130 808/263/130 1525/430/165 1524/429/165
f 808/263/130 809/261/130 1526/433/165 1525/430/165
f 809/261/130 444/262/130 848/439/165 1526/433/165
f 1526/433/165 848/439/165 847/440/2 1529/434/2
f 1529/434/2 847/440/2 846/441/166 1532/437/166
f 1532/437/166 846/441/166 448/333/147 822/335/147
f 1531/435/166 1532/437/166 822/335/147 823/348/147
f 1530/436/166 1531/435/166 823/348/147 824/346/147
f 845/442/166 1530/436/166 824/346/147 439/347/147
f 844/443/2 1527/432/2 1530/436/166 845/442/166
f 843/438/165 1524/429/165 1527/432/2 844/443/2
f 1533/444/167 1534/445/167 1537/446/168 1536/447/168
f 1534/445/167 1535/448/167 1538/449/168 1537/446/168
f 1536/447/168 1537/446/168 1540/450/169 1539/451/169
f 1537/446/168 1538/449/168 1541/452/169 1540/450/169
f 438/405/160 834/404/160 1533/444/167 851/453/167
f 834/404/160 835/403/160 1534/445/167 1533/444/167
f 835/403/160 836/402/160 1535/448/167 1534/445/167
f 836/402/160 449/401/160 854/454/167 1535/448/167
f 1535/448/167 854/454/167 853/455/168 1538/449/168
f 1538/449/168 853/455/168 852/456/169 1541/452/169
f 1541/452/169 852/456/169 432/457/170 753/458/170
f 1540/450/169 1541/452/169 753/458/170 754/459/170
f 1539/451/169 1540/450/169 754/459/170 755/460/170
f 849/461/169 1539/451/169 755/460/170 429/462/170
f 850/463/168 1536/447/168 1539/451/169 849/461/169
f 851/453/167 1533/444/167 1536/447/168 850/463/168
f 1542/464/171 1543/465/171 1546/466/172 1545/467/172
f 1543/465/171 1544/468/171 1547/469/172 1546/466/172
f 1545/467/172 1546/466/172 1549/470/173 1548/471/173
f 1546/466/172 1547/469/172 1550/472/173 1549/470/173
f 457/473/174 909/474/174 1542/464/171 861/475/171
f 909/474/174 910/476/174 1543/465/171 1542/464/171
f 910/476/174 911/477/174 1544/468/171 1543/465/171
f 911/477/174 471/478/174 896/479/171 1544/468/171
f 1544/468/171 896/479/171 895/480/172 1547/469/172
f 1547/469/172 895/480/172 894/481/173 1550/472/173
f 1550/472/173 894/481/173 470/482/175 912/483/175
f 1549/470/173 1550/472/173 912/483/175 913/484/175
f 1548/471/173 1549/470/173 913/484/175 914/485/175
f 863/486/173 1548/471/173 914/485/175 458/487/175
f 862/488/172 1545/467/172 1548/471/173 863/486/173
f 861/475/171 1542/464/171 1545/467/172 862/488/172
f 1551/489/176 1552/490/176 1555/491/177 1554/492/177
f 1552/490/176 1553/493/176 1556/494/177 1555/491/177
f 1554/492/177 1555/491/177 1558/495/178 1557/496/178
f 1555/491/177 1556/494/177 1559/497/178 1558/495/178
f 458/487/175 914/485/175 1551/489/176 864/498/176
f 914/485/175 913/484/175 1552/490/176 1551/489/176
f 913/484/175 912/483/175 1553/493/176 1552/490/176
f 912/483/175 470/482/175 893/499/176 1553/493/176
f 1553/493/176 893/499/176 892/500/177 1556/494/177
f 1556/494/177 892/500/177 891/501/179 1559/497/178
f 1559/497/178 891/501/179 469/502/180 915/503/180
f 1558/495/178 1559/497/178 915/503/180 916/504/180
f 1557/496/178 1558/495/178 916/504/180 917/505/180
f 866/506/178 1557/496/178 917/505/180 459/507/180
f 865/508/177 1554/492/177 1557/496/178 866/506/178
f 864/498/176 1551/489/176 1554/492/177 865/508/177
f 1560/509/181 1561/510/181 1564/511/182 1563/512/182
f 1561/510/181 1562/513/181 1565/514/182 1564/511/182
f 1563/512/182 1564/511/182 1567/515/183 1566/516/183
f 1564/511/182 1565/514/182 1568/517/183 1567/515/183
f 459/507/180 917/505/180 1560/509/181 867/518/181
f 917/505/180 916/504/180 1561/510/181 1560/509/181
f 916/504/180 915/503/180 1562/513/181 1561/510/181
f 915/503/180 469/502/180 890/519/181 1562/513/181
f 1562/513/181 890/519/181 889/520/182 1565/514/182
f 1565/514/182 889/520/182 888/521/183 1568/517/183
f 1568/517/183 888/521/183 468/522/184 918/523/184
f 1567/515/183 1568/517/183 918/523/184 919/524/184
f 1566/516/183 1567/515/183 919/524/184 920/525/184
f 869/526/183 1566/516/183 920/525/184 460/527/184
f 868/528/182 1563/512/182 1566/516/183 869/526/183
f 867/518/181 1560/509/181 1563/512/182 868/528/182
f 1569/529/185 1570/530/185 1573/531/186 1572/532/186
f 1570/530/185 1571/533/185 1574/534/186 1573/531/186
f 1572/532/186 1573/531/186 1576/535/187 1575/536/187
f 1573/531/186 1574/534/186 1577/537/187 1576/535/187
f 460/527/184 920/525/184 1569/529/185 870/538/185
f 920/525/184 919/524/184 1570/530/185 1569/529/185
f 919/524/184 918/523/184 1571/533/185 1570/530/185
f 918/523/184 468/522/184 887/539/185 1571/533/185
f 1571/533/185 887/539/185 886/540/186 1574/534/186
f 1574/534/186 886/540/186 885/541/187 1577/537/187
f 1577/537/187 885/541/187 467/542/188 921/543/188
f 1576/535/187 1577/537/187 921/543/188 922/544/188
f 1575/536/187 1576/535/187 922/544/188 923/545/188
f 872/546/187 1575/536/187 923/545/188 461/547/188
f 871/548/186 1572/532/186 1575/536/187 872/546/187
f 870/538/185 1569/529/185 1572/532/186 871/548/186
f 1578/549/189 1579/550/189 1582/551/190 1581/552/190
f 1579/550/189 1580/553/189 1583/554/190 1582/551/190
f 1581/552/190 1582/551/190 1585/555/191 1584/556/191
f 1582/551/190 1583/554/190 1586/557/191 1585/555/191
f 472/558/192 924/559/192 1578/549/189 897/560/189
f 924/559/192 925/561/192 1579/550/189 1578/549/189
f 925/561/192 926/562/192 1580/553/189 1579/550/189
f 926/562/192 466/563/192 884/564/189 1580/553/189
f 1580/553/189 884/564/189 883/565/190 1583/554/190
f 1583/554/190 883/565/190 882/566/191 1586/557/191
f 1586/557/191 882/566/191 465/567/193 927/568/193
f 1585/555/191 1586/557/191 927/568/193 928/569/193
f 1584/556/191 1585/555/191 928/569/193 929/570/193
f 899/571/191 1584/556/191 929/570/193 473/572/193
f 898/573/190 1581/552/190 1584/556/191 899/571/191
f 897/560/189 1578/549/189 1581/552/190 898/573/190
f 1587/574/194 1588/575/194 1591/576/195 1590/577/195
f 1588/575/194 1589/578/194 1592/579/195 1591/576/195
f 1590/577/195 1591/576/195 1594/580/196 1593/581/196
f 1591/576/195 1592/579/195 1595/582/196 1594/580/196
f 473/572/193 929/570/193 1587/574/194 900/583/194
f 929/570/193 928/569/193 1588/575/194 1587/574/194
f 928/569/193 927/568/193 1589/578/194 1588/575/194
f 927/568/193 465/567/193 881/584/194 1589/578/194
f 1589/578/194 881/584/194 880/585/195 1592/579/195
f 1592/579/195 880/585/195 879/586/197 1595/582/196
f 1595/582/196 879/586/197 464/587/198 930/588/198
f 1594/580/196 1595/582/196 930/588/198 931/589/198
f 1593/581/196 1594/580/196 931/589/198 932/590/198
f 902/591/196 1593/581/196 932/590/198 474/592/198
f 901/593/199 1590/577/195 1593/581/196 902/591/196
f 900/583/194 1587/574/194 1590/577/195 901/593/199
f 1596/594/200 1597/595/200 1600/596/201 1599/597/201
f 1597/595/200 1598/598/200 1601/599/201 1600/596/201
f 1599/597/201 1600/596/201 1603/600/202 1602/601/202
f 1600/596/201 1601/599/201 1604/602/202 1603/600/202
f 474/592/198 932/590/198 1596/594/200 903/603/200
f 932/590/198 931/589/198 1597/595/200 1596/594/200
f 931/589/198 930/588/198 1598/598/200 1597/595/200
f 930/588/198 464/587/198 878/604/200 1598/598/200
f 1598/598/200 878/604/200 877/605/201 1601/599/201
f 1601/599/201 877/605/201 876/606/202 1604/602/202
f 1604/602/202 876/606/202 463/607/203 933/608/203
f 1603/600/202 1604/602/202 933/608/203 934/609/203
f 1602/601/202 1603/600/202 934/609/203 935/610/203
f 905/611/202 1602/601/202 935/610/203 475/612/203
f 904/613/201 1599/597/201 1602/601/202 905/611/202
f 903/603/200 1596/594/200 1599/597/201 904/613/201
f 1605/614/204 1606/615/204 1609/616/205 1608/617/205
f 1606/615/204 1607/618/204 1610/619/205 1609/616/205
f 1608/617/205 1609/616/205 1612/620/206 1611/621/206
f 1609/616/205 1610/619/205 1613/622/206 1612/620/206
f 475/612/203 935/610/203 1605/614/204 906/623/204
f 935/610/203 934/609/203 1606/615/204 1605/614/204
f 934/609/203 933/608/203 1607/618/204 1606/615/204
f 933/608/203 463/607/203 875/624/204 1607/618/204
f 1607/618/204 875/624/204 874/625/205 1610/619/205
f 1610/619/205 874/625/205 873/626/206 1613/622/206
f 1613/622/206 873/626/206 462/627/207 936/628/207
f 1612/620/206 1613/622/206 936/628/207 937/629/207
f 1611/621/206 1612/620/206 937/629/207 938/630/207
f 908/631/206 1611/621/206 938/630/207 476/632/207
f 907/633/205 1608/617/205 1611/621/206 908/631/206
f 906/623/204 1605/614/204 1608/617/205 907/633/205
f 1614/634/208 1615/635/209 1618/636/209 1617/637/208
f 1615/635/209 1616/638/210 1619/639/210 1618/636/209
f 1617/637/208 1618/636/209 1621/640/209 1620/641/208
f 1618/636/209 1619/639/210 1622/642/210 1621/640/209
f 456/643/3 941/644/208 1614/634/208 860/645/3
f 941/644/208 940/646/209 1615/635/209 1614/634/208
f 940/646/209 939/647/210 1616/638/210 1615/635/209
f 939/647/210 461/547/188 923/545/188 1616/638/210
f 1616/638/210 923/545/188 922/544/188 1619/639/210
f 1619/639/210 922/544/188 921/543/188 1622/642/210
f 1622/642/210 921/543/188 467/542/188 942/648/210
f 1621/640/209 1622/642/210 942/648/210 943/649/209
f 1620/641/208 1621/640/209 943/649/209 944/650/208
f 858/651/3 1620/641/208 944/650/208 455/652/3
f 859/653/3 1617/637/208 1620/641/208 858/651/3
f 860/645/3 1614/634/208 1617/637/208 859/653/3
f 1623/654/211 1624/655/4 1627/656/4 1626/657/211
f 1624/655/4 1625/658/212 1628/659/212 1627/656/4
f 1626/657/211 1627/656/4 1630/660/4 1629/661/211
f 1627/656/4 1628/659/212 1631/662/212 1630/660/4
f 457/473/174 945/663/211 1623/654/211 909/474/174
f 945/663/211 946/664/4 1624/655/4 1623/654/211
f 946/664/4 947/665/212 1625/658/212 1624/655/4
f 947/665/212 466/563/192 926/562/192 1625/658/212
f 1625/658/212 926/562/192 925/561/192 1628/659/212
f 1628/659/212 925/561/192 924/559/192 1631/662/212
f 1631/662/212 924/559/192 472/558/192 948/666/212
f 1630/660/4 1631/662/212 948/666/212 949/667/4
f 1629/661/211 1630/660/4 949/667/4 950/668/211
f 911/477/174 1629/661/211 950/668/211 471/478/174
f 910/476/174 1626/657/211 1629/661/211 911/477/174
f 909/474/174 1623/654/211 1626/657/211 910/476/174
f 1632/669/213 1633/670/214 1636/671/214 1635/672/213
f 1633/670/214 1634/673/215 1637/674/215 1636/671/214
f 1635/672/213 1636/671/214 1639/675/214 1638/676/213
f 1636/671/214 1637/674/215 1640/677/215 1639/675/214
f 462/627/207 953/678/213 1632/669/213 936/628/207
f 953/678/213 952/679/214 1633/670/214 1632/669/213
f 952/679/214 951/680/215 1634/673/215 1633/670/214
f 951/680/215 454/681/5 857/682/5 1634/673/215
f 1634/673/215 857/682/5 856/683/5 1637/674/215
f 1637/674/215 856/683/5 855/684/5 1640/677/215
f 1640/677/215 855/684/5 453/685/5 954/686/215
f 1639/675/214 1640/677/215 954/686/215 955/687/214
f 1638/676/213 1639/675/214 955/687/214 956/688/213
f 938/630/207 1638/676/213 956/688/213 476/632/207
f 937/629/207 1635/672/213 1638/676/213 938/630/207
f 936/628/207 1632/669/213 1635/672/213 937/629/207
f 1641/689/7 1642/690/7 1645/691/7 1644/692/7
f 1642/690/7 1643/693/7 1646/694/7 1645/691/7
f 1644/692/7 1645/691/7 1648/695/7 1647/696/7
f 1645/691/7 1646/694/7 1649/697/7 1648/695/7
f 450/698/7 797/699/7 1641/689/7 962/700/7
f 797/699/7 796/701/7 1642/690/7 1641/689/7
f 796/701/7 795/702/7 1643/693/7 1642/690/7
f 795/702/7 448/703/7 957/704/7 1643/693/7
f 1643/693/7 957/704/7 958/705/7 1646/694/7
f 1646/694/7 958/705/7 959/706/7 1649/697/7
f 1649/697/7 959/706/7 472/707/7 897/708/7
f 1648/695/7 1649/697/7 897/708/7 898/709/7
f 1647/696/7 1648/695/7 898/709/7 899/710/7
f 960/711/7 1647/696/7 899/710/7 473/712/7
f 961/713/7 1644/692/7 1647/696/7 960/711/7
f 962/700/7 1641/689/7 1644/692/7 961/713/7
f 1650/714/7 1651/715/7 1654/716/7 1653/717/7
f 1651/715/7 1652/718/7 1655/719/7 1654/716/7
f 1653/717/7 1654/716/7 1657/720/7 1656/721/7
f 1654/716/7 1655/719/7 1658/722/7 1657/720/7
f 443/723/7 840/724/7 1650/714/7 968/725/7
f 840/724/7 841/726/7 1651/715/7 1650/714/7
f 841/726/7 842/727/7 1652/718/7 1651/715/7
f 842/727/7 431/728/7 963/729/7 1652/718/7
f 1652/718/7 963/729/7 964/730/7 1655/719/7
f 1655/719/7 964/730/7 965/731/7 1658/722/7
f 1658/722/7 965/731/7 455/732/7 944/733/7
f 1657/720/7 1658/722/7 944/733/7 943/734/7
f 1656/721/7 1657/720/7 943/734/7 942/735/7
f 966/736/7 1656/721/7 942/735/7 467/737/7
f 967/738/7 1653/717/7 1656/721/7 966/736/7
f 968/725/7 1650/714/7 1653/717/7 967/738/7
f 1659/739/6 1660/740/6 1663/741/6 1662/742/6
f 1660/740/6 1661/743/6 1664/744/6 1663/741/6
f 1662/742/6 1663/741/6 1666/745/6 1665/746/6
f 1663/741/6 1664/744/6 1667/747/6 1666/745/6
f 441/748/6 776/749/6 1659/739/6 974/750/6
f 776/749/6 775/751/6 1660/740/6 1659/739/6
f 775/751/6 774/752/6 1661/743/6 1660/740/6
f 774/752/6 440/753/6 969/754/6 1661/743/6
f 1661/743/6 969/754/6 970/755/6 1664/744/6
f 1664/744/6 970/755/6 971/756/6 1667/747/6
f 1667/747/6 971/756/6 463/757/6 876/758/6
f 1666/745/6 1667/747/6 876/758/6 877/759/6
f 1665/746/6 1666/745/6 877/759/6 878/760/6
f 972/761/6 1665/746/6 878/760/6 464/762/6
f 973/763/6 1662/742/6 1665/746/6 972/761/6
f 974/750/6 1659/739/6 1662/742/6 973/763/6
f 1668/764/4 1669/765/4 1672/766/4 1671/767/4
f 1669/765/4 1670/764/4 1673/766/4 1672/766/4
f 1671/767/4 1672/766/4 1675/768/4 1674/769/4
f 1672/766/4 1673/766/4 1676/769/4 1675/768/4
f 429/770/4 755/771/4 1668/764/4 980/772/4
f 755/771/4 754/770/4 1669/765/4 1668/764/4
f 754/770/4 753/771/4 1670/764/4 1669/765/4
f 753/771/4 432/770/4 975/773/4 1670/764/4
f 1670/764/4 975/773/4 976/774/4 1673/766/4
f 1673/766/4 976/774/4 977/768/4 1676/769/4
f 1676/769/4 977/768/4 453/775/4 855/776/4
f 1675/768/4 1676/769/4 855/776/4 856/775/4
f 1674/769/4 1675/768/4 856/775/4 857/776/4
f 978/769/4 1674/769/4 857/776/4 454/775/4
f 979/774/4 1671/767/4 1674/769/4 978/769/4
f 980/772/4 1668/764/4 1671/767/4 979/774/4
f 1677/777/7 1678/778/7 1681/779/7 1680/780/7
f 1678/778/7 1679/781/7 1682/782/7 1681/779/7
f 1680/780/7 1681/779/7 1684/783/7 1683/784/7
f 1681/779/7 1682/782/7 1685/785/7 1684/783/7
f 451/748/7 800/786/7 1677/777/7 983/787/7
f 800/786/7 799/788/7 1678/778/7 1677/777/7
f 799/788/7 798/789/7 1679/781/7 1678/778/7
f 798/789/7 450/698/7 962/700/7 1679/781/7
f 1679/781/7 962/700/7 961/713/7 1682/782/7
f 1682/782/7 961/713/7 960/711/7 1685/785/7
f 1685/785/7 960/711/7 473/712/7 900/790/7
f 1684/783/7 1685/785/7 900/790/7 901/791/7
f 1683/784/7 1684/783/7 901/791/7 902/792/7
f 981/793/7 1683/784/7 902/792/7 474/762/7
f 982/794/7 1680/780/7 1683/784/7 981/793/7
f 983/787/7 1677/777/7 1680/780/7 982/794/7
f 1686/795/6 1687/796/6 1690/797/6 1689/798/6
f 1687/796/6 1688/799/6 1691/800/6 1690/797/6
f 1689/798/6 1690/797/6 1693/801/6 1692/802/6
f 1690/797/6 1691/800/6 1694/803/6 1693/801/6
f 433/804/6 843/805/6 1686/795/6 989/806/6
f 843/805/6 844/807/6 1687/796/6 1686/795/6
f 844/807/6 845/808/6 1688/799/6 1687/796/6
f 845/808/6 439/703/6 984/809/6 1688/799/6
f 1688/799/6 984/809/6 985/810/6 1691/800/6
f 1691/800/6 985/810/6 986/811/6 1694/803/6
f 1694/803/6 986/811/6 466/707/6 947/812/6
f 1693/801/6 1694/803/6 947/812/6 946/813/6
f 1692/802/6 1693/801/6 946/813/6 945/814/6
f 987/815/6 1692/802/6 945/814/6 457/816/6
f 988/817/6 1689/798/6 1692/802/6 987/815/6
f 989/806/6 1686/795/6 1689/798/6 988/817/6
f 1695/781/6 1696/818/6 1699/779/6 1698/782/6
f 1696/818/6 1697/819/6 1700/780/6 1699/779/6
f 1698/782/6 1699/779/6 1702/820/6 1701/821/6
f 1699/779/6 1700/780/6 1703/822/6 1702/820/6
f 442/698/6 779/823/6 1695/781/6 992/700/6
f 779/823/6 778/824/6 1696/818/6 1695/781/6
f 778/824/6 777/786/6 1697/819/6 1696/818/6
f 777/786/6 441/748/6 974/750/6 1697/819/6
f 1697/819/6 974/750/6 973/763/6 1700/780/6
f 1700/780/6 973/763/6 972/761/6 1703/822/6
f 1703/822/6 972/761/6 464/762/6 879/792/6
f 1702/820/6 1703/822/6 879/792/6 880/825/6
f 1701/821/6 1702/820/6 880/825/6 881/790/6
f 990/826/6 1701/821/6 881/790/6 465/712/6
f 991/713/6 1698/782/6 1701/821/6 990/826/6
f 992/700/6 1695/781/6 1698/782/6 991/713/6
f 1704/827/4 1705/828/4 1708/730/4 1707/829/4
f 1705/828/4 1706/827/4 1709/830/4 1708/730/4
f 1707/829/4 1708/730/4 1711/831/4 1710/832/4
f 1708/730/4 1709/830/4 1712/832/4 1711/831/4
f 431/728/4 756/833/4 1704/827/4 963/729/4
f 756/833/4 757/728/4 1705/828/4 1704/827/4
f 757/728/4 758/833/4 1706/827/4 1705/828/4
f 758/833/4 430/728/4 993/729/4 1706/827/4
f 1706/827/4 993/729/4 994/830/4 1709/830/4
f 1709/830/4 994/830/4 995/831/4 1712/832/4
f 1712/832/4 995/831/4 456/732/4 860/732/4
f 1711/831/4 1712/832/4 860/732/4 859/732/4
f 1710/832/4 1711/831/4 859/732/4 858/732/4
f 965/731/4 1710/832/4 858/732/4 455/732/4
f 964/730/4 1707/829/4 1710/832/4 965/731/4
f 963/729/4 1704/827/4 1707/829/4 964/730/4
f 1713/834/7 1714/835/7 1717/836/7 1716/837/7
f 1714/835/7 1715/838/7 1718/839/7 1717/836/7
f 1716/837/7 1717/836/7 1720/840/7 1719/841/7
f 1717/836/7 1718/839/7 1721/842/7 1720/840/7
f 452/753/7 803/752/7 1713/834/7 998/843/7
f 803/752/7 802/751/7 1714/835/7 1713/834/7
f 802/751/7 801/749/7 1715/838/7 1714/835/7
f 801/749/7 451/748/7 983/787/7 1715/838/7
f 1715/838/7 983/787/7 982/794/7 1718/839/7
f 1718/839/7 982/794/7 981/793/7 1721/842/7
f 1721/842/7 981/793/7 474/762/7 903/844/7
f 1720/840/7 1721/842/7 903/844/7 904/759/7
f 1719/841/7 1720/840/7 904/759/7 905/845/7
f 996/846/7 1719/841/7 905/845/7 475/757/7
f 997/847/7 1716/837/7 1719/841/7 996/846/7
f 998/843/7 1713/834/7 1716/837/7 997/847/7
f 1722/848/7 1723/796/7 1726/849/7 1725/850/7
f 1723/796/7 1724/795/7 1727/798/7 1726/849/7
f 1725/850/7 1726/849/7 1729/801/7 1728/851/7
f 1726/849/7 1727/798/7 1730/852/7 1729/801/7
f 448/703/7 846/853/7 1722/848/7 957/704/7
f 846/853/7 847/807/7 1723/796/7 1722/848/7
f 847/807/7 848/854/7 1724/795/7 1723/796/7
f 848/854/7 444/804/7 999/855/7 1724/795/7
f 1724/795/7 999/855/7 1000/856/7 1727/798/7
f 1727/798/7 1000/856/7 1001/857/7 1730/852/7
f 1730/852/7 1001/857/7 471/816/7 950/814/7
f 1729/801/7 1730/852/7 950/814/7 949/858/7
f 1728/851/7 1729/801/7 949/858/7 948/812/7
f 959/706/7 1728/851/7 948/812/7 472/707/7
f 958/705/7 1725/850/7 1728/851/7 959/706/7
f 957/704/7 1722/848/7 1725/850/7 958/705/7
f 1731/859/6 1732/860/6 1735/861/6 1734/694/6
f 1732/860/6 1733/862/6 1736/863/6 1735/861/6
f 1734/694/6 1735/861/6 1738/864/6 1737/865/6
f 1735/861/6 1736/863/6 1739/866/6 1738/864/6
f 439/703/6 782/702/6 1731/859/6 984/809/6
f 782/702/6 781/701/6 1732/860/6 1731/859/6
f 781/701/6 780/867/6 1733/862/6 1732/860/6
f 780/867/6 442/698/6 992/700/6 1733/862/6
f 1733/862/6 992/700/6 991/713/6 1736/863/6
f 1736/863/6 991/713/6 990/826/6 1739/866/6
f 1739/866/6 990/826/6 465/712/6 882/710/6
f 1738/864/6 1739/866/6 882/710/6 883/709/6
f 1737/865/6 1738/864/6 883/709/6 884/708/6
f 986/811/6 1737/865/6 884/708/6 466/707/6
f 985/810/6 1734/694/6 1737/865/6 986/811/6
f 984/809/6 1731/859/6 1734/694/6 985/810/6
f 1740/868/6 1741/869/6 1744/870/6 1743/871/6
f 1741/869/6 1742/872/6 1745/873/6 1744/870/6
f 1743/871/6 1744/870/6 1747/874/6 1746/875/6
f 1744/870/6 1745/873/6 1748/876/6 1747/874/6
f 435/877/6 761/878/6 1740/868/6 1004/879/6
f 761/878/6 760/880/6 1741/869/6 1740/868/6
f 760/880/6 759/881/6 1742/872/6 1741/869/6
f 759/881/6 433/804/6 989/806/6 1742/872/6
f 1742/872/6 989/806/6 988/817/6 1745/873/6
f 1745/873/6 988/817/6 987/815/6 1748/876/6
f 1748/876/6 987/815/6 457/816/6 861/882/6
f 1747/874/6 1748/876/6 861/882/6 862/883/6
f 1746/875/6 1747/874/6 862/883/6 863/884/6
f 1002/885/6 1746/875/6 863/884/6 458/886/6
f 1003/887/6 1743/871/6 1746/875/6 1002/885/6
f 1004/879/6 1740/868/6 1743/871/6 1003/887/6
f 1749/888/7 1750/889/7 1753/890/7 1752/891/7
f 1750/889/7 1751/892/7 1754/893/7 1753/890/7
f 1752/891/7 1753/890/7 1756/894/7 1755/895/7
f 1753/890/7 1754/893/7 1757/896/7 1756/894/7
f 449/897/7 806/898/7 1749/888/7 1007/899/7
f 806/898/7 805/900/7 1750/889/7 1749/888/7
f 805/900/7 804/901/7 1751/892/7 1750/889/7
f 804/901/7 452/753/7 998/843/7 1751/892/7
f 1751/892/7 998/843/7 997/847/7 1754/893/7
f 1754/893/7 997/847/7 996/846/7 1757/896/7
f 1757/896/7 996/846/7 475/757/7 906/902/7
f 1756/894/7 1757/896/7 906/902/7 907/903/7
f 1755/895/7 1756/894/7 907/903/7 908/904/7
f 1005/905/7 1755/895/7 908/904/7 476/906/7
f 1006/907/7 1752/891/7 1755/895/7 1005/905/7
f 1007/899/7 1749/888/7 1752/891/7 1006/907/7
f 1758/908/6 1759/909/6 1762/910/6 1761/911/6
f 1759/909/6 1760/912/6 1763/913/6 1762/910/6
f 1761/911/6 1762/910/6 1765/914/6 1764/915/6
f 1762/910/6 1763/913/6 1766/916/6 1765/914/6
f 438/897/6 851/917/6 1758/908/6 1010/918/6
f 851/917/6 850/919/6 1759/909/6 1758/908/6
f 850/919/6 849/920/6 1760/912/6 1759/909/6
f 849/920/6 429/770/6 980/772/6 1760/912/6
f 1760/912/6 980/772/6 979/774/6 1763/913/6
f 1763/913/6 979/774/6 978/769/6 1766/916/6
f 1766/916/6 978/769/6 454/775/6 951/921/6
f 1765/914/6 1766/916/6 951/921/6 952/922/6
f 1764/915/6 1765/914/6 952/922/6 953/923/6
f 1008/924/6 1764/915/6 953/923/6 462/906/6
f 1009/925/6 1761/911/6 1764/915/6 1008/924/6
f 1010/918/6 1758/908/6 1761/911/6 1009/925/6
f 1767/926/7 1768/927/7 1771/928/7 1770/929/7
f 1768/927/7 1769/930/7 1772/931/7 1771/928/7
f 1770/929/7 1771/928/7 1774/932/7 1773/933/7
f 1771/928/7 1772/931/7 1775/934/7 1774/932/7
f 445/935/7 785/936/7 1767/926/7 1013/937/7
f 785/936/7 784/938/7 1768/927/7 1767/926/7
f 784/938/7 783/939/7 1769/930/7 1768/927/7
f 783/939/7 443/723/7 968/725/7 1769/930/7
f 1769/930/7 968/725/7 967/738/7 1772/931/7
f 1772/931/7 967/738/7 966/736/7 1775/934/7
f 1775/934/7 966/736/7 467/737/7 885/940/7
f 1774/932/7 1775/934/7 885/940/7 886/941/7
f 1773/933/7 1774/932/7 886/941/7 887/942/7
f 1011/943/7 1773/933/7 887/942/7 468/944/7
f 1012/945/7 1770/929/7 1773/933/7 1011/943/7
f 1013/937/7 1767/926/7 1770/929/7 1012/945/7
f 1776/946/6 1777/947/6 1780/948/6 1779/949/6
f 1777/947/6 1778/950/6 1781/951/6 1780/948/6
f 1779/949/6 1780/948/6 1783/952/6 1782/953/6
f 1780/948/6 1781/951/6 1784/954/6 1783/952/6
f 436/955/6 764/956/6 1776/946/6 1016/957/6
f 764/956/6 763/958/6 1777/947/6 1776/946/6
f 763/958/6 762/959/6 1778/950/6 1777/947/6
f 762/959/6 435/877/6 1004/879/6 1778/950/6
f 1778/950/6 1004/879/6 1003/887/6 1781/951/6
f 1781/951/6 1003/887/6 1002/885/6 1784/954/6
f 1784/954/6 1002/885/6 458/886/6 864/960/6
f 1783/952/6 1784/954/6 864/960/6 865/961/6
f 1782/953/6 1783/952/6 865/961/6 866/962/6
f 1014/963/6 1782/953/6 866/962/6 459/964/6
f 1015/965/6 1779/949/6 1782/953/6 1014/963/6
f 1016/957/6 1776/946/6 1779/949/6 1015/965/6
f 1785/966/7 1786/909/7 1789/967/7 1788/913/7
f 1786/909/7 1787/968/7 1790/969/7 1789/967/7
f 1788/913/7 1789/967/7 1792/970/7 1791/971/7
f 1789/967/7 1790/969/7 1793/972/7 1792/970/7
f 432/770/7 852/920/7 1785/966/7 975/773/7
f 852/920/7 853/973/7 1786/909/7 1785/966/7
f 853/973/7 854/974/7 1787/968/7 1786/909/7
f 854/974/7 449/897/7 1007/899/7 1787/968/7
f 1787/968/7 1007/899/7 1006/907/7 1790/969/7
f 1790/969/7 1006/907/7 1005/905/7 1793/972/7
f 1793/972/7 1005/905/7 476/906/7 956/975/7
f 1792/970/7 1793/972/7 956/975/7 955/922/7
f 1791/971/7 1792/970/7 955/922/7 954/921/7
f 977/768/7 1791/971/7 954/921/7 453/775/7
f 976/774/7 1788/913/7 1791/971/7 977/768/7
f 975/773/7 1785/966/7 1788/913/7 976/774/7
f 1794/976/7 1795/977/7 1798/978/7 1797/979/7
f 1795/977/7 1796/980/7 1799/981/7 1798/978/7
f 1797/979/7 1798/978/7 1801/982/7 1800/983/7
f 1798/978/7 1799/981/7 1802/984/7 1801/982/7
f 446/955/7 788/985/7 1794/976/7 1019/986/7
f 788/985/7 787/987/7 1795/977/7 1794/976/7
f 787/987/7 786/988/7 1796/980/7 1795/977/7
f 786/988/7 445/935/7 1013/937/7 1796/980/7
f 1796/980/7 1013/937/7 1012/945/7 1799/981/7
f 1799/981/7 1012/945/7 1011/943/7 1802/984/7
f 1802/984/7 1011/943/7 468/944/7 888/989/7
f 1801/982/7 1802/984/7 888/989/7 889/990/7
f 1800/983/7 1801/982/7 889/990/7 890/991/7
f 1017/992/7 1800/983/7 890/991/7 469/964/7
f 1018/993/7 1797/979/7 1800/983/7 1017/992/7
f 1019/986/7 1794/976/7 1797/979/7 1018/993/7
f 1803/980/6 1804/994/6 1807/995/6 1806/996/6
f 1804/994/6 1805/997/6 1808/979/6 1807/995/6
f 1806/996/6 1807/995/6 1810/998/6 1809/999/6
f 1807/995/6 1808/979/6 1811/1000/6 1810/998/6
f 437/935/6 767/988/6 1803/980/6 1022/937/6
f 767/988/6 766/1001/6 1804/994/6 1803/980/6
f 766/1001/6 765/985/6 1805/997/6 1804/994/6
f 765/985/6 436/955/6 1016/957/6 1805/997/6
f 1805/997/6 1016/957/6 1015/965/6 1808/979/6
f 1808/979/6 1015/965/6 1014/963/6 1811/1000/6
f 1811/1000/6 1014/963/6 459/964/6 867/991/6
f 1810/998/6 1811/1000/6 867/991/6 868/990/6
f 1809/999/6 1810/998/6 868/990/6 869/1002/6
f 1020/1003/6 1809/999/6 869/1002/6 460/944/6
f 1021/1004/6 1806/996/6 1809/999/6 1020/1003/6
f 1022/937/6 1803/980/6 1806/996/6 1021/1004/6
f 1812/950/7 1813/1005/7 1816/1006/7 1815/1007/7
f 1813/1005/7 1814/1008/7 1817/949/7 1816/1006/7
f 1815/1007/7 1816/1006/7 1819/952/7 1818/1009/7
f 1816/1006/7 1817/949/7 1820/1010/7 1819/952/7
f 447/877/7 791/959/7 1812/950/7 1025/1011/7
f 791/959/7 790/1012/7 1813/1005/7 1812/950/7
f 790/1012/7 789/956/7 1814/1008/7 1813/1005/7
f 789/956/7 446/955/7 1019/986/7 1814/1008/7
f 1814/1008/7 1019/986/7 1018/993/7 1817/949/7
f 1817/949/7 1018/993/7 1017/992/7 1820/1010/7
f 1820/1010/7 1017/992/7 469/964/7 891/962/7
f 1819/952/7 1820/1010/7 891/962/7 892/1013/7
f 1818/1009/7 1819/952/7 892/1013/7 893/960/7
f 1023/885/7 1818/1009/7 893/960/7 470/886/7
f 1024/887/7 1815/1007/7 1818/1009/7 1023/885/7
f 1025/1011/7 1812/950/7 1815/1007/7 1024/887/7
f 1821/930/6 1822/1014/6 1825/928/6 1824/1015/6
f 1822/1014/6 1823/1016/6 1826/929/6 1825/928/6
f 1824/1015/6 1825/928/6 1828/1017/6 1827/934/6
f 1825/928/6 1826/929/6 1829/1018/6 1828/1017/6
f 434/723/6 770/1019/6 1821/930/6 1028/1020/6
f 770/1019/6 769/938/6 1822/1014/6 1821/930/6
f 769/938/6 768/936/6 1823/1016/6 1822/1014/6
f 768/936/6 437/935/6 1022/937/6 1823/1016/6
f 1823/1016/6 1022/937/6 1021/1004/6 1826/929/6
f 1826/929/6 1021/1004/6 1020/1003/6 1829/1018/6
f 1829/1018/6 1020/1003/6 460/944/6 870/1021/6
f 1828/1017/6 1829/1018/6 870/1021/6 871/1022/6
f 1827/934/6 1828/1017/6 871/1022/6 872/940/6
f 1026/1023/6 1827/934/6 872/940/6 461/737/6
f 1027/1024/6 1824/1015/6 1827/934/6 1026/1023/6
f 1028/1020/6 1821/930/6 1824/1015/6 1027/1024/6
f 1830/1025/7 1831/1026/7 1834/1027/7 1833/1028/7
f 1831/1026/7 1832/1029/7 1835/1030/7 1834/1027/7
f 1833/1028/7 1834/1027/7 1837/874/7 1836/1031/7
f 1834/1027/7 1835/1030/7 1838/1032/7 1837/874/7
f 444/804/7 794/881/7 1830/1025/7 999/855/7
f 794/881/7 793/880/7 1831/1026/7 1830/1025/7
f 793/880/7 792/1033/7 1832/1029/7 1831/1026/7
f 792/1033/7 447/877/7 1025/1011/7 1832/1029/7
f 1832/1029/7 1025/1011/7 1024/887/7 1835/1030/7
f 1835/1030/7 1024/887/7 1023/885/7 1838/1032/7
f 1838/1032/7 1023/885/7 470/886/7 894/884/7
f 1837/874/7 1838/1032/7 894/884/7 895/883/7
f 1836/1031/7 1837/874/7 895/883/7 896/882/7
f 1001/857/7 1836/1031/7 896/882/7 471/816/7
f 1000/856/7 1833/1028/7 1836/1031/7 1001/857/7
f 999/855/7 1830/1025/7 1833/1028/7 1000/856/7
f 1839/1034/6 1840/1035/6 1843/1036/6 1842/719/6
f 1840/1035/6 1841/1037/6 1844/1038/6 1843/1036/6
f 1842/719/6 1843/1036/6 1846/1039/6 1845/1040/6
f 1843/1036/6 1844/1038/6 1847/1041/6 1846/1039/6
f 430/728/6 839/727/6 1839/1034/6 993/729/6
f 839/727/6 838/1042/6 1840/1035/6 1839/1034/6
f 838/1042/6 837/1043/6 1841/1037/6 1840/1035/6
f 837/1043/6 434/723/6 1028/1020/6 1841/1037/6
f 1841/1037/6 1028/1020/6 1027/1024/6 1844/1038/6
f 1844/1038/6 1027/1024/6 1026/1023/6 1847/1041/6
f 1847/1041/6 1026/1023/6 461/737/6 939/1044/6
f 1846/1039/6 1847/1041/6 939/1044/6 940/734/6
f 1845/1040/6 1846/1039/6 940/734/6 941/733/6
f 995/831/6 1845/1040/6 941/733/6 456/732/6
f 994/830/6 1842/719/6 1845/1040/6 995/831/6
f 993/729/6 1839/1034/6 1842/719/6 994/830/6
f 1848/1045/6 1849/1046/6 1852/1047/6 1851/893/6
f 1849/1046/6 1850/888/6 1853/891/6 1852/1047/6
f 1851/893/6 1852/1047/6 1855/1048/6 1854/1049/6
f 1852/1047/6 1853/891/6 1856/1050/6 1855/1048/6
f 440/753/6 773/901/6 1848/1045/6 969/754/6
f 773/901/6 772/1051/6 1849/1046/6 1848/1045/6
f 772/1051/6 771/1052/6 1850/888/6 1849/1046/6
f 771/1052/6 438/897/6 1010/918/6 1850/888/6
f 1850/888/6 1010/918/6 1009/925/6 1853/891/6
f 1853/891/6 1009/925/6 1008/924/6 1856/1050/6
f 1856/1050/6 1008/924/6 462/906/6 873/904/6
f 1855/1048/6 1856/1050/6 873/904/6 874/903/6
f 1854/1049/6 1855/1048/6 874/903/6 875/902/6
f 971/756/6 1854/1049/6 875/902/6 463/757/6
f 970/755/6 1851/893/6 1854/1049/6 971/756/6
f 969/754/6 1848/1045/6 1851/893/6 970/755/6
